seed,epoch,image,cosine_on64,cosine_on128,delta_cosine,norm_ratio_on64,norm_ratio_on128,delta_norm_ratio,negative_on64,negative_on128
20260824,9,E:/2026YOLO/datasets/coco_d2_mini_2048_seed20260901/images/train2017/000000003242.jpg,-0.01840982213616371,0.020650476217269897,0.03906029835343361,0.004305475857108831,0.004701806697994471,0.0003963308408856392,True,False
20260824,9,E:/2026YOLO/datasets/coco_d2_mini_2048_seed20260901/images/train2017/000000009885.jpg,0.012445981614291668,-0.007026448380202055,-0.019472429994493723,0.006681215483695269,0.008822297677397728,0.0021410821937024593,False,True
20260824,9,E:/2026YOLO/datasets/coco_d2_mini_2048_seed20260901/images/train2017/000000012236.jpg,0.021120652556419373,-0.05789608135819435,-0.07901673391461372,0.07394762337207794,0.025596801191568375,-0.04835082218050957,False,True
20260824,9,E:/2026YOLO/datasets/coco_d2_mini_2048_seed20260901/images/train2017/000000028359.jpg,0.003397341351956129,0.01751246303319931,0.014115121681243181,0.005916358903050423,0.005287384148687124,-0.0006289747543632984,False,False
20260824,9,E:/2026YOLO/datasets/coco_d2_mini_2048_seed20260901/images/train2017/000000039606.jpg,0.037091851234436035,-0.0037611594889312983,-0.04085301072336733,0.007809379603713751,0.006418747827410698,-0.001390631776303053,False,True
20260824,9,E:/2026YOLO/datasets/coco_d2_mini_2048_seed20260901/images/train2017/000000039743.jpg,0.007849632762372494,-0.010785222053527832,-0.018634854815900326,0.006844693794846535,0.008101755753159523,0.0012570619583129883,False,True
20260824,9,E:/2026YOLO/datasets/coco_d2_mini_2048_seed20260901/images/train2017/000000043202.jpg,0.010556318797171116,-0.00945255532860756,-0.020008874125778675,0.08220034837722778,0.058697547763586044,-0.02350280061364174,False,True
20260824,9,E:/2026YOLO/datasets/coco_d2_mini_2048_seed20260901/images/train2017/000000055118.jpg,-0.012791699729859829,0.002739354968070984,0.015531054697930813,0.009585895575582981,0.014716057106852531,0.00513016153126955,True,False
20260824,9,E:/2026YOLO/datasets/coco_d2_mini_2048_seed20260901/images/train2017/000000087671.jpg,0.0014940110268071294,-0.007103063631802797,-0.008597074658609927,0.008506542071700096,0.007749013602733612,-0.0007575284689664841,False,True
20260824,9,E:/2026YOLO/datasets/coco_d2_mini_2048_seed20260901/images/train2017/000000092634.jpg,-0.00996105931699276,-0.025250982493162155,-0.015289923176169395,0.013429133221507072,0.01110364031046629,-0.002325492911040783,True,True
20260824,9,E:/2026YOLO/datasets/coco_d2_mini_2048_seed20260901/images/train2017/000000098596.jpg,0.000998848583549261,-0.010895440354943275,-0.011894288938492537,0.015970200300216675,0.018169552087783813,0.0021993517875671387,False,True
20260824,9,E:/2026YOLO/datasets/coco_d2_mini_2048_seed20260901/images/train2017/000000101892.jpg,-0.009254739619791508,0.005469219759106636,0.014723959378898144,0.009847737848758698,0.007415476255118847,-0.0024322615936398506,True,False
20260824,9,E:/2026YOLO/datasets/coco_d2_mini_2048_seed20260901/images/train2017/000000103427.jpg,-0.018934231251478195,0.011657853610813618,0.030592084862291813,0.008459527045488358,0.005789621267467737,-0.0026699057780206203,True,False
20260824,9,E:/2026YOLO/datasets/coco_d2_mini_2048_seed20260901/images/train2017/000000111194.jpg,-0.018604103475809097,0.005318270530551672,0.02392237400636077,0.026157528162002563,0.010303514078259468,-0.015854014083743095,True,False
20260824,9,E:/2026YOLO/datasets/coco_d2_mini_2048_seed20260901/images/train2017/000000115370.jpg,0.00798105075955391,0.01781950332224369,0.009838452562689781,0.005632751155644655,0.007195376791059971,0.0015626256354153156,False,False
20260824,9,E:/2026YOLO/datasets/coco_d2_mini_2048_seed20260901/images/train2017/000000124311.jpg,-0.0037549983244389296,0.017890021204948425,0.021645019529387355,0.017872683703899384,0.012983618304133415,-0.004889065399765968,True,False
20260824,9,E:/2026YOLO/datasets/coco_d2_mini_2048_seed20260901/images/train2017/000000128142.jpg,0.01616528443992138,-0.0012100226012989879,-0.017375307041220367,0.009560213424265385,0.008246193639934063,-0.0013140197843313217,False,True
20260824,9,E:/2026YOLO/datasets/coco_d2_mini_2048_seed20260901/images/train2017/000000142318.jpg,-0.013981330208480358,-0.02753632701933384,-0.013554996810853481,0.014510910026729107,0.018256239593029022,0.0037453295662999153,True,True
20260824,9,E:/2026YOLO/datasets/coco_d2_mini_2048_seed20260901/images/train2017/000000148077.jpg,0.015925923362374306,-0.005570478271692991,-0.021496401634067297,0.005194985773414373,0.010304665192961693,0.005109679419547319,False,True
20260824,9,E:/2026YOLO/datasets/coco_d2_mini_2048_seed20260901/images/train2017/000000168738.jpg,0.006371535360813141,-0.012262197211384773,-0.018633732572197914,0.007327031809836626,0.008617714047431946,0.0012906822375953197,False,True
20260824,9,E:/2026YOLO/datasets/coco_d2_mini_2048_seed20260901/images/train2017/000000171384.jpg,0.021289333701133728,0.011169081553816795,-0.010120252147316933,0.011275590397417545,0.008551808074116707,-0.0027237823233008385,False,False
20260824,9,E:/2026YOLO/datasets/coco_d2_mini_2048_seed20260901/images/train2017/000000172342.jpg,-0.00362207368016243,4.123247344978154e-05,0.0036633061536122113,0.008822701871395111,0.008900406770408154,7.770489901304245e-05,True,False
20260824,9,E:/2026YOLO/datasets/coco_d2_mini_2048_seed20260901/images/train2017/000000175227.jpg,0.009115643799304962,0.02428736351430416,0.015171719714999199,0.00871681421995163,0.005542157683521509,-0.0031746565364301205,False,False
20260824,9,E:/2026YOLO/datasets/coco_d2_mini_2048_seed20260901/images/train2017/000000177705.jpg,0.0004238806141074747,0.0009545644861645997,0.000530683872057125,0.0076956613920629025,0.011813156306743622,0.004117494914680719,False,False
20260824,9,E:/2026YOLO/datasets/coco_d2_mini_2048_seed20260901/images/train2017/000000178690.jpg,0.011744414456188679,0.04217563197016716,0.03043121751397848,0.009254226461052895,0.008715848438441753,-0.0005383780226111412,False,False
20260824,9,E:/2026YOLO/datasets/coco_d2_mini_2048_seed20260901/images/train2017/000000189770.jpg,0.05094527825713158,0.017390817403793335,-0.03355446085333824,0.004109338857233524,0.0037311529740691185,-0.0003781858831644058,False,False
20260824,9,E:/2026YOLO/datasets/coco_d2_mini_2048_seed20260901/images/train2017/000000190942.jpg,-0.027946962043642998,0.011612406000494957,0.039559368044137955,0.007036616560071707,0.008586890064179897,0.0015502735041081905,True,False
20260824,9,E:/2026YOLO/datasets/coco_d2_mini_2048_seed20260901/images/train2017/000000205010.jpg,0.0027474614325910807,0.0038015437312424183,0.0010540822986513376,0.01342241745442152,0.012203754857182503,-0.0012186625972390175,False,False
20260824,9,E:/2026YOLO/datasets/coco_d2_mini_2048_seed20260901/images/train2017/000000205435.jpg,-0.0014463297557085752,-0.0033342984970659018,-0.0018879687413573265,0.007743361406028271,0.007420812267810106,-0.00032254913821816444,True,True
20260824,9,E:/2026YOLO/datasets/coco_d2_mini_2048_seed20260901/images/train2017/000000222228.jpg,0.007152495440095663,0.042045243084430695,0.03489274764433503,0.007853357121348381,0.010197851806879044,0.0023444946855306625,False,False
20260824,9,E:/2026YOLO/datasets/coco_d2_mini_2048_seed20260901/images/train2017/000000224366.jpg,0.005416502710431814,0.01980523206293583,0.014388729352504015,0.012115432880818844,0.008890786208212376,-0.003224646672606468,False,False
20260824,9,E:/2026YOLO/datasets/coco_d2_mini_2048_seed20260901/images/train2017/000000241623.jpg,-0.026736510917544365,-0.03793935477733612,-0.011202843859791756,0.053113438189029694,0.03252493962645531,-0.020588498562574387,True,True
20260824,9,E:/2026YOLO/datasets/coco_d2_mini_2048_seed20260901/images/train2017/000000261696.jpg,0.02588525600731373,-0.02899235300719738,-0.05487760901451111,0.003646914381533861,0.0039014481008052826,0.00025453371927142143,False,True
20260824,9,E:/2026YOLO/datasets/coco_d2_mini_2048_seed20260901/images/train2017/000000268809.jpg,-0.009521993808448315,-0.010532345622777939,-0.0010103518143296242,0.024266470223665237,0.02164299413561821,-0.0026234760880470276,True,True
20260824,9,E:/2026YOLO/datasets/coco_d2_mini_2048_seed20260901/images/train2017/000000277912.jpg,0.0025347513146698475,-0.004909132607281208,-0.0074438839219510555,0.012392725795507431,0.0101009551435709,-0.002291770651936531,False,True
20260824,9,E:/2026YOLO/datasets/coco_d2_mini_2048_seed20260901/images/train2017/000000278763.jpg,0.04658820480108261,0.018503861501812935,-0.028084343299269676,0.004426318686455488,0.004328124225139618,-9.819446131587029e-05,False,False
20260824,9,E:/2026YOLO/datasets/coco_d2_mini_2048_seed20260901/images/train2017/000000306710.jpg,-0.0036046854220330715,0.02111794240772724,0.024722627829760313,0.04011102393269539,0.016374533995985985,-0.023736489936709404,True,False
20260824,9,E:/2026YOLO/datasets/coco_d2_mini_2048_seed20260901/images/train2017/000000315221.jpg,0.02847548946738243,0.00962835643440485,-0.01884713303297758,0.004673230927437544,0.004487058613449335,-0.00018617231398820877,False,False
20260824,9,E:/2026YOLO/datasets/coco_d2_mini_2048_seed20260901/images/train2017/000000332646.jpg,-0.011444684118032455,0.01128174364566803,0.022726427763700485,0.007650198880583048,0.010339776985347271,0.002689578104764223,True,False
20260824,9,E:/2026YOLO/datasets/coco_d2_mini_2048_seed20260901/images/train2017/000000341797.jpg,-0.02156708762049675,0.010912091471254826,0.032479179091751575,0.013647201471030712,0.014850666746497154,0.001203465275466442,True,False
20260824,9,E:/2026YOLO/datasets/coco_d2_mini_2048_seed20260901/images/train2017/000000345635.jpg,-0.001929106772877276,-0.0318262092769146,-0.02989710250403732,0.016262944787740707,0.010468119755387306,-0.005794825032353401,True,True
20260824,9,E:/2026YOLO/datasets/coco_d2_mini_2048_seed20260901/images/train2017/000000348684.jpg,0.01379308756440878,0.005531264003366232,-0.008261823561042547,0.015665855258703232,0.009543590247631073,-0.006122265011072159,False,False
20260824,9,E:/2026YOLO/datasets/coco_d2_mini_2048_seed20260901/images/train2017/000000358580.jpg,0.005783091299235821,0.027841171249747276,0.022058079950511456,0.00642310781404376,0.0067582400515675545,0.0003351322375237942,False,False
20260824,9,E:/2026YOLO/datasets/coco_d2_mini_2048_seed20260901/images/train2017/000000361519.jpg,-0.027707718312740326,-0.0383666530251503,-0.010658934712409973,0.06227484345436096,0.057179324328899384,-0.005095519125461578,True,True
20260824,9,E:/2026YOLO/datasets/coco_d2_mini_2048_seed20260901/images/train2017/000000380034.jpg,-0.021523920819163322,-0.024530721828341484,-0.0030068010091781616,0.010105717927217484,0.008081578649580479,-0.002024139277637005,True,True
20260824,9,E:/2026YOLO/datasets/coco_d2_mini_2048_seed20260901/images/train2017/000000397211.jpg,0.009413112886250019,-0.009721696376800537,-0.019134809263050556,0.022535478696227074,0.015049737878143787,-0.007485740818083286,False,True
20260824,9,E:/2026YOLO/datasets/coco_d2_mini_2048_seed20260901/images/train2017/000000399784.jpg,0.006924494635313749,0.030302569270133972,0.023378074634820223,0.009949017316102982,0.009452464058995247,-0.0004965532571077347,False,False
20260824,9,E:/2026YOLO/datasets/coco_d2_mini_2048_seed20260901/images/train2017/000000400606.jpg,0.048797789961099625,-0.037977736443281174,-0.0867755264043808,0.010596714913845062,0.011016630567610264,0.00041991565376520157,False,True
20260824,9,E:/2026YOLO/datasets/coco_d2_mini_2048_seed20260901/images/train2017/000000435454.jpg,0.00022750678181182593,-0.004167804028838873,-0.004395310810650699,0.01065616961568594,0.011099345982074738,0.00044317636638879776,False,True
20260824,9,E:/2026YOLO/datasets/coco_d2_mini_2048_seed20260901/images/train2017/000000441240.jpg,-0.010323555208742619,-0.0034251799806952477,0.006898375228047371,0.01268976554274559,0.009769693948328495,-0.002920071594417095,True,True
20260824,9,E:/2026YOLO/datasets/coco_d2_mini_2048_seed20260901/images/train2017/000000447095.jpg,0.005919823423027992,-0.005203690845519304,-0.011123514268547297,0.007171176839619875,0.00526419747620821,-0.001906979363411665,False,True
20260824,9,E:/2026YOLO/datasets/coco_d2_mini_2048_seed20260901/images/train2017/000000447118.jpg,0.0014301707269623876,-0.010088961571455002,-0.01151913229841739,0.020158842206001282,0.0127812335267663,-0.0073776086792349815,False,True
20260824,9,E:/2026YOLO/datasets/coco_d2_mini_2048_seed20260901/images/train2017/000000460950.jpg,0.0037575664464384317,0.0007175044738687575,-0.0030400619725696743,0.0033880192786455154,0.004276931285858154,0.0008889120072126389,False,False
20260824,9,E:/2026YOLO/datasets/coco_d2_mini_2048_seed20260901/images/train2017/000000469514.jpg,0.0337439700961113,-0.011992641724646091,-0.04573661182075739,0.0075506302528083324,0.01026975829154253,0.0027191280387341976,False,True
20260824,9,E:/2026YOLO/datasets/coco_d2_mini_2048_seed20260901/images/train2017/000000469798.jpg,-0.00806260947138071,-0.005333199631422758,0.0027294098399579525,0.006483783479779959,0.012132938019931316,0.005649154540151358,True,True
20260824,9,E:/2026YOLO/datasets/coco_d2_mini_2048_seed20260901/images/train2017/000000477172.jpg,0.009047389961779118,-0.001383554539643228,-0.010430944501422346,0.010229932144284248,0.008396977558732033,-0.0018329545855522156,False,True
20260824,9,E:/2026YOLO/datasets/coco_d2_mini_2048_seed20260901/images/train2017/000000478105.jpg,0.00406242860481143,0.007212901022285223,0.003150472417473793,0.006748040206730366,0.0059529319405555725,-0.0007951082661747932,False,False
20260824,9,E:/2026YOLO/datasets/coco_d2_mini_2048_seed20260901/images/train2017/000000486491.jpg,0.0007154301274567842,-0.001932564191520214,-0.0026479943189769983,0.008698638528585434,0.009854464791715145,0.0011558262631297112,False,True
20260824,9,E:/2026YOLO/datasets/coco_d2_mini_2048_seed20260901/images/train2017/000000501695.jpg,0.015111861750483513,-0.004374714568257332,-0.019486576318740845,0.01734990067780018,0.015766652300953865,-0.0015832483768463135,False,True
20260824,9,E:/2026YOLO/datasets/coco_d2_mini_2048_seed20260901/images/train2017/000000515191.jpg,0.0009867508197203279,0.015915360301733017,0.014928609482012689,0.006544230040162802,0.007432213518768549,0.0008879834786057472,False,False
20260824,9,E:/2026YOLO/datasets/coco_d2_mini_2048_seed20260901/images/train2017/000000523220.jpg,-0.002133046742528677,0.04377848282456398,0.04591152956709266,0.005411182064563036,0.004743408411741257,-0.0006677736528217793,True,False
20260824,9,E:/2026YOLO/datasets/coco_d2_mini_2048_seed20260901/images/train2017/000000550760.jpg,0.003461139975115657,0.009926429949700832,0.0064652899745851755,0.006224974524229765,0.007647847756743431,0.0014228732325136662,False,False
20260824,9,E:/2026YOLO/datasets/coco_d2_mini_2048_seed20260901/images/train2017/000000572152.jpg,0.007453788537532091,0.016277482733130455,0.008823694195598364,0.006862833630293608,0.014322777278721333,0.007459943648427725,False,False
20260824,9,E:/2026YOLO/datasets/coco_d2_mini_2048_seed20260901/images/train2017/000000574145.jpg,0.021877795457839966,-0.06669843941926956,-0.08857623487710953,0.12144403159618378,0.07716082036495209,-0.04428321123123169,False,True
20260824,24,E:/2026YOLO/datasets/coco_d2_mini_2048_seed20260901/images/train2017/000000003242.jpg,-0.002514427760615945,0.028542535379529,0.031056963140144944,0.004961165599524975,0.0030697372276335955,-0.0018914283718913794,True,False
20260824,24,E:/2026YOLO/datasets/coco_d2_mini_2048_seed20260901/images/train2017/000000009885.jpg,0.026938648894429207,-0.019586842507123947,-0.046525491401553154,0.0035422046203166246,0.0021770023740828037,-0.001365202246233821,False,True
20260824,24,E:/2026YOLO/datasets/coco_d2_mini_2048_seed20260901/images/train2017/000000012236.jpg,-0.03353995457291603,-0.06647506356239319,-0.03293510898947716,0.011929690837860107,0.010986988432705402,-0.000942702405154705,True,True
20260824,24,E:/2026YOLO/datasets/coco_d2_mini_2048_seed20260901/images/train2017/000000028359.jpg,0.015036528930068016,0.030743300914764404,0.015706771984696388,0.003973399288952351,0.0021072577219456434,-0.0018661415670067072,False,False
20260824,24,E:/2026YOLO/datasets/coco_d2_mini_2048_seed20260901/images/train2017/000000039606.jpg,0.01510856207460165,-0.024538679048419,-0.03964724112302065,0.005264744162559509,0.0026226481422781944,-0.002642096020281315,False,True
20260824,24,E:/2026YOLO/datasets/coco_d2_mini_2048_seed20260901/images/train2017/000000039743.jpg,0.010768282227218151,0.0018901434959843755,-0.008878138731233776,0.003921965137124062,0.002845643786713481,-0.0010763213504105806,False,False
20260824,24,E:/2026YOLO/datasets/coco_d2_mini_2048_seed20260901/images/train2017/000000043202.jpg,-0.006372813135385513,-0.02293146774172783,-0.016558654606342316,0.04560266435146332,0.02119213342666626,-0.024410530924797058,True,True
20260824,24,E:/2026YOLO/datasets/coco_d2_mini_2048_seed20260901/images/train2017/000000055118.jpg,0.004449538886547089,0.006382287945598364,0.0019327490590512753,0.0070751626044511795,0.0031734255608171225,-0.003901737043634057,False,False
20260824,24,E:/2026YOLO/datasets/coco_d2_mini_2048_seed20260901/images/train2017/000000087671.jpg,0.001276749768294394,0.0075003113597631454,0.006223561591468751,0.004968815948814154,0.002624127548187971,-0.0023446884006261826,False,False
20260824,24,E:/2026YOLO/datasets/coco_d2_mini_2048_seed20260901/images/train2017/000000092634.jpg,-0.013397347182035446,-0.0005612593377009034,0.012836087844334543,0.007585759740322828,0.004183368757367134,-0.003402390982955694,True,True
20260824,24,E:/2026YOLO/datasets/coco_d2_mini_2048_seed20260901/images/train2017/000000098596.jpg,-0.010048444382846355,-0.009719986468553543,0.00032845791429281235,0.010981930419802666,0.0059820315800607204,-0.004999898839741945,True,True
20260824,24,E:/2026YOLO/datasets/coco_d2_mini_2048_seed20260901/images/train2017/000000101892.jpg,-0.009448057971894741,0.004380707163363695,0.013828765135258436,0.011752752587199211,0.0032191751524806023,-0.008533577434718609,True,False
20260824,24,E:/2026YOLO/datasets/coco_d2_mini_2048_seed20260901/images/train2017/000000103427.jpg,0.0023595031816512346,0.03376433998346329,0.03140483680181205,0.0027976338751614094,0.0023195126559585333,-0.0004781212192028761,False,False
20260824,24,E:/2026YOLO/datasets/coco_d2_mini_2048_seed20260901/images/train2017/000000111194.jpg,0.009844583459198475,0.0023084061685949564,-0.0075361772906035185,0.01652730628848076,0.008885619230568409,-0.00764168705791235,False,False
20260824,24,E:/2026YOLO/datasets/coco_d2_mini_2048_seed20260901/images/train2017/000000115370.jpg,-0.002778613241389394,0.03378259763121605,0.03656121087260544,0.0045541683211922646,0.0024688749108463526,-0.002085293410345912,True,False
20260824,24,E:/2026YOLO/datasets/coco_d2_mini_2048_seed20260901/images/train2017/000000124311.jpg,0.00477953627705574,0.03680906817317009,0.03202953189611435,0.007355444598942995,0.0034503487404435873,-0.0039050958584994078,False,False
20260824,24,E:/2026YOLO/datasets/coco_d2_mini_2048_seed20260901/images/train2017/000000128142.jpg,0.0009526862995699048,0.0005795799079351127,-0.0003731063916347921,0.004083108156919479,0.003043343313038349,-0.0010397648438811302,False,False
20260824,24,E:/2026YOLO/datasets/coco_d2_mini_2048_seed20260901/images/train2017/000000142318.jpg,0.0030782551039010286,0.012129896320402622,0.009051641216501594,0.009669353254139423,0.006957171019166708,-0.0027121822349727154,False,False
20260824,24,E:/2026YOLO/datasets/coco_d2_mini_2048_seed20260901/images/train2017/000000148077.jpg,-0.003978304099291563,-0.01339010987430811,-0.009411805775016546,0.005546058993786573,0.0024254098534584045,-0.003120649140328169,True,True
20260824,24,E:/2026YOLO/datasets/coco_d2_mini_2048_seed20260901/images/train2017/000000168738.jpg,-0.009685955941677094,-0.0026661884039640427,0.007019767537713051,0.003910969942808151,0.0024860170669853687,-0.0014249528758227825,True,True
20260824,24,E:/2026YOLO/datasets/coco_d2_mini_2048_seed20260901/images/train2017/000000171384.jpg,0.0342601016163826,0.023194056004285812,-0.011066045612096786,0.006195920053869486,0.0022930048871785402,-0.0039029151666909456,False,False
20260824,24,E:/2026YOLO/datasets/coco_d2_mini_2048_seed20260901/images/train2017/000000172342.jpg,0.02427261509001255,0.02463824674487114,0.00036563165485858917,0.004309413954615593,0.0031534279696643353,-0.0011559859849512577,False,False
20260824,24,E:/2026YOLO/datasets/coco_d2_mini_2048_seed20260901/images/train2017/000000175227.jpg,0.0013636377407237887,0.0225448627024889,0.02118122496176511,0.003528397995978594,0.001709766685962677,-0.0018186313100159168,False,False
20260824,24,E:/2026YOLO/datasets/coco_d2_mini_2048_seed20260901/images/train2017/000000177705.jpg,0.001832876238040626,-0.002595859346911311,-0.004428735584951937,0.011576973833143711,0.0045303963124752045,-0.007046577520668507,False,True
20260824,24,E:/2026YOLO/datasets/coco_d2_mini_2048_seed20260901/images/train2017/000000178690.jpg,-0.010026919655501842,0.03706222400069237,0.04708914365619421,0.004801242146641016,0.002016354352235794,-0.002784887794405222,True,False
20260824,24,E:/2026YOLO/datasets/coco_d2_mini_2048_seed20260901/images/train2017/000000189770.jpg,0.043252017349004745,0.01724611036479473,-0.026005906984210014,0.0020973137579858303,0.0012670228024944663,-0.000830290955491364,False,False
20260824,24,E:/2026YOLO/datasets/coco_d2_mini_2048_seed20260901/images/train2017/000000190942.jpg,0.004682198166847229,0.031957872211933136,0.027275674045085907,0.005657687783241272,0.002468803431838751,-0.003188884351402521,False,False
20260824,24,E:/2026YOLO/datasets/coco_d2_mini_2048_seed20260901/images/train2017/000000205010.jpg,0.02471957914531231,0.015836229547858238,-0.008883349597454071,0.005421234294772148,0.004545311443507671,-0.0008759228512644768,False,False
20260824,24,E:/2026YOLO/datasets/coco_d2_mini_2048_seed20260901/images/train2017/000000205435.jpg,-0.011000671423971653,-0.010567007586359978,0.00043366383761167526,0.00432153744623065,0.002116978168487549,-0.002204559277743101,True,True
20260824,24,E:/2026YOLO/datasets/coco_d2_mini_2048_seed20260901/images/train2017/000000222228.jpg,0.005766509100794792,0.015781139954924583,0.010014630854129791,0.0039545646868646145,0.0020275551360100508,-0.0019270095508545637,False,False
20260824,24,E:/2026YOLO/datasets/coco_d2_mini_2048_seed20260901/images/train2017/000000224366.jpg,-0.02495335042476654,-0.002253548474982381,0.02269980194978416,0.006288285832852125,0.002220720751211047,-0.004067565081641078,True,True
20260824,24,E:/2026YOLO/datasets/coco_d2_mini_2048_seed20260901/images/train2017/000000241623.jpg,-0.012032548896968365,0.008955423720180988,0.020987972617149353,0.012066981755197048,0.00895285326987505,-0.0031141284853219986,True,False
20260824,24,E:/2026YOLO/datasets/coco_d2_mini_2048_seed20260901/images/train2017/000000261696.jpg,0.018578024581074715,-0.021636992692947388,-0.0402150172740221,0.003093882231041789,0.0011209151707589626,-0.0019729670602828264,False,True
20260824,24,E:/2026YOLO/datasets/coco_d2_mini_2048_seed20260901/images/train2017/000000268809.jpg,0.006409794092178345,0.0015463101444765925,-0.004863483947701752,0.008508464321494102,0.005719283130019903,-0.0027891811914741993,False,False
20260824,24,E:/2026YOLO/datasets/coco_d2_mini_2048_seed20260901/images/train2017/000000277912.jpg,-0.003639237955212593,0.02246035821735859,0.026099596172571182,0.0073940446600317955,0.0025705737061798573,-0.004823470953851938,True,False
20260824,24,E:/2026YOLO/datasets/coco_d2_mini_2048_seed20260901/images/train2017/000000278763.jpg,0.056181635707616806,0.021264441311359406,-0.0349171943962574,0.0016461557243019342,0.0011120571289211512,-0.0005340985953807831,False,False
20260824,24,E:/2026YOLO/datasets/coco_d2_mini_2048_seed20260901/images/train2017/000000306710.jpg,-0.008482267148792744,0.01915689744055271,0.027639164589345455,0.021663719788193703,0.008658182807266712,-0.01300553698092699,True,False
20260824,24,E:/2026YOLO/datasets/coco_d2_mini_2048_seed20260901/images/train2017/000000315221.jpg,0.004719292279332876,0.02024247869849205,0.015523186419159174,0.0036978975404053926,0.0013391042593866587,-0.002358793281018734,False,False
20260824,24,E:/2026YOLO/datasets/coco_d2_mini_2048_seed20260901/images/train2017/000000332646.jpg,-0.004285294096916914,-0.004945555701851845,-0.0006602616049349308,0.0073973676189780235,0.004445831291377544,-0.002951536327600479,True,True
20260824,24,E:/2026YOLO/datasets/coco_d2_mini_2048_seed20260901/images/train2017/000000341797.jpg,-0.017996422946453094,0.0014543335419148207,0.019450756488367915,0.005141775589436293,0.003225217340514064,-0.0019165582489222288,True,False
20260824,24,E:/2026YOLO/datasets/coco_d2_mini_2048_seed20260901/images/train2017/000000345635.jpg,0.01310625858604908,-0.001990645658224821,-0.015096904244273901,0.007089645601809025,0.004920430015772581,-0.0021692155860364437,False,True
20260824,24,E:/2026YOLO/datasets/coco_d2_mini_2048_seed20260901/images/train2017/000000348684.jpg,0.0007231290219351649,-0.004015719052404165,-0.00473884807433933,0.010691008530557156,0.0053699747659265995,-0.005321033764630556,False,True
20260824,24,E:/2026YOLO/datasets/coco_d2_mini_2048_seed20260901/images/train2017/000000358580.jpg,-0.0037530427798628807,0.018730131909251213,0.022483174689114094,0.0035254645626991987,0.003169125411659479,-0.0003563391510397196,True,False
20260824,24,E:/2026YOLO/datasets/coco_d2_mini_2048_seed20260901/images/train2017/000000361519.jpg,0.00020666829368565232,-0.01977582462131977,-0.019982492915005423,0.01667974703013897,0.01993253454566002,0.0032527875155210495,False,True
20260824,24,E:/2026YOLO/datasets/coco_d2_mini_2048_seed20260901/images/train2017/000000380034.jpg,0.0003988846146967262,-0.011746831238269806,-0.012145715852966532,0.0046981219202280045,0.002607599599286914,-0.0020905223209410906,False,True
20260824,24,E:/2026YOLO/datasets/coco_d2_mini_2048_seed20260901/images/train2017/000000397211.jpg,-0.001289864769205451,0.002657376928254962,0.003947241697460413,0.008366592228412628,0.0045526279136538506,-0.0038139643147587776,True,False
20260824,24,E:/2026YOLO/datasets/coco_d2_mini_2048_seed20260901/images/train2017/000000399784.jpg,0.010483313351869583,0.0037541240453720093,-0.006729189306497574,0.004743552301079035,0.0033558737486600876,-0.0013876785524189472,False,False
20260824,24,E:/2026YOLO/datasets/coco_d2_mini_2048_seed20260901/images/train2017/000000400606.jpg,0.029713938012719154,0.01662292331457138,-0.013091014698147774,0.0035241050645709038,0.0025757448747754097,-0.0009483601897954941,False,False
20260824,24,E:/2026YOLO/datasets/coco_d2_mini_2048_seed20260901/images/train2017/000000435454.jpg,-0.00015631227870471776,0.00924727227538824,0.009403584554092959,0.004906494170427322,0.0039803581312298775,-0.0009261360391974449,True,False
20260824,24,E:/2026YOLO/datasets/coco_d2_mini_2048_seed20260901/images/train2017/000000441240.jpg,0.0011460557579994202,-0.007330410648137331,-0.008476466406136751,0.005430770572274923,0.003603895427659154,-0.0018268751446157694,False,True
20260824,24,E:/2026YOLO/datasets/coco_d2_mini_2048_seed20260901/images/train2017/000000447095.jpg,0.02113633044064045,0.0035768095403909683,-0.01755952090024948,0.003973693121224642,0.0015997405862435699,-0.002373952534981072,False,False
20260824,24,E:/2026YOLO/datasets/coco_d2_mini_2048_seed20260901/images/train2017/000000447118.jpg,0.022412899881601334,0.000257569074165076,-0.022155330807436258,0.007169374730437994,0.00421103136613965,-0.0029583433642983437,False,False
20260824,24,E:/2026YOLO/datasets/coco_d2_mini_2048_seed20260901/images/train2017/000000460950.jpg,-0.04143710434436798,0.016444511711597443,0.057881616055965424,0.0023046100977808237,0.0011745233787223697,-0.001130086719058454,True,False
20260824,24,E:/2026YOLO/datasets/coco_d2_mini_2048_seed20260901/images/train2017/000000469514.jpg,0.02221226505935192,-7.506999099859968e-05,-0.02228733505035052,0.006954126060009003,0.004418138414621353,-0.0025359876453876495,False,True
20260824,24,E:/2026YOLO/datasets/coco_d2_mini_2048_seed20260901/images/train2017/000000469798.jpg,-0.0006845855969004333,-0.013170076534152031,-0.012485490937251598,0.015316114760935307,0.0030197848100215197,-0.012296329950913787,True,True
20260824,24,E:/2026YOLO/datasets/coco_d2_mini_2048_seed20260901/images/train2017/000000477172.jpg,-0.0007212026976048946,-0.0009583764476701617,-0.00023717375006526709,0.006622629705816507,0.0031665447168052197,-0.0034560849890112877,True,True
20260824,24,E:/2026YOLO/datasets/coco_d2_mini_2048_seed20260901/images/train2017/000000478105.jpg,-0.04942376911640167,0.016578586772084236,0.06600235588848591,0.0048145935870707035,0.0017671509413048625,-0.003047442645765841,True,False
20260824,24,E:/2026YOLO/datasets/coco_d2_mini_2048_seed20260901/images/train2017/000000486491.jpg,-0.002395389601588249,0.011395945213735104,0.013791334815323353,0.004903822671622038,0.00252073653973639,-0.0023830861318856478,True,False
20260824,24,E:/2026YOLO/datasets/coco_d2_mini_2048_seed20260901/images/train2017/000000501695.jpg,-0.01844804733991623,0.0035308832302689552,0.021978930570185184,0.010371793992817402,0.004199321381747723,-0.006172472611069679,True,False
20260824,24,E:/2026YOLO/datasets/coco_d2_mini_2048_seed20260901/images/train2017/000000515191.jpg,-0.018140681087970734,-0.010984493419528008,0.007156187668442726,0.006858299486339092,0.0038753366097807884,-0.002982962876558304,True,True
20260824,24,E:/2026YOLO/datasets/coco_d2_mini_2048_seed20260901/images/train2017/000000523220.jpg,0.007842974737286568,0.008888889104127884,0.0010459143668413162,0.003850857727229595,0.0017464561387896538,-0.0021044015884399414,False,False
20260824,24,E:/2026YOLO/datasets/coco_d2_mini_2048_seed20260901/images/train2017/000000550760.jpg,0.001276282942853868,0.012683088891208172,0.011406805948354304,0.00418933667242527,0.002159240422770381,-0.002030096249654889,False,False
20260824,24,E:/2026YOLO/datasets/coco_d2_mini_2048_seed20260901/images/train2017/000000572152.jpg,0.010153093375265598,0.02300279773771763,0.01284970436245203,0.008112717419862747,0.006935457233339548,-0.001177260186523199,False,False
20260824,24,E:/2026YOLO/datasets/coco_d2_mini_2048_seed20260901/images/train2017/000000574145.jpg,-0.00850182306021452,-0.045706357806921005,-0.037204534746706486,0.03591502085328102,0.029362857341766357,-0.006552163511514664,True,True
20260824,49,E:/2026YOLO/datasets/coco_d2_mini_2048_seed20260901/images/train2017/000000003242.jpg,-0.010337034240365028,0.010290289297699928,0.020627323538064957,0.0035982050467282534,0.0023284340277314186,-0.0012697710189968348,True,False
20260824,49,E:/2026YOLO/datasets/coco_d2_mini_2048_seed20260901/images/train2017/000000009885.jpg,0.0017533968202769756,-0.01322609931230545,-0.014979496132582426,0.0029201700817793608,0.0018664441304281354,-0.0010537259513512254,False,True
20260824,49,E:/2026YOLO/datasets/coco_d2_mini_2048_seed20260901/images/train2017/000000012236.jpg,-0.0037441386375576258,-0.017060888931155205,-0.013316750293597579,0.006439330521970987,0.0023000449873507023,-0.004139285534620285,True,True
20260824,49,E:/2026YOLO/datasets/coco_d2_mini_2048_seed20260901/images/train2017/000000028359.jpg,0.0009606475359760225,-0.014630010351538658,-0.01559065788751468,0.004301302134990692,0.0029853181913495064,-0.0013159839436411858,False,True
20260824,49,E:/2026YOLO/datasets/coco_d2_mini_2048_seed20260901/images/train2017/000000039606.jpg,0.014492517337203026,-0.041439153254032135,-0.05593167059123516,0.004256450571119785,0.0026157000102102757,-0.0016407505609095097,False,True
20260824,49,E:/2026YOLO/datasets/coco_d2_mini_2048_seed20260901/images/train2017/000000039743.jpg,0.023149386048316956,-0.012390192598104477,-0.03553957864642143,0.002486956538632512,0.0018682251684367657,-0.0006187313701957464,False,True
20260824,49,E:/2026YOLO/datasets/coco_d2_mini_2048_seed20260901/images/train2017/000000043202.jpg,0.008168459869921207,-0.015543414279818535,-0.023711874149739742,0.02648996002972126,0.018878215923905373,-0.0076117441058158875,False,True
20260824,49,E:/2026YOLO/datasets/coco_d2_mini_2048_seed20260901/images/train2017/000000055118.jpg,0.006340285297483206,-0.0058423299342393875,-0.012182615231722593,0.005472999531775713,0.004102158825844526,-0.0013708407059311867,False,True
20260824,49,E:/2026YOLO/datasets/coco_d2_mini_2048_seed20260901/images/train2017/000000087671.jpg,0.00572506757453084,-0.0006410382338799536,-0.0063661058084107935,0.004008605610579252,0.0023435454349964857,-0.0016650601755827665,False,True
20260824,49,E:/2026YOLO/datasets/coco_d2_mini_2048_seed20260901/images/train2017/000000092634.jpg,-0.005021634977310896,-0.00010109897266374901,0.004920536004647147,0.005391179583966732,0.0032853614538908005,-0.0021058181300759315,True,True
20260824,49,E:/2026YOLO/datasets/coco_d2_mini_2048_seed20260901/images/train2017/000000098596.jpg,-0.00856536254286766,0.005753606092184782,0.014318968635052443,0.006494289264082909,0.005272168666124344,-0.0012221205979585648,True,False
20260824,49,E:/2026YOLO/datasets/coco_d2_mini_2048_seed20260901/images/train2017/000000101892.jpg,-0.022032910957932472,0.00519857881590724,0.027231489773839712,0.004025587346404791,0.00327911670319736,-0.0007464706432074308,True,False
20260824,49,E:/2026YOLO/datasets/coco_d2_mini_2048_seed20260901/images/train2017/000000103427.jpg,0.004478502087295055,0.021120691671967506,0.01664218958467245,0.0029012190643697977,0.001867014216259122,-0.0010342048481106758,False,False
20260824,49,E:/2026YOLO/datasets/coco_d2_mini_2048_seed20260901/images/train2017/000000111194.jpg,0.010835130698978901,-0.0026916523929685354,-0.013526783091947436,0.015738287940621376,0.007080885581672192,-0.008657402358949184,False,True
20260824,49,E:/2026YOLO/datasets/coco_d2_mini_2048_seed20260901/images/train2017/000000115370.jpg,0.0004817524750251323,0.017491739243268967,0.017009986768243834,0.0032212084624916315,0.0021199106704443693,-0.0011012977920472622,False,False
20260824,49,E:/2026YOLO/datasets/coco_d2_mini_2048_seed20260901/images/train2017/000000124311.jpg,0.0003082218172494322,-0.007252663839608431,-0.007560885656857863,0.007093342952430248,0.004096244461834431,-0.0029970984905958176,False,True
20260824,49,E:/2026YOLO/datasets/coco_d2_mini_2048_seed20260901/images/train2017/000000128142.jpg,0.011679550632834435,0.006834333296865225,-0.00484521733596921,0.004979314748197794,0.002852744422852993,-0.002126570325344801,False,False
20260824,49,E:/2026YOLO/datasets/coco_d2_mini_2048_seed20260901/images/train2017/000000142318.jpg,0.018363744020462036,0.02747013419866562,0.009106390178203583,0.004857032559812069,0.0056619648821651936,0.0008049323223531246,False,False
20260824,49,E:/2026YOLO/datasets/coco_d2_mini_2048_seed20260901/images/train2017/000000148077.jpg,-0.009390795603394508,0.010257028043270111,0.01964782364666462,0.005005912855267525,0.0018807314336299896,-0.003125181421637535,True,False
20260824,49,E:/2026YOLO/datasets/coco_d2_mini_2048_seed20260901/images/train2017/000000168738.jpg,0.0009671123698353767,-0.008928420953452587,-0.009895533323287964,0.0030491817742586136,0.0020201904699206352,-0.0010289913043379784,False,True
20260824,49,E:/2026YOLO/datasets/coco_d2_mini_2048_seed20260901/images/train2017/000000171384.jpg,0.017431102693080902,0.006959765218198299,-0.010471337474882603,0.006134411785751581,0.003276587463915348,-0.002857824321836233,False,False
20260824,49,E:/2026YOLO/datasets/coco_d2_mini_2048_seed20260901/images/train2017/000000172342.jpg,0.03044089302420616,0.005951395258307457,-0.024489497765898705,0.003976461943238974,0.0032961294054985046,-0.000680332537740469,False,False
20260824,49,E:/2026YOLO/datasets/coco_d2_mini_2048_seed20260901/images/train2017/000000175227.jpg,-0.0019737817347049713,0.037282638251781464,0.039256419986486435,0.00331072392873466,0.0018277692142874002,-0.00148295471444726,True,False
20260824,49,E:/2026YOLO/datasets/coco_d2_mini_2048_seed20260901/images/train2017/000000177705.jpg,0.007835236378014088,0.0011689706007018685,-0.006666265777312219,0.008048486895859241,0.003279472002759576,-0.004769014893099666,False,False
20260824,49,E:/2026YOLO/datasets/coco_d2_mini_2048_seed20260901/images/train2017/000000178690.jpg,-0.012459599412977695,0.047716058790683746,0.06017565820366144,0.0037898756563663483,0.002098644617944956,-0.0016912310384213924,True,False
20260824,49,E:/2026YOLO/datasets/coco_d2_mini_2048_seed20260901/images/train2017/000000189770.jpg,0.044522903859615326,0.0010815594578161836,-0.04344134440179914,0.001984159229323268,0.00127795257139951,-0.000706206657923758,False,False
20260824,49,E:/2026YOLO/datasets/coco_d2_mini_2048_seed20260901/images/train2017/000000190942.jpg,0.010786318220198154,0.017333609983325005,0.00654729176312685,0.004351246636360884,0.0019330851500853896,-0.002418161486275494,False,False
20260824,49,E:/2026YOLO/datasets/coco_d2_mini_2048_seed20260901/images/train2017/000000205010.jpg,0.0006024921895004809,-0.0016516451723873615,-0.0022541373618878424,0.006965801119804382,0.005253052804619074,-0.0017127483151853085,False,True
20260824,49,E:/2026YOLO/datasets/coco_d2_mini_2048_seed20260901/images/train2017/000000205435.jpg,0.0030551000963896513,-0.010367447510361671,-0.013422547606751323,0.0034829566720873117,0.0020262207835912704,-0.0014567358884960413,False,True
20260824,49,E:/2026YOLO/datasets/coco_d2_mini_2048_seed20260901/images/train2017/000000222228.jpg,-0.004115907009691,0.02091514691710472,0.02503105392679572,0.0030692610889673233,0.002112916437909007,-0.0009563446510583162,True,False
20260824,49,E:/2026YOLO/datasets/coco_d2_mini_2048_seed20260901/images/train2017/000000224366.jpg,0.0055742994882166386,0.0005252715200185776,-0.005049027968198061,0.004364560823887587,0.0024332813918590546,-0.001931279432028532,False,False
20260824,49,E:/2026YOLO/datasets/coco_d2_mini_2048_seed20260901/images/train2017/000000241623.jpg,-0.0035275667905807495,-0.021307338029146194,-0.017779771238565445,0.008447958156466484,0.007786748465150595,-0.0006612096913158894,True,True
20260824,49,E:/2026YOLO/datasets/coco_d2_mini_2048_seed20260901/images/train2017/000000261696.jpg,0.02822873182594776,-0.01584099419414997,-0.04406972602009773,0.0025586311239749193,0.0009201542125083506,-0.0016384769114665687,False,True
20260824,49,E:/2026YOLO/datasets/coco_d2_mini_2048_seed20260901/images/train2017/000000268809.jpg,0.010993873700499535,0.01528401393443346,0.004290140233933926,0.009664960205554962,0.0042350138537585735,-0.005429946351796389,False,False
20260824,49,E:/2026YOLO/datasets/coco_d2_mini_2048_seed20260901/images/train2017/000000277912.jpg,-0.0128212571144104,0.0010327433701604605,0.01385400048457086,0.0042967055924236774,0.0027228628750890493,-0.001573842717334628,True,False
20260824,49,E:/2026YOLO/datasets/coco_d2_mini_2048_seed20260901/images/train2017/000000278763.jpg,0.055680010467767715,0.03846926614642143,-0.017210744321346283,0.0013557086931541562,0.0011028492590412498,-0.00025285943411290646,False,False
20260824,49,E:/2026YOLO/datasets/coco_d2_mini_2048_seed20260901/images/train2017/000000306710.jpg,0.0027656229212880135,0.0040785521268844604,0.001312929205596447,0.012301172129809856,0.013663309626281261,0.001362137496471405,False,False
20260824,49,E:/2026YOLO/datasets/coco_d2_mini_2048_seed20260901/images/train2017/000000315221.jpg,0.0020651218947023153,0.018707027658820152,0.016641905764117837,0.0025098449550569057,0.0013999181101098657,-0.00110992684494704,False,False
20260824,49,E:/2026YOLO/datasets/coco_d2_mini_2048_seed20260901/images/train2017/000000332646.jpg,-0.0073700337670743465,0.023505527526140213,0.03087556129321456,0.0060516842640936375,0.003078340319916606,-0.0029733439441770315,True,False
20260824,49,E:/2026YOLO/datasets/coco_d2_mini_2048_seed20260901/images/train2017/000000341797.jpg,-0.01659872941672802,0.025669148191809654,0.042267877608537674,0.004465066362172365,0.0028627095744013786,-0.0016023567877709866,True,False
20260824,49,E:/2026YOLO/datasets/coco_d2_mini_2048_seed20260901/images/train2017/000000345635.jpg,-0.02253141440451145,0.01169372908771038,0.03422514349222183,0.005962497554719448,0.005444508045911789,-0.0005179895088076591,True,False
20260824,49,E:/2026YOLO/datasets/coco_d2_mini_2048_seed20260901/images/train2017/000000348684.jpg,-0.0036567887291312218,-0.005976127926260233,-0.002319339197129011,0.007966350764036179,0.005079598166048527,-0.002886752597987652,True,True
20260824,49,E:/2026YOLO/datasets/coco_d2_mini_2048_seed20260901/images/train2017/000000358580.jpg,-0.0070845442824065685,0.022211594507098198,0.029296138789504766,0.002516149776056409,0.0022374901454895735,-0.0002786596305668354,True,False
20260824,49,E:/2026YOLO/datasets/coco_d2_mini_2048_seed20260901/images/train2017/000000361519.jpg,0.006496704649180174,-0.03267887234687805,-0.039175576996058226,0.008434419520199299,0.009541381150484085,0.0011069616302847862,False,True
20260824,49,E:/2026YOLO/datasets/coco_d2_mini_2048_seed20260901/images/train2017/000000380034.jpg,0.0004888589610345662,-0.00865384005010128,-0.009142699011135846,0.0032685622572898865,0.0027348049916327,-0.0005337572656571865,False,True
20260824,49,E:/2026YOLO/datasets/coco_d2_mini_2048_seed20260901/images/train2017/000000397211.jpg,-0.005684930831193924,-0.01874363422393799,-0.013058703392744064,0.004839127417653799,0.00346346921287477,-0.001375658204779029,True,True
20260824,49,E:/2026YOLO/datasets/coco_d2_mini_2048_seed20260901/images/train2017/000000399784.jpg,0.008309385739266872,0.001772112213075161,-0.006537273526191711,0.003495596582069993,0.0027372597251087427,-0.0007583368569612503,False,False
20260824,49,E:/2026YOLO/datasets/coco_d2_mini_2048_seed20260901/images/train2017/000000400606.jpg,0.007593030110001564,0.005263845901936293,-0.0023291842080652714,0.0035749548114836216,0.0019980778452008963,-0.0015768769662827253,False,False
20260824,49,E:/2026YOLO/datasets/coco_d2_mini_2048_seed20260901/images/train2017/000000435454.jpg,-0.00439830357208848,0.028370622545480728,0.03276892611756921,0.0037342398427426815,0.003969987388700247,0.0002357475459575653,True,False
20260824,49,E:/2026YOLO/datasets/coco_d2_mini_2048_seed20260901/images/train2017/000000441240.jpg,-0.005577406845986843,0.001301186508499086,0.006878593354485929,0.004411626607179642,0.0025608635041862726,-0.001850763102993369,True,False
20260824,49,E:/2026YOLO/datasets/coco_d2_mini_2048_seed20260901/images/train2017/000000447095.jpg,-0.001589038292877376,-0.0068219853565096855,-0.0052329470636323094,0.0026418527122586966,0.0010916697792708874,-0.0015501829329878092,True,True
20260824,49,E:/2026YOLO/datasets/coco_d2_mini_2048_seed20260901/images/train2017/000000447118.jpg,0.002168891252949834,-0.004483252763748169,-0.006652144016698003,0.005838239565491676,0.004633116070181131,-0.001205123495310545,False,True
20260824,49,E:/2026YOLO/datasets/coco_d2_mini_2048_seed20260901/images/train2017/000000460950.jpg,-0.036591485142707825,0.012058047577738762,0.04864953272044659,0.0018135074060410261,0.001170047908090055,-0.0006434594979509711,True,False
20260824,49,E:/2026YOLO/datasets/coco_d2_mini_2048_seed20260901/images/train2017/000000469514.jpg,0.030393745750188828,-0.021345769986510277,-0.051739515736699104,0.00593783613294363,0.0030978575814515352,-0.002839978551492095,False,True
20260824,49,E:/2026YOLO/datasets/coco_d2_mini_2048_seed20260901/images/train2017/000000469798.jpg,0.007235115393996239,0.014263731427490711,0.0070286160334944725,0.005755570717155933,0.003992313984781504,-0.0017632567323744297,False,False
20260824,49,E:/2026YOLO/datasets/coco_d2_mini_2048_seed20260901/images/train2017/000000477172.jpg,-0.002297555562108755,0.004589939955621958,0.006887495517730713,0.00557574350386858,0.0028460270259529352,-0.0027297164779156446,True,False
20260824,49,E:/2026YOLO/datasets/coco_d2_mini_2048_seed20260901/images/train2017/000000478105.jpg,-0.03426226228475571,-0.017146408557891846,0.01711585372686386,0.004061335232108831,0.002236006548628211,-0.0018253286834806204,True,True
20260824,49,E:/2026YOLO/datasets/coco_d2_mini_2048_seed20260901/images/train2017/000000486491.jpg,0.011092759668827057,0.008442758582532406,-0.002650001086294651,0.003388807876035571,0.0031097671017050743,-0.0002790407743304968,False,False
20260824,49,E:/2026YOLO/datasets/coco_d2_mini_2048_seed20260901/images/train2017/000000501695.jpg,0.006069938652217388,0.007870231755077839,0.0018002931028604507,0.00535734836012125,0.0038226612377911806,-0.0015346871223300695,False,False
20260824,49,E:/2026YOLO/datasets/coco_d2_mini_2048_seed20260901/images/train2017/000000515191.jpg,-0.017201632261276245,0.012479959987103939,0.029681592248380184,0.007575479336082935,0.0032344660721719265,-0.004341013263911009,True,False
20260824,49,E:/2026YOLO/datasets/coco_d2_mini_2048_seed20260901/images/train2017/000000523220.jpg,-0.00044723841710947454,0.006988906301558018,0.007436144718667492,0.0022372070234268904,0.0013560598017647862,-0.0008811472216621041,True,False
20260824,49,E:/2026YOLO/datasets/coco_d2_mini_2048_seed20260901/images/train2017/000000550760.jpg,0.0077383252792060375,0.017345005646348,0.009606680367141962,0.00407387875020504,0.0021916169207543135,-0.0018822618294507265,False,False
20260824,49,E:/2026YOLO/datasets/coco_d2_mini_2048_seed20260901/images/train2017/000000572152.jpg,0.0034704506397247314,0.03975224867463112,0.03628179803490639,0.009469997137784958,0.005433263257145882,-0.004036733880639076,False,False
20260824,49,E:/2026YOLO/datasets/coco_d2_mini_2048_seed20260901/images/train2017/000000574145.jpg,0.0009538096492178738,-0.041236553341150284,-0.04219036299036816,0.02918832190334797,0.021963918581604958,-0.0072244033217430115,False,True
20260825,9,E:/2026YOLO/datasets/coco_d2_mini_2048_seed20260901/images/train2017/000000003242.jpg,-0.0072764321230351925,-0.007017061579972506,0.0002593705430626869,0.005514310672879219,0.003974319435656071,-0.0015399912372231483,True,True
20260825,9,E:/2026YOLO/datasets/coco_d2_mini_2048_seed20260901/images/train2017/000000009885.jpg,0.012777365744113922,0.018463261425495148,0.005685895681381226,0.006822957191616297,0.005762412212789059,-0.001060544978827238,False,False
20260825,9,E:/2026YOLO/datasets/coco_d2_mini_2048_seed20260901/images/train2017/000000012236.jpg,0.031064994633197784,-0.043361011892557144,-0.07442600652575493,0.03168892860412598,0.022913414984941483,-0.008775513619184494,False,True
20260825,9,E:/2026YOLO/datasets/coco_d2_mini_2048_seed20260901/images/train2017/000000028359.jpg,-0.030052587389945984,0.024923989549279213,0.0549765769392252,0.009183946065604687,0.00522410124540329,-0.003959844820201397,True,False
20260825,9,E:/2026YOLO/datasets/coco_d2_mini_2048_seed20260901/images/train2017/000000039606.jpg,0.01656976342201233,0.01637982577085495,-0.00018993765115737915,0.008043375797569752,0.008158782497048378,0.00011540669947862625,False,False
20260825,9,E:/2026YOLO/datasets/coco_d2_mini_2048_seed20260901/images/train2017/000000039743.jpg,0.015679221600294113,0.008311942219734192,-0.007367279380559921,0.009476653300225735,0.006522984243929386,-0.0029536690562963486,False,False
20260825,9,E:/2026YOLO/datasets/coco_d2_mini_2048_seed20260901/images/train2017/000000043202.jpg,-0.006741933058947325,-0.014026826247572899,-0.007284893188625574,0.06060647591948509,0.04030664637684822,-0.02029982954263687,True,True
20260825,9,E:/2026YOLO/datasets/coco_d2_mini_2048_seed20260901/images/train2017/000000055118.jpg,-0.04697341471910477,-0.031120846047997475,0.015852568671107292,0.010015803389251232,0.009689928963780403,-0.000325874425470829,True,True
20260825,9,E:/2026YOLO/datasets/coco_d2_mini_2048_seed20260901/images/train2017/000000087671.jpg,-0.01569550298154354,0.012697308324277401,0.028392811305820942,0.008478648960590363,0.007566740270704031,-0.0009119086898863316,True,False
20260825,9,E:/2026YOLO/datasets/coco_d2_mini_2048_seed20260901/images/train2017/000000092634.jpg,0.004200877621769905,-0.010261628776788712,-0.014462506398558617,0.012673628516495228,0.007336677052080631,-0.0053369514644145966,False,True
20260825,9,E:/2026YOLO/datasets/coco_d2_mini_2048_seed20260901/images/train2017/000000098596.jpg,-0.006994394585490227,-0.01836760714650154,-0.011373212561011314,0.014964449219405651,0.022125929594039917,0.007161480374634266,True,True
20260825,9,E:/2026YOLO/datasets/coco_d2_mini_2048_seed20260901/images/train2017/000000101892.jpg,0.00718798628076911,-0.030098414048552513,-0.03728640032932162,0.011316439136862755,0.006995636038482189,-0.004320803098380566,False,True
20260825,9,E:/2026YOLO/datasets/coco_d2_mini_2048_seed20260901/images/train2017/000000103427.jpg,-0.009677283465862274,0.007694241590797901,0.017371525056660175,0.008558974601328373,0.007046014070510864,-0.0015129605308175087,True,False
20260825,9,E:/2026YOLO/datasets/coco_d2_mini_2048_seed20260901/images/train2017/000000111194.jpg,0.0028185772243887186,-0.012315391562879086,-0.015133968787267804,0.015084387734532356,0.021451426669955254,0.006367038935422897,False,True
20260825,9,E:/2026YOLO/datasets/coco_d2_mini_2048_seed20260901/images/train2017/000000115370.jpg,-0.011382597498595715,0.013500997796654701,0.024883595295250416,0.008041627705097198,0.007291809655725956,-0.0007498180493712425,True,False
20260825,9,E:/2026YOLO/datasets/coco_d2_mini_2048_seed20260901/images/train2017/000000124311.jpg,0.010030796751379967,0.0015674920286983252,-0.008463304722681642,0.01750621199607849,0.011648202314972878,-0.005858009681105614,False,False
20260825,9,E:/2026YOLO/datasets/coco_d2_mini_2048_seed20260901/images/train2017/000000128142.jpg,0.01408291980624199,-8.159531716955826e-05,-0.014164515123411547,0.009178847074508667,0.00810128916054964,-0.0010775579139590263,False,True
20260825,9,E:/2026YOLO/datasets/coco_d2_mini_2048_seed20260901/images/train2017/000000142318.jpg,0.014943261630833149,-0.012947208248078823,-0.027890469878911972,0.01687079481780529,0.009019899182021618,-0.007850895635783672,False,True
20260825,9,E:/2026YOLO/datasets/coco_d2_mini_2048_seed20260901/images/train2017/000000148077.jpg,0.020058507099747658,-0.008505245670676231,-0.02856375277042389,0.012134662829339504,0.011681604199111462,-0.0004530586302280426,False,True
20260825,9,E:/2026YOLO/datasets/coco_d2_mini_2048_seed20260901/images/train2017/000000168738.jpg,-0.012995876371860504,0.027226125821471214,0.04022200219333172,0.0073951976373791695,0.005201614461839199,-0.0021935831755399704,True,False
20260825,9,E:/2026YOLO/datasets/coco_d2_mini_2048_seed20260901/images/train2017/000000171384.jpg,0.009678248316049576,0.004996920470148325,-0.004681327845901251,0.010884026996791363,0.008511984720826149,-0.0023720422759652138,False,False
20260825,9,E:/2026YOLO/datasets/coco_d2_mini_2048_seed20260901/images/train2017/000000172342.jpg,-0.007071075029671192,0.015283274464309216,0.022354349493980408,0.0111977094784379,0.008768347091972828,-0.0024293623864650726,True,False
20260825,9,E:/2026YOLO/datasets/coco_d2_mini_2048_seed20260901/images/train2017/000000175227.jpg,0.013097680173814297,0.030406508594751358,0.01730882842093706,0.009392550215125084,0.006092146039009094,-0.0033004041761159897,False,False
20260825,9,E:/2026YOLO/datasets/coco_d2_mini_2048_seed20260901/images/train2017/000000177705.jpg,0.002793298801407218,-0.03410134091973305,-0.036894639721140265,0.010613568127155304,0.011486461386084557,0.0008728932589292526,False,True
20260825,9,E:/2026YOLO/datasets/coco_d2_mini_2048_seed20260901/images/train2017/000000178690.jpg,-0.008154873736202717,-0.004430648870766163,0.003724224865436554,0.007649698760360479,0.007464571390300989,-0.0001851273700594902,True,True
20260825,9,E:/2026YOLO/datasets/coco_d2_mini_2048_seed20260901/images/train2017/000000189770.jpg,-0.0006277867942117155,0.015856219455599785,0.0164840062498115,0.005934193730354309,0.0031495371367782354,-0.0027846565935760736,True,False
20260825,9,E:/2026YOLO/datasets/coco_d2_mini_2048_seed20260901/images/train2017/000000190942.jpg,0.0059982724487781525,-0.0011271312832832336,-0.007125403732061386,0.01029207743704319,0.007465635892003775,-0.0028264415450394154,False,True
20260825,9,E:/2026YOLO/datasets/coco_d2_mini_2048_seed20260901/images/train2017/000000205010.jpg,0.012912345118820667,-0.03207629919052124,-0.04498864430934191,0.015092623420059681,0.010649193078279495,-0.004443430341780186,False,True
20260825,9,E:/2026YOLO/datasets/coco_d2_mini_2048_seed20260901/images/train2017/000000205435.jpg,0.016399238258600235,0.006284354254603386,-0.010114884003996849,0.009008681401610374,0.005037351977080107,-0.003971329424530268,False,False
20260825,9,E:/2026YOLO/datasets/coco_d2_mini_2048_seed20260901/images/train2017/000000222228.jpg,0.004648358561098576,0.020250985398888588,0.015602626837790012,0.010510618798434734,0.006584348622709513,-0.003926270175725222,False,False
20260825,9,E:/2026YOLO/datasets/coco_d2_mini_2048_seed20260901/images/train2017/000000224366.jpg,0.008030302822589874,-0.004644737578928471,-0.012675040401518345,0.011792516335844994,0.011233465746045113,-0.000559050589799881,False,True
20260825,9,E:/2026YOLO/datasets/coco_d2_mini_2048_seed20260901/images/train2017/000000241623.jpg,-0.001154774916358292,-0.08098715543746948,-0.07983238052111119,0.039290912449359894,0.03218937665224075,-0.007101535797119141,True,True
20260825,9,E:/2026YOLO/datasets/coco_d2_mini_2048_seed20260901/images/train2017/000000261696.jpg,-0.017181124538183212,-0.009279748424887657,0.007901376113295555,0.0033715220633894205,0.002555408515036106,-0.0008161135483533144,True,True
20260825,9,E:/2026YOLO/datasets/coco_d2_mini_2048_seed20260901/images/train2017/000000268809.jpg,0.04100053384900093,-0.025873450562357903,-0.06687398441135883,0.019180743023753166,0.01336174551397562,-0.005818997509777546,False,True
20260825,9,E:/2026YOLO/datasets/coco_d2_mini_2048_seed20260901/images/train2017/000000277912.jpg,-0.03564474359154701,-0.007474034558981657,0.028170709032565355,0.01303417980670929,0.015563620254397392,0.0025294404476881027,True,True
20260825,9,E:/2026YOLO/datasets/coco_d2_mini_2048_seed20260901/images/train2017/000000278763.jpg,0.00395070668309927,0.022998103871941566,0.019047397188842297,0.005252734292298555,0.00413327245041728,-0.0011194618418812752,False,False
20260825,9,E:/2026YOLO/datasets/coco_d2_mini_2048_seed20260901/images/train2017/000000306710.jpg,-0.005031277891248465,-0.007746179588139057,-0.0027149016968905926,0.0329292006790638,0.01700213924050331,-0.015927061438560486,True,True
20260825,9,E:/2026YOLO/datasets/coco_d2_mini_2048_seed20260901/images/train2017/000000315221.jpg,-0.010992202907800674,-0.02820633538067341,-0.017214132472872734,0.003312532091513276,0.004260483663529158,0.0009479515720158815,True,True
20260825,9,E:/2026YOLO/datasets/coco_d2_mini_2048_seed20260901/images/train2017/000000332646.jpg,-0.02507679909467697,-0.02732011117041111,-0.0022433120757341385,0.010947354137897491,0.01093448419123888,-1.2869946658611298e-05,True,True
20260825,9,E:/2026YOLO/datasets/coco_d2_mini_2048_seed20260901/images/train2017/000000341797.jpg,0.003878088667988777,0.021257678046822548,0.01737958937883377,0.010288723744452,0.009234881028532982,-0.0010538427159190178,False,False
20260825,9,E:/2026YOLO/datasets/coco_d2_mini_2048_seed20260901/images/train2017/000000345635.jpg,0.01006066519767046,-0.005847190506756306,-0.015907855704426765,0.021856550127267838,0.014592797495424747,-0.00726375263184309,False,True
20260825,9,E:/2026YOLO/datasets/coco_d2_mini_2048_seed20260901/images/train2017/000000348684.jpg,-0.008340893313288689,-0.01579328626394272,-0.00745239295065403,0.02264305390417576,0.013799179345369339,-0.00884387455880642,True,True
20260825,9,E:/2026YOLO/datasets/coco_d2_mini_2048_seed20260901/images/train2017/000000358580.jpg,0.02585633285343647,-0.0049681151285767555,-0.030824447982013226,0.007210180629044771,0.004905779380351305,-0.002304401248693466,False,True
20260825,9,E:/2026YOLO/datasets/coco_d2_mini_2048_seed20260901/images/train2017/000000361519.jpg,-0.03566369786858559,-0.03344820812344551,0.0022154897451400757,0.017567802220582962,0.02142430655658245,0.003856504335999489,True,True
20260825,9,E:/2026YOLO/datasets/coco_d2_mini_2048_seed20260901/images/train2017/000000380034.jpg,-0.009845271706581116,0.007324757520109415,0.01717002922669053,0.011505910195410252,0.007523148320615292,-0.00398276187479496,True,False
20260825,9,E:/2026YOLO/datasets/coco_d2_mini_2048_seed20260901/images/train2017/000000397211.jpg,0.01808556541800499,0.010717732831835747,-0.007367832586169243,0.016067219898104668,0.013584285974502563,-0.002482933923602104,False,False
20260825,9,E:/2026YOLO/datasets/coco_d2_mini_2048_seed20260901/images/train2017/000000399784.jpg,0.0071541559882462025,0.02383296750485897,0.016678811516612768,0.011506438255310059,0.00663016876205802,-0.004876269493252039,False,False
20260825,9,E:/2026YOLO/datasets/coco_d2_mini_2048_seed20260901/images/train2017/000000400606.jpg,0.04171424359083176,-0.04644671082496643,-0.08816095441579819,0.013899355195462704,0.0098414933308959,-0.004057861864566803,False,True
20260825,9,E:/2026YOLO/datasets/coco_d2_mini_2048_seed20260901/images/train2017/000000435454.jpg,0.01788802444934845,0.011146264150738716,-0.006741760298609734,0.011174929328262806,0.013681097887456417,0.002506168559193611,False,False
20260825,9,E:/2026YOLO/datasets/coco_d2_mini_2048_seed20260901/images/train2017/000000441240.jpg,0.024374419823288918,-0.0034826232586055994,-0.027857043081894517,0.009826911613345146,0.006926975678652525,-0.0028999359346926212,False,True
20260825,9,E:/2026YOLO/datasets/coco_d2_mini_2048_seed20260901/images/train2017/000000447095.jpg,-0.017697405070066452,-0.023600881919264793,-0.005903476849198341,0.005031631328165531,0.005096363369375467,6.473204120993614e-05,True,True
20260825,9,E:/2026YOLO/datasets/coco_d2_mini_2048_seed20260901/images/train2017/000000447118.jpg,-0.01653420366346836,-0.006493604276329279,0.010040599387139082,0.01266408059746027,0.015546027570962906,0.002881946973502636,True,True
20260825,9,E:/2026YOLO/datasets/coco_d2_mini_2048_seed20260901/images/train2017/000000460950.jpg,0.025931106880307198,-0.03439336270093918,-0.060324469581246376,0.004410857334733009,0.003513332922011614,-0.0008975244127213955,False,True
20260825,9,E:/2026YOLO/datasets/coco_d2_mini_2048_seed20260901/images/train2017/000000469514.jpg,0.028466826304793358,0.01596035622060299,-0.012506470084190369,0.010735809803009033,0.010582582093775272,-0.00015322770923376083,False,False
20260825,9,E:/2026YOLO/datasets/coco_d2_mini_2048_seed20260901/images/train2017/000000469798.jpg,-0.0229412280023098,-0.030721381306648254,-0.007780153304338455,0.023048967123031616,0.009876308962702751,-0.013172658160328865,True,True
20260825,9,E:/2026YOLO/datasets/coco_d2_mini_2048_seed20260901/images/train2017/000000477172.jpg,-0.0016121246153488755,-0.010859149508178234,-0.009247024892829359,0.011894894763827324,0.00986193772405386,-0.002032957039773464,True,True
20260825,9,E:/2026YOLO/datasets/coco_d2_mini_2048_seed20260901/images/train2017/000000478105.jpg,0.016622519120573997,-0.008266325108706951,-0.02488884422928095,0.008490156382322311,0.006993609480559826,-0.0014965469017624855,False,True
20260825,9,E:/2026YOLO/datasets/coco_d2_mini_2048_seed20260901/images/train2017/000000486491.jpg,0.009905539453029633,-0.002740525873377919,-0.012646065326407552,0.0128007922321558,0.009772363118827343,-0.003028429113328457,False,True
20260825,9,E:/2026YOLO/datasets/coco_d2_mini_2048_seed20260901/images/train2017/000000501695.jpg,0.00938422791659832,-0.038396116346120834,-0.047780344262719154,0.018773088231682777,0.015038646757602692,-0.0037344414740800858,False,True
20260825,9,E:/2026YOLO/datasets/coco_d2_mini_2048_seed20260901/images/train2017/000000515191.jpg,0.00835124310106039,-0.03642702102661133,-0.04477826412767172,0.010708251968026161,0.0092877596616745,-0.0014204923063516617,False,True
20260825,9,E:/2026YOLO/datasets/coco_d2_mini_2048_seed20260901/images/train2017/000000523220.jpg,-0.0024173096753656864,0.007888088002800941,0.010305397678166628,0.004256801214069128,0.003914285451173782,-0.0003425157628953457,True,False
20260825,9,E:/2026YOLO/datasets/coco_d2_mini_2048_seed20260901/images/train2017/000000550760.jpg,-0.026685183867812157,-0.01108646672219038,0.015598717145621777,0.006459814961999655,0.006450860761106014,-8.954200893640518e-06,True,True
20260825,9,E:/2026YOLO/datasets/coco_d2_mini_2048_seed20260901/images/train2017/000000572152.jpg,0.005912150256335735,0.0031512503046542406,-0.0027608999516814947,0.010407039895653725,0.007554832845926285,-0.00285220704972744,False,False
20260825,9,E:/2026YOLO/datasets/coco_d2_mini_2048_seed20260901/images/train2017/000000574145.jpg,0.023827560245990753,-0.031220128759741783,-0.055047689005732536,0.08735831081867218,0.05217498540878296,-0.03518332540988922,False,True
20260825,24,E:/2026YOLO/datasets/coco_d2_mini_2048_seed20260901/images/train2017/000000003242.jpg,-0.010345295071601868,0.008099738508462906,0.018445033580064774,0.004970305133610964,0.0031649572774767876,-0.0018053478561341763,True,False
20260825,24,E:/2026YOLO/datasets/coco_d2_mini_2048_seed20260901/images/train2017/000000009885.jpg,0.023300299420952797,0.012121584266424179,-0.011178715154528618,0.0037319951225072145,0.00253861746750772,-0.0011933776549994946,False,False
20260825,24,E:/2026YOLO/datasets/coco_d2_mini_2048_seed20260901/images/train2017/000000012236.jpg,-0.033139489591121674,-0.02049679309129715,0.012642696499824524,0.015944862738251686,0.0158375296741724,-0.00010733306407928467,True,True
20260825,24,E:/2026YOLO/datasets/coco_d2_mini_2048_seed20260901/images/train2017/000000028359.jpg,-0.015478427521884441,0.017740432173013687,0.03321885969489813,0.006219377275556326,0.003515978343784809,-0.002703398931771517,True,False
20260825,24,E:/2026YOLO/datasets/coco_d2_mini_2048_seed20260901/images/train2017/000000039606.jpg,0.029120679944753647,-0.0059624225832521915,-0.03508310252800584,0.004367111250758171,0.0040250918827950954,-0.00034201936796307564,False,True
20260825,24,E:/2026YOLO/datasets/coco_d2_mini_2048_seed20260901/images/train2017/000000039743.jpg,0.023501569405198097,0.006783267017453909,-0.01671830238774419,0.004523363895714283,0.0028674278873950243,-0.0016559360083192587,False,False
20260825,24,E:/2026YOLO/datasets/coco_d2_mini_2048_seed20260901/images/train2017/000000043202.jpg,0.005237150471657515,0.019061245024204254,0.01382409455254674,0.022938815876841545,0.02396133728325367,0.0010225214064121246,False,False
20260825,24,E:/2026YOLO/datasets/coco_d2_mini_2048_seed20260901/images/train2017/000000055118.jpg,-0.0020145319867879152,-0.0008372500888071954,0.0011772818979807198,0.0037798117846250534,0.0030727197881788015,-0.0007070919964462519,True,True
20260825,24,E:/2026YOLO/datasets/coco_d2_mini_2048_seed20260901/images/train2017/000000087671.jpg,0.022295791655778885,-0.007087063975632191,-0.029382855631411076,0.005694108549505472,0.003107241354882717,-0.002586867194622755,False,True
20260825,24,E:/2026YOLO/datasets/coco_d2_mini_2048_seed20260901/images/train2017/000000092634.jpg,-2.1416020899778232e-05,0.004236649721860886,0.004258065742760664,0.0064254580065608025,0.004747394938021898,-0.0016780630685389042,True,False
20260825,24,E:/2026YOLO/datasets/coco_d2_mini_2048_seed20260901/images/train2017/000000098596.jpg,-0.002005910500884056,-0.006346805952489376,-0.00434089545160532,0.006206720136106014,0.00715599674731493,0.0009492766112089157,True,True
20260825,24,E:/2026YOLO/datasets/coco_d2_mini_2048_seed20260901/images/train2017/000000101892.jpg,0.00047361082397401333,-0.00942771416157484,-0.009901324985548854,0.010057494975626469,0.005645778961479664,-0.004411716014146805,False,True
20260825,24,E:/2026YOLO/datasets/coco_d2_mini_2048_seed20260901/images/train2017/000000103427.jpg,0.0067614843137562275,0.01917610876262188,0.012414624448865652,0.005019103176891804,0.0026904968544840813,-0.0023286063224077225,False,False
20260825,24,E:/2026YOLO/datasets/coco_d2_mini_2048_seed20260901/images/train2017/000000111194.jpg,0.011022821068763733,0.0024745145346969366,-0.008548306534066796,0.022729048505425453,0.009646913036704063,-0.01308213546872139,False,False
20260825,24,E:/2026YOLO/datasets/coco_d2_mini_2048_seed20260901/images/train2017/000000115370.jpg,0.030250903218984604,-0.0004867694806307554,-0.03073767269961536,0.0039356788620352745,0.0028582406230270863,-0.0010774382390081882,False,True
20260825,24,E:/2026YOLO/datasets/coco_d2_mini_2048_seed20260901/images/train2017/000000124311.jpg,0.022561052814126015,0.021006479859352112,-0.001554572954773903,0.007977836765348911,0.00610558595508337,-0.001872250810265541,False,False
20260825,24,E:/2026YOLO/datasets/coco_d2_mini_2048_seed20260901/images/train2017/000000128142.jpg,0.018329139798879623,-0.0016671792836859822,-0.019996319082565606,0.005159642547369003,0.0026533990167081356,-0.0025062435306608677,False,True
20260825,24,E:/2026YOLO/datasets/coco_d2_mini_2048_seed20260901/images/train2017/000000142318.jpg,0.021362537518143654,0.025779223069548607,0.004416685551404953,0.012731370516121387,0.007986132055521011,-0.004745238460600376,False,False
20260825,24,E:/2026YOLO/datasets/coco_d2_mini_2048_seed20260901/images/train2017/000000148077.jpg,0.005528509616851807,-0.006500401068478823,-0.01202891068533063,0.002661011414602399,0.0030692198779433966,0.0004082084633409977,False,True
20260825,24,E:/2026YOLO/datasets/coco_d2_mini_2048_seed20260901/images/train2017/000000168738.jpg,0.0012294530170038342,0.01449088379740715,0.013261430780403316,0.005011189728975296,0.003204093547537923,-0.0018070961814373732,False,False
20260825,24,E:/2026YOLO/datasets/coco_d2_mini_2048_seed20260901/images/train2017/000000171384.jpg,-0.0026742785703390837,0.00866725668311119,0.011341535253450274,0.008943568915128708,0.005199580453336239,-0.003743988461792469,True,False
20260825,24,E:/2026YOLO/datasets/coco_d2_mini_2048_seed20260901/images/train2017/000000172342.jpg,0.0015389693435281515,-0.003241625614464283,-0.0047805949579924345,0.005998685024678707,0.003954900428652763,-0.0020437845960259438,False,True
20260825,24,E:/2026YOLO/datasets/coco_d2_mini_2048_seed20260901/images/train2017/000000175227.jpg,0.03426459804177284,0.03810243308544159,0.003837835043668747,0.006106221582740545,0.00368226389400661,-0.0024239576887339354,False,False
20260825,24,E:/2026YOLO/datasets/coco_d2_mini_2048_seed20260901/images/train2017/000000177705.jpg,0.009052855893969536,-0.009483357891440392,-0.018536213785409927,0.007085460238158703,0.006977614481002092,-0.00010784575715661049,False,True
20260825,24,E:/2026YOLO/datasets/coco_d2_mini_2048_seed20260901/images/train2017/000000178690.jpg,-0.0003001999284606427,0.0036624958738684654,0.003962695802329108,0.004718215204775333,0.0036698344629257917,-0.0010483807418495417,True,False
20260825,24,E:/2026YOLO/datasets/coco_d2_mini_2048_seed20260901/images/train2017/000000189770.jpg,-0.020156819373369217,-0.0186647679656744,0.0014920514076948166,0.00218240381218493,0.001520583056844771,-0.0006618207553401589,True,True
20260825,24,E:/2026YOLO/datasets/coco_d2_mini_2048_seed20260901/images/train2017/000000190942.jpg,0.014619169756770134,-8.858132059685886e-05,-0.014707751077366993,0.004178894218057394,0.0038967665750533342,-0.0002821276430040598,False,True
20260825,24,E:/2026YOLO/datasets/coco_d2_mini_2048_seed20260901/images/train2017/000000205010.jpg,0.022516818717122078,-0.012114288285374641,-0.03463110700249672,0.004795446991920471,0.00822004396468401,0.0034245969727635384,False,True
20260825,24,E:/2026YOLO/datasets/coco_d2_mini_2048_seed20260901/images/train2017/000000205435.jpg,0.006165782455354929,0.013758039101958275,0.007592256646603346,0.0038243248127400875,0.0024155189748853445,-0.001408805837854743,False,False
20260825,24,E:/2026YOLO/datasets/coco_d2_mini_2048_seed20260901/images/train2017/000000222228.jpg,-0.004498673137277365,0.018533475697040558,0.023032148834317923,0.0035650695208460093,0.0029300462920218706,-0.0006350232288241386,True,False
20260825,24,E:/2026YOLO/datasets/coco_d2_mini_2048_seed20260901/images/train2017/000000224366.jpg,-0.0006918849539943039,0.0033109732903540134,0.004002858244348317,0.006153323221951723,0.005176930222660303,-0.00097639299929142,True,False
20260825,24,E:/2026YOLO/datasets/coco_d2_mini_2048_seed20260901/images/train2017/000000241623.jpg,-0.012964975088834763,-0.04749599099159241,-0.034531015902757645,0.00941649079322815,0.009366032667458057,-5.045812577009201e-05,True,True
20260825,24,E:/2026YOLO/datasets/coco_d2_mini_2048_seed20260901/images/train2017/000000261696.jpg,-0.009254109114408493,0.02291005663573742,0.03216416575014591,0.0020677903667092323,0.0017149903578683734,-0.00035280000884085894,True,False
20260825,24,E:/2026YOLO/datasets/coco_d2_mini_2048_seed20260901/images/train2017/000000268809.jpg,-0.016783902421593666,0.024211043491959572,0.04099494591355324,0.009740252047777176,0.01057033147662878,0.0008300794288516045,True,False
20260825,24,E:/2026YOLO/datasets/coco_d2_mini_2048_seed20260901/images/train2017/000000277912.jpg,-0.010279752314090729,0.011148199439048767,0.021427951753139496,0.0073439255356788635,0.004249009769409895,-0.0030949157662689686,True,False
20260825,24,E:/2026YOLO/datasets/coco_d2_mini_2048_seed20260901/images/train2017/000000278763.jpg,0.02093181200325489,0.019440043717622757,-0.0014917682856321335,0.002297706203535199,0.0015103936893865466,-0.0007873125141486526,False,False
20260825,24,E:/2026YOLO/datasets/coco_d2_mini_2048_seed20260901/images/train2017/000000306710.jpg,-0.0031123028602451086,0.01664811000227928,0.01976041286252439,0.01516735926270485,0.01570945605635643,0.0005420967936515808,True,False
20260825,24,E:/2026YOLO/datasets/coco_d2_mini_2048_seed20260901/images/train2017/000000315221.jpg,-0.00943196751177311,-0.027019748464226723,-0.017587780952453613,0.002769152168184519,0.002301387256011367,-0.00046776491217315197,True,True
20260825,24,E:/2026YOLO/datasets/coco_d2_mini_2048_seed20260901/images/train2017/000000332646.jpg,0.0099430400878191,0.0011344326194375753,-0.008808607468381524,0.0068101040087640285,0.004973271861672401,-0.0018368321470916271,False,False
20260825,24,E:/2026YOLO/datasets/coco_d2_mini_2048_seed20260901/images/train2017/000000341797.jpg,0.005024142563343048,-0.014106836169958115,-0.019130978733301163,0.005989649798721075,0.00540970591828227,-0.0005799438804388046,False,True
20260825,24,E:/2026YOLO/datasets/coco_d2_mini_2048_seed20260901/images/train2017/000000345635.jpg,0.025690725073218346,0.039567407220602036,0.01387668214738369,0.006646487861871719,0.005003688856959343,-0.0016427990049123764,False,False
20260825,24,E:/2026YOLO/datasets/coco_d2_mini_2048_seed20260901/images/train2017/000000348684.jpg,-0.008585921488702297,0.005226764362305403,0.0138126858510077,0.014055725187063217,0.0066262101754546165,-0.007429515011608601,True,False
20260825,24,E:/2026YOLO/datasets/coco_d2_mini_2048_seed20260901/images/train2017/000000358580.jpg,0.024918586015701294,0.011805322021245956,-0.013113263994455338,0.003272327594459057,0.00315203913487494,-0.00012028845958411694,False,False
20260825,24,E:/2026YOLO/datasets/coco_d2_mini_2048_seed20260901/images/train2017/000000361519.jpg,-0.06156003102660179,0.020896784961223602,0.0824568159878254,0.017019685357809067,0.012554110959172249,-0.004465574398636818,True,False
20260825,24,E:/2026YOLO/datasets/coco_d2_mini_2048_seed20260901/images/train2017/000000380034.jpg,0.017583608627319336,-0.003755121259018779,-0.021338729886338115,0.006064435932785273,0.004302235320210457,-0.0017622006125748158,False,True
20260825,24,E:/2026YOLO/datasets/coco_d2_mini_2048_seed20260901/images/train2017/000000397211.jpg,0.004651986062526703,0.007357371971011162,0.002705385908484459,0.007872391492128372,0.004520506132394075,-0.003351885359734297,False,False
20260825,24,E:/2026YOLO/datasets/coco_d2_mini_2048_seed20260901/images/train2017/000000399784.jpg,0.006837858818471432,0.017490096390247345,0.010652237571775913,0.003917768131941557,0.002163634402677417,-0.0017541337292641401,False,False
20260825,24,E:/2026YOLO/datasets/coco_d2_mini_2048_seed20260901/images/train2017/000000400606.jpg,-0.008409717120230198,0.0009900039294734597,0.009399721049703658,0.006173741538077593,0.004815586842596531,-0.001358154695481062,True,False
20260825,24,E:/2026YOLO/datasets/coco_d2_mini_2048_seed20260901/images/train2017/000000435454.jpg,0.0337013341486454,0.019395286217331886,-0.014306047931313515,0.0052331979386508465,0.0025081313215196133,-0.002725066617131233,False,False
20260825,24,E:/2026YOLO/datasets/coco_d2_mini_2048_seed20260901/images/train2017/000000441240.jpg,0.0007179496460594237,-0.03336430341005325,-0.03408225305611268,0.0066980766132473946,0.004032468423247337,-0.0026656081900000572,False,True
20260825,24,E:/2026YOLO/datasets/coco_d2_mini_2048_seed20260901/images/train2017/000000447095.jpg,-0.006450063548982143,-0.021322261542081833,-0.01487219799309969,0.0027394392527639866,0.0019538861233741045,-0.0007855531293898821,True,True
20260825,24,E:/2026YOLO/datasets/coco_d2_mini_2048_seed20260901/images/train2017/000000447118.jpg,-0.008718098513782024,-0.0006396175595000386,0.008078480954281986,0.009459354914724827,0.0045689684338867664,-0.00489038648083806,True,True
20260825,24,E:/2026YOLO/datasets/coco_d2_mini_2048_seed20260901/images/train2017/000000460950.jpg,0.0015229788841679692,-0.006742466706782579,-0.008265445590950549,0.0024956034030765295,0.0016261916607618332,-0.0008694117423146963,False,True
20260825,24,E:/2026YOLO/datasets/coco_d2_mini_2048_seed20260901/images/train2017/000000469514.jpg,0.0004021673812530935,-0.013061598874628544,-0.013463766255881637,0.005583110731095076,0.004788882564753294,-0.0007942281663417816,False,True
20260825,24,E:/2026YOLO/datasets/coco_d2_mini_2048_seed20260901/images/train2017/000000469798.jpg,0.017404112964868546,-0.0018795792711898685,-0.019283692236058414,0.007528031710535288,0.003924580756574869,-0.0036034509539604187,False,True
20260825,24,E:/2026YOLO/datasets/coco_d2_mini_2048_seed20260901/images/train2017/000000477172.jpg,0.004243595991283655,0.0009125680080614984,-0.0033310279832221568,0.0058234999887645245,0.004382828716188669,-0.0014406712725758553,False,False
20260825,24,E:/2026YOLO/datasets/coco_d2_mini_2048_seed20260901/images/train2017/000000478105.jpg,-0.0018462138250470161,-0.004169488791376352,-0.002323274966329336,0.005643961485475302,0.004176884423941374,-0.001467077061533928,True,True
20260825,24,E:/2026YOLO/datasets/coco_d2_mini_2048_seed20260901/images/train2017/000000486491.jpg,-0.0006059441366232932,0.018301960080862045,0.01890790421748534,0.007064145524054766,0.003868579864501953,-0.0031955656595528126,True,False
20260825,24,E:/2026YOLO/datasets/coco_d2_mini_2048_seed20260901/images/train2017/000000501695.jpg,0.013811551965773106,-0.006190274842083454,-0.02000182680785656,0.005412623751908541,0.005380291026085615,-3.233272582292557e-05,False,True
20260825,24,E:/2026YOLO/datasets/coco_d2_mini_2048_seed20260901/images/train2017/000000515191.jpg,-0.012808196246623993,0.007748786825686693,0.020556983072310686,0.006178880576044321,0.005603748839348555,-0.0005751317366957664,True,False
20260825,24,E:/2026YOLO/datasets/coco_d2_mini_2048_seed20260901/images/train2017/000000523220.jpg,-0.0017382624791935086,-0.012130104936659336,-0.010391842457465827,0.0033616942819207907,0.0017461980460211635,-0.0016154962358996272,True,True
20260825,24,E:/2026YOLO/datasets/coco_d2_mini_2048_seed20260901/images/train2017/000000550760.jpg,0.00918316375464201,0.0017896915087476373,-0.0073934722458943725,0.005191280506551266,0.002748355269432068,-0.002442925237119198,False,False
20260825,24,E:/2026YOLO/datasets/coco_d2_mini_2048_seed20260901/images/train2017/000000572152.jpg,-0.02282438427209854,0.00020280038006603718,0.02302718465216458,0.012075732462108135,0.005552906077355146,-0.006522826384752989,True,False
20260825,24,E:/2026YOLO/datasets/coco_d2_mini_2048_seed20260901/images/train2017/000000574145.jpg,-0.01607758179306984,0.007434815634042025,0.023512397427111864,0.04388847202062607,0.034069497138261795,-0.009818974882364273,True,False
20260825,49,E:/2026YOLO/datasets/coco_d2_mini_2048_seed20260901/images/train2017/000000003242.jpg,-0.004457853268831968,0.016487611457705498,0.020945464726537466,0.0037279129028320312,0.0028451241087168455,-0.0008827887941151857,True,False
20260825,49,E:/2026YOLO/datasets/coco_d2_mini_2048_seed20260901/images/train2017/000000009885.jpg,0.01785159297287464,0.009054765105247498,-0.008796827867627144,0.0033534695394337177,0.0033290782012045383,-2.4391338229179382e-05,False,False
20260825,49,E:/2026YOLO/datasets/coco_d2_mini_2048_seed20260901/images/train2017/000000012236.jpg,-0.05968640372157097,-0.022492071613669395,0.03719433210790157,0.013823323883116245,0.006216953508555889,-0.007606370374560356,True,True
20260825,49,E:/2026YOLO/datasets/coco_d2_mini_2048_seed20260901/images/train2017/000000028359.jpg,0.002712177112698555,0.00932776927947998,0.0066155921667814255,0.004543654154986143,0.0029795521404594183,-0.0015641020145267248,False,False
20260825,49,E:/2026YOLO/datasets/coco_d2_mini_2048_seed20260901/images/train2017/000000039606.jpg,0.022899506613612175,-0.005008647218346596,-0.02790815383195877,0.004036298952996731,0.002547726733610034,-0.0014885722193866968,False,True
20260825,49,E:/2026YOLO/datasets/coco_d2_mini_2048_seed20260901/images/train2017/000000039743.jpg,0.03105309046804905,0.018550703302025795,-0.012502387166023254,0.0025974614545702934,0.001656640786677599,-0.0009408206678926945,False,False
20260825,49,E:/2026YOLO/datasets/coco_d2_mini_2048_seed20260901/images/train2017/000000043202.jpg,0.020942265167832375,0.030751146376132965,0.00980888120830059,0.01331761758774519,0.026470141485333443,0.013152523897588253,False,False
20260825,49,E:/2026YOLO/datasets/coco_d2_mini_2048_seed20260901/images/train2017/000000055118.jpg,-0.00733759393915534,-0.0026589056942611933,0.004678688244894147,0.004189400468021631,0.0037495193537324667,-0.00043988111428916454,True,True
20260825,49,E:/2026YOLO/datasets/coco_d2_mini_2048_seed20260901/images/train2017/000000087671.jpg,-0.0065292478539049625,-0.0004879907937720418,0.006041257060132921,0.005970414727926254,0.003287608502432704,-0.0026828062254935503,True,True
20260825,49,E:/2026YOLO/datasets/coco_d2_mini_2048_seed20260901/images/train2017/000000092634.jpg,0.008060313761234283,-0.005339167546480894,-0.013399481307715178,0.0057665519416332245,0.003233501221984625,-0.0025330507196485996,False,True
20260825,49,E:/2026YOLO/datasets/coco_d2_mini_2048_seed20260901/images/train2017/000000098596.jpg,0.013962144032120705,-0.006540629081428051,-0.020502773113548756,0.004999799188226461,0.005575695540755987,0.0005758963525295258,False,True
20260825,49,E:/2026YOLO/datasets/coco_d2_mini_2048_seed20260901/images/train2017/000000101892.jpg,0.021185770630836487,0.01159039419144392,-0.009595376439392567,0.0048497747629880905,0.004026602953672409,-0.0008231718093156815,False,False
20260825,49,E:/2026YOLO/datasets/coco_d2_mini_2048_seed20260901/images/train2017/000000103427.jpg,0.00481812609359622,0.01769920438528061,0.012881078291684389,0.002839471446350217,0.002177946036681533,-0.000661525409668684,False,False
20260825,49,E:/2026YOLO/datasets/coco_d2_mini_2048_seed20260901/images/train2017/000000111194.jpg,0.010676463134586811,0.003146071219816804,-0.007530391914770007,0.017386680468916893,0.008286272175610065,-0.009100408293306828,False,False
20260825,49,E:/2026YOLO/datasets/coco_d2_mini_2048_seed20260901/images/train2017/000000115370.jpg,0.013687039725482464,-0.006493315566331148,-0.020180355291813612,0.002876020735129714,0.0016996745252981782,-0.0011763462098315358,False,True
20260825,49,E:/2026YOLO/datasets/coco_d2_mini_2048_seed20260901/images/train2017/000000124311.jpg,0.016833119094371796,0.005695071537047625,-0.011138047557324171,0.009943697601556778,0.005710211582481861,-0.004233486019074917,False,False
20260825,49,E:/2026YOLO/datasets/coco_d2_mini_2048_seed20260901/images/train2017/000000128142.jpg,0.007523098029196262,0.004520947579294443,-0.0030021504499018192,0.004331778269261122,0.0026295301504433155,-0.0017022481188178062,False,False
20260825,49,E:/2026YOLO/datasets/coco_d2_mini_2048_seed20260901/images/train2017/000000142318.jpg,0.02624858170747757,0.013303155079483986,-0.012945426627993584,0.008761687204241753,0.004852122627198696,-0.0039095645770430565,False,False
20260825,49,E:/2026YOLO/datasets/coco_d2_mini_2048_seed20260901/images/train2017/000000148077.jpg,-0.006531274411827326,-0.016491584479808807,-0.009960310067981482,0.0038762404583394527,0.0029170243069529533,-0.0009592161513864994,True,True
20260825,49,E:/2026YOLO/datasets/coco_d2_mini_2048_seed20260901/images/train2017/000000168738.jpg,0.004627568647265434,0.015212702564895153,0.010585133917629719,0.0031194225884974003,0.002534352010115981,-0.0005850705783814192,False,False
20260825,49,E:/2026YOLO/datasets/coco_d2_mini_2048_seed20260901/images/train2017/000000171384.jpg,0.004889200441539288,0.0009765253053046763,-0.003912675136234611,0.006374536547809839,0.004840570036321878,-0.0015339665114879608,False,False
20260825,49,E:/2026YOLO/datasets/coco_d2_mini_2048_seed20260901/images/train2017/000000172342.jpg,0.00939235556870699,0.009536227211356163,0.00014387164264917374,0.004253859631717205,0.0033582558389753103,-0.0008956037927418947,False,False
20260825,49,E:/2026YOLO/datasets/coco_d2_mini_2048_seed20260901/images/train2017/000000175227.jpg,0.01523277722299099,0.008114744909107685,-0.007118032313883305,0.003740061540156603,0.0033237943425774574,-0.00041626719757914543,False,False
20260825,49,E:/2026YOLO/datasets/coco_d2_mini_2048_seed20260901/images/train2017/000000177705.jpg,0.02050625905394554,0.0015520305605605245,-0.018954228493385017,0.0052726962603628635,0.0038746427744627,-0.0013980534859001637,False,False
20260825,49,E:/2026YOLO/datasets/coco_d2_mini_2048_seed20260901/images/train2017/000000178690.jpg,0.001291903667151928,0.011433214880526066,0.010141311213374138,0.0030692359432578087,0.0025945508386939764,-0.0004746851045638323,False,False
20260825,49,E:/2026YOLO/datasets/coco_d2_mini_2048_seed20260901/images/train2017/000000189770.jpg,-0.027798473834991455,-0.011008171364665031,0.016790302470326424,0.001883409102447331,0.0012234201421961188,-0.0006599889602512121,True,True
20260825,49,E:/2026YOLO/datasets/coco_d2_mini_2048_seed20260901/images/train2017/000000190942.jpg,0.012401536107063293,0.007438503205776215,-0.004963032901287079,0.003168082097545266,0.003506935201585293,0.00033885310404002666,False,False
20260825,49,E:/2026YOLO/datasets/coco_d2_mini_2048_seed20260901/images/train2017/000000205010.jpg,0.020300058647990227,0.0023006508126854897,-0.017999407835304737,0.01459105871617794,0.004148976877331734,-0.010442081838846207,False,False
20260825,49,E:/2026YOLO/datasets/coco_d2_mini_2048_seed20260901/images/train2017/000000205435.jpg,0.006346121430397034,0.012543872930109501,0.006197751499712467,0.003137986408546567,0.0023278503213077784,-0.0008101360872387886,False,False
20260825,49,E:/2026YOLO/datasets/coco_d2_mini_2048_seed20260901/images/train2017/000000222228.jpg,-0.02114889584481716,0.026225805282592773,0.047374701127409935,0.003099136520177126,0.002345956629142165,-0.0007531798910349607,True,False
20260825,49,E:/2026YOLO/datasets/coco_d2_mini_2048_seed20260901/images/train2017/000000224366.jpg,-0.006460933014750481,0.007696093991398811,0.014157027006149292,0.005244736559689045,0.0063045937567949295,0.0010598571971058846,True,False
20260825,49,E:/2026YOLO/datasets/coco_d2_mini_2048_seed20260901/images/train2017/000000241623.jpg,-0.009796347469091415,-0.015418823808431625,-0.00562247633934021,0.01549310702830553,0.021174265071749687,0.005681158043444157,True,True
20260825,49,E:/2026YOLO/datasets/coco_d2_mini_2048_seed20260901/images/train2017/000000261696.jpg,-0.02077699638903141,0.021785203367471695,0.042562199756503105,0.0018778933444991708,0.0011744264047592878,-0.000703466939739883,True,False
20260825,49,E:/2026YOLO/datasets/coco_d2_mini_2048_seed20260901/images/train2017/000000268809.jpg,0.0005679987370967865,0.011568546295166016,0.011000547558069229,0.008753232657909393,0.008023691363632679,-0.0007295412942767143,False,False
20260825,49,E:/2026YOLO/datasets/coco_d2_mini_2048_seed20260901/images/train2017/000000277912.jpg,-0.016113292425870895,0.014514372684061527,0.030627665109932423,0.0038107652217149734,0.0028661461547017097,-0.0009446190670132637,True,False
20260825,49,E:/2026YOLO/datasets/coco_d2_mini_2048_seed20260901/images/train2017/000000278763.jpg,0.018246568739414215,0.016804520040750504,-0.0014420486986637115,0.00240306812338531,0.0013015726581215858,-0.0011014954652637243,False,False
20260825,49,E:/2026YOLO/datasets/coco_d2_mini_2048_seed20260901/images/train2017/000000306710.jpg,0.006413885857909918,0.004336339421570301,-0.0020775464363396168,0.016908112913370132,0.01021994836628437,-0.006688164547085762,False,False
20260825,49,E:/2026YOLO/datasets/coco_d2_mini_2048_seed20260901/images/train2017/000000315221.jpg,0.007531564682722092,-0.031072352081537247,-0.03860391676425934,0.0029719818849116564,0.001533652190119028,-0.0014383296947926283,False,True
20260825,49,E:/2026YOLO/datasets/coco_d2_mini_2048_seed20260901/images/train2017/000000332646.jpg,0.008561872877180576,0.00136104307603091,-0.007200829801149666,0.003818875877186656,0.00465783104300499,0.0008389551658183336,False,False
20260825,49,E:/2026YOLO/datasets/coco_d2_mini_2048_seed20260901/images/train2017/000000341797.jpg,0.01674904301762581,0.0229897852987051,0.006240742281079292,0.0044684684835374355,0.002578220097348094,-0.0018902483861893415,False,False
20260825,49,E:/2026YOLO/datasets/coco_d2_mini_2048_seed20260901/images/train2017/000000345635.jpg,0.01138839777559042,0.0031316527165472507,-0.008256745059043169,0.0066062333062291145,0.005182656459510326,-0.0014235768467187881,False,False
20260825,49,E:/2026YOLO/datasets/coco_d2_mini_2048_seed20260901/images/train2017/000000348684.jpg,-0.0037260563112795353,0.0026710890233516693,0.006397145334631205,0.00934187974780798,0.005481228232383728,-0.0038606515154242516,True,False
20260825,49,E:/2026YOLO/datasets/coco_d2_mini_2048_seed20260901/images/train2017/000000358580.jpg,0.03191963583230972,0.013682859018445015,-0.018236776813864708,0.0030803040135651827,0.0020141571294516325,-0.0010661468841135502,False,False
20260825,49,E:/2026YOLO/datasets/coco_d2_mini_2048_seed20260901/images/train2017/000000361519.jpg,-0.04530807584524155,0.023284142836928368,0.06859221868216991,0.009671684354543686,0.005926795303821564,-0.003744889050722122,True,False
20260825,49,E:/2026YOLO/datasets/coco_d2_mini_2048_seed20260901/images/train2017/000000380034.jpg,-0.0017186603508889675,0.0002839704684447497,0.0020026308193337172,0.004873705096542835,0.003193751908838749,-0.0016799531877040863,True,False
20260825,49,E:/2026YOLO/datasets/coco_d2_mini_2048_seed20260901/images/train2017/000000397211.jpg,-0.007564219646155834,-0.0030145281925797462,0.004549691453576088,0.0049947043880820274,0.0034726234152913094,-0.001522080972790718,True,True
20260825,49,E:/2026YOLO/datasets/coco_d2_mini_2048_seed20260901/images/train2017/000000399784.jpg,-0.0024777837097644806,0.010014427825808525,0.012492211535573006,0.004404705949127674,0.002595053054392338,-0.0018096528947353363,True,False
20260825,49,E:/2026YOLO/datasets/coco_d2_mini_2048_seed20260901/images/train2017/000000400606.jpg,0.012147647328674793,0.0057670921087265015,-0.006380555219948292,0.0027269674465060234,0.003413368482142687,0.0006864010356366634,False,False
20260825,49,E:/2026YOLO/datasets/coco_d2_mini_2048_seed20260901/images/train2017/000000435454.jpg,0.025293797254562378,0.017249934375286102,-0.008043862879276276,0.004055394791066647,0.0046172672882676125,0.0005618724972009659,False,False
20260825,49,E:/2026YOLO/datasets/coco_d2_mini_2048_seed20260901/images/train2017/000000441240.jpg,0.00812568049877882,0.011956938542425632,0.0038312580436468124,0.005135735031217337,0.003192309057340026,-0.0019434259738773108,False,False
20260825,49,E:/2026YOLO/datasets/coco_d2_mini_2048_seed20260901/images/train2017/000000447095.jpg,-0.026849620044231415,-0.03695147857069969,-0.010101858526468277,0.0021434007212519646,0.0016707266913726926,-0.000472674029879272,True,True
20260825,49,E:/2026YOLO/datasets/coco_d2_mini_2048_seed20260901/images/train2017/000000447118.jpg,-0.014325115829706192,0.002462157979607582,0.016787273809313774,0.004617876373231411,0.004054276738315821,-0.0005635996349155903,True,False
20260825,49,E:/2026YOLO/datasets/coco_d2_mini_2048_seed20260901/images/train2017/000000460950.jpg,0.014139666222035885,0.0011708365054801106,-0.012968829716555774,0.002020152285695076,0.0014528898755088449,-0.0005672624101862311,False,False
20260825,49,E:/2026YOLO/datasets/coco_d2_mini_2048_seed20260901/images/train2017/000000469514.jpg,0.02491423860192299,-0.0022859310265630484,-0.027200169628486037,0.0032586934976279736,0.0031820381991565228,-7.66552984714508e-05,False,True
20260825,49,E:/2026YOLO/datasets/coco_d2_mini_2048_seed20260901/images/train2017/000000469798.jpg,0.0016128476709127426,0.009206385351717472,0.0075935376808047295,0.004418510943651199,0.0027920373249799013,-0.001626473618671298,False,False
20260825,49,E:/2026YOLO/datasets/coco_d2_mini_2048_seed20260901/images/train2017/000000477172.jpg,0.006699401419609785,0.003869089297950268,-0.0028303121216595173,0.004108750261366367,0.0027006184682250023,-0.001408131793141365,False,False
20260825,49,E:/2026YOLO/datasets/coco_d2_mini_2048_seed20260901/images/train2017/000000478105.jpg,0.0014330333797261119,0.002384795807301998,0.0009517624275758862,0.0052790348418056965,0.002715243026614189,-0.0025637918151915073,False,False
20260825,49,E:/2026YOLO/datasets/coco_d2_mini_2048_seed20260901/images/train2017/000000486491.jpg,0.01601117104291916,0.019859954714775085,0.0038487836718559265,0.0052040573209524155,0.0031499634496867657,-0.00205409387126565,False,False
20260825,49,E:/2026YOLO/datasets/coco_d2_mini_2048_seed20260901/images/train2017/000000501695.jpg,-0.007943774573504925,-0.006191972177475691,0.001751802396029234,0.00754736689850688,0.005821404978632927,-0.0017259619198739529,True,True
20260825,49,E:/2026YOLO/datasets/coco_d2_mini_2048_seed20260901/images/train2017/000000515191.jpg,0.00025984321837313473,-0.007274915464222431,-0.007534758682595566,0.004773706663399935,0.004422027617692947,-0.0003516790457069874,False,True
20260825,49,E:/2026YOLO/datasets/coco_d2_mini_2048_seed20260901/images/train2017/000000523220.jpg,0.011356675997376442,-0.015361262485384941,-0.026717938482761383,0.002899972489103675,0.0015633770963177085,-0.0013365953927859664,False,True
20260825,49,E:/2026YOLO/datasets/coco_d2_mini_2048_seed20260901/images/train2017/000000550760.jpg,0.013093258254230022,0.001437625614926219,-0.011655632639303803,0.003372511826455593,0.002325789537280798,-0.0010467222891747952,False,False
20260825,49,E:/2026YOLO/datasets/coco_d2_mini_2048_seed20260901/images/train2017/000000572152.jpg,-0.005405213683843613,0.020550047978758812,0.025955261662602425,0.008736740797758102,0.004022500943392515,-0.004714239854365587,True,False
20260825,49,E:/2026YOLO/datasets/coco_d2_mini_2048_seed20260901/images/train2017/000000574145.jpg,0.002099772682413459,0.013663538731634617,0.011563766049221158,0.033601678907871246,0.026408594101667404,-0.007193084806203842,False,False
20260826,9,E:/2026YOLO/datasets/coco_d2_mini_2048_seed20260901/images/train2017/000000003242.jpg,0.007457319181412458,-0.030257871374487877,-0.037715190555900335,0.006640215869992971,0.0055016721598804,-0.0011385437101125717,False,True
20260826,9,E:/2026YOLO/datasets/coco_d2_mini_2048_seed20260901/images/train2017/000000009885.jpg,0.020014936104416847,-0.011273741722106934,-0.03128867782652378,0.009486718103289604,0.004883666057139635,-0.004603052046149969,False,True
20260826,9,E:/2026YOLO/datasets/coco_d2_mini_2048_seed20260901/images/train2017/000000012236.jpg,-0.006619689986109734,-0.008356043137609959,-0.001736353151500225,0.014144893735647202,0.023118386045098305,0.008973492309451103,True,True
20260826,9,E:/2026YOLO/datasets/coco_d2_mini_2048_seed20260901/images/train2017/000000028359.jpg,0.011536866426467896,-0.006845435127615929,-0.018382301554083824,0.006071046926081181,0.004799711983650923,-0.0012713349424302578,False,True
20260826,9,E:/2026YOLO/datasets/coco_d2_mini_2048_seed20260901/images/train2017/000000039606.jpg,-0.01872970536351204,0.012570706196129322,0.03130041155964136,0.008917419239878654,0.008207465521991253,-0.0007099537178874016,True,False
20260826,9,E:/2026YOLO/datasets/coco_d2_mini_2048_seed20260901/images/train2017/000000039743.jpg,-0.004024059511721134,0.007840325124561787,0.01186438463628292,0.007542504463344812,0.005387838929891586,-0.002154665533453226,True,False
20260826,9,E:/2026YOLO/datasets/coco_d2_mini_2048_seed20260901/images/train2017/000000043202.jpg,0.008917408064007759,-0.010943759232759476,-0.019861167296767235,0.06050898879766464,0.019441712647676468,-0.041067276149988174,False,True
20260826,9,E:/2026YOLO/datasets/coco_d2_mini_2048_seed20260901/images/train2017/000000055118.jpg,-0.02898620255291462,-0.014660360291600227,0.014325842261314392,0.01003793254494667,0.011241606436669827,0.001203673891723156,True,True
20260826,9,E:/2026YOLO/datasets/coco_d2_mini_2048_seed20260901/images/train2017/000000087671.jpg,0.011215601116418839,0.020722810178995132,0.009507209062576294,0.006685166619718075,0.006207633297890425,-0.00047753332182765007,False,False
20260826,9,E:/2026YOLO/datasets/coco_d2_mini_2048_seed20260901/images/train2017/000000092634.jpg,0.04112410172820091,-0.010914301499724388,-0.0520384032279253,0.015019932761788368,0.011742740869522095,-0.0032771918922662735,False,True
20260826,9,E:/2026YOLO/datasets/coco_d2_mini_2048_seed20260901/images/train2017/000000098596.jpg,0.028378810733556747,-0.009057076647877693,-0.03743588738143444,0.014670842327177525,0.012184889987111092,-0.002485952340066433,False,True
20260826,9,E:/2026YOLO/datasets/coco_d2_mini_2048_seed20260901/images/train2017/000000101892.jpg,-0.015143109485507011,0.0018826673040166497,0.01702577678952366,0.00838614534586668,0.007715083658695221,-0.0006710616871714592,True,False
20260826,9,E:/2026YOLO/datasets/coco_d2_mini_2048_seed20260901/images/train2017/000000103427.jpg,-0.005936538800597191,-0.02506262995302677,-0.01912609115242958,0.00902655441313982,0.005736458580940962,-0.0032900958321988583,True,True
20260826,9,E:/2026YOLO/datasets/coco_d2_mini_2048_seed20260901/images/train2017/000000111194.jpg,-0.006536209024488926,0.01273492630571127,0.019271135330200195,0.020885633304715157,0.019498160108923912,-0.0013874731957912445,True,False
20260826,9,E:/2026YOLO/datasets/coco_d2_mini_2048_seed20260901/images/train2017/000000115370.jpg,0.013670122250914574,0.018030142411589622,0.004360020160675049,0.005318579263985157,0.007275986019521952,0.0019574067555367947,False,False
20260826,9,E:/2026YOLO/datasets/coco_d2_mini_2048_seed20260901/images/train2017/000000124311.jpg,0.005766805727034807,0.0275486558675766,0.021781850140541792,0.016648123040795326,0.013978802599012852,-0.0026693204417824745,False,False
20260826,9,E:/2026YOLO/datasets/coco_d2_mini_2048_seed20260901/images/train2017/000000128142.jpg,0.03512441739439964,0.005239222198724747,-0.029885195195674896,0.012399795465171337,0.00868750736117363,-0.0037122881039977074,False,False
20260826,9,E:/2026YOLO/datasets/coco_d2_mini_2048_seed20260901/images/train2017/000000142318.jpg,-0.024429796263575554,-0.018580682575702667,0.005849113687872887,0.013344649225473404,0.016816776245832443,0.0034721270203590393,True,True
20260826,9,E:/2026YOLO/datasets/coco_d2_mini_2048_seed20260901/images/train2017/000000148077.jpg,-0.0359632782638073,-0.029664767906069756,0.006298510357737541,0.007122104987502098,0.016955217346549034,0.009833112359046936,True,True
20260826,9,E:/2026YOLO/datasets/coco_d2_mini_2048_seed20260901/images/train2017/000000168738.jpg,0.04601617529988289,0.008755276910960674,-0.037260898388922215,0.00809802021831274,0.004727557301521301,-0.003370462916791439,False,False
20260826,9,E:/2026YOLO/datasets/coco_d2_mini_2048_seed20260901/images/train2017/000000171384.jpg,-0.013892545364797115,0.02387082204222679,0.03776336740702391,0.009564917534589767,0.007567685563117266,-0.0019972319714725018,True,False
20260826,9,E:/2026YOLO/datasets/coco_d2_mini_2048_seed20260901/images/train2017/000000172342.jpg,0.012464208528399467,-0.011694117449223995,-0.024158325977623463,0.009015301242470741,0.009826180525124073,0.0008108792826533318,False,True
20260826,9,E:/2026YOLO/datasets/coco_d2_mini_2048_seed20260901/images/train2017/000000175227.jpg,-0.03503793105483055,0.027719195932149887,0.06275712698698044,0.00690015172585845,0.007153218612074852,0.00025306688621640205,True,False
20260826,9,E:/2026YOLO/datasets/coco_d2_mini_2048_seed20260901/images/train2017/000000177705.jpg,-0.01444479264318943,-0.0017187530174851418,0.012726039625704288,0.0076666297391057014,0.00808992050588131,0.00042329076677560806,True,True
20260826,9,E:/2026YOLO/datasets/coco_d2_mini_2048_seed20260901/images/train2017/000000178690.jpg,0.014623871073126793,-0.002236222615465522,-0.016860093688592315,0.009273004718124866,0.006428465247154236,-0.0028445394709706306,False,True
20260826,9,E:/2026YOLO/datasets/coco_d2_mini_2048_seed20260901/images/train2017/000000189770.jpg,-0.0034958571195602417,-0.019121399149298668,-0.015625542029738426,0.005314680747687817,0.002595667727291584,-0.0027190130203962326,True,True
20260826,9,E:/2026YOLO/datasets/coco_d2_mini_2048_seed20260901/images/train2017/000000190942.jpg,0.01778094656765461,-0.023731660097837448,-0.04151260666549206,0.007774702273309231,0.007135217078030109,-0.0006394851952791214,False,True
20260826,9,E:/2026YOLO/datasets/coco_d2_mini_2048_seed20260901/images/train2017/000000205010.jpg,0.006380499806255102,-0.0006483883480541408,-0.007028888154309243,0.01398409716784954,0.008796083740890026,-0.005188013426959515,False,True
20260826,9,E:/2026YOLO/datasets/coco_d2_mini_2048_seed20260901/images/train2017/000000205435.jpg,0.04258754476904869,0.039133429527282715,-0.003454115241765976,0.007557456847280264,0.008157506585121155,0.0006000497378408909,False,False
20260826,9,E:/2026YOLO/datasets/coco_d2_mini_2048_seed20260901/images/train2017/000000222228.jpg,0.021315565332770348,0.015088126994669437,-0.00622743833810091,0.005911980289965868,0.007287769112735987,0.0013757888227701187,False,False
20260826,9,E:/2026YOLO/datasets/coco_d2_mini_2048_seed20260901/images/train2017/000000224366.jpg,-0.0011792837176471949,0.012573794461786747,0.013753078179433942,0.008849292993545532,0.008975869975984097,0.0001265769824385643,True,False
20260826,9,E:/2026YOLO/datasets/coco_d2_mini_2048_seed20260901/images/train2017/000000241623.jpg,-0.05354316160082817,-0.064244844019413,-0.010701682418584824,0.023089153692126274,0.04399479180574417,0.020905638113617897,True,True
20260826,9,E:/2026YOLO/datasets/coco_d2_mini_2048_seed20260901/images/train2017/000000261696.jpg,0.017063789069652557,0.0300450436770916,0.012981254607439041,0.002699979580938816,0.0028186417184770107,0.00011866213753819466,False,False
20260826,9,E:/2026YOLO/datasets/coco_d2_mini_2048_seed20260901/images/train2017/000000268809.jpg,-0.016377514228224754,-0.028620120137929916,-0.012242605909705162,0.015993036329746246,0.023915013298392296,0.00792197696864605,True,True
20260826,9,E:/2026YOLO/datasets/coco_d2_mini_2048_seed20260901/images/train2017/000000277912.jpg,0.00016558371135033667,-0.021048730239272118,-0.021214313950622454,0.021462013944983482,0.01122189313173294,-0.010240120813250542,False,True
20260826,9,E:/2026YOLO/datasets/coco_d2_mini_2048_seed20260901/images/train2017/000000278763.jpg,-0.01616303063929081,-0.016643252223730087,-0.00048022158443927765,0.0038150649052113295,0.0034867350477725267,-0.0003283298574388027,True,True
20260826,9,E:/2026YOLO/datasets/coco_d2_mini_2048_seed20260901/images/train2017/000000306710.jpg,-0.002282707951962948,-0.0025194536428898573,-0.00023674569092690945,0.014955255202949047,0.024052007123827934,0.009096751920878887,True,True
20260826,9,E:/2026YOLO/datasets/coco_d2_mini_2048_seed20260901/images/train2017/000000315221.jpg,0.027049975469708443,0.024128276854753494,-0.0029216986149549484,0.004965652246028185,0.0038253278471529484,-0.0011403243988752365,False,False
20260826,9,E:/2026YOLO/datasets/coco_d2_mini_2048_seed20260901/images/train2017/000000332646.jpg,0.008398082107305527,-0.0040524923242628574,-0.012450574431568384,0.01092554908245802,0.008499274030327797,-0.0024262750521302223,False,True
20260826,9,E:/2026YOLO/datasets/coco_d2_mini_2048_seed20260901/images/train2017/000000341797.jpg,0.03967447206377983,0.00968235358595848,-0.02999211847782135,0.010003051720559597,0.009337300434708595,-0.0006657512858510017,False,False
20260826,9,E:/2026YOLO/datasets/coco_d2_mini_2048_seed20260901/images/train2017/000000345635.jpg,-0.004088499583303928,-0.009345280937850475,-0.005256781354546547,0.013198007829487324,0.01604481227695942,0.0028468044474720955,True,True
20260826,9,E:/2026YOLO/datasets/coco_d2_mini_2048_seed20260901/images/train2017/000000348684.jpg,0.000982849858701229,0.011926117353141308,0.010943267494440079,0.018920090049505234,0.014756866730749607,-0.004163223318755627,False,False
20260826,9,E:/2026YOLO/datasets/coco_d2_mini_2048_seed20260901/images/train2017/000000358580.jpg,0.02504013292491436,-0.012257834896445274,-0.037297967821359634,0.0071099065244197845,0.007345325313508511,0.00023541878908872604,False,True
20260826,9,E:/2026YOLO/datasets/coco_d2_mini_2048_seed20260901/images/train2017/000000361519.jpg,-0.005305964965373278,-0.014509393833577633,-0.009203428868204355,0.03104485757648945,0.036936257034540176,0.005891399458050728,True,True
20260826,9,E:/2026YOLO/datasets/coco_d2_mini_2048_seed20260901/images/train2017/000000380034.jpg,0.015557070262730122,-0.00636137742549181,-0.02191844768822193,0.008829860016703606,0.006645098328590393,-0.0021847616881132126,False,True
20260826,9,E:/2026YOLO/datasets/coco_d2_mini_2048_seed20260901/images/train2017/000000397211.jpg,0.006111396010965109,-0.017939399927854538,-0.024050795938819647,0.016512667760252953,0.015422050841152668,-0.0010906169191002846,False,True
20260826,9,E:/2026YOLO/datasets/coco_d2_mini_2048_seed20260901/images/train2017/000000399784.jpg,-0.004223586060106754,0.011205551214516163,0.015429137274622917,0.008770222775638103,0.007672980893403292,-0.0010972418822348118,True,False
20260826,9,E:/2026YOLO/datasets/coco_d2_mini_2048_seed20260901/images/train2017/000000400606.jpg,-0.011527583934366703,0.021365586668252945,0.03289317060261965,0.008018638007342815,0.006334753707051277,-0.0016838843002915382,True,False
20260826,9,E:/2026YOLO/datasets/coco_d2_mini_2048_seed20260901/images/train2017/000000435454.jpg,0.031277742236852646,-0.012305870652198792,-0.04358361288905144,0.012386024929583073,0.008892037905752659,-0.003493987023830414,False,True
20260826,9,E:/2026YOLO/datasets/coco_d2_mini_2048_seed20260901/images/train2017/000000441240.jpg,0.0187153909355402,-0.010509424842894077,-0.029224815778434277,0.010760319419205189,0.00890887901186943,-0.0018514404073357582,False,True
20260826,9,E:/2026YOLO/datasets/coco_d2_mini_2048_seed20260901/images/train2017/000000447095.jpg,0.011333613656461239,0.004313494544476271,-0.007020119111984968,0.005215453915297985,0.00526477349922061,4.931958392262459e-05,False,False
20260826,9,E:/2026YOLO/datasets/coco_d2_mini_2048_seed20260901/images/train2017/000000447118.jpg,0.003420719876885414,-0.026754112914204597,-0.03017483279109001,0.01939336210489273,0.010724230669438839,-0.008669131435453892,False,True
20260826,9,E:/2026YOLO/datasets/coco_d2_mini_2048_seed20260901/images/train2017/000000460950.jpg,0.020330628380179405,0.002064367523416877,-0.01826626085676253,0.0032019554637372494,0.003481253981590271,0.0002792985178530216,False,False
20260826,9,E:/2026YOLO/datasets/coco_d2_mini_2048_seed20260901/images/train2017/000000469514.jpg,0.05193151533603668,0.04300975054502487,-0.00892176479101181,0.007804837077856064,0.0070840721018612385,-0.0007207649759948254,False,False
20260826,9,E:/2026YOLO/datasets/coco_d2_mini_2048_seed20260901/images/train2017/000000469798.jpg,-0.022141793742775917,0.01962849870324135,0.041770292446017265,0.009600595571100712,0.0069275363348424435,-0.0026730592362582684,True,False
20260826,9,E:/2026YOLO/datasets/coco_d2_mini_2048_seed20260901/images/train2017/000000477172.jpg,0.018333077430725098,0.013428577221930027,-0.004904500208795071,0.010460242629051208,0.006527354475110769,-0.003932888153940439,False,False
20260826,9,E:/2026YOLO/datasets/coco_d2_mini_2048_seed20260901/images/train2017/000000478105.jpg,0.0060873753391206264,0.0037007664795964956,-0.002386608859524131,0.00691596744582057,0.00427113426849246,-0.0026448331773281097,False,False
20260826,9,E:/2026YOLO/datasets/coco_d2_mini_2048_seed20260901/images/train2017/000000486491.jpg,0.01794014684855938,-0.016598675400018692,-0.03453882224857807,0.009835283271968365,0.0078118788078427315,-0.0020234044641256332,False,True
20260826,9,E:/2026YOLO/datasets/coco_d2_mini_2048_seed20260901/images/train2017/000000501695.jpg,-0.008687606081366539,-0.009078031405806541,-0.00039042532444000244,0.005854913964867592,0.00736410403624177,0.001509190071374178,True,True
20260826,9,E:/2026YOLO/datasets/coco_d2_mini_2048_seed20260901/images/train2017/000000515191.jpg,-0.01138993538916111,0.018581809476017952,0.029971744865179062,0.0058660563081502914,0.006868893280625343,0.0010028369724750519,True,False
20260826,9,E:/2026YOLO/datasets/coco_d2_mini_2048_seed20260901/images/train2017/000000523220.jpg,-0.004409627057611942,0.019020142033696175,0.023429769091308117,0.005535623989999294,0.004735888913273811,-0.0007997350767254829,True,False
20260826,9,E:/2026YOLO/datasets/coco_d2_mini_2048_seed20260901/images/train2017/000000550760.jpg,0.014267582446336746,0.009193669073283672,-0.005073913373053074,0.007129982113838196,0.00542997382581234,-0.001700008288025856,False,False
20260826,9,E:/2026YOLO/datasets/coco_d2_mini_2048_seed20260901/images/train2017/000000572152.jpg,0.0018893557135015726,0.014512401074171066,0.012623045360669494,0.013863408006727695,0.011549641378223896,-0.0023137666285037994,False,False
20260826,9,E:/2026YOLO/datasets/coco_d2_mini_2048_seed20260901/images/train2017/000000574145.jpg,-0.018224623054265976,-0.047740112990140915,-0.02951548993587494,0.07283282279968262,0.08889633417129517,0.01606351137161255,True,True
20260826,24,E:/2026YOLO/datasets/coco_d2_mini_2048_seed20260901/images/train2017/000000003242.jpg,-0.00018110274686478078,-0.0356612429022789,-0.03548014015541412,0.005265648476779461,0.0025200943928211927,-0.002745554083958268,True,True
20260826,24,E:/2026YOLO/datasets/coco_d2_mini_2048_seed20260901/images/train2017/000000009885.jpg,0.037812814116477966,-0.02052266150712967,-0.058335475623607635,0.00410418352112174,0.002775705885142088,-0.0013284776359796524,False,True
20260826,24,E:/2026YOLO/datasets/coco_d2_mini_2048_seed20260901/images/train2017/000000012236.jpg,-0.035309579223394394,0.014482798054814339,0.04979237727820873,0.020472602918744087,0.01213014405220747,-0.008342458866536617,True,False
20260826,24,E:/2026YOLO/datasets/coco_d2_mini_2048_seed20260901/images/train2017/000000028359.jpg,-0.0007071679574437439,0.016375847160816193,0.017083015118259937,0.00615991884842515,0.0038720385637134314,-0.0022878802847117186,True,False
20260826,24,E:/2026YOLO/datasets/coco_d2_mini_2048_seed20260901/images/train2017/000000039606.jpg,-0.0009766807779669762,0.027406029403209686,0.028382710181176662,0.005167751107364893,0.003519040299579501,-0.0016487108077853918,True,False
20260826,24,E:/2026YOLO/datasets/coco_d2_mini_2048_seed20260901/images/train2017/000000039743.jpg,0.011382521130144596,0.0031774479430168867,-0.00820507318712771,0.003642999567091465,0.0026806730311363935,-0.0009623265359550714,False,False
20260826,24,E:/2026YOLO/datasets/coco_d2_mini_2048_seed20260901/images/train2017/000000043202.jpg,0.0029206410981714725,-0.006410749163478613,-0.009331390261650085,0.02855159528553486,0.008725408464670181,-0.019826186820864677,False,True
20260826,24,E:/2026YOLO/datasets/coco_d2_mini_2048_seed20260901/images/train2017/000000055118.jpg,-0.0070288595743477345,-0.042956747114658356,-0.03592788754031062,0.005078866146504879,0.0020832321606576443,-0.0029956339858472347,True,True
20260826,24,E:/2026YOLO/datasets/coco_d2_mini_2048_seed20260901/images/train2017/000000087671.jpg,-0.004500324372202158,0.0003598667390178889,0.004860191111220047,0.004245129879564047,0.002940740901976824,-0.001304388977587223,True,False
20260826,24,E:/2026YOLO/datasets/coco_d2_mini_2048_seed20260901/images/train2017/000000092634.jpg,-0.012013889849185944,0.0029608183540403843,0.014974708203226328,0.008749195374548435,0.004877938888967037,-0.003871256485581398,True,False
20260826,24,E:/2026YOLO/datasets/coco_d2_mini_2048_seed20260901/images/train2017/000000098596.jpg,-0.005840593948960304,-0.006973534822463989,-0.001132940873503685,0.01220118161290884,0.005559349898248911,-0.006641831714659929,True,True
20260826,24,E:/2026YOLO/datasets/coco_d2_mini_2048_seed20260901/images/train2017/000000101892.jpg,0.0008900976390577853,0.01139132957905531,0.010501231939997524,0.006073972210288048,0.00306523684412241,-0.003008735366165638,False,False
20260826,24,E:/2026YOLO/datasets/coco_d2_mini_2048_seed20260901/images/train2017/000000103427.jpg,0.011753091588616371,0.0002892831398639828,-0.011463808448752388,0.004632013384252787,0.0028659244999289513,-0.0017660888843238354,False,False
20260826,24,E:/2026YOLO/datasets/coco_d2_mini_2048_seed20260901/images/train2017/000000111194.jpg,-0.022750522941350937,-0.008921272121369839,0.013829250819981098,0.013621404767036438,0.009005386382341385,-0.004616018384695053,True,True
20260826,24,E:/2026YOLO/datasets/coco_d2_mini_2048_seed20260901/images/train2017/000000115370.jpg,-0.00047838035970926285,-0.014878824353218079,-0.014400443993508816,0.0035550098400563,0.0023060517851263285,-0.0012489580549299717,True,True
20260826,24,E:/2026YOLO/datasets/coco_d2_mini_2048_seed20260901/images/train2017/000000124311.jpg,0.01154952123761177,0.011620591394603252,7.107015699148178e-05,0.008807079866528511,0.006902677938342094,-0.0019044019281864166,False,False
20260826,24,E:/2026YOLO/datasets/coco_d2_mini_2048_seed20260901/images/train2017/000000128142.jpg,0.0023748832754790783,-0.010591709986329079,-0.012966593261808157,0.00473400903865695,0.0021127243526279926,-0.0026212846860289574,False,True
20260826,24,E:/2026YOLO/datasets/coco_d2_mini_2048_seed20260901/images/train2017/000000142318.jpg,-0.024869056418538094,0.006943706423044205,0.0318127628415823,0.007097348570823669,0.0051191397942602634,-0.001978208776563406,True,False
20260826,24,E:/2026YOLO/datasets/coco_d2_mini_2048_seed20260901/images/train2017/000000148077.jpg,0.007433047518134117,-0.014605403877794743,-0.02203845139592886,0.004504765383899212,0.0030418874230235815,-0.0014628779608756304,False,True
20260826,24,E:/2026YOLO/datasets/coco_d2_mini_2048_seed20260901/images/train2017/000000168738.jpg,0.007199474144726992,-0.030234072357416153,-0.037433546502143145,0.00471061235293746,0.0028264475986361504,-0.0018841647543013096,False,True
20260826,24,E:/2026YOLO/datasets/coco_d2_mini_2048_seed20260901/images/train2017/000000171384.jpg,-0.0216688085347414,0.04401479288935661,0.06568360142409801,0.006458989344537258,0.0036170687526464462,-0.002841920591890812,True,False
20260826,24,E:/2026YOLO/datasets/coco_d2_mini_2048_seed20260901/images/train2017/000000172342.jpg,0.0037101376801729202,-0.008776974864304066,-0.012487112544476986,0.004628216382116079,0.004198306705802679,-0.00042990967631340027,False,True
20260826,24,E:/2026YOLO/datasets/coco_d2_mini_2048_seed20260901/images/train2017/000000175227.jpg,-0.049739643931388855,0.013355652801692486,0.06309529673308134,0.004072797484695911,0.002652570605278015,-0.0014202268794178963,True,False
20260826,24,E:/2026YOLO/datasets/coco_d2_mini_2048_seed20260901/images/train2017/000000177705.jpg,-0.0012497903080657125,0.008156483061611652,0.009406273369677365,0.006588065531104803,0.005723478738218546,-0.0008645867928862572,True,False
20260826,24,E:/2026YOLO/datasets/coco_d2_mini_2048_seed20260901/images/train2017/000000178690.jpg,0.02704467438161373,0.012059511616826057,-0.014985162764787674,0.004135847557336092,0.004175246227532625,3.93986701965332e-05,False,False
20260826,24,E:/2026YOLO/datasets/coco_d2_mini_2048_seed20260901/images/train2017/000000189770.jpg,-0.000424129975726828,0.006525805685669184,0.006949935661396012,0.0022877731826156378,0.002364891115576029,7.711793296039104e-05,True,False
20260826,24,E:/2026YOLO/datasets/coco_d2_mini_2048_seed20260901/images/train2017/000000190942.jpg,0.046104010194540024,-0.009864714927971363,-0.05596872512251139,0.0036252469290047884,0.0017516750376671553,-0.0018735718913376331,False,True
20260826,24,E:/2026YOLO/datasets/coco_d2_mini_2048_seed20260901/images/train2017/000000205010.jpg,0.0022331306245177984,0.020224642008543015,0.017991511384025216,0.008772488683462143,0.0075317081063985825,-0.0012407805770635605,False,False
20260826,24,E:/2026YOLO/datasets/coco_d2_mini_2048_seed20260901/images/train2017/000000205435.jpg,-0.015248911455273628,0.02192605845630169,0.03717496991157532,0.004482388962060213,0.003272905247285962,-0.001209483714774251,True,False
20260826,24,E:/2026YOLO/datasets/coco_d2_mini_2048_seed20260901/images/train2017/000000222228.jpg,0.0075621819123625755,0.012232320383191109,0.004670138470828533,0.003776678116992116,0.0023333311546593904,-0.0014433469623327255,False,False
20260826,24,E:/2026YOLO/datasets/coco_d2_mini_2048_seed20260901/images/train2017/000000224366.jpg,-0.012027035467326641,0.004789975006133318,0.01681701047345996,0.005528640933334827,0.002991362940520048,-0.0025372779928147793,True,False
20260826,24,E:/2026YOLO/datasets/coco_d2_mini_2048_seed20260901/images/train2017/000000241623.jpg,-0.018413424491882324,-0.04089997708797455,-0.022486552596092224,0.009857620112597942,0.018977859988808632,0.00912023987621069,True,True
20260826,24,E:/2026YOLO/datasets/coco_d2_mini_2048_seed20260901/images/train2017/000000261696.jpg,0.013385158963501453,0.03143690153956413,0.01805174257606268,0.0028691545594483614,0.0014982949942350388,-0.0013708595652133226,False,False
20260826,24,E:/2026YOLO/datasets/coco_d2_mini_2048_seed20260901/images/train2017/000000268809.jpg,-0.004328472074121237,0.01437265332788229,0.018701125402003527,0.0085060466080904,0.007439317647367716,-0.0010667289607226849,True,False
20260826,24,E:/2026YOLO/datasets/coco_d2_mini_2048_seed20260901/images/train2017/000000277912.jpg,0.012636925093829632,-0.011037461459636688,-0.02367438655346632,0.004645294975489378,0.0032970306929200888,-0.0013482642825692892,False,True
20260826,24,E:/2026YOLO/datasets/coco_d2_mini_2048_seed20260901/images/train2017/000000278763.jpg,0.03919852152466774,0.010365103371441364,-0.028833418153226376,0.0019804728217422962,0.0015020094579085708,-0.00047846336383372545,False,False
20260826,24,E:/2026YOLO/datasets/coco_d2_mini_2048_seed20260901/images/train2017/000000306710.jpg,-0.0065275984816253185,0.011907720007002354,0.018435318488627672,0.009789466857910156,0.01575043611228466,0.005960969254374504,True,False
20260826,24,E:/2026YOLO/datasets/coco_d2_mini_2048_seed20260901/images/train2017/000000315221.jpg,0.01823493093252182,0.027227021753787994,0.008992090821266174,0.0029221561271697283,0.0018868056358769536,-0.0010353504912927747,False,False
20260826,24,E:/2026YOLO/datasets/coco_d2_mini_2048_seed20260901/images/train2017/000000332646.jpg,-0.008305554278194904,0.0004261228896211833,0.008731677167816088,0.0067392257042229176,0.004573364742100239,-0.0021658609621226788,True,False
20260826,24,E:/2026YOLO/datasets/coco_d2_mini_2048_seed20260901/images/train2017/000000341797.jpg,0.009481620043516159,0.0019274463411420584,-0.007554173702374101,0.004587109200656414,0.003954681102186441,-0.0006324280984699726,False,False
20260826,24,E:/2026YOLO/datasets/coco_d2_mini_2048_seed20260901/images/train2017/000000345635.jpg,0.003909260034561157,-0.013744491152465343,-0.0176537511870265,0.009022770449519157,0.005326103884726763,-0.0036966665647923946,False,True
20260826,24,E:/2026YOLO/datasets/coco_d2_mini_2048_seed20260901/images/train2017/000000348684.jpg,-0.006913055665791035,-0.007574115414172411,-0.0006610597483813763,0.010928087867796421,0.006384995300322771,-0.00454309256747365,True,True
20260826,24,E:/2026YOLO/datasets/coco_d2_mini_2048_seed20260901/images/train2017/000000358580.jpg,-0.01068139635026455,0.018773330375552177,0.029454726725816727,0.0027578191366046667,0.0025249957107007504,-0.00023282342590391636,True,False
20260826,24,E:/2026YOLO/datasets/coco_d2_mini_2048_seed20260901/images/train2017/000000361519.jpg,-0.005435124505311251,0.003285337472334504,0.008720461977645755,0.11338482797145844,0.03544212505221367,-0.07794270291924477,True,False
20260826,24,E:/2026YOLO/datasets/coco_d2_mini_2048_seed20260901/images/train2017/000000380034.jpg,0.0019239506218582392,-0.007378255482763052,-0.009302206104621291,0.0042075300589203835,0.0038666643667966127,-0.0003408656921237707,False,True
20260826,24,E:/2026YOLO/datasets/coco_d2_mini_2048_seed20260901/images/train2017/000000397211.jpg,0.004526959732174873,-0.006081651896238327,-0.0106086116284132,0.00860634259879589,0.00494974572211504,-0.003656596876680851,False,True
20260826,24,E:/2026YOLO/datasets/coco_d2_mini_2048_seed20260901/images/train2017/000000399784.jpg,0.006158523261547089,-0.003004722762852907,-0.009163246024399996,0.003213541116565466,0.0033978752326220274,0.00018433411605656147,False,True
20260826,24,E:/2026YOLO/datasets/coco_d2_mini_2048_seed20260901/images/train2017/000000400606.jpg,0.025786632671952248,0.01009288802742958,-0.015693744644522667,0.005352506414055824,0.0034369900822639465,-0.0019155163317918777,False,False
20260826,24,E:/2026YOLO/datasets/coco_d2_mini_2048_seed20260901/images/train2017/000000435454.jpg,0.020758846774697304,-0.013945520855486393,-0.0347043676301837,0.004402909893542528,0.005484289955347776,0.0010813800618052483,False,True
20260826,24,E:/2026YOLO/datasets/coco_d2_mini_2048_seed20260901/images/train2017/000000441240.jpg,0.0024017533287405968,-0.02255399525165558,-0.024955748580396175,0.005422254558652639,0.0031002110335975885,-0.002322043525055051,False,True
20260826,24,E:/2026YOLO/datasets/coco_d2_mini_2048_seed20260901/images/train2017/000000447095.jpg,0.010276942513883114,-0.02140309102833271,-0.031680033542215824,0.0029733970295637846,0.0016667371382936835,-0.001306659891270101,False,True
20260826,24,E:/2026YOLO/datasets/coco_d2_mini_2048_seed20260901/images/train2017/000000447118.jpg,0.030711442232131958,-0.012921381741762161,-0.04363282397389412,0.009779004380106926,0.005803887732326984,-0.0039751166477799416,False,True
20260826,24,E:/2026YOLO/datasets/coco_d2_mini_2048_seed20260901/images/train2017/000000460950.jpg,0.0038530624005943537,-0.007485759910196066,-0.01133882231079042,0.002246829913929105,0.0016147284768521786,-0.0006321014370769262,False,True
20260826,24,E:/2026YOLO/datasets/coco_d2_mini_2048_seed20260901/images/train2017/000000469514.jpg,0.03792007267475128,0.03376099094748497,-0.004159081727266312,0.00523584196344018,0.0038681260775774717,-0.001367715885862708,False,False
20260826,24,E:/2026YOLO/datasets/coco_d2_mini_2048_seed20260901/images/train2017/000000469798.jpg,0.009637723676860332,0.027293186634778976,0.017655462957918644,0.00507835578173399,0.003181173698976636,-0.0018971820827573538,False,False
20260826,24,E:/2026YOLO/datasets/coco_d2_mini_2048_seed20260901/images/train2017/000000477172.jpg,0.007638921961188316,-0.005260668694972992,-0.012899590656161308,0.005081960465759039,0.0037791384384036064,-0.0013028220273554325,False,True
20260826,24,E:/2026YOLO/datasets/coco_d2_mini_2048_seed20260901/images/train2017/000000478105.jpg,0.009346737526357174,0.0007640503463335335,-0.00858268718002364,0.005351098254323006,0.0025749308988451958,-0.00277616735547781,False,False
20260826,24,E:/2026YOLO/datasets/coco_d2_mini_2048_seed20260901/images/train2017/000000486491.jpg,0.004869115073233843,0.02206299640238285,0.017193881329149008,0.005539023783057928,0.004099830519407988,-0.0014391932636499405,False,False
20260826,24,E:/2026YOLO/datasets/coco_d2_mini_2048_seed20260901/images/train2017/000000501695.jpg,-0.0015882715815678239,0.014188949018716812,0.015777220600284636,0.010034262202680111,0.005235942546278238,-0.004798319656401873,True,False
20260826,24,E:/2026YOLO/datasets/coco_d2_mini_2048_seed20260901/images/train2017/000000515191.jpg,-0.004017317667603493,-0.010019655339419842,-0.006002337671816349,0.005291207227855921,0.0038765957579016685,-0.0014146114699542522,True,True
20260826,24,E:/2026YOLO/datasets/coco_d2_mini_2048_seed20260901/images/train2017/000000523220.jpg,0.013210699893534184,-0.010436910204589367,-0.02364761009812355,0.003501084167510271,0.0024991254322230816,-0.0010019587352871895,False,True
20260826,24,E:/2026YOLO/datasets/coco_d2_mini_2048_seed20260901/images/train2017/000000550760.jpg,0.006627749186009169,0.005582119338214397,-0.0010456298477947712,0.004379023797810078,0.0035138733219355345,-0.0008651504758745432,False,False
20260826,24,E:/2026YOLO/datasets/coco_d2_mini_2048_seed20260901/images/train2017/000000572152.jpg,-0.00015150252147577703,0.04142110049724579,0.041572603018721566,0.006634819321334362,0.008252236060798168,0.0016174167394638062,True,False
20260826,24,E:/2026YOLO/datasets/coco_d2_mini_2048_seed20260901/images/train2017/000000574145.jpg,-0.019361404702067375,-0.04212323948740959,-0.022761834785342216,0.07460737973451614,0.04206957295536995,-0.032537806779146194,True,True
20260826,49,E:/2026YOLO/datasets/coco_d2_mini_2048_seed20260901/images/train2017/000000003242.jpg,-0.007731365505605936,-0.004031802993267775,0.0036995625123381615,0.005417111795395613,0.0021020746789872646,-0.003315037116408348,True,True
20260826,49,E:/2026YOLO/datasets/coco_d2_mini_2048_seed20260901/images/train2017/000000009885.jpg,0.02963552065193653,0.005186144728213549,-0.024449375923722982,0.003491245908662677,0.0025633114855736494,-0.0009279344230890274,False,False
20260826,49,E:/2026YOLO/datasets/coco_d2_mini_2048_seed20260901/images/train2017/000000012236.jpg,-0.018745174631476402,-0.0034764099400490522,0.01526876469142735,0.007266341708600521,0.005237123463302851,-0.0020292182452976704,True,True
20260826,49,E:/2026YOLO/datasets/coco_d2_mini_2048_seed20260901/images/train2017/000000028359.jpg,-0.014539065770804882,0.008841360919177532,0.023380426689982414,0.006889800075441599,0.003395908046513796,-0.003493892028927803,True,False
20260826,49,E:/2026YOLO/datasets/coco_d2_mini_2048_seed20260901/images/train2017/000000039606.jpg,-0.0037233494222164154,0.01807335391640663,0.021796703338623047,0.004759019240736961,0.002801533555611968,-0.0019574856851249933,True,False
20260826,49,E:/2026YOLO/datasets/coco_d2_mini_2048_seed20260901/images/train2017/000000039743.jpg,0.008882743306457996,-0.0028981631621718407,-0.011780906468629837,0.0027025712188333273,0.001988769508898258,-0.0007138017099350691,False,True
20260826,49,E:/2026YOLO/datasets/coco_d2_mini_2048_seed20260901/images/train2017/000000043202.jpg,-0.007398661226034164,0.022201908752322197,0.02960056997835636,0.03376680240035057,0.012171306647360325,-0.021595495752990246,True,False
20260826,49,E:/2026YOLO/datasets/coco_d2_mini_2048_seed20260901/images/train2017/000000055118.jpg,0.01289520226418972,-0.028388042002916336,-0.041283244267106056,0.0051521374844014645,0.003333424683660269,-0.0018187128007411957,False,True
20260826,49,E:/2026YOLO/datasets/coco_d2_mini_2048_seed20260901/images/train2017/000000087671.jpg,-0.0006118837627582252,0.004325607791543007,0.004937491554301232,0.005076929461210966,0.002778175286948681,-0.0022987541742622852,True,False
20260826,49,E:/2026YOLO/datasets/coco_d2_mini_2048_seed20260901/images/train2017/000000092634.jpg,0.001089465687982738,-0.014648434706032276,-0.015737900394015014,0.0060415929183363914,0.004074619617313147,-0.001966973301023245,False,True
20260826,49,E:/2026YOLO/datasets/coco_d2_mini_2048_seed20260901/images/train2017/000000098596.jpg,-0.007346479222178459,0.006591456942260265,0.013937936164438725,0.008723861537873745,0.0028039186727255583,-0.005919942865148187,True,False
20260826,49,E:/2026YOLO/datasets/coco_d2_mini_2048_seed20260901/images/train2017/000000101892.jpg,0.006889871787279844,0.021487725898623466,0.014597854111343622,0.011107484810054302,0.0036542071029543877,-0.0074532777070999146,False,False
20260826,49,E:/2026YOLO/datasets/coco_d2_mini_2048_seed20260901/images/train2017/000000103427.jpg,0.026410086080431938,0.0005893937777727842,-0.025820692302659154,0.0032905556727200747,0.0020589481573551893,-0.0012316075153648853,False,False
20260826,49,E:/2026YOLO/datasets/coco_d2_mini_2048_seed20260901/images/train2017/000000111194.jpg,0.006109234876930714,0.005661171395331621,-0.0004480634815990925,0.006129798013716936,0.011454950086772442,0.005325152073055506,False,False
20260826,49,E:/2026YOLO/datasets/coco_d2_mini_2048_seed20260901/images/train2017/000000115370.jpg,-0.00679374486207962,-0.010347573086619377,-0.0035538282245397568,0.0035588392056524754,0.00284914905205369,-0.0007096901535987854,True,True
20260826,49,E:/2026YOLO/datasets/coco_d2_mini_2048_seed20260901/images/train2017/000000124311.jpg,0.019867567345499992,0.0041704303584992886,-0.015697136987000704,0.008759958669543266,0.006555598229169846,-0.0022043604403734207,False,False
20260826,49,E:/2026YOLO/datasets/coco_d2_mini_2048_seed20260901/images/train2017/000000128142.jpg,0.0019123766105622053,-0.0036795935593545437,-0.005591970169916749,0.0049247294664382935,0.0030902631115168333,-0.0018344663549214602,False,True
20260826,49,E:/2026YOLO/datasets/coco_d2_mini_2048_seed20260901/images/train2017/000000142318.jpg,0.00833685602992773,0.015480979345738888,0.007144123315811157,0.004909695591777563,0.003188552800565958,-0.001721142791211605,False,False
20260826,49,E:/2026YOLO/datasets/coco_d2_mini_2048_seed20260901/images/train2017/000000148077.jpg,0.01462623756378889,0.0018976795254275203,-0.01272855803836137,0.0020131217315793037,0.0027843189891427755,0.0007711972575634718,False,False
20260826,49,E:/2026YOLO/datasets/coco_d2_mini_2048_seed20260901/images/train2017/000000168738.jpg,0.007448918651789427,-0.029751697555184364,-0.03720061620697379,0.0045624240301549435,0.0015820232219994068,-0.0029804008081555367,False,True
20260826,49,E:/2026YOLO/datasets/coco_d2_mini_2048_seed20260901/images/train2017/000000171384.jpg,-0.023660147562623024,0.013849576935172081,0.037509724497795105,0.006536091212183237,0.004067087545990944,-0.002469003666192293,True,False
20260826,49,E:/2026YOLO/datasets/coco_d2_mini_2048_seed20260901/images/train2017/000000172342.jpg,0.017635753378272057,-0.002320721046999097,-0.019956474425271153,0.0031600194051861763,0.003275590017437935,0.00011557061225175858,False,True
20260826,49,E:/2026YOLO/datasets/coco_d2_mini_2048_seed20260901/images/train2017/000000175227.jpg,-0.039485398679971695,0.013593541458249092,0.05307894013822079,0.0039170850068330765,0.0022102007642388344,-0.001706884242594242,True,False
20260826,49,E:/2026YOLO/datasets/coco_d2_mini_2048_seed20260901/images/train2017/000000177705.jpg,-0.006008995696902275,0.01702619530260563,0.023035190999507904,0.00787170510739088,0.004533166531473398,-0.0033385385759174824,True,False
20260826,49,E:/2026YOLO/datasets/coco_d2_mini_2048_seed20260901/images/train2017/000000178690.jpg,0.038861826062202454,0.005628497805446386,-0.03323332825675607,0.002831570105627179,0.0023838933557271957,-0.0004476767498999834,False,False
20260826,49,E:/2026YOLO/datasets/coco_d2_mini_2048_seed20260901/images/train2017/000000189770.jpg,-0.024240249767899513,-0.004414793103933334,0.01982545666396618,0.002038923092186451,0.0012386738089844584,-0.0008002492832019925,True,True
20260826,49,E:/2026YOLO/datasets/coco_d2_mini_2048_seed20260901/images/train2017/000000190942.jpg,0.05355450510978699,-0.007977903820574284,-0.06153240893036127,0.003116765059530735,0.002039173385128379,-0.0010775916744023561,False,True
20260826,49,E:/2026YOLO/datasets/coco_d2_mini_2048_seed20260901/images/train2017/000000205010.jpg,-0.015799077227711678,0.0018842121353372931,0.01768328936304897,0.005463052541017532,0.00473722955211997,-0.000725822988897562,True,False
20260826,49,E:/2026YOLO/datasets/coco_d2_mini_2048_seed20260901/images/train2017/000000205435.jpg,-0.01622660830616951,0.004629664123058319,0.02085627242922783,0.003073185682296753,0.0017981822602450848,-0.0012750034220516682,True,False
20260826,49,E:/2026YOLO/datasets/coco_d2_mini_2048_seed20260901/images/train2017/000000222228.jpg,0.0127470213919878,0.0037246488500386477,-0.009022372541949153,0.003255491377785802,0.0020353547297418118,-0.0012201366480439901,False,False
20260826,49,E:/2026YOLO/datasets/coco_d2_mini_2048_seed20260901/images/train2017/000000224366.jpg,-0.011134297586977482,-0.015801064670085907,-0.004666767083108425,0.004497249145060778,0.003690288867801428,-0.0008069602772593498,True,True
20260826,49,E:/2026YOLO/datasets/coco_d2_mini_2048_seed20260901/images/train2017/000000241623.jpg,-0.03388375788927078,-0.015414162538945675,0.018469595350325108,0.006809860002249479,0.01372486725449562,0.0069150072522461414,True,True
20260826,49,E:/2026YOLO/datasets/coco_d2_mini_2048_seed20260901/images/train2017/000000261696.jpg,0.01720394939184189,0.041648056358098984,0.024444106966257095,0.0016117988852784038,0.0010043387301266193,-0.0006074601551517844,False,False
20260826,49,E:/2026YOLO/datasets/coco_d2_mini_2048_seed20260901/images/train2017/000000268809.jpg,-0.03741934895515442,0.018886102363467216,0.056305451318621635,0.012787416577339172,0.007283615414053202,-0.005503801163285971,True,False
20260826,49,E:/2026YOLO/datasets/coco_d2_mini_2048_seed20260901/images/train2017/000000277912.jpg,0.007892009802162647,-0.005686864256858826,-0.013578874059021473,0.00786252785474062,0.0030921422876417637,-0.004770385567098856,False,True
20260826,49,E:/2026YOLO/datasets/coco_d2_mini_2048_seed20260901/images/train2017/000000278763.jpg,0.03811091557145119,0.01687966287136078,-0.02123125270009041,0.001987130381166935,0.001319470931775868,-0.000667659449391067,False,False
20260826,49,E:/2026YOLO/datasets/coco_d2_mini_2048_seed20260901/images/train2017/000000306710.jpg,-0.004548817873001099,0.006050523370504379,0.010599341243505478,0.010069101117551327,0.011614078655838966,0.0015449775382876396,True,False
20260826,49,E:/2026YOLO/datasets/coco_d2_mini_2048_seed20260901/images/train2017/000000315221.jpg,-0.0040648081339895725,0.024361159652471542,0.028425967786461115,0.0026472650934010744,0.0018059633439406753,-0.0008413017494603992,True,False
20260826,49,E:/2026YOLO/datasets/coco_d2_mini_2048_seed20260901/images/train2017/000000332646.jpg,-0.003560848766937852,0.00923269335180521,0.012793542118743062,0.006077843252569437,0.004652325063943863,-0.0014255181886255741,True,False
20260826,49,E:/2026YOLO/datasets/coco_d2_mini_2048_seed20260901/images/train2017/000000341797.jpg,0.01173264067620039,0.005691581405699253,-0.006041059270501137,0.004189523868262768,0.004074788652360439,-0.00011473521590232849,False,False
20260826,49,E:/2026YOLO/datasets/coco_d2_mini_2048_seed20260901/images/train2017/000000345635.jpg,-0.00101976259611547,0.018365979194641113,0.019385741790756583,0.0067805335856974125,0.003819734789431095,-0.0029607987962663174,True,False
20260826,49,E:/2026YOLO/datasets/coco_d2_mini_2048_seed20260901/images/train2017/000000348684.jpg,-0.0035441170912235975,0.008131126873195171,0.011675243964418769,0.007816060446202755,0.0063797226175665855,-0.0014363378286361694,True,False
20260826,49,E:/2026YOLO/datasets/coco_d2_mini_2048_seed20260901/images/train2017/000000358580.jpg,-0.004672142677009106,0.014165113680064678,0.018837256357073784,0.002943399827927351,0.0013717575930058956,-0.0015716422349214554,True,False
20260826,49,E:/2026YOLO/datasets/coco_d2_mini_2048_seed20260901/images/train2017/000000361519.jpg,-0.008292953483760357,0.005907392129302025,0.014200345613062382,0.04010734334588051,0.01745537668466568,-0.02265196666121483,True,False
20260826,49,E:/2026YOLO/datasets/coco_d2_mini_2048_seed20260901/images/train2017/000000380034.jpg,0.00479422602802515,0.00352521613240242,-0.0012690098956227303,0.003393193706870079,0.0036777625791728497,0.0002845688723027706,False,False
20260826,49,E:/2026YOLO/datasets/coco_d2_mini_2048_seed20260901/images/train2017/000000397211.jpg,0.0052444711327552795,0.005298441741615534,5.397060886025429e-05,0.0057891737669706345,0.004758995026350021,-0.001030178740620613,False,False
20260826,49,E:/2026YOLO/datasets/coco_d2_mini_2048_seed20260901/images/train2017/000000399784.jpg,0.0037531042471528053,-0.005282994359731674,-0.00903609860688448,0.002660606987774372,0.002259255154058337,-0.0004013518337160349,False,True
20260826,49,E:/2026YOLO/datasets/coco_d2_mini_2048_seed20260901/images/train2017/000000400606.jpg,0.01586863584816456,0.014844299294054508,-0.0010243365541100502,0.003968259319663048,0.00235612690448761,-0.001612132415175438,False,False
20260826,49,E:/2026YOLO/datasets/coco_d2_mini_2048_seed20260901/images/train2017/000000435454.jpg,0.013576430268585682,-0.023573672398924828,-0.03715010266751051,0.005259229801595211,0.004145930986851454,-0.0011132988147437572,False,True
20260826,49,E:/2026YOLO/datasets/coco_d2_mini_2048_seed20260901/images/train2017/000000441240.jpg,0.008485479280352592,0.01577679254114628,0.007291313260793686,0.00436219060793519,0.0030671770218759775,-0.0012950135860592127,False,False
20260826,49,E:/2026YOLO/datasets/coco_d2_mini_2048_seed20260901/images/train2017/000000447095.jpg,-0.0019658259116113186,-0.022960927337408066,-0.020995101425796747,0.0029031995218247175,0.001790477428585291,-0.0011127220932394266,True,True
20260826,49,E:/2026YOLO/datasets/coco_d2_mini_2048_seed20260901/images/train2017/000000447118.jpg,0.023238450288772583,0.022219231352210045,-0.0010192189365625381,0.00552756991237402,0.004357313271611929,-0.0011702566407620907,False,False
20260826,49,E:/2026YOLO/datasets/coco_d2_mini_2048_seed20260901/images/train2017/000000460950.jpg,-0.003673948347568512,-0.011493938975036144,-0.007819990627467632,0.0016580026131123304,0.0011609223438426852,-0.0004970802692696452,True,True
20260826,49,E:/2026YOLO/datasets/coco_d2_mini_2048_seed20260901/images/train2017/000000469514.jpg,0.018437420949339867,0.03257095813751221,0.01413353718817234,0.00460272328928113,0.00312425778247416,-0.0014784655068069696,False,False
20260826,49,E:/2026YOLO/datasets/coco_d2_mini_2048_seed20260901/images/train2017/000000469798.jpg,-0.008435627445578575,0.019813694059848785,0.02824932150542736,0.004318619146943092,0.004269235767424107,-4.938337951898575e-05,True,False
20260826,49,E:/2026YOLO/datasets/coco_d2_mini_2048_seed20260901/images/train2017/000000477172.jpg,-0.00639674998819828,-0.0024132318794727325,0.003983518108725548,0.004230774473398924,0.0025302444119006395,-0.0017005300614982843,True,True
20260826,49,E:/2026YOLO/datasets/coco_d2_mini_2048_seed20260901/images/train2017/000000478105.jpg,0.004161193501204252,0.002816699678078294,-0.0013444938231259584,0.004602859728038311,0.0023596363607794046,-0.0022432233672589064,False,False
20260826,49,E:/2026YOLO/datasets/coco_d2_mini_2048_seed20260901/images/train2017/000000486491.jpg,0.008981941267848015,0.01820184662938118,0.009219905361533165,0.0036649389658123255,0.0028865186031907797,-0.0007784203626215458,False,False
20260826,49,E:/2026YOLO/datasets/coco_d2_mini_2048_seed20260901/images/train2017/000000501695.jpg,0.002142607234418392,0.0038031733129173517,0.0016605660784989595,0.00588413467630744,0.007858449593186378,0.0019743149168789387,False,False
20260826,49,E:/2026YOLO/datasets/coco_d2_mini_2048_seed20260901/images/train2017/000000515191.jpg,-0.005766251590102911,0.003544006496667862,0.009310258086770773,0.0032623333390802145,0.0033046856988221407,4.235235974192619e-05,True,False
20260826,49,E:/2026YOLO/datasets/coco_d2_mini_2048_seed20260901/images/train2017/000000523220.jpg,-0.0027069200295954943,-0.010221445001661777,-0.007514524972066283,0.002306276233866811,0.0015123389894142747,-0.0007939372444525361,True,True
20260826,49,E:/2026YOLO/datasets/coco_d2_mini_2048_seed20260901/images/train2017/000000550760.jpg,0.004060348030179739,-0.002821887144818902,-0.006882235174998641,0.003253310453146696,0.003004365134984255,-0.00024894531816244125,False,True
20260826,49,E:/2026YOLO/datasets/coco_d2_mini_2048_seed20260901/images/train2017/000000572152.jpg,0.03411111235618591,0.01872272975742817,-0.015388382598757744,0.004009666852653027,0.008014419116079807,0.004004752263426781,False,False
20260826,49,E:/2026YOLO/datasets/coco_d2_mini_2048_seed20260901/images/train2017/000000574145.jpg,-0.014203649014234543,-0.00719885528087616,0.007004793733358383,0.03200893849134445,0.012905213050544262,-0.01910372544080019,True,True
