seed,epoch_label,epoch,batch_index,sample_index,image,valid,cosine,norm_ratio,task_norm,kd_norm,dot,task_loss_batch,kd_raw_batch,kd_weighted_batch,task_items
20260824,early,9,0,0,E:/2026YOLO/datasets/coco_d2_mini_2048_seed20260901/images/train2017/000000055118.jpg,True,0.002739354968070984,0.014716057106852531,0.14818085730075836,0.002180638024583459,8.851644679452875e-07,22.243892669677734,0.6208634376525879,0.37251806259155273,"[2.5283021926879883,2.979372262954712,0.020332053303718567,0.8996613621711731]"
20260824,early,9,0,1,E:/2026YOLO/datasets/coco_d2_mini_2048_seed20260901/images/train2017/000000486491.jpg,True,-0.001932564191520214,0.009854464791715145,0.21769000589847565,0.0021452184300869703,-9.024931841850048e-07,22.243892669677734,0.6208634376525879,0.37251806259155273,"[2.5283021926879883,2.979372262954712,0.020332053303718567,0.8996613621711731]"
20260824,early,9,0,2,E:/2026YOLO/datasets/coco_d2_mini_2048_seed20260901/images/train2017/000000111194.jpg,True,0.005318270530551672,0.010303514078259468,0.19669871032238007,0.00202668784186244,2.1201119579927763e-06,22.243892669677734,0.6208634376525879,0.37251806259155273,"[2.5283021926879883,2.979372262954712,0.020332053303718567,0.8996613621711731]"
20260824,early,9,0,3,E:/2026YOLO/datasets/coco_d2_mini_2048_seed20260901/images/train2017/000000012236.jpg,True,-0.05789608135819435,0.025596801191568375,0.08719821274280548,0.002231995342299342,-1.1268082744209096e-05,22.243892669677734,0.6208634376525879,0.37251806259155273,"[2.5283021926879883,2.979372262954712,0.020332053303718567,0.8996613621711731]"
20260824,early,9,1,0,E:/2026YOLO/datasets/coco_d2_mini_2048_seed20260901/images/train2017/000000447095.jpg,True,-0.005203690845519304,0.00526419747620821,0.40178462862968445,0.00211507361382246,-4.4221178541192785e-06,21.149839401245117,0.6178053021430969,0.3706831932067871,"[2.0838510990142822,3.4881606101989746,0.022646788507699966,0.9211022257804871]"
20260824,early,9,1,1,E:/2026YOLO/datasets/coco_d2_mini_2048_seed20260901/images/train2017/000000103427.jpg,True,0.011657853610813618,0.005789621267467737,0.3867012560367584,0.002238853834569454,1.0092991942656226e-05,21.149839401245117,0.6178053021430969,0.3706831932067871,"[2.0838510990142822,3.4881606101989746,0.022646788507699966,0.9211022257804871]"
20260824,early,9,1,2,E:/2026YOLO/datasets/coco_d2_mini_2048_seed20260901/images/train2017/000000361519.jpg,True,-0.0383666530251503,0.057179324328899384,0.043463267385959625,0.002485200297087431,-4.144171271036612e-06,21.149839401245117,0.6178053021430969,0.3706831932067871,"[2.0838510990142822,3.4881606101989746,0.022646788507699966,0.9211022257804871]"
20260824,early,9,1,3,E:/2026YOLO/datasets/coco_d2_mini_2048_seed20260901/images/train2017/000000128142.jpg,True,-0.0012100226012989879,0.008246193639934063,0.25861555337905884,0.00213259388692677,-6.6735401560436e-07,21.149839401245117,0.6178053021430969,0.3706831932067871,"[2.0838510990142822,3.4881606101989746,0.022646788507699966,0.9211022257804871]"
20260824,early,9,2,0,E:/2026YOLO/datasets/coco_d2_mini_2048_seed20260901/images/train2017/000000003242.jpg,True,0.020650476217269897,0.004701806697994471,0.45297038555145264,0.0021297791972756386,1.992207035073079e-05,25.901630401611328,0.6396082639694214,0.38376498222351074,"[2.7488853931427,3.952775478363037,0.02249920181930065,0.9095130562782288]"
20260824,early,9,2,1,E:/2026YOLO/datasets/coco_d2_mini_2048_seed20260901/images/train2017/000000332646.jpg,True,0.01128174364566803,0.010339776985347271,0.2192879319190979,0.002267388394102454,5.609405889117625e-06,25.901630401611328,0.6396082639694214,0.38376498222351074,"[2.7488853931427,3.952775478363037,0.02249920181930065,0.9095130562782288]"
20260824,early,9,2,2,E:/2026YOLO/datasets/coco_d2_mini_2048_seed20260901/images/train2017/000000399784.jpg,True,0.030302569270133972,0.009452464058995247,0.23083819448947906,0.0021819898393005133,1.5262998203979805e-05,25.901630401611328,0.6396082639694214,0.38376498222351074,"[2.7488853931427,3.952775478363037,0.02249920181930065,0.9095130562782288]"
20260824,early,9,2,3,E:/2026YOLO/datasets/coco_d2_mini_2048_seed20260901/images/train2017/000000268809.jpg,True,-0.010532345622777939,0.02164299413561821,0.09154020249843597,0.001981204142794013,-1.91014441952575e-06,25.901630401611328,0.6396082639694214,0.38376498222351074,"[2.7488853931427,3.952775478363037,0.02249920181930065,0.9095130562782288]"
20260824,early,9,3,0,E:/2026YOLO/datasets/coco_d2_mini_2048_seed20260901/images/train2017/000000469798.jpg,True,-0.005333199631422758,0.012132938019931316,0.19648481905460358,0.0023839380592107773,-2.4981113710964564e-06,24.5784969329834,0.6606560945510864,0.39639368653297424,"[2.778156280517578,3.368037462234497,0.024219196289777756,0.9307348132133484]"
20260824,early,9,3,1,E:/2026YOLO/datasets/coco_d2_mini_2048_seed20260901/images/train2017/000000341797.jpg,True,0.010912091471254826,0.014850666746497154,0.15120775997638702,0.0022455360740423203,3.7051186154712923e-06,24.5784969329834,0.6606560945510864,0.39639368653297424,"[2.778156280517578,3.368037462234497,0.024219196289777756,0.9307348132133484]"
20260824,early,9,3,2,E:/2026YOLO/datasets/coco_d2_mini_2048_seed20260901/images/train2017/000000172342.jpg,True,4.123247344978154e-05,0.008900406770408154,0.2325907200574875,0.0020701519679278135,1.985335984500125e-08,24.5784969329834,0.6606560945510864,0.39639368653297424,"[2.778156280517578,3.368037462234497,0.024219196289777756,0.9307348132133484]"
20260824,early,9,3,3,E:/2026YOLO/datasets/coco_d2_mini_2048_seed20260901/images/train2017/000000098596.jpg,True,-0.010895440354943275,0.018169552087783813,0.1247931718826294,0.0022674361243844032,-3.0829796742182225e-06,24.5784969329834,0.6606560945510864,0.39639368653297424,"[2.778156280517578,3.368037462234497,0.024219196289777756,0.9307348132133484]"
20260824,early,9,4,0,E:/2026YOLO/datasets/coco_d2_mini_2048_seed20260901/images/train2017/000000345635.jpg,True,-0.0318262092769146,0.010468119755387306,0.2112986147403717,0.0022118992637842894,-1.4874654880259186e-05,23.164934158325195,0.6449497938156128,0.3869698941707611,"[2.3083345890045166,3.572261333465576,0.021132029592990875,0.9177984595298767]"
20260824,early,9,4,1,E:/2026YOLO/datasets/coco_d2_mini_2048_seed20260901/images/train2017/000000348684.jpg,True,0.005531264003366232,0.009543590247631073,0.20955221354961395,0.0019998804200440645,2.3180384687293554e-06,23.164934158325195,0.6449497938156128,0.3869698941707611,"[2.3083345890045166,3.572261333465576,0.021132029592990875,0.9177984595298767]"
20260824,early,9,4,2,E:/2026YOLO/datasets/coco_d2_mini_2048_seed20260901/images/train2017/000000124311.jpg,True,0.017890021204948425,0.012983618304133415,0.17073990404605865,0.0022168217692524195,6.77137222737656e-06,23.164934158325195,0.6449497938156128,0.3869698941707611,"[2.3083345890045166,3.572261333465576,0.021132029592990875,0.9177984595298767]"
20260824,early,9,4,3,E:/2026YOLO/datasets/coco_d2_mini_2048_seed20260901/images/train2017/000000178690.jpg,True,0.04217563197016716,0.008715848438441753,0.25312569737434387,0.0022062051575630903,2.35528641496785e-05,23.164934158325195,0.6449497938156128,0.3869698941707611,"[2.3083345890045166,3.572261333465576,0.021132029592990875,0.9177984595298767]"
20260824,early,9,5,0,E:/2026YOLO/datasets/coco_d2_mini_2048_seed20260901/images/train2017/000000241623.jpg,True,-0.03793935477733612,0.03252493962645531,0.06912229210138321,0.0022481982596218586,-5.895798949495656e-06,22.676288604736328,0.6822823882102966,0.40936943888664246,"[2.1418662071228027,3.315402030944824,0.029236264526844025,0.9135682582855225]"
20260824,early,9,5,1,E:/2026YOLO/datasets/coco_d2_mini_2048_seed20260901/images/train2017/000000168738.jpg,True,-0.012262197211384773,0.008617714047431946,0.23263759911060333,0.0020048043224960566,-5.719001364923315e-06,22.676288604736328,0.6822823882102966,0.40936943888664246,"[2.1418662071228027,3.315402030944824,0.029236264526844025,0.9135682582855225]"
20260824,early,9,5,2,E:/2026YOLO/datasets/coco_d2_mini_2048_seed20260901/images/train2017/000000358580.jpg,True,0.027841171249747276,0.0067582400515675545,0.32535359263420105,0.0021988176740705967,1.9917384634027258e-05,22.676288604736328,0.6822823882102966,0.40936943888664246,"[2.1418662071228027,3.315402030944824,0.029236264526844025,0.9135682582855225]"
20260824,early,9,5,3,E:/2026YOLO/datasets/coco_d2_mini_2048_seed20260901/images/train2017/000000550760.jpg,True,0.009926429949700832,0.007647847756743431,0.27803677320480347,0.0021263828966766596,5.868630978511646e-06,22.676288604736328,0.6822823882102966,0.40936943888664246,"[2.1418662071228027,3.315402030944824,0.029236264526844025,0.9135682582855225]"
20260824,early,9,6,0,E:/2026YOLO/datasets/coco_d2_mini_2048_seed20260901/images/train2017/000000306710.jpg,True,0.02111794240772724,0.016374533995985985,0.1405501663684845,0.002301443601027131,6.830985057604266e-06,20.22793960571289,0.6770410537719727,0.40622463822364807,"[2.100908041000366,2.6191818714141846,0.027394242584705353,0.9276075959205627]"
20260824,early,9,6,1,E:/2026YOLO/datasets/coco_d2_mini_2048_seed20260901/images/train2017/000000523220.jpg,True,0.04377848282456398,0.004743408411741257,0.46738961338996887,0.002217019908130169,4.536379128694534e-05,20.22793960571289,0.6770410537719727,0.40622463822364807,"[2.100908041000366,2.6191818714141846,0.027394242584705353,0.9276075959205627]"
20260824,early,9,6,2,E:/2026YOLO/datasets/coco_d2_mini_2048_seed20260901/images/train2017/000000009885.jpg,True,-0.007026448380202055,0.008822297677397728,0.22802859544754028,0.0020117361564189196,-3.2232665034825914e-06,20.22793960571289,0.6770410537719727,0.40622463822364807,"[2.100908041000366,2.6191818714141846,0.027394242584705353,0.9276075959205627]"
20260824,early,9,6,3,E:/2026YOLO/datasets/coco_d2_mini_2048_seed20260901/images/train2017/000000501695.jpg,True,-0.004374714568257332,0.015766652300953865,0.1298275738954544,0.0020469462033361197,-1.1625807019299828e-06,20.22793960571289,0.6770410537719727,0.40622463822364807,"[2.100908041000366,2.6191818714141846,0.027394242584705353,0.9276075959205627]"
20260824,early,9,7,0,E:/2026YOLO/datasets/coco_d2_mini_2048_seed20260901/images/train2017/000000224366.jpg,True,0.01980523206293583,0.008890786208212376,0.23732346296310425,0.0021099920850247145,9.917482202581596e-06,21.59709930419922,0.6673588752746582,0.4004153311252594,"[2.8431313037872314,2.619218111038208,0.018056485801935196,0.9158028364181519]"
20260824,early,9,7,1,E:/2026YOLO/datasets/coco_d2_mini_2048_seed20260901/images/train2017/000000277912.jpg,True,-0.004909132607281208,0.0101009551435709,0.20763544738292694,0.0020973163191229105,-2.1378152723627863e-06,21.59709930419922,0.6673588752746582,0.4004153311252594,"[2.8431313037872314,2.619218111038208,0.018056485801935196,0.9158028364181519]"
20260824,early,9,7,2,E:/2026YOLO/datasets/coco_d2_mini_2048_seed20260901/images/train2017/000000441240.jpg,True,-0.0034251799806952477,0.009769693948328495,0.2053312361240387,0.0020060234237462282,-1.410829099768307e-06,21.59709930419922,0.6673588752746582,0.4004153311252594,"[2.8431313037872314,2.619218111038208,0.018056485801935196,0.9158028364181519]"
20260824,early,9,7,3,E:/2026YOLO/datasets/coco_d2_mini_2048_seed20260901/images/train2017/000000142318.jpg,True,-0.02753632701933384,0.018256239593029022,0.12906961143016815,0.0023563257418572903,-8.374624485441018e-06,21.59709930419922,0.6673588752746582,0.4004153311252594,"[2.8431313037872314,2.619218111038208,0.018056485801935196,0.9158028364181519]"
20260824,early,9,8,0,E:/2026YOLO/datasets/coco_d2_mini_2048_seed20260901/images/train2017/000000171384.jpg,True,0.011169081553816795,0.008551808074116707,0.28242602944374084,0.0024152533151209354,7.618769814143889e-06,19.679288864135742,0.6455474495887756,0.38732847571372986,"[2.1085867881774902,2.6703338623046875,0.02611503005027771,0.926384449005127]"
20260824,early,9,8,1,E:/2026YOLO/datasets/coco_d2_mini_2048_seed20260901/images/train2017/000000574145.jpg,True,-0.06669843941926956,0.07716082036495209,0.029236460104584694,0.0022559091448783875,-4.399081717565423e-06,19.679288864135742,0.6455474495887756,0.38732847571372986,"[2.1085867881774902,2.6703338623046875,0.02611503005027771,0.926384449005127]"
20260824,early,9,8,2,E:/2026YOLO/datasets/coco_d2_mini_2048_seed20260901/images/train2017/000000380034.jpg,True,-0.024530721828341484,0.008081578649580479,0.2537289559841156,0.0020505303982645273,-1.2762818187184166e-05,19.679288864135742,0.6455474495887756,0.38732847571372986,"[2.1085867881774902,2.6703338623046875,0.02611503005027771,0.926384449005127]"
20260824,early,9,8,3,E:/2026YOLO/datasets/coco_d2_mini_2048_seed20260901/images/train2017/000000039743.jpg,True,-0.010785222053527832,0.008101755753159523,0.2633281648159027,0.0021334204357117414,-6.059026418370195e-06,19.679288864135742,0.6455474495887756,0.38732847571372986,"[2.1085867881774902,2.6703338623046875,0.02611503005027771,0.926384449005127]"
20260824,early,9,9,0,E:/2026YOLO/datasets/coco_d2_mini_2048_seed20260901/images/train2017/000000101892.jpg,True,0.005469219759106636,0.007415476255118847,0.3091554641723633,0.0022925350349396467,3.876308255712502e-06,26.75371551513672,0.6487044095993042,0.389222651720047,"[2.7209854125976562,3.530252456665039,0.029435966163873672,0.9063410758972168]"
20260824,early,9,9,1,E:/2026YOLO/datasets/coco_d2_mini_2048_seed20260901/images/train2017/000000043202.jpg,True,-0.00945255532860756,0.058697547763586044,0.03826447203755379,0.002246030606329441,-8.123826091832598e-07,26.75371551513672,0.6487044095993042,0.389222651720047,"[2.7209854125976562,3.530252456665039,0.029435966163873672,0.9063410758972168]"
20260824,early,9,9,2,E:/2026YOLO/datasets/coco_d2_mini_2048_seed20260901/images/train2017/000000469514.jpg,True,-0.011992641724646091,0.01026975829154253,0.22706753015518188,0.0023319285828620195,-6.35016658634413e-06,26.75371551513672,0.6487044095993042,0.389222651720047,"[2.7209854125976562,3.530252456665039,0.029435966163873672,0.9063410758972168]"
20260824,early,9,9,3,E:/2026YOLO/datasets/coco_d2_mini_2048_seed20260901/images/train2017/000000278763.jpg,True,0.018503861501812935,0.004328124225139618,0.5298020839691162,0.0022930491250008345,2.2479642211692408e-05,26.75371551513672,0.6487044095993042,0.389222651720047,"[2.7209854125976562,3.530252456665039,0.029435966163873672,0.9063410758972168]"
20260824,early,9,10,0,E:/2026YOLO/datasets/coco_d2_mini_2048_seed20260901/images/train2017/000000478105.jpg,True,0.007212901022285223,0.0059529319405555725,0.3574428856372833,0.0021278331987559795,5.485979727382073e-06,22.024547576904297,0.6525976061820984,0.39155858755111694,"[1.7257310152053833,3.4760422706604004,0.03397108614444733,0.9188908338546753]"
20260824,early,9,10,1,E:/2026YOLO/datasets/coco_d2_mini_2048_seed20260901/images/train2017/000000189770.jpg,True,0.017390817403793335,0.0037311529740691185,0.5714177489280701,0.0021320469677448273,2.1187050151638687e-05,22.024547576904297,0.6525976061820984,0.39155858755111694,"[1.7257310152053833,3.4760422706604004,0.03397108614444733,0.9188908338546753]"
20260824,early,9,10,2,E:/2026YOLO/datasets/coco_d2_mini_2048_seed20260901/images/train2017/000000572152.jpg,True,0.016277482733130455,0.014322777278721333,0.1570061594247818,0.002248764270916581,5.747088380303467e-06,22.024547576904297,0.6525976061820984,0.39155858755111694,"[1.7257310152053833,3.4760422706604004,0.03397108614444733,0.9188908338546753]"
20260824,early,9,10,3,E:/2026YOLO/datasets/coco_d2_mini_2048_seed20260901/images/train2017/000000460950.jpg,True,0.0007175044738687575,0.004276931285858154,0.47345441579818726,0.0020249320659786463,6.878808562760241e-07,22.024547576904297,0.6525976061820984,0.39155858755111694,"[1.7257310152053833,3.4760422706604004,0.03397108614444733,0.9188908338546753]"
20260824,early,9,11,0,E:/2026YOLO/datasets/coco_d2_mini_2048_seed20260901/images/train2017/000000148077.jpg,True,-0.005570478271692991,0.010304665192961693,0.22724635899066925,0.0023416976910084486,-2.9642869776580483e-06,18.39067268371582,0.6257765889167786,0.3754659593105316,"[1.566840648651123,2.998169183731079,0.0226997472345829,0.9268980622291565]"
20260824,early,9,11,1,E:/2026YOLO/datasets/coco_d2_mini_2048_seed20260901/images/train2017/000000315221.jpg,True,0.00962835643440485,0.004487058613449335,0.49696168303489685,0.002229896141216159,1.0669884431990795e-05,18.39067268371582,0.6257765889167786,0.3754659593105316,"[1.566840648651123,2.998169183731079,0.0226997472345829,0.9268980622291565]"
20260824,early,9,11,2,E:/2026YOLO/datasets/coco_d2_mini_2048_seed20260901/images/train2017/000000261696.jpg,True,-0.02899235300719738,0.0039014481008052826,0.488349974155426,0.001905272132717073,-2.6975634682457894e-05,18.39067268371582,0.6257765889167786,0.3754659593105316,"[1.566840648651123,2.998169183731079,0.0226997472345829,0.9268980622291565]"
20260824,early,9,11,3,E:/2026YOLO/datasets/coco_d2_mini_2048_seed20260901/images/train2017/000000477172.jpg,True,-0.001383554539643228,0.008396977558732033,0.2547491788864136,0.0021391231566667557,-7.539540547440993e-07,18.39067268371582,0.6257765889167786,0.3754659593105316,"[1.566840648651123,2.998169183731079,0.0226997472345829,0.9268980622291565]"
20260824,early,9,12,0,E:/2026YOLO/datasets/coco_d2_mini_2048_seed20260901/images/train2017/000000087671.jpg,True,-0.007103063631802797,0.007749013602733612,0.2568318247795105,0.0019901932682842016,-3.63069534614624e-06,22.60049819946289,0.6016319990158081,0.36097919940948486,"[2.5637502670288086,2.9572548866271973,0.025386329740285873,0.9287510514259338]"
20260824,early,9,12,1,E:/2026YOLO/datasets/coco_d2_mini_2048_seed20260901/images/train2017/000000092634.jpg,True,-0.025250982493162155,0.01110364031046629,0.19517956674098969,0.0021672036964446306,-1.0681011190172285e-05,22.60049819946289,0.6016319990158081,0.36097919940948486,"[2.5637502670288086,2.9572548866271973,0.025386329740285873,0.9287510514259338]"
20260824,early,9,12,2,E:/2026YOLO/datasets/coco_d2_mini_2048_seed20260901/images/train2017/000000177705.jpg,True,0.0009545644861645997,0.011813156306743622,0.1843704730272293,0.0021779972594231367,3.833133632724639e-07,22.60049819946289,0.6016319990158081,0.36097919940948486,"[2.5637502670288086,2.9572548866271973,0.025386329740285873,0.9287510514259338]"
20260824,early,9,12,3,E:/2026YOLO/datasets/coco_d2_mini_2048_seed20260901/images/train2017/000000222228.jpg,True,0.042045243084430695,0.010197851806879044,0.21449796855449677,0.002187418518587947,1.9727494873222895e-05,22.60049819946289,0.6016319990158081,0.36097919940948486,"[2.5637502670288086,2.9572548866271973,0.025386329740285873,0.9287510514259338]"
20260824,early,9,13,0,E:/2026YOLO/datasets/coco_d2_mini_2048_seed20260901/images/train2017/000000115370.jpg,True,0.01781950332224369,0.007195376791059971,0.28667008876800537,0.002062699291855097,1.0536924492043909e-05,25.338890075683594,0.6845098733901978,0.41070595383644104,"[2.5787763595581055,3.309342384338379,0.02587772160768509,0.9316373467445374]"
20260824,early,9,13,1,E:/2026YOLO/datasets/coco_d2_mini_2048_seed20260901/images/train2017/000000400606.jpg,True,-0.037977736443281174,0.011016630567610264,0.20455524325370789,0.0022535095922648907,-1.750649062159937e-05,25.338890075683594,0.6845098733901978,0.41070595383644104,"[2.5787763595581055,3.309342384338379,0.02587772160768509,0.9316373467445374]"
20260824,early,9,13,2,E:/2026YOLO/datasets/coco_d2_mini_2048_seed20260901/images/train2017/000000205010.jpg,True,0.0038015437312424183,0.012203754857182503,0.18079183995723724,0.002206339268013835,1.5163907391979592e-06,25.338890075683594,0.6845098733901978,0.41070595383644104,"[2.5787763595581055,3.309342384338379,0.02587772160768509,0.9316373467445374]"
20260824,early,9,13,3,E:/2026YOLO/datasets/coco_d2_mini_2048_seed20260901/images/train2017/000000515191.jpg,True,0.015915360301733017,0.007432213518768549,0.2598561644554138,0.0019313065567985177,7.987313438206911e-06,25.338890075683594,0.6845098733901978,0.41070595383644104,"[2.5787763595581055,3.309342384338379,0.02587772160768509,0.9316373467445374]"
20260824,early,9,14,0,E:/2026YOLO/datasets/coco_d2_mini_2048_seed20260901/images/train2017/000000190942.jpg,True,0.011612406000494957,0.008586890064179897,0.2500540018081665,0.002147186314687133,6.23484629613813e-06,23.636642456054688,0.6660098433494568,0.399605929851532,"[2.6999101638793945,2.846040964126587,0.023312339559197426,0.922508955001831]"
20260824,early,9,14,1,E:/2026YOLO/datasets/coco_d2_mini_2048_seed20260901/images/train2017/000000397211.jpg,True,-0.009721696376800537,0.015049737878143787,0.13820724189281464,0.002079982776194811,-2.7946832688030554e-06,23.636642456054688,0.6660098433494568,0.399605929851532,"[2.6999101638793945,2.846040964126587,0.023312339559197426,0.922508955001831]"
20260824,early,9,14,2,E:/2026YOLO/datasets/coco_d2_mini_2048_seed20260901/images/train2017/000000039606.jpg,True,-0.0037611594889312983,0.006418747827410698,0.345768004655838,0.0022193975746631622,-2.8863012175861513e-06,23.636642456054688,0.6660098433494568,0.399605929851532,"[2.6999101638793945,2.846040964126587,0.023312339559197426,0.922508955001831]"
20260824,early,9,14,3,E:/2026YOLO/datasets/coco_d2_mini_2048_seed20260901/images/train2017/000000447118.jpg,True,-0.010088961571455002,0.0127812335267663,0.1443735510110855,0.0018452720250934362,-2.687784672161797e-06,23.636642456054688,0.6660098433494568,0.399605929851532,"[2.6999101638793945,2.846040964126587,0.023312339559197426,0.922508955001831]"
20260824,early,9,15,0,E:/2026YOLO/datasets/coco_d2_mini_2048_seed20260901/images/train2017/000000435454.jpg,True,-0.004167804028838873,0.011099345982074738,0.20981450378894806,0.002328803762793541,-2.0364591364341322e-06,21.976539611816406,0.6349149346351624,0.3809489905834198,"[2.382218360900879,3.093792676925659,0.02641056850552559,0.9392275810241699]"
20260824,early,9,15,1,E:/2026YOLO/datasets/coco_d2_mini_2048_seed20260901/images/train2017/000000175227.jpg,True,0.02428736351430416,0.005542157683521509,0.3548164665699005,0.0019664487335830927,1.6945981769822538e-05,21.976539611816406,0.6349149346351624,0.3809489905834198,"[2.382218360900879,3.093792676925659,0.02641056850552559,0.9392275810241699]"
20260824,early,9,15,2,E:/2026YOLO/datasets/coco_d2_mini_2048_seed20260901/images/train2017/000000028359.jpg,True,0.01751246303319931,0.005287384148687124,0.39135468006134033,0.0020692425314337015,1.4181728147377726e-05,21.976539611816406,0.6349149346351624,0.3809489905834198,"[2.382218360900879,3.093792676925659,0.02641056850552559,0.9392275810241699]"
20260824,early,9,15,3,E:/2026YOLO/datasets/coco_d2_mini_2048_seed20260901/images/train2017/000000205435.jpg,True,-0.0033342984970659018,0.007420812267810106,0.2921448051929474,0.0021679517813026905,-2.1117975848028436e-06,21.976539611816406,0.6349149346351624,0.3809489905834198,"[2.382218360900879,3.093792676925659,0.02641056850552559,0.9392275810241699]"
20260824,middle,24,0,0,E:/2026YOLO/datasets/coco_d2_mini_2048_seed20260901/images/train2017/000000055118.jpg,True,0.006382287945598364,0.0031734255608171225,0.2718888521194458,0.0008628190262243152,1.4972265489632264e-06,22.063201904296875,0.32352960109710693,0.19411776959896088,"[2.7643535137176514,3.055246114730835,0.022503899410367012,0.8843429684638977]"
20260824,middle,24,0,1,E:/2026YOLO/datasets/coco_d2_mini_2048_seed20260901/images/train2017/000000486491.jpg,True,0.011395945213735104,0.00252073653973639,0.38071027398109436,0.0009596702875569463,4.163580797467148e-06,22.063201904296875,0.32352960109710693,0.19411776959896088,"[2.7643535137176514,3.055246114730835,0.022503899410367012,0.8843429684638977]"
20260824,middle,24,0,2,E:/2026YOLO/datasets/coco_d2_mini_2048_seed20260901/images/train2017/000000111194.jpg,True,0.0023084061685949564,0.008885619230568409,0.09582854062318802,0.0008514959481544793,1.8836044546333142e-07,22.063201904296875,0.32352960109710693,0.19411776959896088,"[2.7643535137176514,3.055246114730835,0.022503899410367012,0.8843429684638977]"
20260824,middle,24,0,3,E:/2026YOLO/datasets/coco_d2_mini_2048_seed20260901/images/train2017/000000012236.jpg,True,-0.06647506356239319,0.010986988432705402,0.07418087869882584,0.0008150244830176234,-4.019031166535569e-06,22.063201904296875,0.32352960109710693,0.19411776959896088,"[2.7643535137176514,3.055246114730835,0.022503899410367012,0.8843429684638977]"
20260824,middle,24,1,0,E:/2026YOLO/datasets/coco_d2_mini_2048_seed20260901/images/train2017/000000447095.jpg,True,0.0035768095403909683,0.0015997405862435699,0.5311532616615295,0.0008497074013575912,1.6143030734383501e-06,21.111385345458984,0.37239253520965576,0.22343553602695465,"[2.1730899810791016,3.295151948928833,0.02274589240550995,0.8847954273223877]"
20260824,middle,24,1,1,E:/2026YOLO/datasets/coco_d2_mini_2048_seed20260901/images/train2017/000000103427.jpg,True,0.03376433998346329,0.0023195126559585333,0.37901291251182556,0.0008791252039372921,1.1250271199969575e-05,21.111385345458984,0.37239253520965576,0.22343553602695465,"[2.1730899810791016,3.295151948928833,0.02274589240550995,0.8847954273223877]"
20260824,middle,24,1,2,E:/2026YOLO/datasets/coco_d2_mini_2048_seed20260901/images/train2017/000000361519.jpg,True,-0.01977582462131977,0.01993253454566002,0.051801104098558426,0.0010325273033231497,-1.0577308557913057e-06,21.111385345458984,0.37239253520965576,0.22343553602695465,"[2.1730899810791016,3.295151948928833,0.02274589240550995,0.8847954273223877]"
20260824,middle,24,1,3,E:/2026YOLO/datasets/coco_d2_mini_2048_seed20260901/images/train2017/000000128142.jpg,True,0.0005795799079351127,0.003043343313038349,0.3100282847881317,0.0009435224928893149,1.6953794101937092e-07,21.111385345458984,0.37239253520965576,0.22343553602695465,"[2.1730899810791016,3.295151948928833,0.02274589240550995,0.8847954273223877]"
20260824,middle,24,2,0,E:/2026YOLO/datasets/coco_d2_mini_2048_seed20260901/images/train2017/000000003242.jpg,True,0.028542535379529,0.0030697372276335955,0.30174490809440613,0.0009262776002287865,7.977625500643626e-06,23.69054412841797,0.32281988859176636,0.1936919391155243,"[2.490206003189087,3.783506155014038,0.01886703632771969,0.9039736390113831]"
20260824,middle,24,2,1,E:/2026YOLO/datasets/coco_d2_mini_2048_seed20260901/images/train2017/000000332646.jpg,True,-0.004945555701851845,0.004445831291377544,0.20973406732082367,0.00093244225718081,-9.671771294961218e-07,23.69054412841797,0.32281988859176636,0.1936919391155243,"[2.490206003189087,3.783506155014038,0.01886703632771969,0.9039736390113831]"
20260824,middle,24,2,2,E:/2026YOLO/datasets/coco_d2_mini_2048_seed20260901/images/train2017/000000399784.jpg,True,0.0037541240453720093,0.0033558737486600876,0.2507132291793823,0.0008413619361817837,7.918970368336886e-07,23.69054412841797,0.32281988859176636,0.1936919391155243,"[2.490206003189087,3.783506155014038,0.01886703632771969,0.9039736390113831]"
20260824,middle,24,2,3,E:/2026YOLO/datasets/coco_d2_mini_2048_seed20260901/images/train2017/000000268809.jpg,True,0.0015463101444765925,0.005719283130019903,0.1380031555891037,0.000789279118180275,1.6842875538713997e-07,23.69054412841797,0.32281988859176636,0.1936919391155243,"[2.490206003189087,3.783506155014038,0.01886703632771969,0.9039736390113831]"
20260824,middle,24,3,0,E:/2026YOLO/datasets/coco_d2_mini_2048_seed20260901/images/train2017/000000469798.jpg,True,-0.013170076534152031,0.0030197848100215197,0.33799535036087036,0.0010206731967628002,-4.543449904303998e-06,24.226186752319336,0.34507036209106445,0.20704223215579987,"[2.873673439025879,3.2801268100738525,0.027750542387366295,0.8949362635612488]"
20260824,middle,24,3,1,E:/2026YOLO/datasets/coco_d2_mini_2048_seed20260901/images/train2017/000000341797.jpg,True,0.0014543335419148207,0.003225217340514064,0.25059622526168823,0.0008082272834144533,2.945588448710623e-07,24.226186752319336,0.34507036209106445,0.20704223215579987,"[2.873673439025879,3.2801268100738525,0.027750542387366295,0.8949362635612488]"
20260824,middle,24,3,2,E:/2026YOLO/datasets/coco_d2_mini_2048_seed20260901/images/train2017/000000172342.jpg,True,0.02463824674487114,0.0031534279696643353,0.2708617150783539,0.0008541428833268583,5.700171641365159e-06,24.226186752319336,0.34507036209106445,0.20704223215579987,"[2.873673439025879,3.2801268100738525,0.027750542387366295,0.8949362635612488]"
20260824,middle,24,3,3,E:/2026YOLO/datasets/coco_d2_mini_2048_seed20260901/images/train2017/000000098596.jpg,True,-0.009719986468553543,0.0059820315800607204,0.14919660985469818,0.0008924988214857876,-1.2942919056513347e-06,24.226186752319336,0.34507036209106445,0.20704223215579987,"[2.873673439025879,3.2801268100738525,0.027750542387366295,0.8949362635612488]"
20260824,middle,24,4,0,E:/2026YOLO/datasets/coco_d2_mini_2048_seed20260901/images/train2017/000000345635.jpg,True,-0.001990645658224821,0.004920430015772581,0.16834044456481934,0.0008283073548227549,-2.7757090492741554e-07,22.282440185546875,0.35947364568710327,0.2156841903924942,"[2.2644288539886475,3.1907200813293457,0.02165592648088932,0.922597348690033]"
20260824,middle,24,4,1,E:/2026YOLO/datasets/coco_d2_mini_2048_seed20260901/images/train2017/000000348684.jpg,True,-0.004015719052404165,0.0053699747659265995,0.17819683253765106,0.000956912524998188,-6.847554914202192e-07,22.282440185546875,0.35947364568710327,0.2156841903924942,"[2.2644288539886475,3.1907200813293457,0.02165592648088932,0.922597348690033]"
20260824,middle,24,4,2,E:/2026YOLO/datasets/coco_d2_mini_2048_seed20260901/images/train2017/000000124311.jpg,True,0.03680906817317009,0.0034503487404435873,0.2890518605709076,0.000997329712845385,1.061131933965953e-05,22.282440185546875,0.35947364568710327,0.2156841903924942,"[2.2644288539886475,3.1907200813293457,0.02165592648088932,0.922597348690033]"
20260824,middle,24,4,3,E:/2026YOLO/datasets/coco_d2_mini_2048_seed20260901/images/train2017/000000178690.jpg,True,0.03706222400069237,0.002016354352235794,0.43180468678474426,0.0008706712396815419,1.3933911759522744e-05,22.282440185546875,0.35947364568710327,0.2156841903924942,"[2.2644288539886475,3.1907200813293457,0.02165592648088932,0.922597348690033]"
20260824,middle,24,5,0,E:/2026YOLO/datasets/coco_d2_mini_2048_seed20260901/images/train2017/000000241623.jpg,True,0.008955423720180988,0.00895285326987505,0.09552564471960068,0.0008552270592190325,7.316233450183063e-07,19.847684860229492,0.36672139167785645,0.22003284096717834,"[1.7706736326217651,2.836942434310913,0.021138543263077736,0.9247202277183533]"
20260824,middle,24,5,1,E:/2026YOLO/datasets/coco_d2_mini_2048_seed20260901/images/train2017/000000168738.jpg,True,-0.0026661884039640427,0.0024860170669853687,0.30303993821144104,0.0007533624302595854,-6.086878556743613e-07,19.847684860229492,0.36672139167785645,0.22003284096717834,"[1.7706736326217651,2.836942434310913,0.021138543263077736,0.9247202277183533]"
20260824,middle,24,5,2,E:/2026YOLO/datasets/coco_d2_mini_2048_seed20260901/images/train2017/000000358580.jpg,True,0.018730131909251213,0.003169125411659479,0.2991003692150116,0.0009478865540586412,5.310239885147894e-06,19.847684860229492,0.36672139167785645,0.22003284096717834,"[1.7706736326217651,2.836942434310913,0.021138543263077736,0.9247202277183533]"
20260824,middle,24,5,3,E:/2026YOLO/datasets/coco_d2_mini_2048_seed20260901/images/train2017/000000550760.jpg,True,0.012683088891208172,0.002159240422770381,0.41939568519592285,0.0009055761038325727,4.8169699766731355e-06,19.847684860229492,0.36672139167785645,0.22003284096717834,"[1.7706736326217651,2.836942434310913,0.021138543263077736,0.9247202277183533]"
20260824,middle,24,6,0,E:/2026YOLO/datasets/coco_d2_mini_2048_seed20260901/images/train2017/000000306710.jpg,True,0.01915689744055271,0.008658182807266712,0.11502320319414139,0.0009958918672055006,2.1944356376479845e-06,18.908283233642578,0.35959839820861816,0.2157590538263321,"[1.9610059261322021,2.5289077758789062,0.026706084609031677,0.9288195967674255]"
20260824,middle,24,6,1,E:/2026YOLO/datasets/coco_d2_mini_2048_seed20260901/images/train2017/000000523220.jpg,True,0.008888889104127884,0.0017464561387896538,0.536291241645813,0.0009366091107949615,4.4648468247032724e-06,18.908283233642578,0.35959839820861816,0.2157590538263321,"[1.9610059261322021,2.5289077758789062,0.026706084609031677,0.9288195967674255]"
20260824,middle,24,6,2,E:/2026YOLO/datasets/coco_d2_mini_2048_seed20260901/images/train2017/000000009885.jpg,True,-0.019586842507123947,0.0021770023740828037,0.407940536737442,0.0008880875539034605,-7.096057288435986e-06,18.908283233642578,0.35959839820861816,0.2157590538263321,"[1.9610059261322021,2.5289077758789062,0.026706084609031677,0.9288195967674255]"
20260824,middle,24,6,3,E:/2026YOLO/datasets/coco_d2_mini_2048_seed20260901/images/train2017/000000501695.jpg,True,0.0035308832302689552,0.004199321381747723,0.20236030220985413,0.0008497759117744863,6.071738880564226e-07,18.908283233642578,0.35959839820861816,0.2157590538263321,"[1.9610059261322021,2.5289077758789062,0.026706084609031677,0.9288195967674255]"
20260824,middle,24,7,0,E:/2026YOLO/datasets/coco_d2_mini_2048_seed20260901/images/train2017/000000224366.jpg,True,-0.002253548474982381,0.002220720751211047,0.3921396732330322,0.0008708327077329159,-7.695598469581455e-07,21.77458381652832,0.3369278907775879,0.20215673744678497,"[2.777709722518921,2.7303614616394043,0.01724039949476719,0.9267187714576721]"
20260824,middle,24,7,1,E:/2026YOLO/datasets/coco_d2_mini_2048_seed20260901/images/train2017/000000277912.jpg,True,0.02246035821735859,0.0025705737061798573,0.34384971857070923,0.0008838910143822432,6.826279786764644e-06,21.77458381652832,0.3369278907775879,0.20215673744678497,"[2.777709722518921,2.7303614616394043,0.01724039949476719,0.9267187714576721]"
20260824,middle,24,7,2,E:/2026YOLO/datasets/coco_d2_mini_2048_seed20260901/images/train2017/000000441240.jpg,True,-0.007330410648137331,0.003603895427659154,0.2530626654624939,0.0009120113682001829,-1.6918296523726895e-06,21.77458381652832,0.3369278907775879,0.20215673744678497,"[2.777709722518921,2.7303614616394043,0.01724039949476719,0.9267187714576721]"
20260824,middle,24,7,3,E:/2026YOLO/datasets/coco_d2_mini_2048_seed20260901/images/train2017/000000142318.jpg,True,0.012129896320402622,0.006957171019166708,0.13789138197898865,0.0009593339054845273,1.604589783710253e-06,21.77458381652832,0.3369278907775879,0.20215673744678497,"[2.777709722518921,2.7303614616394043,0.01724039949476719,0.9267187714576721]"
20260824,middle,24,8,0,E:/2026YOLO/datasets/coco_d2_mini_2048_seed20260901/images/train2017/000000171384.jpg,True,0.023194056004285812,0.0022930048871785402,0.426064670085907,0.0009769683238118887,9.654564564698376e-06,18.28228187561035,0.34326690435409546,0.20596015453338623,"[2.1923632621765137,2.4228930473327637,0.023958314210176468,0.8990087509155273]"
20260824,middle,24,8,1,E:/2026YOLO/datasets/coco_d2_mini_2048_seed20260901/images/train2017/000000574145.jpg,True,-0.045706357806921005,0.029362857341766357,0.030859552323818207,0.0009061246528290212,-1.2780686802216223e-06,18.28228187561035,0.34326690435409546,0.20596015453338623,"[2.1923632621765137,2.4228930473327637,0.023958314210176468,0.8990087509155273]"
20260824,middle,24,8,2,E:/2026YOLO/datasets/coco_d2_mini_2048_seed20260901/images/train2017/000000380034.jpg,True,-0.011746831238269806,0.002607599599286914,0.30618688464164734,0.0007984128315001726,-2.8716717679344583e-06,18.28228187561035,0.34326690435409546,0.20596015453338623,"[2.1923632621765137,2.4228930473327637,0.023958314210176468,0.8990087509155273]"
20260824,middle,24,8,3,E:/2026YOLO/datasets/coco_d2_mini_2048_seed20260901/images/train2017/000000039743.jpg,True,0.0018901434959843755,0.002845643786713481,0.33155179023742676,0.0009434782550670207,5.912593792345433e-07,18.28228187561035,0.34326690435409546,0.20596015453338623,"[2.1923632621765137,2.4228930473327637,0.023958314210176468,0.8990087509155273]"
20260824,middle,24,9,0,E:/2026YOLO/datasets/coco_d2_mini_2048_seed20260901/images/train2017/000000101892.jpg,True,0.004380707163363695,0.0032191751524806023,0.32897913455963135,0.0010590414749458432,1.5262494343915023e-06,22.802387237548828,0.3748183250427246,0.22489100694656372,"[2.2872354984283447,3.0661680698394775,0.02240791544318199,0.9159740805625916]"
20260824,middle,24,9,1,E:/2026YOLO/datasets/coco_d2_mini_2048_seed20260901/images/train2017/000000043202.jpg,True,-0.02293146774172783,0.02119213342666626,0.04198237508535385,0.0008896961226128042,-8.565260714021861e-07,22.802387237548828,0.3748183250427246,0.22489100694656372,"[2.2872354984283447,3.0661680698394775,0.02240791544318199,0.9159740805625916]"
20260824,middle,24,9,2,E:/2026YOLO/datasets/coco_d2_mini_2048_seed20260901/images/train2017/000000469514.jpg,True,-7.506999099859968e-05,0.004418138414621353,0.22371266782283783,0.0009883935563266277,-1.6599187802057713e-08,22.802387237548828,0.3748183250427246,0.22489100694656372,"[2.2872354984283447,3.0661680698394775,0.02240791544318199,0.9159740805625916]"
20260824,middle,24,9,3,E:/2026YOLO/datasets/coco_d2_mini_2048_seed20260901/images/train2017/000000278763.jpg,True,0.021264441311359406,0.0011120571289211512,0.7661060094833374,0.0008519536931999028,1.3879021935281344e-05,22.802387237548828,0.3748183250427246,0.22489100694656372,"[2.2872354984283447,3.0661680698394775,0.02240791544318199,0.9159740805625916]"
20260824,middle,24,10,0,E:/2026YOLO/datasets/coco_d2_mini_2048_seed20260901/images/train2017/000000478105.jpg,True,0.016578586772084236,0.0017671509413048625,0.48213350772857666,0.0008520027040503919,6.810136255808175e-06,20.276988983154297,0.39404070377349854,0.23642443120479584,"[1.3710098266601562,3.2310214042663574,0.02159629948437214,0.9331271052360535]"
20260824,middle,24,10,1,E:/2026YOLO/datasets/coco_d2_mini_2048_seed20260901/images/train2017/000000189770.jpg,True,0.01724611036479473,0.0012670228024944663,0.7227031588554382,0.000915681419428438,1.141288703365717e-05,20.276988983154297,0.39404070377349854,0.23642443120479584,"[1.3710098266601562,3.2310214042663574,0.02159629948437214,0.9331271052360535]"
20260824,middle,24,10,2,E:/2026YOLO/datasets/coco_d2_mini_2048_seed20260901/images/train2017/000000572152.jpg,True,0.02300279773771763,0.006935457233339548,0.14161157608032227,0.0009821410058066249,3.1992874482966727e-06,20.276988983154297,0.39404070377349854,0.23642443120479584,"[1.3710098266601562,3.2310214042663574,0.02159629948437214,0.9331271052360535]"
20260824,middle,24,10,3,E:/2026YOLO/datasets/coco_d2_mini_2048_seed20260901/images/train2017/000000460950.jpg,True,0.016444511711597443,0.0011745233787223697,0.731666088104248,0.000859358930028975,1.0339714208384976e-05,20.276988983154297,0.39404070377349854,0.23642443120479584,"[1.3710098266601562,3.2310214042663574,0.02159629948437214,0.9331271052360535]"
20260824,middle,24,11,0,E:/2026YOLO/datasets/coco_d2_mini_2048_seed20260901/images/train2017/000000148077.jpg,True,-0.01339010987430811,0.0024254098534584045,0.4287988841533661,0.0010400130413472652,-5.971405698801391e-06,18.169918060302734,0.35520339012145996,0.21312204003334045,"[1.5585601329803467,2.8564975261688232,0.02923694998025894,0.9122108221054077]"
20260824,middle,24,11,1,E:/2026YOLO/datasets/coco_d2_mini_2048_seed20260901/images/train2017/000000315221.jpg,True,0.02024247869849205,0.0013391042593866587,0.6776432394981384,0.0009074349654838443,1.2447448170860298e-05,18.169918060302734,0.35520339012145996,0.21312204003334045,"[1.5585601329803467,2.8564975261688232,0.02923694998025894,0.9122108221054077]"
20260824,middle,24,11,2,E:/2026YOLO/datasets/coco_d2_mini_2048_seed20260901/images/train2017/000000261696.jpg,True,-0.021636992692947388,0.0011209151707589626,0.8246115446090698,0.0009243196109309793,-1.649181649554521e-05,18.169918060302734,0.35520339012145996,0.21312204003334045,"[1.5585601329803467,2.8564975261688232,0.02923694998025894,0.9122108221054077]"
20260824,middle,24,11,3,E:/2026YOLO/datasets/coco_d2_mini_2048_seed20260901/images/train2017/000000477172.jpg,True,-0.0009583764476701617,0.0031665447168052197,0.28989076614379883,0.0009179521002806723,-2.5502956191303383e-07,18.169918060302734,0.35520339012145996,0.21312204003334045,"[1.5585601329803467,2.8564975261688232,0.02923694998025894,0.9122108221054077]"
20260824,middle,24,12,0,E:/2026YOLO/datasets/coco_d2_mini_2048_seed20260901/images/train2017/000000087671.jpg,True,0.0075003113597631454,0.002624127548187971,0.3265995383262634,0.0008570388308726251,2.0994007172703277e-06,20.85010528564453,0.29699087142944336,0.17819452285766602,"[2.342738151550293,2.943460464477539,0.021234117448329926,0.9310401678085327]"
20260824,middle,24,12,1,E:/2026YOLO/datasets/coco_d2_mini_2048_seed20260901/images/train2017/000000092634.jpg,True,-0.0005612593377009034,0.004183368757367134,0.20575281977653503,0.0008607399649918079,-9.939884648701991e-08,20.85010528564453,0.29699087142944336,0.17819452285766602,"[2.342738151550293,2.943460464477539,0.021234117448329926,0.9310401678085327]"
20260824,middle,24,12,2,E:/2026YOLO/datasets/coco_d2_mini_2048_seed20260901/images/train2017/000000177705.jpg,True,-0.002595859346911311,0.0045303963124752045,0.1740976721048355,0.0007887314422987401,-3.564538246791926e-07,20.85010528564453,0.29699087142944336,0.17819452285766602,"[2.342738151550293,2.943460464477539,0.021234117448329926,0.9310401678085327]"
20260824,middle,24,12,3,E:/2026YOLO/datasets/coco_d2_mini_2048_seed20260901/images/train2017/000000222228.jpg,True,0.015781139954924583,0.0020275551360100508,0.4297883212566376,0.0008714195573702455,5.9104463616677094e-06,20.85010528564453,0.29699087142944336,0.17819452285766602,"[2.342738151550293,2.943460464477539,0.021234117448329926,0.9310401678085327]"
20260824,middle,24,13,0,E:/2026YOLO/datasets/coco_d2_mini_2048_seed20260901/images/train2017/000000115370.jpg,True,0.03378259763121605,0.0024688749108463526,0.34354332089424133,0.0008481654804199934,9.843626685324125e-06,21.794658660888672,0.33341580629348755,0.200049489736557,"[2.4122326374053955,2.940127372741699,0.023570409044623375,0.8970251083374023]"
20260824,middle,24,13,1,E:/2026YOLO/datasets/coco_d2_mini_2048_seed20260901/images/train2017/000000400606.jpg,True,0.01662292331457138,0.0025757448747754097,0.334993839263916,0.0008628586656413972,4.804895070265047e-06,21.794658660888672,0.33341580629348755,0.200049489736557,"[2.4122326374053955,2.940127372741699,0.023570409044623375,0.8970251083374023]"
20260824,middle,24,13,2,E:/2026YOLO/datasets/coco_d2_mini_2048_seed20260901/images/train2017/000000205010.jpg,True,0.015836229547858238,0.004545311443507671,0.1881108283996582,0.000855022284667939,2.547082658566069e-06,21.794658660888672,0.33341580629348755,0.200049489736557,"[2.4122326374053955,2.940127372741699,0.023570409044623375,0.8970251083374023]"
20260824,middle,24,13,3,E:/2026YOLO/datasets/coco_d2_mini_2048_seed20260901/images/train2017/000000515191.jpg,True,-0.010984493419528008,0.0038753366097807884,0.21817252039909363,0.0008454919443465769,-2.026233687502099e-06,21.794658660888672,0.33341580629348755,0.200049489736557,"[2.4122326374053955,2.940127372741699,0.023570409044623375,0.8970251083374023]"
20260824,middle,24,14,0,E:/2026YOLO/datasets/coco_d2_mini_2048_seed20260901/images/train2017/000000190942.jpg,True,0.031957872211933136,0.002468803431838751,0.32210037112236023,0.0007952025043778121,8.185529623006005e-06,21.6042423248291,0.37060660123825073,0.22236396372318268,"[2.6110377311706543,2.675690174102783,0.01947198435664177,0.919460654258728]"
20260824,middle,24,14,1,E:/2026YOLO/datasets/coco_d2_mini_2048_seed20260901/images/train2017/000000397211.jpg,True,0.002657376928254962,0.0045526279136538506,0.19908027350902557,0.0009063383913598955,4.794814003616921e-07,21.6042423248291,0.37060660123825073,0.22236396372318268,"[2.6110377311706543,2.675690174102783,0.01947198435664177,0.919460654258728]"
20260824,middle,24,14,2,E:/2026YOLO/datasets/coco_d2_mini_2048_seed20260901/images/train2017/000000039606.jpg,True,-0.024538679048419,0.0026226481422781944,0.37061527371406555,0.0009719934896565974,-8.839706424623728e-06,21.6042423248291,0.37060660123825073,0.22236396372318268,"[2.6110377311706543,2.675690174102783,0.01947198435664177,0.919460654258728]"
20260824,middle,24,14,3,E:/2026YOLO/datasets/coco_d2_mini_2048_seed20260901/images/train2017/000000447118.jpg,True,0.000257569074165076,0.00421103136613965,0.2073228806257248,0.0008730431436561048,4.662047103920486e-08,21.6042423248291,0.37060660123825073,0.22236396372318268,"[2.6110377311706543,2.675690174102783,0.01947198435664177,0.919460654258728]"
20260824,middle,24,15,0,E:/2026YOLO/datasets/coco_d2_mini_2048_seed20260901/images/train2017/000000435454.jpg,True,0.00924727227538824,0.0039803581312298775,0.22163735330104828,0.0008821960655041039,1.808096840250073e-06,20.128896713256836,0.3384442925453186,0.20306658744812012,"[2.082489013671875,2.982062339782715,0.02259177528321743,0.9103847742080688]"
20260824,middle,24,15,1,E:/2026YOLO/datasets/coco_d2_mini_2048_seed20260901/images/train2017/000000175227.jpg,True,0.0225448627024889,0.001709766685962677,0.515508234500885,0.0008813987951725721,1.0243671567877755e-05,20.128896713256836,0.3384442925453186,0.20306658744812012,"[2.082489013671875,2.982062339782715,0.02259177528321743,0.9103847742080688]"
20260824,middle,24,15,2,E:/2026YOLO/datasets/coco_d2_mini_2048_seed20260901/images/train2017/000000028359.jpg,True,0.030743300914764404,0.0021072577219456434,0.4383522868156433,0.0009237212361767888,1.2448433153622318e-05,20.128896713256836,0.3384442925453186,0.20306658744812012,"[2.082489013671875,2.982062339782715,0.02259177528321743,0.9103847742080688]"
20260824,middle,24,15,3,E:/2026YOLO/datasets/coco_d2_mini_2048_seed20260901/images/train2017/000000205435.jpg,True,-0.010567007586359978,0.002116978168487549,0.4231843650341034,0.0008958720718510449,-4.006154085800517e-06,20.128896713256836,0.3384442925453186,0.20306658744812012,"[2.082489013671875,2.982062339782715,0.02259177528321743,0.9103847742080688]"
20260824,late,49,0,0,E:/2026YOLO/datasets/coco_d2_mini_2048_seed20260901/images/train2017/000000055118.jpg,True,-0.0058423299342393875,0.004102158825844526,0.19640758633613586,0.0008056951337493956,-9.245173941963003e-07,18.550716400146484,0.3013349175453186,0.18080095946788788,"[2.4835877418518066,2.3895962238311768,0.018390119075775146,0.8832727074623108]"
20260824,late,49,0,1,E:/2026YOLO/datasets/coco_d2_mini_2048_seed20260901/images/train2017/000000486491.jpg,True,0.008442758582532406,0.0031097671017050743,0.2855195105075836,0.0008878991939127445,2.140345259249443e-06,18.550716400146484,0.3013349175453186,0.18080095946788788,"[2.4835877418518066,2.3895962238311768,0.018390119075775146,0.8832727074623108]"
20260824,late,49,0,2,E:/2026YOLO/datasets/coco_d2_mini_2048_seed20260901/images/train2017/000000111194.jpg,True,-0.0026916523929685354,0.007080885581672192,0.10773450136184692,0.0007628556923009455,-2.21215813667186e-07,18.550716400146484,0.3013349175453186,0.18080095946788788,"[2.4835877418518066,2.3895962238311768,0.018390119075775146,0.8832727074623108]"
20260824,late,49,0,3,E:/2026YOLO/datasets/coco_d2_mini_2048_seed20260901/images/train2017/000000012236.jpg,True,-0.017060888931155205,0.0023000449873507023,0.33248037099838257,0.0007647197926416993,-4.337804966780823e-06,18.550716400146484,0.3013349175453186,0.18080095946788788,"[2.4835877418518066,2.3895962238311768,0.018390119075775146,0.8832727074623108]"
20260824,late,49,1,0,E:/2026YOLO/datasets/coco_d2_mini_2048_seed20260901/images/train2017/000000447095.jpg,True,-0.0068219853565096855,0.0010916697792708874,0.7310821413993835,0.0007981002563610673,-3.980470410169801e-06,20.51800537109375,0.35950493812561035,0.21570296585559845,"[2.049457550048828,3.34602689743042,0.02202500030398369,0.9039306640625]"
20260824,late,49,1,1,E:/2026YOLO/datasets/coco_d2_mini_2048_seed20260901/images/train2017/000000103427.jpg,True,0.021120691671967506,0.001867014216259122,0.4445428252220154,0.0008299677865579724,7.792610631440766e-06,20.51800537109375,0.35950493812561035,0.21570296585559845,"[2.049457550048828,3.34602689743042,0.02202500030398369,0.9039306640625]"
20260824,late,49,1,2,E:/2026YOLO/datasets/coco_d2_mini_2048_seed20260901/images/train2017/000000361519.jpg,True,-0.03267887234687805,0.009541381150484085,0.10602129995822906,0.00101158965844661,-3.504810592858121e-06,20.51800537109375,0.35950493812561035,0.21570296585559845,"[2.049457550048828,3.34602689743042,0.02202500030398369,0.9039306640625]"
20260824,late,49,1,3,E:/2026YOLO/datasets/coco_d2_mini_2048_seed20260901/images/train2017/000000128142.jpg,True,0.006834333296865225,0.002852744422852993,0.32871106266975403,0.0009377286187373102,2.1066271074232645e-06,20.51800537109375,0.35950493812561035,0.21570296585559845,"[2.049457550048828,3.34602689743042,0.02202500030398369,0.9039306640625]"
20260824,late,49,2,0,E:/2026YOLO/datasets/coco_d2_mini_2048_seed20260901/images/train2017/000000003242.jpg,True,0.010290289297699928,0.0023284340277314186,0.36172813177108765,0.0008422600803896785,3.1351339657703647e-06,20.55159568786621,0.2946511507034302,0.17679069936275482,"[2.4528982639312744,3.3045177459716797,0.015628034248948097,0.901509702205658]"
20260824,late,49,2,1,E:/2026YOLO/datasets/coco_d2_mini_2048_seed20260901/images/train2017/000000332646.jpg,True,0.023505527526140213,0.003078340319916606,0.2905256450176239,0.0008943367865867913,6.10738879913697e-06,20.55159568786621,0.2946511507034302,0.17679069936275482,"[2.4528982639312744,3.3045177459716797,0.015628034248948097,0.901509702205658]"
20260824,late,49,2,2,E:/2026YOLO/datasets/coco_d2_mini_2048_seed20260901/images/train2017/000000399784.jpg,True,0.001772112213075161,0.0027372597251087427,0.2805567979812622,0.0007679568370804191,3.818113327724859e-07,20.55159568786621,0.2946511507034302,0.17679069936275482,"[2.4528982639312744,3.3045177459716797,0.015628034248948097,0.901509702205658]"
20260824,late,49,2,3,E:/2026YOLO/datasets/coco_d2_mini_2048_seed20260901/images/train2017/000000268809.jpg,True,0.01528401393443346,0.0042350138537585735,0.17159031331539154,0.000726687372662127,1.9058020370721351e-06,20.55159568786621,0.2946511507034302,0.17679069936275482,"[2.4528982639312744,3.3045177459716797,0.015628034248948097,0.901509702205658]"
20260824,late,49,3,0,E:/2026YOLO/datasets/coco_d2_mini_2048_seed20260901/images/train2017/000000469798.jpg,True,0.014263731427490711,0.003992313984781504,0.22212933003902435,0.0008868100703693926,2.809762918332126e-06,20.770071029663086,0.30809950828552246,0.18485970795154572,"[2.574230432510376,2.718783140182495,0.022920114919543266,0.8957446217536926]"
20260824,late,49,3,1,E:/2026YOLO/datasets/coco_d2_mini_2048_seed20260901/images/train2017/000000341797.jpg,True,0.025669148191809654,0.0028627095744013786,0.2611613869667053,0.0007476292084902525,5.0119492698286194e-06,20.770071029663086,0.30809950828552246,0.18485970795154572,"[2.574230432510376,2.718783140182495,0.022920114919543266,0.8957446217536926]"
20260824,late,49,3,2,E:/2026YOLO/datasets/coco_d2_mini_2048_seed20260901/images/train2017/000000172342.jpg,True,0.005951395258307457,0.0032961294054985046,0.2375192940235138,0.0007828943198546767,1.1066769047829439e-06,20.770071029663086,0.30809950828552246,0.18485970795154572,"[2.574230432510376,2.718783140182495,0.022920114919543266,0.8957446217536926]"
20260824,late,49,3,3,E:/2026YOLO/datasets/coco_d2_mini_2048_seed20260901/images/train2017/000000098596.jpg,True,0.005753606092184782,0.005272168666124344,0.14930656552314758,0.0007871693815104663,6.76218746775703e-07,20.770071029663086,0.30809950828552246,0.18485970795154572,"[2.574230432510376,2.718783140182495,0.022920114919543266,0.8957446217536926]"
20260824,late,49,4,0,E:/2026YOLO/datasets/coco_d2_mini_2048_seed20260901/images/train2017/000000345635.jpg,True,0.01169372908771038,0.005444508045911789,0.13928915560245514,0.0007583608967252076,1.235225568052556e-06,19.383480072021484,0.3298370838165283,0.19790226221084595,"[2.1066994667053223,2.7982559204101562,0.018709365278482437,0.9175436496734619]"
20260824,late,49,4,1,E:/2026YOLO/datasets/coco_d2_mini_2048_seed20260901/images/train2017/000000348684.jpg,True,-0.005976127926260233,0.005079598166048527,0.17337584495544434,0.0008806796395219862,-9.124864277509914e-07,19.383480072021484,0.3298370838165283,0.19790226221084595,"[2.1066994667053223,2.7982559204101562,0.018709365278482437,0.9175436496734619]"
20260824,late,49,4,2,E:/2026YOLO/datasets/coco_d2_mini_2048_seed20260901/images/train2017/000000124311.jpg,True,-0.007252663839608431,0.004096244461834431,0.1991931051015854,0.000815943640191108,-1.1787778930738568e-06,19.383480072021484,0.3298370838165283,0.19790226221084595,"[2.1066994667053223,2.7982559204101562,0.018709365278482437,0.9175436496734619]"
20260824,late,49,4,3,E:/2026YOLO/datasets/coco_d2_mini_2048_seed20260901/images/train2017/000000178690.jpg,True,0.047716058790683746,0.002098644617944956,0.3824411928653717,0.0008026081486605108,1.4646464478573762e-05,19.383480072021484,0.3298370838165283,0.19790226221084595,"[2.1066994667053223,2.7982559204101562,0.018709365278482437,0.9175436496734619]"
20260824,late,49,5,0,E:/2026YOLO/datasets/coco_d2_mini_2048_seed20260901/images/train2017/000000241623.jpg,True,-0.021307338029146194,0.007786748465150595,0.10257907956838608,0.0007987574790604413,-1.7458339698350755e-06,18.305728912353516,0.3539388179779053,0.21236330270767212,"[1.5696403980255127,2.6950201988220215,0.01794825680553913,0.9171727895736694]"
20260824,late,49,5,1,E:/2026YOLO/datasets/coco_d2_mini_2048_seed20260901/images/train2017/000000168738.jpg,True,-0.008928420953452587,0.0020201904699206352,0.34824782609939575,0.0007035269518382847,-2.1874784579267725e-06,18.305728912353516,0.3539388179779053,0.21236330270767212,"[1.5696403980255127,2.6950201988220215,0.01794825680553913,0.9171727895736694]"
20260824,late,49,5,2,E:/2026YOLO/datasets/coco_d2_mini_2048_seed20260901/images/train2017/000000358580.jpg,True,0.022211594507098198,0.0022374901454895735,0.41051170229911804,0.0009185158996842802,8.375137440452818e-06,18.305728912353516,0.3539388179779053,0.21236330270767212,"[1.5696403980255127,2.6950201988220215,0.01794825680553913,0.9171727895736694]"
20260824,late,49,5,3,E:/2026YOLO/datasets/coco_d2_mini_2048_seed20260901/images/train2017/000000550760.jpg,True,0.017345005646348,0.0021916169207543135,0.3904781937599182,0.0008557785768061876,5.796056939288974e-06,18.305728912353516,0.3539388179779053,0.21236330270767212,"[1.5696403980255127,2.6950201988220215,0.01794825680553913,0.9171727895736694]"
20260824,late,49,6,0,E:/2026YOLO/datasets/coco_d2_mini_2048_seed20260901/images/train2017/000000306710.jpg,True,0.0040785521268844604,0.013663309626281261,0.07047463953495026,0.0009629168198443949,2.7677549496729625e-07,16.56745719909668,0.3269064426422119,0.19614388048648834,"[1.5416724681854248,2.125406503677368,0.021158475428819656,0.9215108156204224]"
20260824,late,49,6,1,E:/2026YOLO/datasets/coco_d2_mini_2048_seed20260901/images/train2017/000000523220.jpg,True,0.006988906301558018,0.0013560598017647862,0.6331318616867065,0.0008585646864958107,3.7990621422068216e-06,16.56745719909668,0.3269064426422119,0.19614388048648834,"[1.5416724681854248,2.125406503677368,0.021158475428819656,0.9215108156204224]"
20260824,late,49,6,2,E:/2026YOLO/datasets/coco_d2_mini_2048_seed20260901/images/train2017/000000009885.jpg,True,-0.01322609931230545,0.0018664441304281354,0.4301004111766815,0.0008027583826333284,-4.566531970340293e-06,16.56745719909668,0.3269064426422119,0.19614388048648834,"[1.5416724681854248,2.125406503677368,0.021158475428819656,0.9215108156204224]"
20260824,late,49,6,3,E:/2026YOLO/datasets/coco_d2_mini_2048_seed20260901/images/train2017/000000501695.jpg,True,0.007870231755077839,0.0038226612377911806,0.20496514439582825,0.000783512310590595,1.2639018223126186e-06,16.56745719909668,0.3269064426422119,0.19614388048648834,"[1.5416724681854248,2.125406503677368,0.021158475428819656,0.9215108156204224]"
20260824,late,49,7,0,E:/2026YOLO/datasets/coco_d2_mini_2048_seed20260901/images/train2017/000000224366.jpg,True,0.0005252715200185776,0.0024332813918590546,0.3403235375881195,0.0008281029295176268,1.480335640735575e-07,18.191543579101562,0.2997896075248718,0.1798737645149231,"[2.4778199195861816,2.3588624000549316,0.014331992715597153,0.9382861852645874]"
20260824,late,49,7,1,E:/2026YOLO/datasets/coco_d2_mini_2048_seed20260901/images/train2017/000000277912.jpg,True,0.0010327433701604605,0.0027228628750890493,0.29868555068969727,0.0008132798247970641,2.5086879418267927e-07,18.191543579101562,0.2997896075248718,0.1798737645149231,"[2.4778199195861816,2.3588624000549316,0.014331992715597153,0.9382861852645874]"
20260824,late,49,7,2,E:/2026YOLO/datasets/coco_d2_mini_2048_seed20260901/images/train2017/000000441240.jpg,True,0.001301186508499086,0.0025608635041862726,0.34076735377311707,0.0008726586820557714,3.8693849546689307e-07,18.191543579101562,0.2997896075248718,0.1798737645149231,"[2.4778199195861816,2.3588624000549316,0.014331992715597153,0.9382861852645874]"
20260824,late,49,7,3,E:/2026YOLO/datasets/coco_d2_mini_2048_seed20260901/images/train2017/000000142318.jpg,True,0.02747013419866562,0.0056619648821651936,0.1564496010541916,0.0008858121582306921,3.806947461271193e-06,18.191543579101562,0.2997896075248718,0.1798737645149231,"[2.4778199195861816,2.3588624000549316,0.014331992715597153,0.9382861852645874]"
20260824,late,49,8,0,E:/2026YOLO/datasets/coco_d2_mini_2048_seed20260901/images/train2017/000000171384.jpg,True,0.006959765218198299,0.003276587463915348,0.2755919098854065,0.0009030009969137609,1.7320056713288068e-06,15.574331283569336,0.3139435648918152,0.1883661448955536,"[1.7147363424301147,2.297921657562256,0.018469180911779404,0.9198809862136841]"
20260824,late,49,8,1,E:/2026YOLO/datasets/coco_d2_mini_2048_seed20260901/images/train2017/000000574145.jpg,True,-0.041236553341150284,0.021963918581604958,0.037535689771175385,0.0008244308410212398,-1.2760890513163758e-06,15.574331283569336,0.3139435648918152,0.1883661448955536,"[1.7147363424301147,2.297921657562256,0.018469180911779404,0.9198809862136841]"
20260824,late,49,8,2,E:/2026YOLO/datasets/coco_d2_mini_2048_seed20260901/images/train2017/000000380034.jpg,True,-0.00865384005010128,0.0027348049916327,0.2892247140407562,0.0007909731939435005,-1.9797303139057476e-06,15.574331283569336,0.3139435648918152,0.1883661448955536,"[1.7147363424301147,2.297921657562256,0.018469180911779404,0.9198809862136841]"
20260824,late,49,8,3,E:/2026YOLO/datasets/coco_d2_mini_2048_seed20260901/images/train2017/000000039743.jpg,True,-0.012390192598104477,0.0018682251684367657,0.4299091100692749,0.000803167000412941,-4.2781948650372215e-06,15.574331283569336,0.3139435648918152,0.1883661448955536,"[1.7147363424301147,2.297921657562256,0.018469180911779404,0.9198809862136841]"
20260824,late,49,9,0,E:/2026YOLO/datasets/coco_d2_mini_2048_seed20260901/images/train2017/000000101892.jpg,True,0.00519857881590724,0.00327911670319736,0.2754290997982025,0.0009031641529873013,1.2931864148413297e-06,21.155986785888672,0.35097503662109375,0.21058502793312073,"[2.15364146232605,2.6831371784210205,0.02232295833528042,0.9165981411933899]"
20260824,late,49,9,1,E:/2026YOLO/datasets/coco_d2_mini_2048_seed20260901/images/train2017/000000043202.jpg,True,-0.015543414279818535,0.018878215923905373,0.04600770026445389,0.0008685432840138674,-6.211098479980137e-07,21.155986785888672,0.35097503662109375,0.21058502793312073,"[2.15364146232605,2.6831371784210205,0.02232295833528042,0.9165981411933899]"
20260824,late,49,9,2,E:/2026YOLO/datasets/coco_d2_mini_2048_seed20260901/images/train2017/000000469514.jpg,True,-0.021345769986510277,0.0030978575814515352,0.280596524477005,0.0008692480623722076,-5.20640378454118e-06,21.155986785888672,0.35097503662109375,0.21058502793312073,"[2.15364146232605,2.6831371784210205,0.02232295833528042,0.9165981411933899]"
20260824,late,49,9,3,E:/2026YOLO/datasets/coco_d2_mini_2048_seed20260901/images/train2017/000000278763.jpg,True,0.03846926614642143,0.0011028492590412498,0.7205742597579956,0.0007946848054416478,2.202863288403023e-05,21.155986785888672,0.35097503662109375,0.21058502793312073,"[2.15364146232605,2.6831371784210205,0.02232295833528042,0.9165981411933899]"
20260824,late,49,10,0,E:/2026YOLO/datasets/coco_d2_mini_2048_seed20260901/images/train2017/000000478105.jpg,True,-0.017146408557891846,0.002236006548628211,0.35501834750175476,0.0007938233320601285,-4.832232662010938e-06,16.28826904296875,0.3656442165374756,0.2193865329027176,"[1.2826179265975952,2.2115378379821777,0.02187369391322136,0.8946672081947327]"
20260824,late,49,10,1,E:/2026YOLO/datasets/coco_d2_mini_2048_seed20260901/images/train2017/000000189770.jpg,True,0.0010815594578161836,0.00127795257139951,0.6188640594482422,0.0007908788975328207,5.293654794513714e-07,16.28826904296875,0.3656442165374756,0.2193865329027176,"[1.2826179265975952,2.2115378379821777,0.02187369391322136,0.8946672081947327]"
20260824,late,49,10,2,E:/2026YOLO/datasets/coco_d2_mini_2048_seed20260901/images/train2017/000000572152.jpg,True,0.03975224867463112,0.005433263257145882,0.1763761043548584,0.0009582978091202676,6.718958047713386e-06,16.28826904296875,0.3656442165374756,0.2193865329027176,"[1.2826179265975952,2.2115378379821777,0.02187369391322136,0.8946672081947327]"
20260824,late,49,10,3,E:/2026YOLO/datasets/coco_d2_mini_2048_seed20260901/images/train2017/000000460950.jpg,True,0.012058047577738762,0.001170047908090055,0.6917821764945984,0.0008094182703644037,6.75179671816295e-06,16.28826904296875,0.3656442165374756,0.2193865329027176,"[1.2826179265975952,2.2115378379821777,0.02187369391322136,0.8946672081947327]"
20260824,late,49,11,0,E:/2026YOLO/datasets/coco_d2_mini_2048_seed20260901/images/train2017/000000148077.jpg,True,0.010257028043270111,0.0018807314336299896,0.44273021817207336,0.0008326566312462091,3.781173973038676e-06,14.405027389526367,0.318233847618103,0.19094032049179077,"[1.2031477689743042,2.294451951980591,0.018615111708641052,0.8935861587524414]"
20260824,late,49,11,1,E:/2026YOLO/datasets/coco_d2_mini_2048_seed20260901/images/train2017/000000315221.jpg,True,0.018707027658820152,0.0013999181101098657,0.6510058641433716,0.0009113549022004008,1.1098830327682663e-05,14.405027389526367,0.318233847618103,0.19094032049179077,"[1.2031477689743042,2.294451951980591,0.018615111708641052,0.8935861587524414]"
20260824,late,49,11,2,E:/2026YOLO/datasets/coco_d2_mini_2048_seed20260901/images/train2017/000000261696.jpg,True,-0.01584099419414997,0.0009201542125083506,0.9317981004714966,0.0008573979721404612,-1.2655715181608684e-05,14.405027389526367,0.318233847618103,0.19094032049179077,"[1.2031477689743042,2.294451951980591,0.018615111708641052,0.8935861587524414]"
20260824,late,49,11,3,E:/2026YOLO/datasets/coco_d2_mini_2048_seed20260901/images/train2017/000000477172.jpg,True,0.004589939955621958,0.0028460270259529352,0.31161069869995117,0.0008868524455465376,1.2684423609243822e-06,14.405027389526367,0.318233847618103,0.19094032049179077,"[1.2031477689743042,2.294451951980591,0.018615111708641052,0.8935861587524414]"
20260824,late,49,12,0,E:/2026YOLO/datasets/coco_d2_mini_2048_seed20260901/images/train2017/000000087671.jpg,True,-0.0006410382338799536,0.0023435454349964857,0.32483628392219543,0.0007612686022184789,-1.5852083379286341e-07,18.25735855102539,0.265738308429718,0.1594429910182953,"[2.1565334796905518,2.397721529006958,0.018335090950131416,0.9159377813339233]"
20260824,late,49,12,1,E:/2026YOLO/datasets/coco_d2_mini_2048_seed20260901/images/train2017/000000092634.jpg,True,-0.00010109897266374901,0.0032853614538908005,0.23867303133010864,0.000784127158112824,-1.8920673028333113e-08,18.25735855102539,0.265738308429718,0.1594429910182953,"[2.1565334796905518,2.397721529006958,0.018335090950131416,0.9159377813339233]"
20260824,late,49,12,2,E:/2026YOLO/datasets/coco_d2_mini_2048_seed20260901/images/train2017/000000177705.jpg,True,0.0011689706007018685,0.003279472002759576,0.22456572949886322,0.0007364570046775043,1.933278781507397e-07,18.25735855102539,0.265738308429718,0.1594429910182953,"[2.1565334796905518,2.397721529006958,0.018335090950131416,0.9159377813339233]"
20260824,late,49,12,3,E:/2026YOLO/datasets/coco_d2_mini_2048_seed20260901/images/train2017/000000222228.jpg,True,0.02091514691710472,0.002112916437909007,0.39021623134613037,0.0008244942873716354,6.729052074661013e-06,18.25735855102539,0.265738308429718,0.1594429910182953,"[2.1565334796905518,2.397721529006958,0.018335090950131416,0.9159377813339233]"
20260824,late,49,13,0,E:/2026YOLO/datasets/coco_d2_mini_2048_seed20260901/images/train2017/000000115370.jpg,True,0.017491739243268967,0.0021199106704443693,0.3594430983066559,0.0007619872922077775,4.7908315536915325e-06,20.2819881439209,0.3090866804122925,0.18545201420783997,"[2.1097824573516846,2.705124616622925,0.01851658709347248,0.9173198342323303]"
20260824,late,49,13,1,E:/2026YOLO/datasets/coco_d2_mini_2048_seed20260901/images/train2017/000000400606.jpg,True,0.005263845901936293,0.0019980778452008963,0.407924085855484,0.0008150641224347055,1.7501461115898564e-06,20.2819881439209,0.3090866804122925,0.18545201420783997,"[2.1097824573516846,2.705124616622925,0.01851658709347248,0.9173198342323303]"
20260824,late,49,13,2,E:/2026YOLO/datasets/coco_d2_mini_2048_seed20260901/images/train2017/000000205010.jpg,True,-0.0016516451723873615,0.005253052804619074,0.1531790792942047,0.0008046578150242567,-2.0357640551083023e-07,20.2819881439209,0.3090866804122925,0.18545201420783997,"[2.1097824573516846,2.705124616622925,0.01851658709347248,0.9173198342323303]"
20260824,late,49,13,3,E:/2026YOLO/datasets/coco_d2_mini_2048_seed20260901/images/train2017/000000515191.jpg,True,0.012479959987103939,0.0032344660721719265,0.24520272016525269,0.000793099869042635,2.4269806999654975e-06,20.2819881439209,0.3090866804122925,0.18545201420783997,"[2.1097824573516846,2.705124616622925,0.01851658709347248,0.9173198342323303]"
20260824,late,49,14,0,E:/2026YOLO/datasets/coco_d2_mini_2048_seed20260901/images/train2017/000000190942.jpg,True,0.017333609983325005,0.0019330851500853896,0.3712586760520935,0.0007176746148616076,4.618417733581737e-06,19.3804874420166,0.32789647579193115,0.19673790037631989,"[2.3735902309417725,2.4828834533691406,0.017232418060302734,0.9228962659835815]"
20260824,late,49,14,1,E:/2026YOLO/datasets/coco_d2_mini_2048_seed20260901/images/train2017/000000397211.jpg,True,-0.01874363422393799,0.00346346921287477,0.25401708483695984,0.0008797803311608732,-4.188812908978434e-06,19.3804874420166,0.32789647579193115,0.19673790037631989,"[2.3735902309417725,2.4828834533691406,0.017232418060302734,0.9228962659835815]"
20260824,late,49,14,2,E:/2026YOLO/datasets/coco_d2_mini_2048_seed20260901/images/train2017/000000039606.jpg,True,-0.041439153254032135,0.0026157000102102757,0.3169110417366028,0.0008289442048408091,-1.0886130439757835e-05,19.3804874420166,0.32789647579193115,0.19673790037631989,"[2.3735902309417725,2.4828834533691406,0.017232418060302734,0.9228962659835815]"
20260824,late,49,14,3,E:/2026YOLO/datasets/coco_d2_mini_2048_seed20260901/images/train2017/000000447118.jpg,True,-0.004483252763748169,0.004633116070181131,0.1729205995798111,0.0008011612226255238,-6.210976266629586e-07,19.3804874420166,0.32789647579193115,0.19673790037631989,"[2.3735902309417725,2.4828834533691406,0.017232418060302734,0.9228962659835815]"
20260824,late,49,15,0,E:/2026YOLO/datasets/coco_d2_mini_2048_seed20260901/images/train2017/000000435454.jpg,True,0.028370622545480728,0.003969987388700247,0.20488624274730682,0.0008133957744576037,4.728066414827481e-06,17.89229965209961,0.3110520839691162,0.18663126230239868,"[2.2525179386138916,2.37235164642334,0.022430893033742905,0.9091634750366211]"
20260824,late,49,15,1,E:/2026YOLO/datasets/coco_d2_mini_2048_seed20260901/images/train2017/000000175227.jpg,True,0.037282638251781464,0.0018277692142874002,0.44052234292030334,0.0008051731856539845,1.3224031135905534e-05,17.89229965209961,0.3110520839691162,0.18663126230239868,"[2.2525179386138916,2.37235164642334,0.022430893033742905,0.9091634750366211]"
20260824,late,49,15,2,E:/2026YOLO/datasets/coco_d2_mini_2048_seed20260901/images/train2017/000000028359.jpg,True,-0.014630010351538658,0.0029853181913495064,0.3119613230228424,0.0009313038317486644,-4.250468009558972e-06,17.89229965209961,0.3110520839691162,0.18663126230239868,"[2.2525179386138916,2.37235164642334,0.022430893033742905,0.9091634750366211]"
20260824,late,49,15,3,E:/2026YOLO/datasets/coco_d2_mini_2048_seed20260901/images/train2017/000000205435.jpg,True,-0.010367447510361671,0.0020262207835912704,0.3852387070655823,0.0007805786444805562,-3.1175859476206824e-06,17.89229965209961,0.3110520839691162,0.18663126230239868,"[2.2525179386138916,2.37235164642334,0.022430893033742905,0.9091634750366211]"
20260825,early,9,0,0,E:/2026YOLO/datasets/coco_d2_mini_2048_seed20260901/images/train2017/000000055118.jpg,True,-0.031120846047997475,0.009689928963780403,0.22540660202503204,0.0021841740235686302,-1.532164060336072e-05,22.118133544921875,0.6705143451690674,0.4023086130619049,"[2.6322646141052246,2.9844648838043213,0.021710986271500587,0.9180984497070312]"
20260825,early,9,0,1,E:/2026YOLO/datasets/coco_d2_mini_2048_seed20260901/images/train2017/000000486491.jpg,True,-0.002740525873377919,0.009772363118827343,0.20488612353801727,0.002002221532166004,-1.1242387927268283e-06,22.118133544921875,0.6705143451690674,0.4023086130619049,"[2.6322646141052246,2.9844648838043213,0.021710986271500587,0.9180984497070312]"
20260825,early,9,0,2,E:/2026YOLO/datasets/coco_d2_mini_2048_seed20260901/images/train2017/000000111194.jpg,True,-0.012315391562879086,0.021451426669955254,0.09010274708271027,0.0019328325288370252,-2.1447688141051913e-06,22.118133544921875,0.6705143451690674,0.4023086130619049,"[2.6322646141052246,2.9844648838043213,0.021710986271500587,0.9180984497070312]"
20260825,early,9,0,3,E:/2026YOLO/datasets/coco_d2_mini_2048_seed20260901/images/train2017/000000012236.jpg,True,-0.043361011892557144,0.022913414984941483,0.08343227952718735,0.0019117185147479177,-6.916039183124667e-06,22.118133544921875,0.6705143451690674,0.4023086130619049,"[2.6322646141052246,2.9844648838043213,0.021710986271500587,0.9180984497070312]"
20260825,early,9,1,0,E:/2026YOLO/datasets/coco_d2_mini_2048_seed20260901/images/train2017/000000447095.jpg,True,-0.023600881919264793,0.005096363369375467,0.373216450214386,0.001902046613395214,-1.675367821007967e-05,23.45619010925293,0.6429632902145386,0.3857779800891876,"[2.372828245162964,3.846041202545166,0.02937868796288967,0.9421929717063904]"
20260825,early,9,1,1,E:/2026YOLO/datasets/coco_d2_mini_2048_seed20260901/images/train2017/000000103427.jpg,True,0.007694241590797901,0.007046014070510864,0.27171528339385986,0.0019145096885040402,4.002556124760304e-06,23.45619010925293,0.6429632902145386,0.3857779800891876,"[2.372828245162964,3.846041202545166,0.02937868796288967,0.9421929717063904]"
20260825,early,9,1,2,E:/2026YOLO/datasets/coco_d2_mini_2048_seed20260901/images/train2017/000000361519.jpg,True,-0.03344820812344551,0.02142430655658245,0.09184424579143524,0.0019676992669701576,-6.044821930117905e-06,23.45619010925293,0.6429632902145386,0.3857779800891876,"[2.372828245162964,3.846041202545166,0.02937868796288967,0.9421929717063904]"
20260825,early,9,1,3,E:/2026YOLO/datasets/coco_d2_mini_2048_seed20260901/images/train2017/000000128142.jpg,True,-8.159531716955826e-05,0.00810128916054964,0.25242879986763,0.0020449988078325987,-4.212085968902102e-08,23.45619010925293,0.6429632902145386,0.3857779800891876,"[2.372828245162964,3.846041202545166,0.02937868796288967,0.9421929717063904]"
20260825,early,9,2,0,E:/2026YOLO/datasets/coco_d2_mini_2048_seed20260901/images/train2017/000000003242.jpg,True,-0.007017061579972506,0.003974319435656071,0.535112202167511,0.002126706764101982,-7.985603588167578e-06,26.8236026763916,0.6633687019348145,0.39802125096321106,"[2.5345866680145264,4.579889297485352,0.022227592766284943,0.9223387241363525]"
20260825,early,9,2,1,E:/2026YOLO/datasets/coco_d2_mini_2048_seed20260901/images/train2017/000000332646.jpg,True,-0.02732011117041111,0.01093448419123888,0.18722166121006012,0.0020471722818911076,-1.0471116183907725e-05,26.8236026763916,0.6633687019348145,0.39802125096321106,"[2.5345866680145264,4.579889297485352,0.022227592766284943,0.9223387241363525]"
20260825,early,9,2,2,E:/2026YOLO/datasets/coco_d2_mini_2048_seed20260901/images/train2017/000000399784.jpg,True,0.02383296750485897,0.00663016876205802,0.29231134057044983,0.0019380735466256738,1.350187449133955e-05,26.8236026763916,0.6633687019348145,0.39802125096321106,"[2.5345866680145264,4.579889297485352,0.022227592766284943,0.9223387241363525]"
20260825,early,9,2,3,E:/2026YOLO/datasets/coco_d2_mini_2048_seed20260901/images/train2017/000000268809.jpg,True,-0.025873450562357903,0.01336174551397562,0.1572353094816208,0.00210093823261559,-8.547078323317692e-06,26.8236026763916,0.6633687019348145,0.39802125096321106,"[2.5345866680145264,4.579889297485352,0.022227592766284943,0.9223387241363525]"
20260825,early,9,3,0,E:/2026YOLO/datasets/coco_d2_mini_2048_seed20260901/images/train2017/000000469798.jpg,True,-0.030721381306648254,0.009876308962702751,0.18614403903484344,0.0018384159775450826,-1.0513169399928302e-05,26.491426467895508,0.6542133092880249,0.3925279974937439,"[2.7576775550842285,3.7216994762420654,0.02429402619600296,0.9224644899368286]"
20260825,early,9,3,1,E:/2026YOLO/datasets/coco_d2_mini_2048_seed20260901/images/train2017/000000341797.jpg,True,0.021257678046822548,0.009234881028532982,0.20920851826667786,0.0019320157589390874,8.592229278292507e-06,26.491426467895508,0.6542133092880249,0.3925279974937439,"[2.7576775550842285,3.7216994762420654,0.02429402619600296,0.9224644899368286]"
20260825,early,9,3,2,E:/2026YOLO/datasets/coco_d2_mini_2048_seed20260901/images/train2017/000000172342.jpg,True,0.015283274464309216,0.008768347091972828,0.2001890391111374,0.0017553269863128662,5.370500275603263e-06,26.491426467895508,0.6542133092880249,0.3925279974937439,"[2.7576775550842285,3.7216994762420654,0.02429402619600296,0.9224644899368286]"
20260825,early,9,3,3,E:/2026YOLO/datasets/coco_d2_mini_2048_seed20260901/images/train2017/000000098596.jpg,True,-0.01836760714650154,0.022125929594039917,0.09464114159345627,0.00209402316249907,-3.6401058878254844e-06,26.491426467895508,0.6542133092880249,0.3925279974937439,"[2.7576775550842285,3.7216994762420654,0.02429402619600296,0.9224644899368286]"
20260825,early,9,4,0,E:/2026YOLO/datasets/coco_d2_mini_2048_seed20260901/images/train2017/000000345635.jpg,True,-0.005847190506756306,0.014592797495424747,0.1401938796043396,0.0020458209328353405,-1.677041950642888e-06,23.6621036529541,0.6717624068260193,0.4030574560165405,"[2.3045589923858643,3.561336040496826,0.023078175261616707,0.9279823899269104]"
20260825,early,9,4,1,E:/2026YOLO/datasets/coco_d2_mini_2048_seed20260901/images/train2017/000000348684.jpg,True,-0.01579328626394272,0.013799179345369339,0.1420758217573166,0.001960529712960124,-4.3991230995743535e-06,23.6621036529541,0.6717624068260193,0.4030574560165405,"[2.3045589923858643,3.561336040496826,0.023078175261616707,0.9279823899269104]"
20260825,early,9,4,2,E:/2026YOLO/datasets/coco_d2_mini_2048_seed20260901/images/train2017/000000124311.jpg,True,0.0015674920286983252,0.011648202314972878,0.17602244019508362,0.002050345065072179,5.657184374285862e-07,23.6621036529541,0.6717624068260193,0.4030574560165405,"[2.3045589923858643,3.561336040496826,0.023078175261616707,0.9279823899269104]"
20260825,early,9,4,3,E:/2026YOLO/datasets/coco_d2_mini_2048_seed20260901/images/train2017/000000178690.jpg,True,-0.004430648870766163,0.007464571390300989,0.2742927372455597,0.0020474777556955814,-2.4882890556909842e-06,23.6621036529541,0.6717624068260193,0.4030574560165405,"[2.3045589923858643,3.561336040496826,0.023078175261616707,0.9279823899269104]"
20260825,early,9,5,0,E:/2026YOLO/datasets/coco_d2_mini_2048_seed20260901/images/train2017/000000241623.jpg,True,-0.08098715543746948,0.03218937665224075,0.06286373734474182,0.002023544628173113,-1.0302179362042807e-05,23.25669288635254,0.7037848234176636,0.42227092385292053,"[2.1239771842956543,3.6198008060455322,0.024453727528452873,0.9006194472312927]"
20260825,early,9,5,1,E:/2026YOLO/datasets/coco_d2_mini_2048_seed20260901/images/train2017/000000168738.jpg,True,0.027226125821471214,0.005201614461839199,0.35841935873031616,0.0018643593648448586,1.8193110008724034e-05,23.25669288635254,0.7037848234176636,0.42227092385292053,"[2.1239771842956543,3.6198008060455322,0.024453727528452873,0.9006194472312927]"
20260825,early,9,5,2,E:/2026YOLO/datasets/coco_d2_mini_2048_seed20260901/images/train2017/000000358580.jpg,True,-0.0049681151285767555,0.004905779380351305,0.4057200253009796,0.0019903730135411024,-4.011923010693863e-06,23.25669288635254,0.7037848234176636,0.42227092385292053,"[2.1239771842956543,3.6198008060455322,0.024453727528452873,0.9006194472312927]"
20260825,early,9,5,3,E:/2026YOLO/datasets/coco_d2_mini_2048_seed20260901/images/train2017/000000550760.jpg,True,-0.01108646672219038,0.006450860761106014,0.2898648977279663,0.0018698781495913863,-6.008998298057122e-06,23.25669288635254,0.7037848234176636,0.42227092385292053,"[2.1239771842956543,3.6198008060455322,0.024453727528452873,0.9006194472312927]"
20260825,early,9,6,0,E:/2026YOLO/datasets/coco_d2_mini_2048_seed20260901/images/train2017/000000306710.jpg,True,-0.007746179588139057,0.01700213924050331,0.1165851429104805,0.001982196932658553,-1.790101123333443e-06,21.113426208496094,0.6978257298469543,0.41869544982910156,"[1.899692416191101,3.119367837905884,0.025734659284353256,0.9166184663772583]"
20260825,early,9,6,1,E:/2026YOLO/datasets/coco_d2_mini_2048_seed20260901/images/train2017/000000523220.jpg,True,0.007888088002800941,0.003914285451173782,0.4844132363796234,0.0018961317837238312,7.24529809303931e-06,21.113426208496094,0.6978257298469543,0.41869544982910156,"[1.899692416191101,3.119367837905884,0.025734659284353256,0.9166184663772583]"
20260825,early,9,6,2,E:/2026YOLO/datasets/coco_d2_mini_2048_seed20260901/images/train2017/000000009885.jpg,True,0.018463261425495148,0.005762412212789059,0.34203967452049255,0.001970973564311862,1.2447029803297482e-05,21.113426208496094,0.6978257298469543,0.41869544982910156,"[1.899692416191101,3.119367837905884,0.025734659284353256,0.9166184663772583]"
20260825,early,9,6,3,E:/2026YOLO/datasets/coco_d2_mini_2048_seed20260901/images/train2017/000000501695.jpg,True,-0.038396116346120834,0.015038646757602692,0.12366770952939987,0.0018597949529066682,-8.830975275486708e-06,21.113426208496094,0.6978257298469543,0.41869544982910156,"[1.899692416191101,3.119367837905884,0.025734659284353256,0.9166184663772583]"
20260825,early,9,7,0,E:/2026YOLO/datasets/coco_d2_mini_2048_seed20260901/images/train2017/000000224366.jpg,True,-0.004644737578928471,0.011233465746045113,0.16732576489448547,0.0018796483054757118,-1.4608331184717827e-06,23.143821716308594,0.6761698126792908,0.4057019054889679,"[2.970320224761963,2.769977569580078,0.019920311868190765,0.9488067626953125]"
20260825,early,9,7,1,E:/2026YOLO/datasets/coco_d2_mini_2048_seed20260901/images/train2017/000000277912.jpg,True,-0.007474034558981657,0.015563620254397392,0.11728407442569733,0.0018253647722303867,-1.600087784936477e-06,23.143821716308594,0.6761698126792908,0.4057019054889679,"[2.970320224761963,2.769977569580078,0.019920311868190765,0.9488067626953125]"
20260825,early,9,7,2,E:/2026YOLO/datasets/coco_d2_mini_2048_seed20260901/images/train2017/000000441240.jpg,True,-0.0034826232586055994,0.006926975678652525,0.25733330845832825,0.0017825415125116706,-1.5975047062966041e-06,23.143821716308594,0.6761698126792908,0.4057019054889679,"[2.970320224761963,2.769977569580078,0.019920311868190765,0.9488067626953125]"
20260825,early,9,7,3,E:/2026YOLO/datasets/coco_d2_mini_2048_seed20260901/images/train2017/000000142318.jpg,True,-0.012947208248078823,0.009019899182021618,0.20929527282714844,0.0018878221744671464,-5.115600743010873e-06,23.143821716308594,0.6761698126792908,0.4057019054889679,"[2.970320224761963,2.769977569580078,0.019920311868190765,0.9488067626953125]"
20260825,early,9,8,0,E:/2026YOLO/datasets/coco_d2_mini_2048_seed20260901/images/train2017/000000171384.jpg,True,0.004996920470148325,0.008511984720826149,0.2555091381072998,0.002174889901652932,2.776809878923814e-06,19.93246078491211,0.6853770017623901,0.41122621297836304,"[2.2038867473602295,2.654684066772461,0.02679462358355522,0.9346322417259216]"
20260825,early,9,8,1,E:/2026YOLO/datasets/coco_d2_mini_2048_seed20260901/images/train2017/000000574145.jpg,True,-0.031220128759741783,0.05217498540878296,0.0391719825565815,0.0020437976345419884,-2.499471065675607e-06,19.93246078491211,0.6853770017623901,0.41122621297836304,"[2.2038867473602295,2.654684066772461,0.02679462358355522,0.9346322417259216]"
20260825,early,9,8,2,E:/2026YOLO/datasets/coco_d2_mini_2048_seed20260901/images/train2017/000000380034.jpg,True,0.007324757520109415,0.007523148320615292,0.22889773547649384,0.0017220316221937537,2.887193204514915e-06,19.93246078491211,0.6853770017623901,0.41122621297836304,"[2.2038867473602295,2.654684066772461,0.02679462358355522,0.9346322417259216]"
20260825,early,9,8,3,E:/2026YOLO/datasets/coco_d2_mini_2048_seed20260901/images/train2017/000000039743.jpg,True,0.008311942219734192,0.006522984243929386,0.30913224816322327,0.002016464713960886,5.181284905120265e-06,19.93246078491211,0.6853770017623901,0.41122621297836304,"[2.2038867473602295,2.654684066772461,0.02679462358355522,0.9346322417259216]"
20260825,early,9,9,0,E:/2026YOLO/datasets/coco_d2_mini_2048_seed20260901/images/train2017/000000101892.jpg,True,-0.030098414048552513,0.006995636038482189,0.2900809347629547,0.002029300667345524,-1.7717775335768238e-05,26.482973098754883,0.6851663589477539,0.4110998213291168,"[2.309633731842041,3.482581377029419,0.022019367665052414,0.9424788951873779]"
20260825,early,9,9,1,E:/2026YOLO/datasets/coco_d2_mini_2048_seed20260901/images/train2017/000000043202.jpg,True,-0.014026826247572899,0.04030664637684822,0.05118599534034729,0.002063135849311948,-1.4812842437095242e-06,26.482973098754883,0.6851663589477539,0.4110998213291168,"[2.309633731842041,3.482581377029419,0.022019367665052414,0.9424788951873779]"
20260825,early,9,9,2,E:/2026YOLO/datasets/coco_d2_mini_2048_seed20260901/images/train2017/000000469514.jpg,True,0.01596035622060299,0.010582582093775272,0.19773638248443604,0.002092561451718211,6.604005193366902e-06,26.482973098754883,0.6851663589477539,0.4110998213291168,"[2.309633731842041,3.482581377029419,0.022019367665052414,0.9424788951873779]"
20260825,early,9,9,3,E:/2026YOLO/datasets/coco_d2_mini_2048_seed20260901/images/train2017/000000278763.jpg,True,0.022998103871941566,0.00413327245041728,0.488219290971756,0.0020179434213787317,2.265770672238432e-05,26.482973098754883,0.6851663589477539,0.4110998213291168,"[2.309633731842041,3.482581377029419,0.022019367665052414,0.9424788951873779]"
20260825,early,9,10,0,E:/2026YOLO/datasets/coco_d2_mini_2048_seed20260901/images/train2017/000000478105.jpg,True,-0.008266325108706951,0.006993609480559826,0.2719641923904419,0.0019020113395527005,-4.275996161595685e-06,23.166568756103516,0.7026373744010925,0.42158243060112,"[1.5756193399429321,3.9878623485565186,0.03049146942794323,0.9505994915962219]"
20260825,early,9,10,1,E:/2026YOLO/datasets/coco_d2_mini_2048_seed20260901/images/train2017/000000189770.jpg,True,0.015856219455599785,0.0031495371367782354,0.6214303970336914,0.001957218162715435,1.928552046592813e-05,23.166568756103516,0.7026373744010925,0.42158243060112,"[1.5756193399429321,3.9878623485565186,0.03049146942794323,0.9505994915962219]"
20260825,early,9,10,2,E:/2026YOLO/datasets/coco_d2_mini_2048_seed20260901/images/train2017/000000572152.jpg,True,0.0031512503046542406,0.007554832845926285,0.2642745077610016,0.001996549777686596,1.6627168406557757e-06,23.166568756103516,0.7026373744010925,0.42158243060112,"[1.5756193399429321,3.9878623485565186,0.03049146942794323,0.9505994915962219]"
20260825,early,9,10,3,E:/2026YOLO/datasets/coco_d2_mini_2048_seed20260901/images/train2017/000000460950.jpg,True,-0.03439336270093918,0.003513332922011614,0.5092569589614868,0.0017891892930492759,-3.133775680908002e-05,23.166568756103516,0.7026373744010925,0.42158243060112,"[1.5756193399429321,3.9878623485565186,0.03049146942794323,0.9505994915962219]"
20260825,early,9,11,0,E:/2026YOLO/datasets/coco_d2_mini_2048_seed20260901/images/train2017/000000148077.jpg,True,-0.008505245670676231,0.011681604199111462,0.16520361602306366,0.0019298432162031531,-2.7116175260744058e-06,21.39306640625,0.6293835043907166,0.3776301145553589,"[1.6186238527297974,3.5868029594421387,0.025986989960074425,0.9360657334327698]"
20260825,early,9,11,1,E:/2026YOLO/datasets/coco_d2_mini_2048_seed20260901/images/train2017/000000315221.jpg,True,-0.02820633538067341,0.004260483663529158,0.4990413188934326,0.002126157283782959,-2.992806003021542e-05,21.39306640625,0.6293835043907166,0.3776301145553589,"[1.6186238527297974,3.5868029594421387,0.025986989960074425,0.9360657334327698]"
20260825,early,9,11,2,E:/2026YOLO/datasets/coco_d2_mini_2048_seed20260901/images/train2017/000000261696.jpg,True,-0.009279748424887657,0.002555408515036106,0.7603297233581543,0.001942952978424728,-1.3708832739212085e-05,21.39306640625,0.6293835043907166,0.3776301145553589,"[1.6186238527297974,3.5868029594421387,0.025986989960074425,0.9360657334327698]"
20260825,early,9,11,3,E:/2026YOLO/datasets/coco_d2_mini_2048_seed20260901/images/train2017/000000477172.jpg,True,-0.010859149508178234,0.00986193772405386,0.2115255445241928,0.0020860517397522926,-4.791635092260549e-06,21.39306640625,0.6293835043907166,0.3776301145553589,"[1.6186238527297974,3.5868029594421387,0.025986989960074425,0.9360657334327698]"
20260825,early,9,12,0,E:/2026YOLO/datasets/coco_d2_mini_2048_seed20260901/images/train2017/000000087671.jpg,True,0.012697308324277401,0.007566740270704031,0.23432713747024536,0.0017730925465002656,5.275524472381221e-06,23.479877471923828,0.6066352128982544,0.36398112773895264,"[2.3916521072387695,3.2200710773468018,0.02362835593521595,0.935364305973053]"
20260825,early,9,12,1,E:/2026YOLO/datasets/coco_d2_mini_2048_seed20260901/images/train2017/000000092634.jpg,True,-0.010261628776788712,0.007336677052080631,0.249905064702034,0.0018334727501496673,-4.701817942986963e-06,23.479877471923828,0.6066352128982544,0.36398112773895264,"[2.3916521072387695,3.2200710773468018,0.02362835593521595,0.935364305973053]"
20260825,early,9,12,2,E:/2026YOLO/datasets/coco_d2_mini_2048_seed20260901/images/train2017/000000177705.jpg,True,-0.03410134091973305,0.011486461386084557,0.1770220249891281,0.0020333565771579742,-1.227474058396183e-05,23.479877471923828,0.6066352128982544,0.36398112773895264,"[2.3916521072387695,3.2200710773468018,0.02362835593521595,0.935364305973053]"
20260825,early,9,12,3,E:/2026YOLO/datasets/coco_d2_mini_2048_seed20260901/images/train2017/000000222228.jpg,True,0.020250985398888588,0.006584348622709513,0.29138073325157166,0.0019185523269698024,1.1320891644572839e-05,23.479877471923828,0.6066352128982544,0.36398112773895264,"[2.3916521072387695,3.2200710773468018,0.02362835593521595,0.935364305973053]"
20260825,early,9,13,0,E:/2026YOLO/datasets/coco_d2_mini_2048_seed20260901/images/train2017/000000115370.jpg,True,0.013500997796654701,0.007291809655725956,0.2513451874256134,0.001832761219702661,6.219311671884498e-06,24.58319091796875,0.6882303357124329,0.4129382073879242,"[2.3956007957458496,3.171689987182617,0.02600352093577385,0.9602658748626709]"
20260825,early,9,13,1,E:/2026YOLO/datasets/coco_d2_mini_2048_seed20260901/images/train2017/000000400606.jpg,True,-0.04644671082496643,0.0098414933308959,0.20693078637123108,0.0020365079399198294,-1.95733955479227e-05,24.58319091796875,0.6882303357124329,0.4129382073879242,"[2.3956007957458496,3.171689987182617,0.02600352093577385,0.9602658748626709]"
20260825,early,9,13,2,E:/2026YOLO/datasets/coco_d2_mini_2048_seed20260901/images/train2017/000000205010.jpg,True,-0.03207629919052124,0.010649193078279495,0.18023145198822021,0.0019193195039406419,-1.1095889931311831e-05,24.58319091796875,0.6882303357124329,0.4129382073879242,"[2.3956007957458496,3.171689987182617,0.02600352093577385,0.9602658748626709]"
20260825,early,9,13,3,E:/2026YOLO/datasets/coco_d2_mini_2048_seed20260901/images/train2017/000000515191.jpg,True,-0.03642702102661133,0.0092877596616745,0.19233471155166626,0.001786358654499054,-1.2515551134129055e-05,24.58319091796875,0.6882303357124329,0.4129382073879242,"[2.3956007957458496,3.171689987182617,0.02600352093577385,0.9602658748626709]"
20260825,early,9,14,0,E:/2026YOLO/datasets/coco_d2_mini_2048_seed20260901/images/train2017/000000190942.jpg,True,-0.0011271312832832336,0.007465635892003775,0.24728570878505707,0.0018461450235918164,-5.145639079273678e-07,23.200687408447266,0.6902574300765991,0.4141544699668884,"[2.6247189044952393,2.872896909713745,0.025234289467334747,0.9506868720054626]"
20260825,early,9,14,1,E:/2026YOLO/datasets/coco_d2_mini_2048_seed20260901/images/train2017/000000397211.jpg,True,0.010717732831835747,0.013584285974502563,0.14682812988758087,0.001994555350393057,3.1387612580147106e-06,23.200687408447266,0.6902574300765991,0.4141544699668884,"[2.6247189044952393,2.872896909713745,0.025234289467334747,0.9506868720054626]"
20260825,early,9,14,2,E:/2026YOLO/datasets/coco_d2_mini_2048_seed20260901/images/train2017/000000039606.jpg,True,0.01637982577085495,0.008158782497048378,0.2481691837310791,0.0020247583743184805,8.23057780507952e-06,23.200687408447266,0.6902574300765991,0.4141544699668884,"[2.6247189044952393,2.872896909713745,0.025234289467334747,0.9506868720054626]"
20260825,early,9,14,3,E:/2026YOLO/datasets/coco_d2_mini_2048_seed20260901/images/train2017/000000447118.jpg,True,-0.006493604276329279,0.015546027570962906,0.1142512783408165,0.001776153570972383,-1.317732881034317e-06,23.200687408447266,0.6902574300765991,0.4141544699668884,"[2.6247189044952393,2.872896909713745,0.025234289467334747,0.9506868720054626]"
20260825,early,9,15,0,E:/2026YOLO/datasets/coco_d2_mini_2048_seed20260901/images/train2017/000000435454.jpg,True,0.011146264150738716,0.013681097887456417,0.14968016743659973,0.0020477890502661467,3.4164795579272322e-06,21.826374053955078,0.6711660623550415,0.40269964933395386,"[2.0080642700195312,3.3811025619506836,0.022427545860409737,0.9236993789672852]"
20260825,early,9,15,1,E:/2026YOLO/datasets/coco_d2_mini_2048_seed20260901/images/train2017/000000175227.jpg,True,0.030406508594751358,0.006092146039009094,0.3122550845146179,0.0019023035420104861,1.8061586160911247e-05,21.826374053955078,0.6711660623550415,0.40269964933395386,"[2.0080642700195312,3.3811025619506836,0.022427545860409737,0.9236993789672852]"
20260825,early,9,15,2,E:/2026YOLO/datasets/coco_d2_mini_2048_seed20260901/images/train2017/000000028359.jpg,True,0.024923989549279213,0.00522410124540329,0.37245699763298035,0.0019457531161606312,1.8062648450722918e-05,21.826374053955078,0.6711660623550415,0.40269964933395386,"[2.0080642700195312,3.3811025619506836,0.022427545860409737,0.9236993789672852]"
20260825,early,9,15,3,E:/2026YOLO/datasets/coco_d2_mini_2048_seed20260901/images/train2017/000000205435.jpg,True,0.006284354254603386,0.005037351977080107,0.36185675859451294,0.0018227999098598957,4.145112598052947e-06,21.826374053955078,0.6711660623550415,0.40269964933395386,"[2.0080642700195312,3.3811025619506836,0.022427545860409737,0.9236993789672852]"
20260825,middle,24,0,0,E:/2026YOLO/datasets/coco_d2_mini_2048_seed20260901/images/train2017/000000055118.jpg,True,-0.0008372500888071954,0.0030727197881788015,0.3882916569709778,0.0011931114131584764,-3.8787720768596046e-07,19.317771911621094,0.41210657358169556,0.24726395308971405,"[2.6308753490448,2.59816312789917,0.020650800317525864,0.892183244228363]"
20260825,middle,24,0,1,E:/2026YOLO/datasets/coco_d2_mini_2048_seed20260901/images/train2017/000000486491.jpg,True,0.018301960080862045,0.003868579864501953,0.2850697636604309,0.0011028151493519545,5.753756340709515e-06,19.317771911621094,0.41210657358169556,0.24726395308971405,"[2.6308753490448,2.59816312789917,0.020650800317525864,0.892183244228363]"
20260825,middle,24,0,2,E:/2026YOLO/datasets/coco_d2_mini_2048_seed20260901/images/train2017/000000111194.jpg,True,0.0024745145346969366,0.009646913036704063,0.11055785417556763,0.0010665419977158308,2.917813617386855e-07,19.317771911621094,0.41210657358169556,0.24726395308971405,"[2.6308753490448,2.59816312789917,0.020650800317525864,0.892183244228363]"
20260825,middle,24,0,3,E:/2026YOLO/datasets/coco_d2_mini_2048_seed20260901/images/train2017/000000012236.jpg,True,-0.02049679309129715,0.0158375296741724,0.07073526084423065,0.0011202717432752252,-1.6242215679085348e-06,19.317771911621094,0.41210657358169556,0.24726395308971405,"[2.6308753490448,2.59816312789917,0.020650800317525864,0.892183244228363]"
20260825,middle,24,1,0,E:/2026YOLO/datasets/coco_d2_mini_2048_seed20260901/images/train2017/000000447095.jpg,True,-0.021322261542081833,0.0019538861233741045,0.5490902066230774,0.0010728597408160567,-1.2560875802591909e-05,22.38650894165039,0.39702868461608887,0.23821721971035004,"[2.2109322547912598,3.458531618118286,0.024904955178499222,0.9095218777656555]"
20260825,middle,24,1,1,E:/2026YOLO/datasets/coco_d2_mini_2048_seed20260901/images/train2017/000000103427.jpg,True,0.01917610876262188,0.0026904968544840813,0.4108603298664093,0.0011054184287786484,8.709263056516647e-06,22.38650894165039,0.39702868461608887,0.23821721971035004,"[2.2109322547912598,3.458531618118286,0.024904955178499222,0.9095218777656555]"
20260825,middle,24,1,2,E:/2026YOLO/datasets/coco_d2_mini_2048_seed20260901/images/train2017/000000361519.jpg,True,0.020896784961223602,0.012554110959172249,0.09190721064805984,0.0011538133258000016,2.21597383642802e-06,22.38650894165039,0.39702868461608887,0.23821721971035004,"[2.2109322547912598,3.458531618118286,0.024904955178499222,0.9095218777656555]"
20260825,middle,24,1,3,E:/2026YOLO/datasets/coco_d2_mini_2048_seed20260901/images/train2017/000000128142.jpg,True,-0.0016671792836859822,0.0026533990167081356,0.42236649990081787,0.0011207069037482142,-7.891577524787863e-07,22.38650894165039,0.39702868461608887,0.23821721971035004,"[2.2109322547912598,3.458531618118286,0.024904955178499222,0.9095218777656555]"
20260825,middle,24,2,0,E:/2026YOLO/datasets/coco_d2_mini_2048_seed20260901/images/train2017/000000003242.jpg,True,0.008099738508462906,0.0031649572774767876,0.33096450567245483,0.00104748853482306,2.8080298761778977e-06,23.914569854736328,0.406221866607666,0.24373312294483185,"[2.5614259243011475,3.3818652629852295,0.019915612414479256,0.919238805770874]"
20260825,middle,24,2,1,E:/2026YOLO/datasets/coco_d2_mini_2048_seed20260901/images/train2017/000000332646.jpg,True,0.0011344326194375753,0.004973271861672401,0.22330185770988464,0.0011105408193543553,2.8132319584983634e-07,23.914569854736328,0.406221866607666,0.24373312294483185,"[2.5614259243011475,3.3818652629852295,0.019915612414479256,0.919238805770874]"
20260825,middle,24,2,2,E:/2026YOLO/datasets/coco_d2_mini_2048_seed20260901/images/train2017/000000399784.jpg,True,0.017490096390247345,0.002163634402677417,0.5081013441085815,0.0010993455071002245,9.76959927356802e-06,23.914569854736328,0.406221866607666,0.24373312294483185,"[2.5614259243011475,3.3818652629852295,0.019915612414479256,0.919238805770874]"
20260825,middle,24,2,3,E:/2026YOLO/datasets/coco_d2_mini_2048_seed20260901/images/train2017/000000268809.jpg,True,0.024211043491959572,0.01057033147662878,0.10832538455724716,0.0011450352612882853,3.0030500965949614e-06,23.914569854736328,0.406221866607666,0.24373312294483185,"[2.5614259243011475,3.3818652629852295,0.019915612414479256,0.919238805770874]"
20260825,middle,24,3,0,E:/2026YOLO/datasets/coco_d2_mini_2048_seed20260901/images/train2017/000000469798.jpg,True,-0.0018795792711898685,0.003924580756574869,0.2827659547328949,0.0011097377864643931,-5.898045856156386e-07,22.732900619506836,0.3737272620201111,0.2242363691329956,"[2.4418492317199707,3.2856647968292236,0.02188441902399063,0.9207237362861633]"
20260825,middle,24,3,1,E:/2026YOLO/datasets/coco_d2_mini_2048_seed20260901/images/train2017/000000341797.jpg,True,-0.014106836169958115,0.00540970591828227,0.2048538327217102,0.0011081990087404847,-3.2025172913563438e-06,22.732900619506836,0.3737272620201111,0.2242363691329956,"[2.4418492317199707,3.2856647968292236,0.02188441902399063,0.9207237362861633]"
20260825,middle,24,3,2,E:/2026YOLO/datasets/coco_d2_mini_2048_seed20260901/images/train2017/000000172342.jpg,True,-0.003241625614464283,0.003954900428652763,0.24890297651290894,0.0009843865409493446,-7.942525144244428e-07,22.732900619506836,0.3737272620201111,0.2242363691329956,"[2.4418492317199707,3.2856647968292236,0.02188441902399063,0.9207237362861633]"
20260825,middle,24,3,3,E:/2026YOLO/datasets/coco_d2_mini_2048_seed20260901/images/train2017/000000098596.jpg,True,-0.006346805952489376,0.00715599674731493,0.1457158327102661,0.0010427420493215322,-9.643592875363538e-07,22.732900619506836,0.3737272620201111,0.2242363691329956,"[2.4418492317199707,3.2856647968292236,0.02188441902399063,0.9207237362861633]"
20260825,middle,24,4,0,E:/2026YOLO/datasets/coco_d2_mini_2048_seed20260901/images/train2017/000000345635.jpg,True,0.039567407220602036,0.005003688856959343,0.2022697478532791,0.0010120949009433389,8.10008896223735e-06,21.203332901000977,0.3895120620727539,0.2337072491645813,"[2.108955144882202,3.0166208744049072,0.01943030394613743,0.9147005677223206]"
20260825,middle,24,4,1,E:/2026YOLO/datasets/coco_d2_mini_2048_seed20260901/images/train2017/000000348684.jpg,True,0.005226764362305403,0.0066262101754546165,0.16531705856323242,0.001095425570383668,9.465280186304881e-07,21.203332901000977,0.3895120620727539,0.2337072491645813,"[2.108955144882202,3.0166208744049072,0.01943030394613743,0.9147005677223206]"
20260825,middle,24,4,2,E:/2026YOLO/datasets/coco_d2_mini_2048_seed20260901/images/train2017/000000124311.jpg,True,0.021006479859352112,0.00610558595508337,0.1880657821893692,0.0011482518166303635,4.536283540801378e-06,21.203332901000977,0.3895120620727539,0.2337072491645813,"[2.108955144882202,3.0166208744049072,0.01943030394613743,0.9147005677223206]"
20260825,middle,24,4,3,E:/2026YOLO/datasets/coco_d2_mini_2048_seed20260901/images/train2017/000000178690.jpg,True,0.0036624958738684654,0.0036698344629257917,0.3067012131214142,0.0011255426798015833,1.2643130276046577e-06,21.203332901000977,0.3895120620727539,0.2337072491645813,"[2.108955144882202,3.0166208744049072,0.01943030394613743,0.9147005677223206]"
20260825,middle,24,5,0,E:/2026YOLO/datasets/coco_d2_mini_2048_seed20260901/images/train2017/000000241623.jpg,True,-0.04749599099159241,0.009366032667458057,0.12129300832748413,0.0011360342614352703,-6.544615644088481e-06,20.452804565429688,0.41438591480255127,0.248631551861763,"[2.0479373931884766,2.9924252033233643,0.02688227966427803,0.9200558662414551]"
20260825,middle,24,5,1,E:/2026YOLO/datasets/coco_d2_mini_2048_seed20260901/images/train2017/000000168738.jpg,True,0.01449088379740715,0.003204093547537923,0.30489692091941833,0.0009769182652235031,4.3162453948752955e-06,20.452804565429688,0.41438591480255127,0.248631551861763,"[2.0479373931884766,2.9924252033233643,0.02688227966427803,0.9200558662414551]"
20260825,middle,24,5,2,E:/2026YOLO/datasets/coco_d2_mini_2048_seed20260901/images/train2017/000000358580.jpg,True,0.011805322021245956,0.00315203913487494,0.3795665204524994,0.0011964085279032588,5.360992872738279e-06,20.452804565429688,0.41438591480255127,0.248631551861763,"[2.0479373931884766,2.9924252033233643,0.02688227966427803,0.9200558662414551]"
20260825,middle,24,5,3,E:/2026YOLO/datasets/coco_d2_mini_2048_seed20260901/images/train2017/000000550760.jpg,True,0.0017896915087476373,0.002748355269432068,0.38370028138160706,0.0010545447003096342,7.241612820507726e-07,20.452804565429688,0.41438591480255127,0.248631551861763,"[2.0479373931884766,2.9924252033233643,0.02688227966427803,0.9200558662414551]"
20260825,middle,24,6,0,E:/2026YOLO/datasets/coco_d2_mini_2048_seed20260901/images/train2017/000000306710.jpg,True,0.01664811000227928,0.01570945605635643,0.07127896696329117,0.0011197538115084171,1.3287672118167393e-06,19.32994270324707,0.39305853843688965,0.23583513498306274,"[1.784066915512085,2.6966686248779297,0.022185124456882477,0.9354287385940552]"
20260825,middle,24,6,1,E:/2026YOLO/datasets/coco_d2_mini_2048_seed20260901/images/train2017/000000523220.jpg,True,-0.012130104936659336,0.0017461980460211635,0.6422206163406372,0.0011214443948119879,-8.736280506127514e-06,19.32994270324707,0.39305853843688965,0.23583513498306274,"[1.784066915512085,2.6966686248779297,0.022185124456882477,0.9354287385940552]"
20260825,middle,24,6,2,E:/2026YOLO/datasets/coco_d2_mini_2048_seed20260901/images/train2017/000000009885.jpg,True,0.012121584266424179,0.00253861746750772,0.4477836787700653,0.001136751496233046,6.170113920234144e-06,19.32994270324707,0.39305853843688965,0.23583513498306274,"[1.784066915512085,2.6966686248779297,0.022185124456882477,0.9354287385940552]"
20260825,middle,24,6,3,E:/2026YOLO/datasets/coco_d2_mini_2048_seed20260901/images/train2017/000000501695.jpg,True,-0.006190274842083454,0.005380291026085615,0.19762109220027924,0.0010632589692249894,-1.3007153256694437e-06,19.32994270324707,0.39305853843688965,0.23583513498306274,"[1.784066915512085,2.6966686248779297,0.022185124456882477,0.9354287385940552]"
20260825,middle,24,7,0,E:/2026YOLO/datasets/coco_d2_mini_2048_seed20260901/images/train2017/000000224366.jpg,True,0.0033109732903540134,0.005176930222660303,0.21572746336460114,0.0011168060591444373,7.976987035362981e-07,20.15574073791504,0.3728311061859131,0.2236986756324768,"[2.501620292663574,2.3991289138793945,0.014680745080113411,0.9209160208702087]"
20260825,middle,24,7,1,E:/2026YOLO/datasets/coco_d2_mini_2048_seed20260901/images/train2017/000000277912.jpg,True,0.011148199439048767,0.004249009769409895,0.2635346055030823,0.0011197611456736922,3.2897869459702633e-06,20.15574073791504,0.3728311061859131,0.2236986756324768,"[2.501620292663574,2.3991289138793945,0.014680745080113411,0.9209160208702087]"
20260825,middle,24,7,2,E:/2026YOLO/datasets/coco_d2_mini_2048_seed20260901/images/train2017/000000441240.jpg,True,-0.03336430341005325,0.004032468423247337,0.24846228957176208,0.0010019163601100445,-8.305656592710875e-06,20.15574073791504,0.3728311061859131,0.2236986756324768,"[2.501620292663574,2.3991289138793945,0.014680745080113411,0.9209160208702087]"
20260825,middle,24,7,3,E:/2026YOLO/datasets/coco_d2_mini_2048_seed20260901/images/train2017/000000142318.jpg,True,0.025779223069548607,0.007986132055521011,0.14406724274158478,0.0011505399597808719,4.273038030078169e-06,20.15574073791504,0.3728311061859131,0.2236986756324768,"[2.501620292663574,2.3991289138793945,0.014680745080113411,0.9209160208702087]"
20260825,middle,24,8,0,E:/2026YOLO/datasets/coco_d2_mini_2048_seed20260901/images/train2017/000000171384.jpg,True,0.00866725668311119,0.005199580453336239,0.24671447277069092,0.0012828117469325662,2.743084905887372e-06,17.16002082824707,0.4045236110687256,0.24271418154239655,"[2.1607706546783447,2.4957168102264404,0.025649797171354294,0.9213728308677673]"
20260825,middle,24,8,1,E:/2026YOLO/datasets/coco_d2_mini_2048_seed20260901/images/train2017/000000574145.jpg,True,0.007434815634042025,0.034069497138261795,0.032230328768491745,0.001098071108572185,2.631269921948842e-07,17.16002082824707,0.4045236110687256,0.24271418154239655,"[2.1607706546783447,2.4957168102264404,0.025649797171354294,0.9213728308677673]"
20260825,middle,24,8,2,E:/2026YOLO/datasets/coco_d2_mini_2048_seed20260901/images/train2017/000000380034.jpg,True,-0.003755121259018779,0.004302235320210457,0.253446102142334,0.0010903847869485617,-1.0377418675489025e-06,17.16002082824707,0.4045236110687256,0.24271418154239655,"[2.1607706546783447,2.4957168102264404,0.025649797171354294,0.9213728308677673]"
20260825,middle,24,8,3,E:/2026YOLO/datasets/coco_d2_mini_2048_seed20260901/images/train2017/000000039743.jpg,True,0.006783267017453909,0.0028674278873950243,0.39475175738334656,0.0011319222394376993,3.0309556677821092e-06,17.16002082824707,0.4045236110687256,0.24271418154239655,"[2.1607706546783447,2.4957168102264404,0.025649797171354294,0.9213728308677673]"
20260825,middle,24,9,0,E:/2026YOLO/datasets/coco_d2_mini_2048_seed20260901/images/train2017/000000101892.jpg,True,-0.00942771416157484,0.005645778961479664,0.18779592216014862,0.0010602542897686362,-1.877165573205275e-06,24.347820281982422,0.38893336057662964,0.23336002230644226,"[2.228445291519165,3.3577423095703125,0.021521812304854393,0.9245529174804688]"
20260825,middle,24,9,1,E:/2026YOLO/datasets/coco_d2_mini_2048_seed20260901/images/train2017/000000043202.jpg,True,0.019061245024204254,0.02396133728325367,0.04444372281432152,0.0010649310424923897,9.021591722557787e-07,24.347820281982422,0.38893336057662964,0.23336002230644226,"[2.228445291519165,3.3577423095703125,0.021521812304854393,0.9245529174804688]"
20260825,middle,24,9,2,E:/2026YOLO/datasets/coco_d2_mini_2048_seed20260901/images/train2017/000000469514.jpg,True,-0.013061598874628544,0.004788882564753294,0.246707022190094,0.001181450905278325,-3.8070934351708274e-06,24.347820281982422,0.38893336057662964,0.23336002230644226,"[2.228445291519165,3.3577423095703125,0.021521812304854393,0.9245529174804688]"
20260825,middle,24,9,3,E:/2026YOLO/datasets/coco_d2_mini_2048_seed20260901/images/train2017/000000278763.jpg,True,0.019440043717622757,0.0015103936893865466,0.6642906665802002,0.0010033404687419534,1.2956978025613353e-05,24.347820281982422,0.38893336057662964,0.23336002230644226,"[2.228445291519165,3.3577423095703125,0.021521812304854393,0.9245529174804688]"
20260825,middle,24,10,0,E:/2026YOLO/datasets/coco_d2_mini_2048_seed20260901/images/train2017/000000478105.jpg,True,-0.004169488791376352,0.004176884423941374,0.2747623324394226,0.0011476505314931273,-1.314769633609103e-06,18.07614517211914,0.42929649353027344,0.25757789611816406,"[1.4017988443374634,2.6761152744293213,0.022859998047351837,0.912969708442688]"
20260825,middle,24,10,1,E:/2026YOLO/datasets/coco_d2_mini_2048_seed20260901/images/train2017/000000189770.jpg,True,-0.0186647679656744,0.001520583056844771,0.6829308271408081,0.0010384530760347843,-1.3236896847956814e-05,18.07614517211914,0.42929649353027344,0.25757789611816406,"[1.4017988443374634,2.6761152744293213,0.022859998047351837,0.912969708442688]"
20260825,middle,24,10,2,E:/2026YOLO/datasets/coco_d2_mini_2048_seed20260901/images/train2017/000000572152.jpg,True,0.00020280038006603718,0.005552906077355146,0.21758173406124115,0.001208210946060717,5.331310148903867e-08,18.07614517211914,0.42929649353027344,0.25757789611816406,"[1.4017988443374634,2.6761152744293213,0.022859998047351837,0.912969708442688]"
20260825,middle,24,10,3,E:/2026YOLO/datasets/coco_d2_mini_2048_seed20260901/images/train2017/000000460950.jpg,True,-0.006742466706782579,0.0016261916607618332,0.666668176651001,0.0010841302573680878,-4.8731526476331055e-06,18.07614517211914,0.42929649353027344,0.25757789611816406,"[1.4017988443374634,2.6761152744293213,0.022859998047351837,0.912969708442688]"
20260825,middle,24,11,0,E:/2026YOLO/datasets/coco_d2_mini_2048_seed20260901/images/train2017/000000148077.jpg,True,-0.006500401068478823,0.0030692198779433966,0.37941861152648926,0.0011645191116258502,-2.8721387934638187e-06,18.008201599121094,0.367453932762146,0.22047236561775208,"[1.2593125104904175,2.9034769535064697,0.01903020776808262,0.9220860004425049]"
20260825,middle,24,11,1,E:/2026YOLO/datasets/coco_d2_mini_2048_seed20260901/images/train2017/000000315221.jpg,True,-0.027019748464226723,0.002301387256011367,0.46167364716529846,0.0010624898131936789,-1.3253822544356808e-05,18.008201599121094,0.367453932762146,0.22047236561775208,"[1.2593125104904175,2.9034769535064697,0.01903020776808262,0.9220860004425049]"
20260825,middle,24,11,2,E:/2026YOLO/datasets/coco_d2_mini_2048_seed20260901/images/train2017/000000261696.jpg,True,0.02291005663573742,0.0017149903578683734,0.6851793527603149,0.0011750760022550821,1.8445753084961325e-05,18.008201599121094,0.367453932762146,0.22047236561775208,"[1.2593125104904175,2.9034769535064697,0.01903020776808262,0.9220860004425049]"
20260825,middle,24,11,3,E:/2026YOLO/datasets/coco_d2_mini_2048_seed20260901/images/train2017/000000477172.jpg,True,0.0009125680080614984,0.004382828716188669,0.26691144704818726,0.0011698271846398711,2.849404836524627e-07,18.008201599121094,0.367453932762146,0.22047236561775208,"[1.2593125104904175,2.9034769535064697,0.01903020776808262,0.9220860004425049]"
20260825,middle,24,12,0,E:/2026YOLO/datasets/coco_d2_mini_2048_seed20260901/images/train2017/000000087671.jpg,True,-0.007087063975632191,0.003107241354882717,0.3261004388332367,0.0010132727911695838,-2.3417694592353655e-06,20.74410629272461,0.3539620637893677,0.21237725019454956,"[2.445838451385498,2.9618332386016846,0.022707797586917877,0.9052676558494568]"
20260825,middle,24,12,1,E:/2026YOLO/datasets/coco_d2_mini_2048_seed20260901/images/train2017/000000092634.jpg,True,0.004236649721860886,0.004747394938021898,0.22028407454490662,0.0010457754833623767,9.759871772985207e-07,20.74410629272461,0.3539620637893677,0.21237725019454956,"[2.445838451385498,2.9618332386016846,0.022707797586917877,0.9052676558494568]"
20260825,middle,24,12,2,E:/2026YOLO/datasets/coco_d2_mini_2048_seed20260901/images/train2017/000000177705.jpg,True,-0.009483357891440392,0.006977614481002092,0.15627028048038483,0.0010903937509283423,-1.6159274309757166e-06,20.74410629272461,0.3539620637893677,0.21237725019454956,"[2.445838451385498,2.9618332386016846,0.022707797586917877,0.9052676558494568]"
20260825,middle,24,12,3,E:/2026YOLO/datasets/coco_d2_mini_2048_seed20260901/images/train2017/000000222228.jpg,True,0.018533475697040558,0.0029300462920218706,0.3721919357776642,0.0010905396193265915,7.522553460148629e-06,20.74410629272461,0.3539620637893677,0.21237725019454956,"[2.445838451385498,2.9618332386016846,0.022707797586917877,0.9052676558494568]"
20260825,middle,24,13,0,E:/2026YOLO/datasets/coco_d2_mini_2048_seed20260901/images/train2017/000000115370.jpg,True,-0.0004867694806307554,0.0028582406230270863,0.3444134294986725,0.0009844164596870542,-1.6503736333106644e-07,22.659265518188477,0.38787591457366943,0.23272556066513062,"[2.40873384475708,2.999971866607666,0.024010490626096725,0.901275098323822]"
20260825,middle,24,13,1,E:/2026YOLO/datasets/coco_d2_mini_2048_seed20260901/images/train2017/000000400606.jpg,True,0.0009900039294734597,0.004815586842596531,0.2296682894229889,0.0011059875832870603,2.514711923140567e-07,22.659265518188477,0.38787591457366943,0.23272556066513062,"[2.40873384475708,2.999971866607666,0.024010490626096725,0.901275098323822]"
20260825,middle,24,13,2,E:/2026YOLO/datasets/coco_d2_mini_2048_seed20260901/images/train2017/000000205010.jpg,True,-0.012114288285374641,0.00822004396468401,0.1279398798942566,0.0010516714537516236,-1.629986172702047e-06,22.659265518188477,0.38787591457366943,0.23272556066513062,"[2.40873384475708,2.999971866607666,0.024010490626096725,0.901275098323822]"
20260825,middle,24,13,3,E:/2026YOLO/datasets/coco_d2_mini_2048_seed20260901/images/train2017/000000515191.jpg,True,0.007748786825686693,0.005603748839348555,0.2127925306558609,0.0011924358550459146,1.9661883925436996e-06,22.659265518188477,0.38787591457366943,0.23272556066513062,"[2.40873384475708,2.999971866607666,0.024010490626096725,0.901275098323822]"
20260825,middle,24,14,0,E:/2026YOLO/datasets/coco_d2_mini_2048_seed20260901/images/train2017/000000190942.jpg,True,-8.858132059685886e-05,0.0038967665750533342,0.266196608543396,0.0010373060358688235,-2.445972313580569e-08,20.595169067382812,0.3788238763809204,0.22729434072971344,"[2.61940860748291,2.480212926864624,0.0185779370367527,0.9118813872337341]"
20260825,middle,24,14,1,E:/2026YOLO/datasets/coco_d2_mini_2048_seed20260901/images/train2017/000000397211.jpg,True,0.007357371971011162,0.004520506132394075,0.23246069252490997,0.0010508400155231357,1.7972513433051063e-06,20.595169067382812,0.3788238763809204,0.22729434072971344,"[2.61940860748291,2.480212926864624,0.0185779370367527,0.9118813872337341]"
20260825,middle,24,14,2,E:/2026YOLO/datasets/coco_d2_mini_2048_seed20260901/images/train2017/000000039606.jpg,True,-0.0059624225832521915,0.0040250918827950954,0.2968141734600067,0.0011947043240070343,-2.1143059711903334e-06,20.595169067382812,0.3788238763809204,0.22729434072971344,"[2.61940860748291,2.480212926864624,0.0185779370367527,0.9118813872337341]"
20260825,middle,24,14,3,E:/2026YOLO/datasets/coco_d2_mini_2048_seed20260901/images/train2017/000000447118.jpg,True,-0.0006396175595000386,0.0045689684338867664,0.2267359048128128,0.0010359492152929306,-1.5023778132672305e-07,20.595169067382812,0.3788238763809204,0.22729434072971344,"[2.61940860748291,2.480212926864624,0.0185779370367527,0.9118813872337341]"
20260825,middle,24,15,0,E:/2026YOLO/datasets/coco_d2_mini_2048_seed20260901/images/train2017/000000435454.jpg,True,0.019395286217331886,0.0025081313215196133,0.41140154004096985,0.001031849067658186,8.233382686739787e-06,20.558887481689453,0.39797258377075195,0.2387835532426834,"[2.3272225856781006,2.96986985206604,0.025689400732517242,0.915600597858429]"
20260825,middle,24,15,1,E:/2026YOLO/datasets/coco_d2_mini_2048_seed20260901/images/train2017/000000175227.jpg,True,0.03810243308544159,0.00368226389400661,0.29442575573921204,0.0010841533076018095,1.2162397979409434e-05,20.558887481689453,0.39797258377075195,0.2387835532426834,"[2.3272225856781006,2.96986985206604,0.025689400732517242,0.915600597858429]"
20260825,middle,24,15,2,E:/2026YOLO/datasets/coco_d2_mini_2048_seed20260901/images/train2017/000000028359.jpg,True,0.017740432173013687,0.003515978343784809,0.3488723039627075,0.0012266275007277727,7.591776011395268e-06,20.558887481689453,0.39797258377075195,0.2387835532426834,"[2.3272225856781006,2.96986985206604,0.025689400732517242,0.915600597858429]"
20260825,middle,24,15,3,E:/2026YOLO/datasets/coco_d2_mini_2048_seed20260901/images/train2017/000000205435.jpg,True,0.013758039101958275,0.0024155189748853445,0.43630698323249817,0.001053907792083919,6.3263223637477495e-06,20.558887481689453,0.39797258377075195,0.2387835532426834,"[2.3272225856781006,2.96986985206604,0.025689400732517242,0.915600597858429]"
20260825,late,49,0,0,E:/2026YOLO/datasets/coco_d2_mini_2048_seed20260901/images/train2017/000000055118.jpg,True,-0.0026589056942611933,0.0037495193537324667,0.28671032190322876,0.0010750258807092905,-8.195305554181687e-07,17.544391632080078,0.3821817636489868,0.2293090671300888,"[2.3681278228759766,2.4849791526794434,0.017260737717151642,0.8951279520988464]"
20260825,late,49,0,1,E:/2026YOLO/datasets/coco_d2_mini_2048_seed20260901/images/train2017/000000486491.jpg,True,0.019859954714775085,0.0031499634496867657,0.31817564368247986,0.001002241624519229,6.333118562906748e-06,17.544391632080078,0.3821817636489868,0.2293090671300888,"[2.3681278228759766,2.4849791526794434,0.017260737717151642,0.8951279520988464]"
20260825,late,49,0,2,E:/2026YOLO/datasets/coco_d2_mini_2048_seed20260901/images/train2017/000000111194.jpg,True,0.003146071219816804,0.008286272175610065,0.11736003309488297,0.0009724771371111274,3.590609480852436e-07,17.544391632080078,0.3821817636489868,0.2293090671300888,"[2.3681278228759766,2.4849791526794434,0.017260737717151642,0.8951279520988464]"
20260825,late,49,0,3,E:/2026YOLO/datasets/coco_d2_mini_2048_seed20260901/images/train2017/000000012236.jpg,True,-0.022492071613669395,0.006216953508555889,0.15589511394500732,0.0009691926534287632,-3.398381068109302e-06,17.544391632080078,0.3821817636489868,0.2293090671300888,"[2.3681278228759766,2.4849791526794434,0.017260737717151642,0.8951279520988464]"
20260825,late,49,1,0,E:/2026YOLO/datasets/coco_d2_mini_2048_seed20260901/images/train2017/000000447095.jpg,True,-0.03695147857069969,0.0016707266913726926,0.6136476993560791,0.0010252376087009907,-2.3247457647812553e-05,20.214200973510742,0.37239134311676025,0.22343482077121735,"[2.068347930908203,3.1814615726470947,0.024233635514974594,0.8953575491905212]"
20260825,late,49,1,1,E:/2026YOLO/datasets/coco_d2_mini_2048_seed20260901/images/train2017/000000103427.jpg,True,0.01769920438528061,0.002177946036681533,0.44295522570610046,0.0009647325496189296,7.563459348602919e-06,20.214200973510742,0.37239134311676025,0.22343482077121735,"[2.068347930908203,3.1814615726470947,0.024233635514974594,0.8953575491905212]"
20260825,late,49,1,2,E:/2026YOLO/datasets/coco_d2_mini_2048_seed20260901/images/train2017/000000361519.jpg,True,0.023284142836928368,0.005926795303821564,0.18122562766075134,0.0010740872239694,4.5323081394599285e-06,20.214200973510742,0.37239134311676025,0.22343482077121735,"[2.068347930908203,3.1814615726470947,0.024233635514974594,0.8953575491905212]"
20260825,late,49,1,3,E:/2026YOLO/datasets/coco_d2_mini_2048_seed20260901/images/train2017/000000128142.jpg,True,0.004520947579294443,0.0026295301504433155,0.3605493903160095,0.0009480754961259663,1.545386680845695e-06,20.214200973510742,0.37239134311676025,0.22343482077121735,"[2.068347930908203,3.1814615726470947,0.024233635514974594,0.8953575491905212]"
20260825,late,49,2,0,E:/2026YOLO/datasets/coco_d2_mini_2048_seed20260901/images/train2017/000000003242.jpg,True,0.016487611457705498,0.0028451241087168455,0.3338240385055542,0.000949770852457732,5.227501787885558e-06,21.307025909423828,0.3786424994468689,0.22718550264835358,"[2.212498188018799,3.3589017391204834,0.015198411419987679,0.9159492254257202]"
20260825,late,49,2,1,E:/2026YOLO/datasets/coco_d2_mini_2048_seed20260901/images/train2017/000000332646.jpg,True,0.00136104307603091,0.00465783104300499,0.21202878654003143,0.000987594248726964,2.8500025450739486e-07,21.307025909423828,0.3786424994468689,0.22718550264835358,"[2.212498188018799,3.3589017391204834,0.015198411419987679,0.9159492254257202]"
20260825,late,49,2,2,E:/2026YOLO/datasets/coco_d2_mini_2048_seed20260901/images/train2017/000000399784.jpg,True,0.010014427825808525,0.002595053054392338,0.38810694217681885,0.001007158076390624,3.914490207534982e-06,21.307025909423828,0.3786424994468689,0.22718550264835358,"[2.212498188018799,3.3589017391204834,0.015198411419987679,0.9159492254257202]"
20260825,late,49,2,3,E:/2026YOLO/datasets/coco_d2_mini_2048_seed20260901/images/train2017/000000268809.jpg,True,0.011568546295166016,0.008023691363632679,0.1323402374982834,0.0010618572123348713,1.6256865364994155e-06,21.307025909423828,0.3786424994468689,0.22718550264835358,"[2.212498188018799,3.3589017391204834,0.015198411419987679,0.9159492254257202]"
20260825,late,49,3,0,E:/2026YOLO/datasets/coco_d2_mini_2048_seed20260901/images/train2017/000000469798.jpg,True,0.009206385351717472,0.0027920373249799013,0.36475950479507446,0.0010184221900999546,3.4199802030343562e-06,20.72904396057129,0.3448486328125,0.2069091945886612,"[2.3395519256591797,2.8358659744262695,0.01872994750738144,0.9227768182754517]"
20260825,late,49,3,1,E:/2026YOLO/datasets/coco_d2_mini_2048_seed20260901/images/train2017/000000341797.jpg,True,0.0229897852987051,0.002578220097348094,0.37392741441726685,0.0009640671778470278,8.287614036817104e-06,20.72904396057129,0.3448486328125,0.2069091945886612,"[2.3395519256591797,2.8358659744262695,0.01872994750738144,0.9227768182754517]"
20260825,late,49,3,2,E:/2026YOLO/datasets/coco_d2_mini_2048_seed20260901/images/train2017/000000172342.jpg,True,0.009536227211356163,0.0033582558389753103,0.2557491064071655,0.0008588709169998765,2.0946845324942842e-06,20.72904396057129,0.3448486328125,0.2069091945886612,"[2.3395519256591797,2.8358659744262695,0.01872994750738144,0.9227768182754517]"
20260825,late,49,3,3,E:/2026YOLO/datasets/coco_d2_mini_2048_seed20260901/images/train2017/000000098596.jpg,True,-0.006540629081428051,0.005575695540755987,0.1664653718471527,0.0009281602688133717,-1.01057003121241e-06,20.72904396057129,0.3448486328125,0.2069091945886612,"[2.3395519256591797,2.8358659744262695,0.01872994750738144,0.9227768182754517]"
20260825,late,49,4,0,E:/2026YOLO/datasets/coco_d2_mini_2048_seed20260901/images/train2017/000000345635.jpg,True,0.0031316527165472507,0.005182656459510326,0.18033170700073242,0.0009345972794108093,5.278009780340653e-07,20.05438232421875,0.3605382442474365,0.21632295846939087,"[2.1081905364990234,2.9183144569396973,0.018879525363445282,0.9002372622489929]"
20260825,late,49,4,1,E:/2026YOLO/datasets/coco_d2_mini_2048_seed20260901/images/train2017/000000348684.jpg,True,0.0026710890233516693,0.005481228232383728,0.1836176961660385,0.00100645050406456,4.936229061058839e-07,20.05438232421875,0.3605382442474365,0.21632295846939087,"[2.1081905364990234,2.9183144569396973,0.018879525363445282,0.9002372622489929]"
20260825,late,49,4,2,E:/2026YOLO/datasets/coco_d2_mini_2048_seed20260901/images/train2017/000000124311.jpg,True,0.005695071537047625,0.005710211582481861,0.1725602000951767,0.0009853552328422666,9.683506050350843e-07,20.05438232421875,0.3605382442474365,0.21632295846939087,"[2.1081905364990234,2.9183144569396973,0.018879525363445282,0.9002372622489929]"
20260825,late,49,4,3,E:/2026YOLO/datasets/coco_d2_mini_2048_seed20260901/images/train2017/000000178690.jpg,True,0.011433214880526066,0.0025945508386939764,0.37824520468711853,0.0009813763899728656,4.244019692123402e-06,20.05438232421875,0.3605382442474365,0.21632295846939087,"[2.1081905364990234,2.9183144569396973,0.018879525363445282,0.9002372622489929]"
20260825,late,49,5,0,E:/2026YOLO/datasets/coco_d2_mini_2048_seed20260901/images/train2017/000000241623.jpg,True,-0.015418823808431625,0.021174265071749687,0.049145422875881195,0.0010406181681901217,-7.885436161814141e-07,18.25737190246582,0.3871781826019287,0.23230691254138947,"[1.7569173574447632,2.69197154045105,0.021410787478089333,0.9045143127441406]"
20260825,late,49,5,1,E:/2026YOLO/datasets/coco_d2_mini_2048_seed20260901/images/train2017/000000168738.jpg,True,0.015212702564895153,0.002534352010115981,0.35372206568717957,0.0008964562439359725,4.82389259559568e-06,18.25737190246582,0.3871781826019287,0.23230691254138947,"[1.7569173574447632,2.69197154045105,0.021410787478089333,0.9045143127441406]"
20260825,late,49,5,2,E:/2026YOLO/datasets/coco_d2_mini_2048_seed20260901/images/train2017/000000358580.jpg,True,0.013682859018445015,0.0020141571294516325,0.49363529682159424,0.000994259025901556,6.715565632475773e-06,18.25737190246582,0.3871781826019287,0.23230691254138947,"[1.7569173574447632,2.69197154045105,0.021410787478089333,0.9045143127441406]"
20260825,late,49,5,3,E:/2026YOLO/datasets/coco_d2_mini_2048_seed20260901/images/train2017/000000550760.jpg,True,0.001437625614926219,0.002325789537280798,0.3959679901599884,0.0009209382114931941,5.242475253908196e-07,18.25737190246582,0.3871781826019287,0.23230691254138947,"[1.7569173574447632,2.69197154045105,0.021410787478089333,0.9045143127441406]"
20260825,late,49,6,0,E:/2026YOLO/datasets/coco_d2_mini_2048_seed20260901/images/train2017/000000306710.jpg,True,0.004336339421570301,0.01021994836628437,0.10221818834543228,0.001044664648361504,4.630504975011718e-07,16.10491180419922,0.3684018850326538,0.22104114294052124,"[1.7070341110229492,2.2342913150787354,0.02033311314880848,0.9023261666297913]"
20260825,late,49,6,1,E:/2026YOLO/datasets/coco_d2_mini_2048_seed20260901/images/train2017/000000523220.jpg,True,-0.015361262485384941,0.0015633770963177085,0.6387102603912354,0.0009985449723899364,-9.797120583243668e-06,16.10491180419922,0.3684018850326538,0.22104114294052124,"[1.7070341110229492,2.2342913150787354,0.02033311314880848,0.9023261666297913]"
20260825,late,49,6,2,E:/2026YOLO/datasets/coco_d2_mini_2048_seed20260901/images/train2017/000000009885.jpg,True,0.009054765105247498,0.0033290782012045383,0.3324448764324188,0.0011067349696531892,3.331505240566912e-06,16.10491180419922,0.3684018850326538,0.22104114294052124,"[1.7070341110229492,2.2342913150787354,0.02033311314880848,0.9023261666297913]"
20260825,late,49,6,3,E:/2026YOLO/datasets/coco_d2_mini_2048_seed20260901/images/train2017/000000501695.jpg,True,-0.006191972177475691,0.005821404978632927,0.1663096398115158,0.0009681557421572506,-9.969919574359665e-07,16.10491180419922,0.3684018850326538,0.22104114294052124,"[1.7070341110229492,2.2342913150787354,0.02033311314880848,0.9023261666297913]"
20260825,late,49,7,0,E:/2026YOLO/datasets/coco_d2_mini_2048_seed20260901/images/train2017/000000224366.jpg,True,0.007696093991398811,0.0063045937567949295,0.15989108383655548,0.0010080483043566346,1.2404404969856841e-06,18.80031967163086,0.33931446075439453,0.20358867943286896,"[2.4979312419891357,2.364471197128296,0.014091234654188156,0.9086642861366272]"
20260825,late,49,7,1,E:/2026YOLO/datasets/coco_d2_mini_2048_seed20260901/images/train2017/000000277912.jpg,True,0.014514372684061527,0.0028661461547017097,0.3821011781692505,0.001095157815143466,6.073700205888599e-06,18.80031967163086,0.33931446075439453,0.20358867943286896,"[2.4979312419891357,2.364471197128296,0.014091234654188156,0.9086642861366272]"
20260825,late,49,7,2,E:/2026YOLO/datasets/coco_d2_mini_2048_seed20260901/images/train2017/000000441240.jpg,True,0.011956938542425632,0.003192309057340026,0.28998708724975586,0.0009257284109480679,3.2098314477480017e-06,18.80031967163086,0.33931446075439453,0.20358867943286896,"[2.4979312419891357,2.364471197128296,0.014091234654188156,0.9086642861366272]"
20260825,late,49,7,3,E:/2026YOLO/datasets/coco_d2_mini_2048_seed20260901/images/train2017/000000142318.jpg,True,0.013303155079483986,0.004852122627198696,0.20249773561954498,0.000982543802820146,2.64683421846712e-06,18.80031967163086,0.33931446075439453,0.20358867943286896,"[2.4979312419891357,2.364471197128296,0.014091234654188156,0.9086642861366272]"
20260825,late,49,8,0,E:/2026YOLO/datasets/coco_d2_mini_2048_seed20260901/images/train2017/000000171384.jpg,True,0.0009765253053046763,0.004840570036321878,0.24659350514411926,0.001193653093650937,2.8743738766934257e-07,15.676170349121094,0.36830735206604004,0.22098441421985626,"[1.8587719202041626,2.4306583404541016,0.02216772548854351,0.8993201851844788]"
20260825,late,49,8,1,E:/2026YOLO/datasets/coco_d2_mini_2048_seed20260901/images/train2017/000000574145.jpg,True,0.013663538731634617,0.026408594101667404,0.03622361645102501,0.0009566147928126156,4.7346958353955415e-07,15.676170349121094,0.36830735206604004,0.22098441421985626,"[1.8587719202041626,2.4306583404541016,0.02216772548854351,0.8993201851844788]"
20260825,late,49,8,2,E:/2026YOLO/datasets/coco_d2_mini_2048_seed20260901/images/train2017/000000380034.jpg,True,0.0002839704684447497,0.003193751908838749,0.2963981628417969,0.0009466221672482789,7.967560122779105e-08,15.676170349121094,0.36830735206604004,0.22098441421985626,"[1.8587719202041626,2.4306583404541016,0.02216772548854351,0.8993201851844788]"
20260825,late,49,8,3,E:/2026YOLO/datasets/coco_d2_mini_2048_seed20260901/images/train2017/000000039743.jpg,True,0.018550703302025795,0.001656640786677599,0.5616259574890137,0.0009304124978370965,9.693554602563381e-06,15.676170349121094,0.36830735206604004,0.22098441421985626,"[1.8587719202041626,2.4306583404541016,0.02216772548854351,0.8993201851844788]"
20260825,late,49,9,0,E:/2026YOLO/datasets/coco_d2_mini_2048_seed20260901/images/train2017/000000101892.jpg,True,0.01159039419144392,0.004026602953672409,0.23704762756824493,0.0009544966742396355,2.6224561224807985e-06,22.267410278320312,0.3672668933868408,0.2203601449728012,"[2.208667755126953,2.9287607669830322,0.021257564425468445,0.9048103094100952]"
20260825,late,49,9,1,E:/2026YOLO/datasets/coco_d2_mini_2048_seed20260901/images/train2017/000000043202.jpg,True,0.030751146376132965,0.026470141485333443,0.035803329199552536,0.000947719207033515,1.0434325758978957e-06,22.267410278320312,0.3672668933868408,0.2203601449728012,"[2.208667755126953,2.9287607669830322,0.021257564425468445,0.9048103094100952]"
20260825,late,49,9,2,E:/2026YOLO/datasets/coco_d2_mini_2048_seed20260901/images/train2017/000000469514.jpg,True,-0.0022859310265630484,0.0031820381991565228,0.33205446600914,0.0010566100245341659,-8.020236919037416e-07,22.267410278320312,0.3672668933868408,0.2203601449728012,"[2.208667755126953,2.9287607669830322,0.021257564425468445,0.9048103094100952]"
20260825,late,49,9,3,E:/2026YOLO/datasets/coco_d2_mini_2048_seed20260901/images/train2017/000000278763.jpg,True,0.016804520040750504,0.0013015726581215858,0.6853693723678589,0.0008920580148696899,1.0274102351104375e-05,22.267410278320312,0.3672668933868408,0.2203601449728012,"[2.208667755126953,2.9287607669830322,0.021257564425468445,0.9048103094100952]"
20260825,late,49,10,0,E:/2026YOLO/datasets/coco_d2_mini_2048_seed20260901/images/train2017/000000478105.jpg,True,0.002384795807301998,0.002715243026614189,0.3690520226955414,0.001002065953798592,8.819320100883488e-07,16.867691040039062,0.4087855815887451,0.24527135491371155,"[1.4549232721328735,2.3433024883270264,0.02445128932595253,0.9149930477142334]"
20260825,late,49,10,1,E:/2026YOLO/datasets/coco_d2_mini_2048_seed20260901/images/train2017/000000189770.jpg,True,-0.011008171364665031,0.0012234201421961188,0.7643795609474182,0.0009351573535241187,-7.868808097555302e-06,16.867691040039062,0.4087855815887451,0.24527135491371155,"[1.4549232721328735,2.3433024883270264,0.02445128932595253,0.9149930477142334]"
20260825,late,49,10,2,E:/2026YOLO/datasets/coco_d2_mini_2048_seed20260901/images/train2017/000000572152.jpg,True,0.020550047978758812,0.004022500943392515,0.2781199812889099,0.0011187378549948335,6.394010597432498e-06,16.867691040039062,0.4087855815887451,0.24527135491371155,"[1.4549232721328735,2.3433024883270264,0.02445128932595253,0.9149930477142334]"
20260825,late,49,10,3,E:/2026YOLO/datasets/coco_d2_mini_2048_seed20260901/images/train2017/000000460950.jpg,True,0.0011708365054801106,0.0014528898755088449,0.6984524130821228,0.0010147744324058294,8.298557077068835e-07,16.867691040039062,0.4087855815887451,0.24527135491371155,"[1.4549232721328735,2.3433024883270264,0.02445128932595253,0.9149930477142334]"
20260825,late,49,11,0,E:/2026YOLO/datasets/coco_d2_mini_2048_seed20260901/images/train2017/000000148077.jpg,True,-0.016491584479808807,0.0029170243069529533,0.35350844264030457,0.0010311927180737257,-6.011765435687266e-06,16.23398780822754,0.33601176738739014,0.20160706341266632,"[1.5401033163070679,2.4056239128112793,0.02674661949276924,0.9037861227989197]"
20260825,late,49,11,1,E:/2026YOLO/datasets/coco_d2_mini_2048_seed20260901/images/train2017/000000315221.jpg,True,-0.031072352081537247,0.001533652190119028,0.6636022925376892,0.001017735106870532,-2.098537515848875e-05,16.23398780822754,0.33601176738739014,0.20160706341266632,"[1.5401033163070679,2.4056239128112793,0.02674661949276924,0.9037861227989197]"
20260825,late,49,11,2,E:/2026YOLO/datasets/coco_d2_mini_2048_seed20260901/images/train2017/000000261696.jpg,True,0.021785203367471695,0.0011744264047592878,0.9635144472122192,0.0011315768351778388,2.3752203560434282e-05,16.23398780822754,0.33601176738739014,0.20160706341266632,"[1.5401033163070679,2.4056239128112793,0.02674661949276924,0.9037861227989197]"
20260825,late,49,11,3,E:/2026YOLO/datasets/coco_d2_mini_2048_seed20260901/images/train2017/000000477172.jpg,True,0.003869089297950268,0.0027006184682250023,0.35654497146606445,0.0009628919651731849,1.32831360133423e-06,16.23398780822754,0.33601176738739014,0.20160706341266632,"[1.5401033163070679,2.4056239128112793,0.02674661949276924,0.9037861227989197]"
20260825,late,49,12,0,E:/2026YOLO/datasets/coco_d2_mini_2048_seed20260901/images/train2017/000000087671.jpg,True,-0.0004879907937720418,0.003287608502432704,0.28007757663726807,0.0009207854163832963,-1.2584860087372363e-07,19.171127319335938,0.32309699058532715,0.19385820627212524,"[2.243129253387451,2.647324800491333,0.020275672897696495,0.9209546446800232]"
20260825,late,49,12,1,E:/2026YOLO/datasets/coco_d2_mini_2048_seed20260901/images/train2017/000000092634.jpg,True,-0.005339167546480894,0.003233501221984625,0.29714643955230713,0.0009608233813196421,-1.52436041389592e-06,19.171127319335938,0.32309699058532715,0.19385820627212524,"[2.243129253387451,2.647324800491333,0.020275672897696495,0.9209546446800232]"
20260825,late,49,12,2,E:/2026YOLO/datasets/coco_d2_mini_2048_seed20260901/images/train2017/000000177705.jpg,True,0.0015520305605605245,0.0038746427744627,0.23629938066005707,0.0009155757143162191,3.357817774940486e-07,19.171127319335938,0.32309699058532715,0.19385820627212524,"[2.243129253387451,2.647324800491333,0.020275672897696495,0.9209546446800232]"
20260825,late,49,12,3,E:/2026YOLO/datasets/coco_d2_mini_2048_seed20260901/images/train2017/000000222228.jpg,True,0.026225805282592773,0.002345956629142165,0.3978481888771057,0.0009333346388302743,9.738309927342925e-06,19.171127319335938,0.32309699058532715,0.19385820627212524,"[2.243129253387451,2.647324800491333,0.020275672897696495,0.9209546446800232]"
20260825,late,49,13,0,E:/2026YOLO/datasets/coco_d2_mini_2048_seed20260901/images/train2017/000000115370.jpg,True,-0.006493315566331148,0.0016996745252981782,0.5141499638557434,0.0008738876204006374,-2.9175071176723577e-06,20.252124786376953,0.3526902198791504,0.21161414682865143,"[2.292975425720215,2.692870616912842,0.02215883508324623,0.8977989554405212]"
20260825,late,49,13,1,E:/2026YOLO/datasets/coco_d2_mini_2048_seed20260901/images/train2017/000000400606.jpg,True,0.0057670921087265015,0.003413368482142687,0.28589653968811035,0.0009758702362887561,1.6090067447294132e-06,20.252124786376953,0.3526902198791504,0.21161414682865143,"[2.292975425720215,2.692870616912842,0.02215883508324623,0.8977989554405212]"
20260825,late,49,13,2,E:/2026YOLO/datasets/coco_d2_mini_2048_seed20260901/images/train2017/000000205010.jpg,True,0.0023006508126854897,0.004148976877331734,0.23701034486293793,0.000983350444585085,5.361994226404931e-07,20.252124786376953,0.3526902198791504,0.21161414682865143,"[2.292975425720215,2.692870616912842,0.02215883508324623,0.8977989554405212]"
20260825,late,49,13,3,E:/2026YOLO/datasets/coco_d2_mini_2048_seed20260901/images/train2017/000000515191.jpg,True,-0.007274915464222431,0.004422027617692947,0.24539178609848022,0.0010851292172446847,-1.937177557920222e-06,20.252124786376953,0.3526902198791504,0.21161414682865143,"[2.292975425720215,2.692870616912842,0.02215883508324623,0.8977989554405212]"
20260825,late,49,14,0,E:/2026YOLO/datasets/coco_d2_mini_2048_seed20260901/images/train2017/000000190942.jpg,True,0.007438503205776215,0.003506935201585293,0.2595410943031311,0.000910193775780499,1.7572176602698164e-06,19.586454391479492,0.3494585156440735,0.2096751183271408,"[2.477296829223633,2.475099802017212,0.018062276765704155,0.9234713315963745]"
20260825,late,49,14,1,E:/2026YOLO/datasets/coco_d2_mini_2048_seed20260901/images/train2017/000000397211.jpg,True,-0.0030145281925797462,0.0034726234152913094,0.26237884163856506,0.000911142909899354,-7.206670602499798e-07,19.586454391479492,0.3494585156440735,0.2096751183271408,"[2.477296829223633,2.475099802017212,0.018062276765704155,0.9234713315963745]"
20260825,late,49,14,2,E:/2026YOLO/datasets/coco_d2_mini_2048_seed20260901/images/train2017/000000039606.jpg,True,-0.005008647218346596,0.002547726733610034,0.41871803998947144,0.0010667791357263923,-2.2372610146703664e-06,19.586454391479492,0.3494585156440735,0.2096751183271408,"[2.477296829223633,2.475099802017212,0.018062276765704155,0.9234713315963745]"
20260825,late,49,14,3,E:/2026YOLO/datasets/coco_d2_mini_2048_seed20260901/images/train2017/000000447118.jpg,True,0.002462157979607582,0.004054276738315821,0.23674927651882172,0.0009598470642231405,5.595084076048806e-07,19.586454391479492,0.3494585156440735,0.2096751183271408,"[2.477296829223633,2.475099802017212,0.018062276765704155,0.9234713315963745]"
20260825,late,49,15,0,E:/2026YOLO/datasets/coco_d2_mini_2048_seed20260901/images/train2017/000000435454.jpg,True,0.017249934375286102,0.0046172672882676125,0.20698076486587524,0.0009556855075061321,3.4121840144507587e-06,18.080467224121094,0.3703099489212036,0.22218598425388336,"[2.2347068786621094,2.4822940826416016,0.023222319781780243,0.9127785563468933]"
20260825,late,49,15,1,E:/2026YOLO/datasets/coco_d2_mini_2048_seed20260901/images/train2017/000000175227.jpg,True,0.008114744909107685,0.0033237943425774574,0.28418925404548645,0.0009445866453461349,2.1783332613267703e-06,18.080467224121094,0.3703099489212036,0.22218598425388336,"[2.2347068786621094,2.4822940826416016,0.023222319781780243,0.9127785563468933]"
20260825,late,49,15,2,E:/2026YOLO/datasets/coco_d2_mini_2048_seed20260901/images/train2017/000000028359.jpg,True,0.00932776927947998,0.0029795521404594183,0.37959784269332886,0.0011310315458104014,4.004758011433296e-06,18.080467224121094,0.3703099489212036,0.22218598425388336,"[2.2347068786621094,2.4822940826416016,0.023222319781780243,0.9127785563468933]"
20260825,late,49,15,3,E:/2026YOLO/datasets/coco_d2_mini_2048_seed20260901/images/train2017/000000205435.jpg,True,0.012543872930109501,0.0023278503213077784,0.39662638306617737,0.0009232868906110525,4.5935653361084405e-06,18.080467224121094,0.3703099489212036,0.22218598425388336,"[2.2347068786621094,2.4822940826416016,0.023222319781780243,0.9127785563468933]"
20260826,early,9,0,0,E:/2026YOLO/datasets/coco_d2_mini_2048_seed20260901/images/train2017/000000055118.jpg,True,-0.014660360291600227,0.011241606436669827,0.20725248754024506,0.0023298508021980524,-7.0790097197459545e-06,21.977447509765625,0.6924802660942078,0.41548818349838257,"[2.556920289993286,2.900444984436035,0.021462619304656982,0.9137443900108337]"
20260826,early,9,0,1,E:/2026YOLO/datasets/coco_d2_mini_2048_seed20260901/images/train2017/000000486491.jpg,True,-0.016598675400018692,0.0078118788078427315,0.26686593890190125,0.002084724372252822,-9.234539902536198e-06,21.977447509765625,0.6924802660942078,0.41548818349838257,"[2.556920289993286,2.900444984436035,0.021462619304656982,0.9137443900108337]"
20260826,early,9,0,2,E:/2026YOLO/datasets/coco_d2_mini_2048_seed20260901/images/train2017/000000111194.jpg,True,0.01273492630571127,0.019498160108923912,0.09835869073867798,0.0019178134389221668,2.402235395493335e-06,21.977447509765625,0.6924802660942078,0.41548818349838257,"[2.556920289993286,2.900444984436035,0.021462619304656982,0.9137443900108337]"
20260826,early,9,0,3,E:/2026YOLO/datasets/coco_d2_mini_2048_seed20260901/images/train2017/000000012236.jpg,True,-0.008356043137609959,0.023118386045098305,0.08930705487728119,0.002064635045826435,-1.5407413229695521e-06,21.977447509765625,0.6924802660942078,0.41548818349838257,"[2.556920289993286,2.900444984436035,0.021462619304656982,0.9137443900108337]"
20260826,early,9,1,0,E:/2026YOLO/datasets/coco_d2_mini_2048_seed20260901/images/train2017/000000447095.jpg,True,0.004313494544476271,0.00526477349922061,0.39673227071762085,0.0020887055434286594,3.574406946427189e-06,22.388214111328125,0.6748805046081543,0.4049283266067505,"[2.187641143798828,3.7012805938720703,0.02494734153151512,0.920493483543396]"
20260826,early,9,1,1,E:/2026YOLO/datasets/coco_d2_mini_2048_seed20260901/images/train2017/000000103427.jpg,True,-0.02506262995302677,0.005736458580940962,0.386210560798645,0.002215480897575617,-2.1444642698043026e-05,22.388214111328125,0.6748805046081543,0.4049283266067505,"[2.187641143798828,3.7012805938720703,0.02494734153151512,0.920493483543396]"
20260826,early,9,1,2,E:/2026YOLO/datasets/coco_d2_mini_2048_seed20260901/images/train2017/000000361519.jpg,True,-0.014509393833577633,0.036936257034540176,0.06674013286828995,0.0024651307612657547,-2.3871311896073166e-06,22.388214111328125,0.6748805046081543,0.4049283266067505,"[2.187641143798828,3.7012805938720703,0.02494734153151512,0.920493483543396]"
20260826,early,9,1,3,E:/2026YOLO/datasets/coco_d2_mini_2048_seed20260901/images/train2017/000000128142.jpg,True,0.005239222198724747,0.00868750736117363,0.23572513461112976,0.0020478637889027596,2.5291451493103523e-06,22.388214111328125,0.6748805046081543,0.4049283266067505,"[2.187641143798828,3.7012805938720703,0.02494734153151512,0.920493483543396]"
20260826,early,9,2,0,E:/2026YOLO/datasets/coco_d2_mini_2048_seed20260901/images/train2017/000000003242.jpg,True,-0.030257871374487877,0.0055016721598804,0.4446413218975067,0.0024462707806378603,-3.291188113507815e-05,25.966629028320312,0.6943358182907104,0.4166015088558197,"[2.7300984859466553,3.9862136840820312,0.02146623097360134,0.9192183017730713]"
20260826,early,9,2,1,E:/2026YOLO/datasets/coco_d2_mini_2048_seed20260901/images/train2017/000000332646.jpg,True,-0.0040524923242628574,0.008499274030327797,0.24047456681728363,0.0020438593346625566,-1.9917845293093706e-06,25.966629028320312,0.6943358182907104,0.4166015088558197,"[2.7300984859466553,3.9862136840820312,0.02146623097360134,0.9192183017730713]"
20260826,early,9,2,2,E:/2026YOLO/datasets/coco_d2_mini_2048_seed20260901/images/train2017/000000399784.jpg,True,0.011205551214516163,0.007672980893403292,0.27353084087371826,0.0020987968891859055,6.432946520362748e-06,25.966629028320312,0.6943358182907104,0.4166015088558197,"[2.7300984859466553,3.9862136840820312,0.02146623097360134,0.9192183017730713]"
20260826,early,9,2,3,E:/2026YOLO/datasets/coco_d2_mini_2048_seed20260901/images/train2017/000000268809.jpg,True,-0.028620120137929916,0.023915013298392296,0.0843864157795906,0.0020181022118777037,-4.8740180318418425e-06,25.966629028320312,0.6943358182907104,0.4166015088558197,"[2.7300984859466553,3.9862136840820312,0.02146623097360134,0.9192183017730713]"
20260826,early,9,3,0,E:/2026YOLO/datasets/coco_d2_mini_2048_seed20260901/images/train2017/000000469798.jpg,True,0.01962849870324135,0.0069275363348424435,0.2920083999633789,0.002022898755967617,1.1594622264965437e-05,26.381254196166992,0.702845573425293,0.4217073619365692,"[2.807088613510132,3.5442914962768555,0.024569828063249588,0.9029481410980225]"
20260826,early,9,3,1,E:/2026YOLO/datasets/coco_d2_mini_2048_seed20260901/images/train2017/000000341797.jpg,True,0.00968235358595848,0.009337300434708595,0.22077980637550354,0.0020614874083548784,4.406776042742422e-06,26.381254196166992,0.702845573425293,0.4217073619365692,"[2.807088613510132,3.5442914962768555,0.024569828063249588,0.9029481410980225]"
20260826,early,9,3,2,E:/2026YOLO/datasets/coco_d2_mini_2048_seed20260901/images/train2017/000000172342.jpg,True,-0.011694117449223995,0.009826180525124073,0.2036200761795044,0.0020008075516670942,-4.76423701911699e-06,26.381254196166992,0.702845573425293,0.4217073619365692,"[2.807088613510132,3.5442914962768555,0.024569828063249588,0.9029481410980225]"
20260826,early,9,3,3,E:/2026YOLO/datasets/coco_d2_mini_2048_seed20260901/images/train2017/000000098596.jpg,True,-0.009057076647877693,0.012184889987111092,0.18383754789829254,0.0022400403395295143,-3.7297361359378556e-06,26.381254196166992,0.702845573425293,0.4217073619365692,"[2.807088613510132,3.5442914962768555,0.024569828063249588,0.9029481410980225]"
20260826,early,9,4,0,E:/2026YOLO/datasets/coco_d2_mini_2048_seed20260901/images/train2017/000000345635.jpg,True,-0.009345280937850475,0.01604481227695942,0.13588638603687286,0.0021802715491503477,-2.7687192414305173e-06,23.588096618652344,0.7089715600013733,0.42538294196128845,"[2.3106882572174072,3.3628997802734375,0.022284744307398796,0.9311429858207703]"
20260826,early,9,4,1,E:/2026YOLO/datasets/coco_d2_mini_2048_seed20260901/images/train2017/000000348684.jpg,True,0.011926117353141308,0.014756866730749607,0.1359299272298813,0.002005899790674448,3.2517968975298572e-06,23.588096618652344,0.7089715600013733,0.42538294196128845,"[2.3106882572174072,3.3628997802734375,0.022284744307398796,0.9311429858207703]"
20260826,early,9,4,2,E:/2026YOLO/datasets/coco_d2_mini_2048_seed20260901/images/train2017/000000124311.jpg,True,0.0275486558675766,0.013978802599012852,0.15222571790218353,0.0021279333159327507,8.923731002141722e-06,23.588096618652344,0.7089715600013733,0.42538294196128845,"[2.3106882572174072,3.3628997802734375,0.022284744307398796,0.9311429858207703]"
20260826,early,9,4,3,E:/2026YOLO/datasets/coco_d2_mini_2048_seed20260901/images/train2017/000000178690.jpg,True,-0.002236222615465522,0.006428465247154236,0.31818684935569763,0.0020454530604183674,-1.4554148037859704e-06,23.588096618652344,0.7089715600013733,0.42538294196128845,"[2.3106882572174072,3.3628997802734375,0.022284744307398796,0.9311429858207703]"
20260826,early,9,5,0,E:/2026YOLO/datasets/coco_d2_mini_2048_seed20260901/images/train2017/000000241623.jpg,True,-0.064244844019413,0.04399479180574417,0.050475265830755234,0.002220648806542158,-7.201065727713285e-06,22.484424591064453,0.7246648073196411,0.4347988963127136,"[2.092545509338379,3.382481575012207,0.029589466750621796,0.9181385040283203]"
20260826,early,9,5,1,E:/2026YOLO/datasets/coco_d2_mini_2048_seed20260901/images/train2017/000000168738.jpg,True,0.008755276910960674,0.004727557301521301,0.40567222237586975,0.0019178387010470033,6.8117269620415755e-06,22.484424591064453,0.7246648073196411,0.4347988963127136,"[2.092545509338379,3.382481575012207,0.029589466750621796,0.9181385040283203]"
20260826,early,9,5,2,E:/2026YOLO/datasets/coco_d2_mini_2048_seed20260901/images/train2017/000000358580.jpg,True,-0.012257834896445274,0.007345325313508511,0.2913949489593506,0.0021403906866908073,-7.64519973017741e-06,22.484424591064453,0.7246648073196411,0.4347988963127136,"[2.092545509338379,3.382481575012207,0.029589466750621796,0.9181385040283203]"
20260826,early,9,5,3,E:/2026YOLO/datasets/coco_d2_mini_2048_seed20260901/images/train2017/000000550760.jpg,True,0.009193669073283672,0.00542997382581234,0.36865293979644775,0.0020017758943140507,6.784565357520478e-06,22.484424591064453,0.7246648073196411,0.4347988963127136,"[2.092545509338379,3.382481575012207,0.029589466750621796,0.9181385040283203]"
20260826,early,9,6,0,E:/2026YOLO/datasets/coco_d2_mini_2048_seed20260901/images/train2017/000000306710.jpg,True,-0.0025194536428898573,0.024052007123827934,0.09107731282711029,0.002190592233091593,-5.026643634664651e-07,20.338951110839844,0.7316334247589111,0.4389800727367401,"[1.787880301475525,3.062098264694214,0.022288881242275238,0.910840630531311]"
20260826,early,9,6,1,E:/2026YOLO/datasets/coco_d2_mini_2048_seed20260901/images/train2017/000000523220.jpg,True,0.019020142033696175,0.004735888913273811,0.4472455084323883,0.0021181050688028336,1.8018026821664535e-05,20.338951110839844,0.7316334247589111,0.4389800727367401,"[1.787880301475525,3.062098264694214,0.022288881242275238,0.910840630531311]"
20260826,early,9,6,2,E:/2026YOLO/datasets/coco_d2_mini_2048_seed20260901/images/train2017/000000009885.jpg,True,-0.011273741722106934,0.004883666057139635,0.3702709376811981,0.0018082796595990658,-7.548372195742559e-06,20.338951110839844,0.7316334247589111,0.4389800727367401,"[1.787880301475525,3.062098264694214,0.022288881242275238,0.910840630531311]"
20260826,early,9,6,3,E:/2026YOLO/datasets/coco_d2_mini_2048_seed20260901/images/train2017/000000501695.jpg,True,-0.009078031405806541,0.00736410403624177,0.26505476236343384,0.0019518908811733127,-4.696591986430576e-06,20.338951110839844,0.7316334247589111,0.4389800727367401,"[1.787880301475525,3.062098264694214,0.022288881242275238,0.910840630531311]"
20260826,early,9,7,0,E:/2026YOLO/datasets/coco_d2_mini_2048_seed20260901/images/train2017/000000224366.jpg,True,0.012573794461786747,0.008975869975984097,0.2201153188943863,0.001975726569071412,5.468188192025991e-06,22.794017791748047,0.7036528587341309,0.4221917390823364,"[2.867692708969116,2.656933307647705,0.018413856625556946,0.9302071928977966]"
20260826,early,9,7,1,E:/2026YOLO/datasets/coco_d2_mini_2048_seed20260901/images/train2017/000000277912.jpg,True,-0.021048730239272118,0.01122189313173294,0.17958343029022217,0.002015266101807356,-7.617712526553078e-06,22.794017791748047,0.7036528587341309,0.4221917390823364,"[2.867692708969116,2.656933307647705,0.018413856625556946,0.9302071928977966]"
20260826,early,9,7,2,E:/2026YOLO/datasets/coco_d2_mini_2048_seed20260901/images/train2017/000000441240.jpg,True,-0.010509424842894077,0.00890887901186943,0.22405652701854706,0.0019960924983024597,-4.700209501606878e-06,22.794017791748047,0.7036528587341309,0.4221917390823364,"[2.867692708969116,2.656933307647705,0.018413856625556946,0.9302071928977966]"
20260826,early,9,7,3,E:/2026YOLO/datasets/coco_d2_mini_2048_seed20260901/images/train2017/000000142318.jpg,True,-0.018580682575702667,0.016816776245832443,0.11971817165613174,0.0020132737699896097,-4.478417395148426e-06,22.794017791748047,0.7036528587341309,0.4221917390823364,"[2.867692708969116,2.656933307647705,0.018413856625556946,0.9302071928977966]"
20260826,early,9,8,0,E:/2026YOLO/datasets/coco_d2_mini_2048_seed20260901/images/train2017/000000171384.jpg,True,0.02387082204222679,0.007567685563117266,0.27946412563323975,0.0021148966625332832,1.4108556570135988e-05,18.838642120361328,0.7097705602645874,0.4258623421192169,"[2.34124755859375,2.6842846870422363,0.02814001590013504,0.9249528050422668]"
20260826,early,9,8,1,E:/2026YOLO/datasets/coco_d2_mini_2048_seed20260901/images/train2017/000000574145.jpg,True,-0.047740112990140915,0.08889633417129517,0.023644661530852318,0.002101923804730177,-2.372649078097311e-06,18.838642120361328,0.7097705602645874,0.4258623421192169,"[2.34124755859375,2.6842846870422363,0.02814001590013504,0.9249528050422668]"
20260826,early,9,8,2,E:/2026YOLO/datasets/coco_d2_mini_2048_seed20260901/images/train2017/000000380034.jpg,True,-0.00636137742549181,0.006645098328590393,0.3053818345069885,0.0020292922854423523,-3.942202965845354e-06,18.838642120361328,0.7097705602645874,0.4258623421192169,"[2.34124755859375,2.6842846870422363,0.02814001590013504,0.9249528050422668]"
20260826,early,9,8,3,E:/2026YOLO/datasets/coco_d2_mini_2048_seed20260901/images/train2017/000000039743.jpg,True,0.007840325124561787,0.005387838929891586,0.3805044889450073,0.002050096867606044,6.1160108089097776e-06,18.838642120361328,0.7097705602645874,0.4258623421192169,"[2.34124755859375,2.6842846870422363,0.02814001590013504,0.9249528050422668]"
20260826,early,9,9,0,E:/2026YOLO/datasets/coco_d2_mini_2048_seed20260901/images/train2017/000000101892.jpg,True,0.0018826673040166497,0.007715083658695221,0.3054300546646118,0.0023564184084534645,1.354995220026467e-06,26.997241973876953,0.7557137608528137,0.4534282684326172,"[2.663438320159912,3.7210960388183594,0.027930639684200287,0.927849292755127]"
20260826,early,9,9,1,E:/2026YOLO/datasets/coco_d2_mini_2048_seed20260901/images/train2017/000000043202.jpg,True,-0.010943759232759476,0.019441712647676468,0.10467911511659622,0.002035141224041581,-2.331423274881672e-06,26.997241973876953,0.7557137608528137,0.4534282684326172,"[2.663438320159912,3.7210960388183594,0.027930639684200287,0.927849292755127]"
20260826,early,9,9,2,E:/2026YOLO/datasets/coco_d2_mini_2048_seed20260901/images/train2017/000000469514.jpg,True,0.04300975054502487,0.0070840721018612385,0.28593793511390686,0.002025604946538806,2.4911130822147243e-05,26.997241973876953,0.7557137608528137,0.4534282684326172,"[2.663438320159912,3.7210960388183594,0.027930639684200287,0.927849292755127]"
20260826,early,9,9,3,E:/2026YOLO/datasets/coco_d2_mini_2048_seed20260901/images/train2017/000000278763.jpg,True,-0.016643252223730087,0.0034867350477725267,0.6134559512138367,0.0021389583125710487,-2.18385539483279e-05,26.997241973876953,0.7557137608528137,0.4534282684326172,"[2.663438320159912,3.7210960388183594,0.027930639684200287,0.927849292755127]"
20260826,early,9,10,0,E:/2026YOLO/datasets/coco_d2_mini_2048_seed20260901/images/train2017/000000478105.jpg,True,0.0037007664795964956,0.00427113426849246,0.4400756061077118,0.001879621995612979,3.061184543184936e-06,24.244274139404297,0.7113302946090698,0.4267981946468353,"[1.6767313480377197,4.09660005569458,0.03253556042909622,0.925786018371582]"
20260826,early,9,10,1,E:/2026YOLO/datasets/coco_d2_mini_2048_seed20260901/images/train2017/000000189770.jpg,True,-0.019121399149298668,0.002595667727291584,0.7961260080337524,0.0020664785988628864,-3.1458093872061e-05,24.244274139404297,0.7113302946090698,0.4267981946468353,"[1.6767313480377197,4.09660005569458,0.03253556042909622,0.925786018371582]"
20260826,early,9,10,2,E:/2026YOLO/datasets/coco_d2_mini_2048_seed20260901/images/train2017/000000572152.jpg,True,0.014512401074171066,0.011549641378223896,0.20181308686733246,0.002330868737772107,6.8266308517195284e-06,24.244274139404297,0.7113302946090698,0.4267981946468353,"[1.6767313480377197,4.09660005569458,0.03253556042909622,0.925786018371582]"
20260826,early,9,10,3,E:/2026YOLO/datasets/coco_d2_mini_2048_seed20260901/images/train2017/000000460950.jpg,True,0.002064367523416877,0.003481253981590271,0.5622989535331726,0.001957505475729704,2.2722560970578343e-06,24.244274139404297,0.7113302946090698,0.4267981946468353,"[1.6767313480377197,4.09660005569458,0.03253556042909622,0.925786018371582]"
20260826,early,9,11,0,E:/2026YOLO/datasets/coco_d2_mini_2048_seed20260901/images/train2017/000000148077.jpg,True,-0.029664767906069756,0.016955217346549034,0.1258830726146698,0.0021343748085200787,-7.970379556354601e-06,18.37859344482422,0.675894558429718,0.4055367410182953,"[1.4528249502182007,3.2058475017547607,0.023590169847011566,0.9237400889396667]"
20260826,early,9,11,1,E:/2026YOLO/datasets/coco_d2_mini_2048_seed20260901/images/train2017/000000315221.jpg,True,0.024128276854753494,0.0038253278471529484,0.5710699558258057,0.0021845297887921333,3.010049113072455e-05,18.37859344482422,0.675894558429718,0.4055367410182953,"[1.4528249502182007,3.2058475017547607,0.023590169847011566,0.9237400889396667]"
20260826,early,9,11,2,E:/2026YOLO/datasets/coco_d2_mini_2048_seed20260901/images/train2017/000000261696.jpg,True,0.0300450436770916,0.0028186417184770107,0.6403422951698303,0.0018048954661935568,3.4724587749224156e-05,18.37859344482422,0.675894558429718,0.4055367410182953,"[1.4528249502182007,3.2058475017547607,0.023590169847011566,0.9237400889396667]"
20260826,early,9,11,3,E:/2026YOLO/datasets/coco_d2_mini_2048_seed20260901/images/train2017/000000477172.jpg,True,0.013428577221930027,0.006527354475110769,0.32873308658599854,0.002145757433027029,9.472269084653817e-06,18.37859344482422,0.675894558429718,0.4055367410182953,"[1.4528249502182007,3.2058475017547607,0.023590169847011566,0.9237400889396667]"
20260826,early,9,12,0,E:/2026YOLO/datasets/coco_d2_mini_2048_seed20260901/images/train2017/000000087671.jpg,True,0.020722810178995132,0.006207633297890425,0.2991653382778168,0.0018571086693555117,1.1513231584103778e-05,24.305248260498047,0.6416777968406677,0.38500669598579407,"[2.692861795425415,3.230543613433838,0.027229635044932365,0.945027232170105]"
20260826,early,9,12,1,E:/2026YOLO/datasets/coco_d2_mini_2048_seed20260901/images/train2017/000000092634.jpg,True,-0.010914301499724388,0.011742740869522095,0.17587286233901978,0.0020652294624596834,-3.964268671552418e-06,24.305248260498047,0.6416777968406677,0.38500669598579407,"[2.692861795425415,3.230543613433838,0.027229635044932365,0.945027232170105]"
20260826,early,9,12,2,E:/2026YOLO/datasets/coco_d2_mini_2048_seed20260901/images/train2017/000000177705.jpg,True,-0.0017187530174851418,0.00808992050588131,0.2582819163799286,0.002089480170980096,-9.275679531128844e-07,24.305248260498047,0.6416777968406677,0.38500669598579407,"[2.692861795425415,3.230543613433838,0.027229635044932365,0.945027232170105]"
20260826,early,9,12,3,E:/2026YOLO/datasets/coco_d2_mini_2048_seed20260901/images/train2017/000000222228.jpg,True,0.015088126994669437,0.007287769112735987,0.2803756594657898,0.0020433131139725447,8.643916771688964e-06,24.305248260498047,0.6416777968406677,0.38500669598579407,"[2.692861795425415,3.230543613433838,0.027229635044932365,0.945027232170105]"
20260826,early,9,13,0,E:/2026YOLO/datasets/coco_d2_mini_2048_seed20260901/images/train2017/000000115370.jpg,True,0.018030142411589622,0.007275986019521952,0.26271161437034607,0.0019114860333502293,9.05418892216403e-06,25.22503662109375,0.7410674095153809,0.44464045763015747,"[2.6765024662017822,3.02740740776062,0.026858195662498474,0.9235759973526001]"
20260826,early,9,13,1,E:/2026YOLO/datasets/coco_d2_mini_2048_seed20260901/images/train2017/000000400606.jpg,True,0.021365586668252945,0.006334753707051277,0.3224768340587616,0.0020428113639354706,1.4074778846406844e-05,25.22503662109375,0.7410674095153809,0.44464045763015747,"[2.6765024662017822,3.02740740776062,0.026858195662498474,0.9235759973526001]"
20260826,early,9,13,2,E:/2026YOLO/datasets/coco_d2_mini_2048_seed20260901/images/train2017/000000205010.jpg,True,-0.0006483883480541408,0.008796083740890026,0.23739834129810333,0.0020881756208837032,-3.214252046745969e-07,25.22503662109375,0.7410674095153809,0.44464045763015747,"[2.6765024662017822,3.02740740776062,0.026858195662498474,0.9235759973526001]"
20260826,early,9,13,3,E:/2026YOLO/datasets/coco_d2_mini_2048_seed20260901/images/train2017/000000515191.jpg,True,0.018581809476017952,0.006868893280625343,0.2595468759536743,0.0017827998381108046,8.598177373642102e-06,25.22503662109375,0.7410674095153809,0.44464045763015747,"[2.6765024662017822,3.02740740776062,0.026858195662498474,0.9235759973526001]"
20260826,early,9,14,0,E:/2026YOLO/datasets/coco_d2_mini_2048_seed20260901/images/train2017/000000190942.jpg,True,-0.023731660097837448,0.007135217078030109,0.2858934700489044,0.002039911923930049,-1.3840244719176553e-05,22.50420570373535,0.7324256896972656,0.43945541977882385,"[2.792332887649536,2.687772035598755,0.02618415467441082,0.9156615734100342]"
20260826,early,9,14,1,E:/2026YOLO/datasets/coco_d2_mini_2048_seed20260901/images/train2017/000000397211.jpg,True,-0.017939399927854538,0.015422050841152668,0.12942345440387726,0.001995975151658058,-4.634213382814778e-06,22.50420570373535,0.7324256896972656,0.43945541977882385,"[2.792332887649536,2.687772035598755,0.02618415467441082,0.9156615734100342]"
20260826,early,9,14,2,E:/2026YOLO/datasets/coco_d2_mini_2048_seed20260901/images/train2017/000000039606.jpg,True,0.012570706196129322,0.008207465521991253,0.2636820077896118,0.002164161065593362,7.173477570177056e-06,22.50420570373535,0.7324256896972656,0.43945541977882385,"[2.792332887649536,2.687772035598755,0.02618415467441082,0.9156615734100342]"
20260826,early,9,14,3,E:/2026YOLO/datasets/coco_d2_mini_2048_seed20260901/images/train2017/000000447118.jpg,True,-0.026754112914204597,0.010724230669438839,0.15330219268798828,0.0016440481413155794,-6.74300417813356e-06,22.50420570373535,0.7324256896972656,0.43945541977882385,"[2.792332887649536,2.687772035598755,0.02618415467441082,0.9156615734100342]"
20260826,early,9,15,0,E:/2026YOLO/datasets/coco_d2_mini_2048_seed20260901/images/train2017/000000435454.jpg,True,-0.012305870652198792,0.008892037905752659,0.237298846244812,0.002110070316120982,-6.161762030387763e-06,22.13858413696289,0.7166234254837036,0.4299740791320801,"[2.317950487136841,3.271719455718994,0.023618409410119057,0.9228351712226868]"
20260826,early,9,15,1,E:/2026YOLO/datasets/coco_d2_mini_2048_seed20260901/images/train2017/000000175227.jpg,True,0.027719195932149887,0.007153218612074852,0.2830365002155304,0.0020246219355612993,1.5884261301835068e-05,22.13858413696289,0.7166234254837036,0.4299740791320801,"[2.317950487136841,3.271719455718994,0.023618409410119057,0.9228351712226868]"
20260826,early,9,15,2,E:/2026YOLO/datasets/coco_d2_mini_2048_seed20260901/images/train2017/000000028359.jpg,True,-0.006845435127615929,0.004799711983650923,0.41801002621650696,0.002006327733397484,-5.741027507610852e-06,22.13858413696289,0.7166234254837036,0.4299740791320801,"[2.317950487136841,3.271719455718994,0.023618409410119057,0.9228351712226868]"
20260826,early,9,15,3,E:/2026YOLO/datasets/coco_d2_mini_2048_seed20260901/images/train2017/000000205435.jpg,True,0.039133429527282715,0.008157506585121155,0.26030415296554565,0.002123432932421565,2.1630550691043027e-05,22.13858413696289,0.7166234254837036,0.4299740791320801,"[2.317950487136841,3.271719455718994,0.023618409410119057,0.9228351712226868]"
20260826,middle,24,0,0,E:/2026YOLO/datasets/coco_d2_mini_2048_seed20260901/images/train2017/000000055118.jpg,True,-0.042956747114658356,0.0020832321606576443,0.4919368624687195,0.0010248187463730574,-2.1656476747011766e-05,20.40611457824707,0.3973804712295532,0.2384282946586609,"[2.6076221466064453,2.75807785987854,0.02004784345626831,0.8982225656509399]"
20260826,middle,24,0,1,E:/2026YOLO/datasets/coco_d2_mini_2048_seed20260901/images/train2017/000000486491.jpg,True,0.02206299640238285,0.004099830519407988,0.2545658349990845,0.0010436767479404807,5.86179476158577e-06,20.40611457824707,0.3973804712295532,0.2384282946586609,"[2.6076221466064453,2.75807785987854,0.02004784345626831,0.8982225656509399]"
20260826,middle,24,0,2,E:/2026YOLO/datasets/coco_d2_mini_2048_seed20260901/images/train2017/000000111194.jpg,True,-0.008921272121369839,0.009005386382341385,0.12270335108041763,0.0011049910681322217,-1.2096005548301036e-06,20.40611457824707,0.3973804712295532,0.2384282946586609,"[2.6076221466064453,2.75807785987854,0.02004784345626831,0.8982225656509399]"
20260826,middle,24,0,3,E:/2026YOLO/datasets/coco_d2_mini_2048_seed20260901/images/train2017/000000012236.jpg,True,0.014482798054814339,0.01213014405220747,0.09024345874786377,0.0010946661932393909,1.4307044011729886e-06,20.40611457824707,0.3973804712295532,0.2384282946586609,"[2.6076221466064453,2.75807785987854,0.02004784345626831,0.8982225656509399]"
20260826,middle,24,1,0,E:/2026YOLO/datasets/coco_d2_mini_2048_seed20260901/images/train2017/000000447095.jpg,True,-0.02140309102833271,0.0016667371382936835,0.6003684401512146,0.0010006563970819116,-1.2858175978180952e-05,21.46036148071289,0.4100450277328491,0.24602702260017395,"[2.1398143768310547,3.389652729034424,0.023459702730178833,0.9261620044708252]"
20260826,middle,24,1,1,E:/2026YOLO/datasets/coco_d2_mini_2048_seed20260901/images/train2017/000000103427.jpg,True,0.0002892831398639828,0.0028659244999289513,0.39213186502456665,0.0011238203151151538,1.2748296285280958e-07,21.46036148071289,0.4100450277328491,0.24602702260017395,"[2.1398143768310547,3.389652729034424,0.023459702730178833,0.9261620044708252]"
20260826,middle,24,1,2,E:/2026YOLO/datasets/coco_d2_mini_2048_seed20260901/images/train2017/000000361519.jpg,True,0.003285337472334504,0.03544212505221367,0.034518782049417496,0.0012234189780429006,1.387428625321263e-07,21.46036148071289,0.4100450277328491,0.24602702260017395,"[2.1398143768310547,3.389652729034424,0.023459702730178833,0.9261620044708252]"
20260826,middle,24,1,3,E:/2026YOLO/datasets/coco_d2_mini_2048_seed20260901/images/train2017/000000128142.jpg,True,-0.010591709986329079,0.0021127243526279926,0.4856773912906647,0.001026102458126843,-5.278429398458684e-06,21.46036148071289,0.4100450277328491,0.24602702260017395,"[2.1398143768310547,3.389652729034424,0.023459702730178833,0.9261620044708252]"
20260826,middle,24,2,0,E:/2026YOLO/datasets/coco_d2_mini_2048_seed20260901/images/train2017/000000003242.jpg,True,-0.0356612429022789,0.0025200943928211927,0.4302250146865845,0.0010842076735571027,-1.6634303392493166e-05,23.945865631103516,0.36911654472351074,0.2214699387550354,"[2.49177885055542,4.006575584411621,0.018038321286439896,0.9186544418334961]"
20260826,middle,24,2,1,E:/2026YOLO/datasets/coco_d2_mini_2048_seed20260901/images/train2017/000000332646.jpg,True,0.0004261228896211833,0.004573364742100239,0.22428543865680695,0.0010257391259074211,9.803312650547014e-08,23.945865631103516,0.36911654472351074,0.2214699387550354,"[2.49177885055542,4.006575584411621,0.018038321286439896,0.9186544418334961]"
20260826,middle,24,2,2,E:/2026YOLO/datasets/coco_d2_mini_2048_seed20260901/images/train2017/000000399784.jpg,True,-0.003004722762852907,0.0033978752326220274,0.29218554496765137,0.0009928100043907762,-8.716242518858053e-07,23.945865631103516,0.36911654472351074,0.2214699387550354,"[2.49177885055542,4.006575584411621,0.018038321286439896,0.9186544418334961]"
20260826,middle,24,2,3,E:/2026YOLO/datasets/coco_d2_mini_2048_seed20260901/images/train2017/000000268809.jpg,True,0.01437265332788229,0.007439317647367716,0.1261475533246994,0.0009384517325088382,1.7014833701978205e-06,23.945865631103516,0.36911654472351074,0.2214699387550354,"[2.49177885055542,4.006575584411621,0.018038321286439896,0.9186544418334961]"
20260826,middle,24,3,0,E:/2026YOLO/datasets/coco_d2_mini_2048_seed20260901/images/train2017/000000469798.jpg,True,0.027293186634778976,0.003181173698976636,0.370391309261322,0.0011782790534198284,1.191141018352937e-05,22.934370040893555,0.3936290740966797,0.236177459359169,"[2.4204859733581543,3.2191481590270996,0.02031259797513485,0.9052037596702576]"
20260826,middle,24,3,1,E:/2026YOLO/datasets/coco_d2_mini_2048_seed20260901/images/train2017/000000341797.jpg,True,0.0019274463411420584,0.003954681102186441,0.26523634791374207,0.0010489252163097262,5.362408046494238e-07,22.934370040893555,0.3936290740966797,0.236177459359169,"[2.4204859733581543,3.2191481590270996,0.02031259797513485,0.9052037596702576]"
20260826,middle,24,3,2,E:/2026YOLO/datasets/coco_d2_mini_2048_seed20260901/images/train2017/000000172342.jpg,True,-0.008776974864304066,0.004198306705802679,0.22581011056900024,0.0009480201406404376,-1.8789091882354114e-06,22.934370040893555,0.3936290740966797,0.236177459359169,"[2.4204859733581543,3.2191481590270996,0.02031259797513485,0.9052037596702576]"
20260826,middle,24,3,3,E:/2026YOLO/datasets/coco_d2_mini_2048_seed20260901/images/train2017/000000098596.jpg,True,-0.006973534822463989,0.005559349898248911,0.18223296105861664,0.0010130967712029815,-1.287451368625625e-06,22.934370040893555,0.3936290740966797,0.236177459359169,"[2.4204859733581543,3.2191481590270996,0.02031259797513485,0.9052037596702576]"
20260826,middle,24,4,0,E:/2026YOLO/datasets/coco_d2_mini_2048_seed20260901/images/train2017/000000345635.jpg,True,-0.013744491152465343,0.005326103884726763,0.18570348620414734,0.000989076099358499,-2.524517867641407e-06,20.8570556640625,0.40452998876571655,0.24271799623966217,"[2.2730507850646973,3.143345355987549,0.019163571298122406,0.9000408053398132]"
20260826,middle,24,4,1,E:/2026YOLO/datasets/coco_d2_mini_2048_seed20260901/images/train2017/000000348684.jpg,True,-0.007574115414172411,0.006384995300322771,0.17271336913108826,0.0011027740547433496,-1.4425949075302924e-06,20.8570556640625,0.40452998876571655,0.24271799623966217,"[2.2730507850646973,3.143345355987549,0.019163571298122406,0.9000408053398132]"
20260826,middle,24,4,2,E:/2026YOLO/datasets/coco_d2_mini_2048_seed20260901/images/train2017/000000124311.jpg,True,0.011620591394603252,0.006902677938342094,0.16556279361248016,0.0011428266298025846,2.1987270883983e-06,20.8570556640625,0.40452998876571655,0.24271799623966217,"[2.2730507850646973,3.143345355987549,0.019163571298122406,0.9000408053398132]"
20260826,middle,24,4,3,E:/2026YOLO/datasets/coco_d2_mini_2048_seed20260901/images/train2017/000000178690.jpg,True,0.012059511616826057,0.004175246227532625,0.24429096281528473,0.0010199749376624823,3.004876589329797e-06,20.8570556640625,0.40452998876571655,0.24271799623966217,"[2.2730507850646973,3.143345355987549,0.019163571298122406,0.9000408053398132]"
20260826,middle,24,5,0,E:/2026YOLO/datasets/coco_d2_mini_2048_seed20260901/images/train2017/000000241623.jpg,True,-0.04089997708797455,0.018977859988808632,0.059935688972473145,0.001137451152317226,-2.7883115762961097e-06,20.875320434570312,0.4247567057609558,0.2548540234565735,"[2.0000531673431396,3.1159298419952393,0.02745833992958069,0.9029390811920166]"
20260826,middle,24,5,1,E:/2026YOLO/datasets/coco_d2_mini_2048_seed20260901/images/train2017/000000168738.jpg,True,-0.030234072357416153,0.0028264475986361504,0.3009245991706848,0.0008505476289428771,-7.738432032056153e-06,20.875320434570312,0.4247567057609558,0.2548540234565735,"[2.0000531673431396,3.1159298419952393,0.02745833992958069,0.9029390811920166]"
20260826,middle,24,5,2,E:/2026YOLO/datasets/coco_d2_mini_2048_seed20260901/images/train2017/000000358580.jpg,True,0.018773330375552177,0.0025249957107007504,0.4686987102031708,0.001183462212793529,1.0413326890557073e-05,20.875320434570312,0.4247567057609558,0.2548540234565735,"[2.0000531673431396,3.1159298419952393,0.02745833992958069,0.9029390811920166]"
20260826,middle,24,5,3,E:/2026YOLO/datasets/coco_d2_mini_2048_seed20260901/images/train2017/000000550760.jpg,True,0.005582119338214397,0.0035138733219355345,0.3029289245605469,0.001064453856088221,1.7999758483711048e-06,20.875320434570312,0.4247567057609558,0.2548540234565735,"[2.0000531673431396,3.1159298419952393,0.02745833992958069,0.9029390811920166]"
20260826,middle,24,6,0,E:/2026YOLO/datasets/coco_d2_mini_2048_seed20260901/images/train2017/000000306710.jpg,True,0.011907720007002354,0.01575043611228466,0.07485134899616241,0.0011789414566010237,1.0508010745979846e-06,17.65184211730957,0.3977702260017395,0.23866213858127594,"[1.731242060661316,2.511826753616333,0.022696396335959435,0.913727343082428]"
20260826,middle,24,6,1,E:/2026YOLO/datasets/coco_d2_mini_2048_seed20260901/images/train2017/000000523220.jpg,True,-0.010436910204589367,0.0024991254322230816,0.4321903884410858,0.0010800979798659682,-4.872033059655223e-06,17.65184211730957,0.3977702260017395,0.23866213858127594,"[1.731242060661316,2.511826753616333,0.022696396335959435,0.913727343082428]"
20260826,middle,24,6,2,E:/2026YOLO/datasets/coco_d2_mini_2048_seed20260901/images/train2017/000000009885.jpg,True,-0.02052266150712967,0.002775705885142088,0.3476058840751648,0.0009648517007008195,-6.883056812512223e-06,17.65184211730957,0.3977702260017395,0.23866213858127594,"[1.731242060661316,2.511826753616333,0.022696396335959435,0.913727343082428]"
20260826,middle,24,6,3,E:/2026YOLO/datasets/coco_d2_mini_2048_seed20260901/images/train2017/000000501695.jpg,True,0.014188949018716812,0.005235942546278238,0.19207635521888733,0.0010057007893919945,2.7408984806243097e-06,17.65184211730957,0.3977702260017395,0.23866213858127594,"[1.731242060661316,2.511826753616333,0.022696396335959435,0.913727343082428]"
20260826,middle,24,7,0,E:/2026YOLO/datasets/coco_d2_mini_2048_seed20260901/images/train2017/000000224366.jpg,True,0.004789975006133318,0.002991362940520048,0.3444266617298126,0.0010303051676601171,1.6997923921735492e-06,20.993099212646484,0.3722230792045593,0.22333385050296783,"[2.659085512161255,2.3922390937805176,0.01656571961939335,0.9292309880256653]"
20260826,middle,24,7,1,E:/2026YOLO/datasets/coco_d2_mini_2048_seed20260901/images/train2017/000000277912.jpg,True,-0.011037461459636688,0.0032970306929200888,0.30486834049224854,0.001005160273052752,-3.3823366720753256e-06,20.993099212646484,0.3722230792045593,0.22333385050296783,"[2.659085512161255,2.3922390937805176,0.01656571961939335,0.9292309880256653]"
20260826,middle,24,7,2,E:/2026YOLO/datasets/coco_d2_mini_2048_seed20260901/images/train2017/000000441240.jpg,True,-0.02255399525165558,0.0031002110335975885,0.31641191244125366,0.0009809436742216349,-7.000359801168088e-06,20.993099212646484,0.3722230792045593,0.22333385050296783,"[2.659085512161255,2.3922390937805176,0.01656571961939335,0.9292309880256653]"
20260826,middle,24,7,3,E:/2026YOLO/datasets/coco_d2_mini_2048_seed20260901/images/train2017/000000142318.jpg,True,0.006943706423044205,0.0051191397942602634,0.21293240785598755,0.001090030767954886,1.6116541701194365e-06,20.993099212646484,0.3722230792045593,0.22333385050296783,"[2.659085512161255,2.3922390937805176,0.01656571961939335,0.9292309880256653]"
20260826,middle,24,8,0,E:/2026YOLO/datasets/coco_d2_mini_2048_seed20260901/images/train2017/000000171384.jpg,True,0.04401479288935661,0.0036170687526464462,0.33425289392471313,0.0012090157251805067,1.7787126125767827e-05,17.333829879760742,0.42268335819244385,0.2536100149154663,"[1.9726957082748413,2.41015362739563,0.023734331130981445,0.9314311742782593]"
20260826,middle,24,8,1,E:/2026YOLO/datasets/coco_d2_mini_2048_seed20260901/images/train2017/000000574145.jpg,True,-0.04212323948740959,0.04206957295536995,0.02522619627416134,0.001061255345121026,-1.127699533753912e-06,17.333829879760742,0.42268335819244385,0.2536100149154663,"[1.9726957082748413,2.41015362739563,0.023734331130981445,0.9314311742782593]"
20260826,middle,24,8,2,E:/2026YOLO/datasets/coco_d2_mini_2048_seed20260901/images/train2017/000000380034.jpg,True,-0.007378255482763052,0.0038666643667966127,0.28975942730903625,0.0011204024776816368,-2.3953298295964487e-06,17.333829879760742,0.42268335819244385,0.2536100149154663,"[1.9726957082748413,2.41015362739563,0.023734331130981445,0.9314311742782593]"
20260826,middle,24,8,3,E:/2026YOLO/datasets/coco_d2_mini_2048_seed20260901/images/train2017/000000039743.jpg,True,0.0031774479430168867,0.0026806730311363935,0.39887556433677673,0.0010692549403756857,1.3551805295719532e-06,17.333829879760742,0.42268335819244385,0.2536100149154663,"[1.9726957082748413,2.41015362739563,0.023734331130981445,0.9314311742782593]"
20260826,middle,24,9,0,E:/2026YOLO/datasets/coco_d2_mini_2048_seed20260901/images/train2017/000000101892.jpg,True,0.01139132957905531,0.00306523684412241,0.37201809883117676,0.0011403235839679837,4.832441391044995e-06,23.64242172241211,0.422399640083313,0.2534397840499878,"[2.6555373668670654,3.179727792739868,0.02429543249309063,0.9101937413215637]"
20260826,middle,24,9,1,E:/2026YOLO/datasets/coco_d2_mini_2048_seed20260901/images/train2017/000000043202.jpg,True,-0.006410749163478613,0.008725408464670181,0.11300097405910492,0.0009859796846285462,-7.142642743929173e-07,23.64242172241211,0.422399640083313,0.2534397840499878,"[2.6555373668670654,3.179727792739868,0.02429543249309063,0.9101937413215637]"
20260826,middle,24,9,2,E:/2026YOLO/datasets/coco_d2_mini_2048_seed20260901/images/train2017/000000469514.jpg,True,0.03376099094748497,0.0038681260775774717,0.3080967962741852,0.0011917572701349854,1.2396245438139886e-05,23.64242172241211,0.422399640083313,0.2534397840499878,"[2.6555373668670654,3.179727792739868,0.02429543249309063,0.9101937413215637]"
20260826,middle,24,9,3,E:/2026YOLO/datasets/coco_d2_mini_2048_seed20260901/images/train2017/000000278763.jpg,True,0.010365103371441364,0.0015020094579085708,0.632114052772522,0.0009494412806816399,6.2206700022215955e-06,23.64242172241211,0.422399640083313,0.2534397840499878,"[2.6555373668670654,3.179727792739868,0.02429543249309063,0.9101937413215637]"
20260826,middle,24,10,0,E:/2026YOLO/datasets/coco_d2_mini_2048_seed20260901/images/train2017/000000478105.jpg,True,0.0007640503463335335,0.0025749308988451958,0.37763410806655884,0.0009723817347548902,2.8056274459231645e-07,19.079282760620117,0.41153454780578613,0.24692073464393616,"[1.6163033246994019,2.993518829345703,0.02844565361738205,0.9283924698829651]"
20260826,middle,24,10,1,E:/2026YOLO/datasets/coco_d2_mini_2048_seed20260901/images/train2017/000000189770.jpg,True,0.006525805685669184,0.002364891115576029,0.4195334017276764,0.000992150860838592,2.7163041522726417e-06,19.079282760620117,0.41153454780578613,0.24692073464393616,"[1.6163033246994019,2.993518829345703,0.02844565361738205,0.9283924698829651]"
20260826,middle,24,10,2,E:/2026YOLO/datasets/coco_d2_mini_2048_seed20260901/images/train2017/000000572152.jpg,True,0.04142110049724579,0.008252236060798168,0.148465096950531,0.0012251690495759249,7.534284122812096e-06,19.079282760620117,0.41153454780578613,0.24692073464393616,"[1.6163033246994019,2.993518829345703,0.02844565361738205,0.9283924698829651]"
20260826,middle,24,10,3,E:/2026YOLO/datasets/coco_d2_mini_2048_seed20260901/images/train2017/000000460950.jpg,True,-0.007485759910196066,0.0016147284768521786,0.6547228097915649,0.0010571995517238975,-5.181438609724864e-06,19.079282760620117,0.41153454780578613,0.24692073464393616,"[1.6163033246994019,2.993518829345703,0.02844565361738205,0.9283924698829651]"
20260826,middle,24,11,0,E:/2026YOLO/datasets/coco_d2_mini_2048_seed20260901/images/train2017/000000148077.jpg,True,-0.014605403877794743,0.0030418874230235815,0.35596755146980286,0.0010828132508322597,-5.629600309475791e-06,18.163766860961914,0.3744063377380371,0.22464381158351898,"[1.5196797847747803,2.840662956237793,0.02435183897614479,0.9252213835716248]"
20260826,middle,24,11,1,E:/2026YOLO/datasets/coco_d2_mini_2048_seed20260901/images/train2017/000000315221.jpg,True,0.027227021753787994,0.0018868056358769536,0.5662543773651123,0.0010684119770303369,1.6472156858071685e-05,18.163766860961914,0.3744063377380371,0.22464381158351898,"[1.5196797847747803,2.840662956237793,0.02435183897614479,0.9252213835716248]"
20260826,middle,24,11,2,E:/2026YOLO/datasets/coco_d2_mini_2048_seed20260901/images/train2017/000000261696.jpg,True,0.03143690153956413,0.0014982949942350388,0.7518472075462341,0.0011264889035373926,2.6625406462699175e-05,18.163766860961914,0.3744063377380371,0.22464381158351898,"[1.5196797847747803,2.840662956237793,0.02435183897614479,0.9252213835716248]"
20260826,middle,24,11,3,E:/2026YOLO/datasets/coco_d2_mini_2048_seed20260901/images/train2017/000000477172.jpg,True,-0.005260668694972992,0.0037791384384036064,0.2928004860877991,0.0011065335711464286,-1.7044228570739506e-06,18.163766860961914,0.3744063377380371,0.22464381158351898,"[1.5196797847747803,2.840662956237793,0.02435183897614479,0.9252213835716248]"
20260826,middle,24,12,0,E:/2026YOLO/datasets/coco_d2_mini_2048_seed20260901/images/train2017/000000087671.jpg,True,0.0003598667390178889,0.002940740901976824,0.3331630825996399,0.0009797463426366448,1.1746601558115799e-07,20.35236167907715,0.3497523069381714,0.20985139906406403,"[2.2440454959869385,2.949235677719116,0.019651439040899277,0.8968722820281982]"
20260826,middle,24,12,1,E:/2026YOLO/datasets/coco_d2_mini_2048_seed20260901/images/train2017/000000092634.jpg,True,0.0029608183540403843,0.004877938888967037,0.22856883704662323,0.0011149448109790683,7.545398261754599e-07,20.35236167907715,0.3497523069381714,0.20985139906406403,"[2.2440454959869385,2.949235677719116,0.019651439040899277,0.8968722820281982]"
20260826,middle,24,12,2,E:/2026YOLO/datasets/coco_d2_mini_2048_seed20260901/images/train2017/000000177705.jpg,True,0.008156483061611652,0.005723478738218546,0.17733259499073029,0.0010149592999368906,1.4680475715067587e-06,20.35236167907715,0.3497523069381714,0.20985139906406403,"[2.2440454959869385,2.949235677719116,0.019651439040899277,0.8968722820281982]"
20260826,middle,24,12,3,E:/2026YOLO/datasets/coco_d2_mini_2048_seed20260901/images/train2017/000000222228.jpg,True,0.012232320383191109,0.0023333311546593904,0.42478910088539124,0.0009911736706271768,5.150293418410001e-06,20.35236167907715,0.3497523069381714,0.20985139906406403,"[2.2440454959869385,2.949235677719116,0.019651439040899277,0.8968722820281982]"
20260826,middle,24,13,0,E:/2026YOLO/datasets/coco_d2_mini_2048_seed20260901/images/train2017/000000115370.jpg,True,-0.014878824353218079,0.0023060517851263285,0.43488967418670654,0.0010028780670836568,-6.489270163001493e-06,23.07883071899414,0.40751731395721436,0.24451039731502533,"[2.5177907943725586,3.215456247329712,0.026210490614175797,0.9282642006874084]"
20260826,middle,24,13,1,E:/2026YOLO/datasets/coco_d2_mini_2048_seed20260901/images/train2017/000000400606.jpg,True,0.01009288802742958,0.0034369900822639465,0.3014328181743622,0.001036021625623107,3.151917098875856e-06,23.07883071899414,0.40751731395721436,0.24451039731502533,"[2.5177907943725586,3.215456247329712,0.026210490614175797,0.9282642006874084]"
20260826,middle,24,13,2,E:/2026YOLO/datasets/coco_d2_mini_2048_seed20260901/images/train2017/000000205010.jpg,True,0.020224642008543015,0.0075317081063985825,0.14599758386611938,0.0010996111668646336,3.246875621698564e-06,23.07883071899414,0.40751731395721436,0.24451039731502533,"[2.5177907943725586,3.215456247329712,0.026210490614175797,0.9282642006874084]"
20260826,middle,24,13,3,E:/2026YOLO/datasets/coco_d2_mini_2048_seed20260901/images/train2017/000000515191.jpg,True,-0.010019655339419842,0.0038765957579016685,0.2790929675102234,0.0010819305898621678,-3.0255273486545775e-06,23.07883071899414,0.40751731395721436,0.24451039731502533,"[2.5177907943725586,3.215456247329712,0.026210490614175797,0.9282642006874084]"
20260826,middle,24,14,0,E:/2026YOLO/datasets/coco_d2_mini_2048_seed20260901/images/train2017/000000190942.jpg,True,-0.009864714927971363,0.0017516750376671553,0.5811612010002136,0.001018005539663136,-5.8362152230984066e-06,21.199413299560547,0.39148199558258057,0.2348892092704773,"[2.629392623901367,2.78812837600708,0.021002108231186867,0.9158657789230347]"
20260826,middle,24,14,1,E:/2026YOLO/datasets/coco_d2_mini_2048_seed20260901/images/train2017/000000397211.jpg,True,-0.006081651896238327,0.00494974572211504,0.19392023980617523,0.0009598559117875993,-1.132011220761342e-06,21.199413299560547,0.39148199558258057,0.2348892092704773,"[2.629392623901367,2.78812837600708,0.021002108231186867,0.9158657789230347]"
20260826,middle,24,14,2,E:/2026YOLO/datasets/coco_d2_mini_2048_seed20260901/images/train2017/000000039606.jpg,True,0.027406029403209686,0.003519040299579501,0.31910520792007446,0.0011229440569877625,9.820602826948743e-06,21.199413299560547,0.39148199558258057,0.2348892092704773,"[2.629392623901367,2.78812837600708,0.021002108231186867,0.9158657789230347]"
20260826,middle,24,14,3,E:/2026YOLO/datasets/coco_d2_mini_2048_seed20260901/images/train2017/000000447118.jpg,True,-0.012921381741762161,0.005803887732326984,0.171225443482399,0.0009937732247635722,-2.198692754973308e-06,21.199413299560547,0.39148199558258057,0.2348892092704773,"[2.629392623901367,2.78812837600708,0.021002108231186867,0.9158657789230347]"
20260826,middle,24,15,0,E:/2026YOLO/datasets/coco_d2_mini_2048_seed20260901/images/train2017/000000435454.jpg,True,-0.013945520855486393,0.005484289955347776,0.1905243992805481,0.0010448910761624575,-2.7762357603933197e-06,20.028684616088867,0.41617482900619507,0.24970491230487823,"[2.1652896404266357,3.0900609493255615,0.022908169776201248,0.9209402203559875]"
20260826,middle,24,15,1,E:/2026YOLO/datasets/coco_d2_mini_2048_seed20260901/images/train2017/000000175227.jpg,True,0.013355652801692486,0.002652570605278015,0.38776063919067383,0.001028562430292368,5.32671538167051e-06,20.028684616088867,0.41617482900619507,0.24970491230487823,"[2.1652896404266357,3.0900609493255615,0.022908169776201248,0.9209402203559875]"
20260826,middle,24,15,2,E:/2026YOLO/datasets/coco_d2_mini_2048_seed20260901/images/train2017/000000028359.jpg,True,0.016375847160816193,0.0038720385637134314,0.2815834581851959,0.0010903020156547427,5.027565293858061e-06,20.028684616088867,0.41617482900619507,0.24970491230487823,"[2.1652896404266357,3.0900609493255615,0.022908169776201248,0.9209402203559875]"
20260826,middle,24,15,3,E:/2026YOLO/datasets/coco_d2_mini_2048_seed20260901/images/train2017/000000205435.jpg,True,0.02192605845630169,0.003272905247285962,0.31613433361053467,0.0010346777271479368,7.171951438067481e-06,20.028684616088867,0.41617482900619507,0.24970491230487823,"[2.1652896404266357,3.0900609493255615,0.022908169776201248,0.9209402203559875]"
20260826,late,49,0,0,E:/2026YOLO/datasets/coco_d2_mini_2048_seed20260901/images/train2017/000000055118.jpg,True,-0.028388042002916336,0.003333424683660269,0.29233795404434204,0.0009744865819811821,-8.087168680503964e-06,18.17441749572754,0.37944841384887695,0.22766906023025513,"[2.4000377655029297,2.5586745738983154,0.01783350296318531,0.8895353078842163]"
20260826,late,49,0,1,E:/2026YOLO/datasets/coco_d2_mini_2048_seed20260901/images/train2017/000000486491.jpg,True,0.01820184662938118,0.0028865186031907797,0.3252415955066681,0.0009388158796355128,5.557787517318502e-06,18.17441749572754,0.37944841384887695,0.22766906023025513,"[2.4000377655029297,2.5586745738983154,0.01783350296318531,0.8895353078842163]"
20260826,late,49,0,2,E:/2026YOLO/datasets/coco_d2_mini_2048_seed20260901/images/train2017/000000111194.jpg,True,0.005661171395331621,0.011454950086772442,0.08748993277549744,0.0010021928464993834,4.963816309100366e-07,18.17441749572754,0.37944841384887695,0.22766906023025513,"[2.4000377655029297,2.5586745738983154,0.01783350296318531,0.8895353078842163]"
20260826,late,49,0,3,E:/2026YOLO/datasets/coco_d2_mini_2048_seed20260901/images/train2017/000000012236.jpg,True,-0.0034764099400490522,0.005237123463302851,0.18587172031402588,0.0009734331397339702,-6.289997145358939e-07,18.17441749572754,0.37944841384887695,0.22766906023025513,"[2.4000377655029297,2.5586745738983154,0.01783350296318531,0.8895353078842163]"
20260826,late,49,1,0,E:/2026YOLO/datasets/coco_d2_mini_2048_seed20260901/images/train2017/000000447095.jpg,True,-0.022960927337408066,0.001790477428585291,0.5248986482620239,0.0009398192050866783,-1.1326850653858855e-05,19.770933151245117,0.3888956904411316,0.2333374172449112,"[1.9955639839172363,3.154853343963623,0.021362408995628357,0.9001678228378296]"
20260826,late,49,1,1,E:/2026YOLO/datasets/coco_d2_mini_2048_seed20260901/images/train2017/000000103427.jpg,True,0.0005893937777727842,0.0020589481573551893,0.49272000789642334,0.0010144849075004458,2.9461261874530464e-07,19.770933151245117,0.3888956904411316,0.2333374172449112,"[1.9955639839172363,3.154853343963623,0.021362408995628357,0.9001678228378296]"
20260826,late,49,1,2,E:/2026YOLO/datasets/coco_d2_mini_2048_seed20260901/images/train2017/000000361519.jpg,True,0.005907392129302025,0.01745537668466568,0.06465262174606323,0.0011285358341410756,4.3101988467242336e-07,19.770933151245117,0.3888956904411316,0.2333374172449112,"[1.9955639839172363,3.154853343963623,0.021362408995628357,0.9001678228378296]"
20260826,late,49,1,3,E:/2026YOLO/datasets/coco_d2_mini_2048_seed20260901/images/train2017/000000128142.jpg,True,-0.0036795935593545437,0.0030902631115168333,0.33116284012794495,0.0010233803186565638,-1.2470345609472133e-06,19.770933151245117,0.3888956904411316,0.2333374172449112,"[1.9955639839172363,3.154853343963623,0.021362408995628357,0.9001678228378296]"
20260826,late,49,2,0,E:/2026YOLO/datasets/coco_d2_mini_2048_seed20260901/images/train2017/000000003242.jpg,True,-0.004031802993267775,0.0021020746789872646,0.4482513666152954,0.000942257815040648,-1.7029060472850688e-06,19.222675323486328,0.33607208728790283,0.20164325833320618,"[2.1818108558654785,3.2666516304016113,0.015445930883288383,0.8994185328483582]"
20260826,late,49,2,1,E:/2026YOLO/datasets/coco_d2_mini_2048_seed20260901/images/train2017/000000332646.jpg,True,0.00923269335180521,0.004652325063943863,0.20597431063652039,0.0009582594502717257,1.8223197457700735e-06,19.222675323486328,0.33607208728790283,0.20164325833320618,"[2.1818108558654785,3.2666516304016113,0.015445930883288383,0.8994185328483582]"
20260826,late,49,2,2,E:/2026YOLO/datasets/coco_d2_mini_2048_seed20260901/images/train2017/000000399784.jpg,True,-0.005282994359731674,0.002259255154058337,0.38589850068092346,0.0008718431927263737,-1.7774264051695354e-06,19.222675323486328,0.33607208728790283,0.20164325833320618,"[2.1818108558654785,3.2666516304016113,0.015445930883288383,0.8994185328483582]"
20260826,late,49,2,3,E:/2026YOLO/datasets/coco_d2_mini_2048_seed20260901/images/train2017/000000268809.jpg,True,0.018886102363467216,0.007283615414053202,0.11518628895282745,0.0008389726281166077,1.825117806220078e-06,19.222675323486328,0.33607208728790283,0.20164325833320618,"[2.1818108558654785,3.2666516304016113,0.015445930883288383,0.8994185328483582]"
20260826,late,49,3,0,E:/2026YOLO/datasets/coco_d2_mini_2048_seed20260901/images/train2017/000000469798.jpg,True,0.019813694059848785,0.004269235767424107,0.2692669630050659,0.0011495641665533185,6.133123861218337e-06,20.32878875732422,0.3726848363876343,0.22361090779304504,"[2.4028944969177246,2.7570436000823975,0.020256469026207924,0.905485987663269]"
20260826,late,49,3,1,E:/2026YOLO/datasets/coco_d2_mini_2048_seed20260901/images/train2017/000000341797.jpg,True,0.005691581405699253,0.004074788652360439,0.23234239220619202,0.0009467460913583636,1.2519728898041649e-06,20.32878875732422,0.3726848363876343,0.22361090779304504,"[2.4028944969177246,2.7570436000823975,0.020256469026207924,0.905485987663269]"
20260826,late,49,3,2,E:/2026YOLO/datasets/coco_d2_mini_2048_seed20260901/images/train2017/000000172342.jpg,True,-0.002320721046999097,0.003275590017437935,0.26772210001945496,0.000876947829965502,-5.448549700304284e-07,20.32878875732422,0.3726848363876343,0.22361090779304504,"[2.4028944969177246,2.7570436000823975,0.020256469026207924,0.905485987663269]"
20260826,late,49,3,3,E:/2026YOLO/datasets/coco_d2_mini_2048_seed20260901/images/train2017/000000098596.jpg,True,0.006591456942260265,0.0028039186727255583,0.3114258050918579,0.0008732126443646848,1.7924870689967065e-06,20.32878875732422,0.3726848363876343,0.22361090779304504,"[2.4028944969177246,2.7570436000823975,0.020256469026207924,0.905485987663269]"
20260826,late,49,4,0,E:/2026YOLO/datasets/coco_d2_mini_2048_seed20260901/images/train2017/000000345635.jpg,True,0.018365979194641113,0.003819734789431095,0.2349930703639984,0.0008976112003438175,3.873980404023314e-06,19.88504409790039,0.395099401473999,0.23705965280532837,"[2.167555332183838,2.7853879928588867,0.019769592210650444,0.9117609858512878]"
20260826,late,49,4,1,E:/2026YOLO/datasets/coco_d2_mini_2048_seed20260901/images/train2017/000000348684.jpg,True,0.008131126873195171,0.0063797226175665855,0.1839219033718109,0.0011733707506209612,1.7547670267958893e-06,19.88504409790039,0.395099401473999,0.23705965280532837,"[2.167555332183838,2.7853879928588867,0.019769592210650444,0.9117609858512878]"
20260826,late,49,4,2,E:/2026YOLO/datasets/coco_d2_mini_2048_seed20260901/images/train2017/000000124311.jpg,True,0.0041704303584992886,0.006555598229169846,0.14629730582237244,0.000959066383074969,5.851482001162367e-07,19.88504409790039,0.395099401473999,0.23705965280532837,"[2.167555332183838,2.7853879928588867,0.019769592210650444,0.9117609858512878]"
20260826,late,49,4,3,E:/2026YOLO/datasets/coco_d2_mini_2048_seed20260901/images/train2017/000000178690.jpg,True,0.005628497805446386,0.0023838933557271957,0.40787631273269653,0.0009723336552269757,2.232216502306983e-06,19.88504409790039,0.395099401473999,0.23705965280532837,"[2.167555332183838,2.7853879928588867,0.019769592210650444,0.9117609858512878]"
20260826,late,49,5,0,E:/2026YOLO/datasets/coco_d2_mini_2048_seed20260901/images/train2017/000000241623.jpg,True,-0.015414162538945675,0.01372486725449562,0.0753675103187561,0.0010344090405851603,-1.2017009112241794e-06,18.907501220703125,0.40695810317993164,0.24417486786842346,"[1.8127621412277222,2.742835283279419,0.02493293583393097,0.9058699607849121]"
20260826,late,49,5,1,E:/2026YOLO/datasets/coco_d2_mini_2048_seed20260901/images/train2017/000000168738.jpg,True,-0.029751697555184364,0.0015820232219994068,0.48136720061302185,0.0007615340873599052,-1.090630394173786e-05,18.907501220703125,0.40695810317993164,0.24417486786842346,"[1.8127621412277222,2.742835283279419,0.02493293583393097,0.9058699607849121]"
20260826,late,49,5,2,E:/2026YOLO/datasets/coco_d2_mini_2048_seed20260901/images/train2017/000000358580.jpg,True,0.014165113680064678,0.0013717575930058956,0.807823896408081,0.0011081385891884565,1.2680338841164485e-05,18.907501220703125,0.40695810317993164,0.24417486786842346,"[1.8127621412277222,2.742835283279419,0.02493293583393097,0.9058699607849121]"
20260826,late,49,5,3,E:/2026YOLO/datasets/coco_d2_mini_2048_seed20260901/images/train2017/000000550760.jpg,True,-0.002821887144818902,0.003004365134984255,0.34420233964920044,0.0010341095039620996,-1.0044307146017672e-06,18.907501220703125,0.40695810317993164,0.24417486786842346,"[1.8127621412277222,2.742835283279419,0.02493293583393097,0.9058699607849121]"
20260826,late,49,6,0,E:/2026YOLO/datasets/coco_d2_mini_2048_seed20260901/images/train2017/000000306710.jpg,True,0.006050523370504379,0.011614078655838966,0.11018481105566025,0.0012796950759366155,8.531417279300513e-07,16.347806930541992,0.37921619415283203,0.22752971947193146,"[1.8421988487243652,1.8110238313674927,0.02477710321545601,0.9159868359565735]"
20260826,late,49,6,1,E:/2026YOLO/datasets/coco_d2_mini_2048_seed20260901/images/train2017/000000523220.jpg,True,-0.010221445001661777,0.0015123389894142747,0.6237218976020813,0.0009432789520360529,-6.013722668285482e-06,16.347806930541992,0.37921619415283203,0.22752971947193146,"[1.8421988487243652,1.8110238313674927,0.02477710321545601,0.9159868359565735]"
20260826,late,49,6,2,E:/2026YOLO/datasets/coco_d2_mini_2048_seed20260901/images/train2017/000000009885.jpg,True,0.005186144728213549,0.0025633114855736494,0.356862872838974,0.0009147506789304316,1.692967998678796e-06,16.347806930541992,0.37921619415283203,0.22752971947193146,"[1.8421988487243652,1.8110238313674927,0.02477710321545601,0.9159868359565735]"
20260826,late,49,6,3,E:/2026YOLO/datasets/coco_d2_mini_2048_seed20260901/images/train2017/000000501695.jpg,True,0.0038031733129173517,0.007858449593186378,0.11659466475248337,0.0009162532514892519,4.0629390696267365e-07,16.347806930541992,0.37921619415283203,0.22752971947193146,"[1.8421988487243652,1.8110238313674927,0.02477710321545601,0.9159868359565735]"
20260826,late,49,7,0,E:/2026YOLO/datasets/coco_d2_mini_2048_seed20260901/images/train2017/000000224366.jpg,True,-0.015801064670085907,0.003690288867801428,0.2658354640007019,0.0009810096817091107,-4.120714947930537e-06,19.255855560302734,0.35817885398864746,0.21490731835365295,"[2.5303361415863037,2.500885009765625,0.014100510627031326,0.9044775366783142]"
20260826,late,49,7,1,E:/2026YOLO/datasets/coco_d2_mini_2048_seed20260901/images/train2017/000000277912.jpg,True,-0.005686864256858826,0.0030921422876417637,0.30427083373069763,0.0009408487239852548,-1.6279946066788398e-06,19.255855560302734,0.35817885398864746,0.21490731835365295,"[2.5303361415863037,2.500885009765625,0.014100510627031326,0.9044775366783142]"
20260826,late,49,7,2,E:/2026YOLO/datasets/coco_d2_mini_2048_seed20260901/images/train2017/000000441240.jpg,True,0.01577679254114628,0.0030671770218759775,0.29355588555336,0.0009003878803923726,4.170029569650069e-06,19.255855560302734,0.35817885398864746,0.21490731835365295,"[2.5303361415863037,2.500885009765625,0.014100510627031326,0.9044775366783142]"
20260826,late,49,7,3,E:/2026YOLO/datasets/coco_d2_mini_2048_seed20260901/images/train2017/000000142318.jpg,True,0.015480979345738888,0.003188552800565958,0.31281939148902893,0.0009974411223083735,4.830358648177935e-06,19.255855560302734,0.35817885398864746,0.21490731835365295,"[2.5303361415863037,2.500885009765625,0.014100510627031326,0.9044775366783142]"
20260826,late,49,8,0,E:/2026YOLO/datasets/coco_d2_mini_2048_seed20260901/images/train2017/000000171384.jpg,True,0.013849576935172081,0.004067087545990944,0.33439359068870544,0.0013600080274045467,6.298482276179129e-06,15.955728530883789,0.41267329454421997,0.24760398268699646,"[1.7553054094314575,2.4327518939971924,0.018452953547239304,0.9057716131210327]"
20260826,late,49,8,1,E:/2026YOLO/datasets/coco_d2_mini_2048_seed20260901/images/train2017/000000574145.jpg,True,-0.00719885528087616,0.012905213050544262,0.07122993469238281,0.0009192375000566244,-4.713610906037502e-07,15.955728530883789,0.41267329454421997,0.24760398268699646,"[1.7553054094314575,2.4327518939971924,0.018452953547239304,0.9057716131210327]"
20260826,late,49,8,2,E:/2026YOLO/datasets/coco_d2_mini_2048_seed20260901/images/train2017/000000380034.jpg,True,0.00352521613240242,0.0036777625791728497,0.28404614329338074,0.0010446542873978615,1.0460374824106111e-06,15.955728530883789,0.41267329454421997,0.24760398268699646,"[1.7553054094314575,2.4327518939971924,0.018452953547239304,0.9057716131210327]"
20260826,late,49,8,3,E:/2026YOLO/datasets/coco_d2_mini_2048_seed20260901/images/train2017/000000039743.jpg,True,-0.0028981631621718407,0.001988769508898258,0.46584653854370117,0.0009264614200219512,-1.2508148756751325e-06,15.955728530883789,0.41267329454421997,0.24760398268699646,"[1.7553054094314575,2.4327518939971924,0.018452953547239304,0.9057716131210327]"
20260826,late,49,9,0,E:/2026YOLO/datasets/coco_d2_mini_2048_seed20260901/images/train2017/000000101892.jpg,True,0.021487725898623466,0.0036542071029543877,0.26849573850631714,0.0009811390191316605,5.660546776198316e-06,22.10245132446289,0.40890783071517944,0.24534471333026886,"[2.2758212089538574,2.950862169265747,0.02247081883251667,0.9087178111076355]"
20260826,late,49,9,1,E:/2026YOLO/datasets/coco_d2_mini_2048_seed20260901/images/train2017/000000043202.jpg,True,0.022201908752322197,0.012171306647360325,0.0787549838423729,0.0009585510706529021,1.6760370726842666e-06,22.10245132446289,0.40890783071517944,0.24534471333026886,"[2.2758212089538574,2.950862169265747,0.02247081883251667,0.9087178111076355]"
20260826,late,49,9,2,E:/2026YOLO/datasets/coco_d2_mini_2048_seed20260901/images/train2017/000000469514.jpg,True,0.03257095813751221,0.00312425778247416,0.3182774782180786,0.0009943809127435088,1.030835210258374e-05,22.10245132446289,0.40890783071517944,0.24534471333026886,"[2.2758212089538574,2.950862169265747,0.02247081883251667,0.9087178111076355]"
20260826,late,49,9,3,E:/2026YOLO/datasets/coco_d2_mini_2048_seed20260901/images/train2017/000000278763.jpg,True,0.01687966287136078,0.001319470931775868,0.6524214744567871,0.0008608511998318136,9.480257176619489e-06,22.10245132446289,0.40890783071517944,0.24534471333026886,"[2.2758212089538574,2.950862169265747,0.02247081883251667,0.9087178111076355]"
20260826,late,49,10,0,E:/2026YOLO/datasets/coco_d2_mini_2048_seed20260901/images/train2017/000000478105.jpg,True,0.002816699678078294,0.0023596363607794046,0.3500238358974457,0.0008259289897978306,8.14293343864847e-07,17.63317108154297,0.3833765983581543,0.23002596199512482,"[1.4317139387130737,2.5812385082244873,0.023775331676006317,0.8983389139175415]"
20260826,late,49,10,1,E:/2026YOLO/datasets/coco_d2_mini_2048_seed20260901/images/train2017/000000189770.jpg,True,-0.004414793103933334,0.0012386738089844584,0.6416600346565247,0.0007948075071908534,-2.2515278033097275e-06,17.63317108154297,0.3833765983581543,0.23002596199512482,"[1.4317139387130737,2.5812385082244873,0.023775331676006317,0.8983389139175415]"
20260826,late,49,10,2,E:/2026YOLO/datasets/coco_d2_mini_2048_seed20260901/images/train2017/000000572152.jpg,True,0.01872272975742817,0.008014419116079807,0.14407753944396973,0.0011546978494152427,3.1148260859481525e-06,17.63317108154297,0.3833765983581543,0.23002596199512482,"[1.4317139387130737,2.5812385082244873,0.023775331676006317,0.8983389139175415]"
20260826,late,49,10,3,E:/2026YOLO/datasets/coco_d2_mini_2048_seed20260901/images/train2017/000000460950.jpg,True,-0.011493938975036144,0.0011609223438426852,0.8195332288742065,0.0009514144621789455,-8.962005267676432e-06,17.63317108154297,0.3833765983581543,0.23002596199512482,"[1.4317139387130737,2.5812385082244873,0.023775331676006317,0.8983389139175415]"
20260826,late,49,11,0,E:/2026YOLO/datasets/coco_d2_mini_2048_seed20260901/images/train2017/000000148077.jpg,True,0.0018976795254275203,0.0027843189891427755,0.33850011229515076,0.0009424922754988074,6.05423792876536e-07,16.585840225219727,0.35064148902893066,0.21038490533828735,"[1.570211410522461,2.5281505584716797,0.021628018468618393,0.9071573615074158]"
20260826,late,49,11,1,E:/2026YOLO/datasets/coco_d2_mini_2048_seed20260901/images/train2017/000000315221.jpg,True,0.024361159652471542,0.0018059633439406753,0.56098872423172,0.0010131250601261854,1.38457062348607e-05,16.585840225219727,0.35064148902893066,0.21038490533828735,"[1.570211410522461,2.5281505584716797,0.021628018468618393,0.9071573615074158]"
20260826,late,49,11,2,E:/2026YOLO/datasets/coco_d2_mini_2048_seed20260901/images/train2017/000000261696.jpg,True,0.041648056358098984,0.0010043387301266193,1.0560848712921143,0.0010606669820845127,4.6652254241053015e-05,16.585840225219727,0.35064148902893066,0.21038490533828735,"[1.570211410522461,2.5281505584716797,0.021628018468618393,0.9071573615074158]"
20260826,late,49,11,3,E:/2026YOLO/datasets/coco_d2_mini_2048_seed20260901/images/train2017/000000477172.jpg,True,-0.0024132318794727325,0.0025302444119006395,0.36955541372299194,0.0009350655600428581,-8.339128498846549e-07,16.585840225219727,0.35064148902893066,0.21038490533828735,"[1.570211410522461,2.5281505584716797,0.021628018468618393,0.9071573615074158]"
20260826,late,49,12,0,E:/2026YOLO/datasets/coco_d2_mini_2048_seed20260901/images/train2017/000000087671.jpg,True,0.004325607791543007,0.002778175286948681,0.34014013409614563,0.0009449689532630146,1.3903448916607886e-06,18.30332374572754,0.32704585790634155,0.1962275207042694,"[2.104546070098877,2.4595181941986084,0.01870036870241165,0.900214672088623]"
20260826,late,49,12,1,E:/2026YOLO/datasets/coco_d2_mini_2048_seed20260901/images/train2017/000000092634.jpg,True,-0.014648434706032276,0.004074619617313147,0.2508509159088135,0.0010221221018582582,-3.75586250811466e-06,18.30332374572754,0.32704585790634155,0.1962275207042694,"[2.104546070098877,2.4595181941986084,0.01870036870241165,0.900214672088623]"
20260826,late,49,12,2,E:/2026YOLO/datasets/coco_d2_mini_2048_seed20260901/images/train2017/000000177705.jpg,True,0.01702619530260563,0.004533166531473398,0.19876641035079956,0.0009010412031784654,3.0493358735839138e-06,18.30332374572754,0.32704585790634155,0.1962275207042694,"[2.104546070098877,2.4595181941986084,0.01870036870241165,0.900214672088623]"
20260826,late,49,12,3,E:/2026YOLO/datasets/coco_d2_mini_2048_seed20260901/images/train2017/000000222228.jpg,True,0.0037246488500386477,0.0020353547297418118,0.44971492886543274,0.0009153293794952333,1.5332043403759599e-06,18.30332374572754,0.32704585790634155,0.1962275207042694,"[2.104546070098877,2.4595181941986084,0.01870036870241165,0.900214672088623]"
20260826,late,49,13,0,E:/2026YOLO/datasets/coco_d2_mini_2048_seed20260901/images/train2017/000000115370.jpg,True,-0.010347573086619377,0.00284914905205369,0.32111772894859314,0.0009149122633971274,-3.040060619241558e-06,19.854856491088867,0.38258111476898193,0.22954867780208588,"[2.193260669708252,2.750985860824585,0.01844942197203636,0.9079704284667969]"
20260826,late,49,13,1,E:/2026YOLO/datasets/coco_d2_mini_2048_seed20260901/images/train2017/000000400606.jpg,True,0.014844299294054508,0.00235612690448761,0.41027402877807617,0.0009666576515883207,5.887167844775831e-06,19.854856491088867,0.38258111476898193,0.22954867780208588,"[2.193260669708252,2.750985860824585,0.01844942197203636,0.9079704284667969]"
20260826,late,49,13,2,E:/2026YOLO/datasets/coco_d2_mini_2048_seed20260901/images/train2017/000000205010.jpg,True,0.0018842121353372931,0.00473722955211997,0.21611857414245605,0.001023803255520761,4.1690626062518277e-07,19.854856491088867,0.38258111476898193,0.22954867780208588,"[2.193260669708252,2.750985860824585,0.01844942197203636,0.9079704284667969]"
20260826,late,49,13,3,E:/2026YOLO/datasets/coco_d2_mini_2048_seed20260901/images/train2017/000000515191.jpg,True,0.003544006496667862,0.0033046856988221407,0.30153411626815796,0.000996475457213819,1.0648724355633021e-06,19.854856491088867,0.38258111476898193,0.22954867780208588,"[2.193260669708252,2.750985860824585,0.01844942197203636,0.9079704284667969]"
20260826,late,49,14,0,E:/2026YOLO/datasets/coco_d2_mini_2048_seed20260901/images/train2017/000000190942.jpg,True,-0.007977903820574284,0.002039173385128379,0.44020554423332214,0.0008976554381661117,-3.152491672153701e-06,19.031604766845703,0.3681754469871521,0.22090527415275574,"[2.3193323612213135,2.2636725902557373,0.01557706668972969,0.9127081036567688]"
20260826,late,49,14,1,E:/2026YOLO/datasets/coco_d2_mini_2048_seed20260901/images/train2017/000000397211.jpg,True,0.005298441741615534,0.004758995026350021,0.20292536914348602,0.0009657208574935794,1.0383316748630023e-06,19.031604766845703,0.3681754469871521,0.22090527415275574,"[2.3193323612213135,2.2636725902557373,0.01557706668972969,0.9127081036567688]"
20260826,late,49,14,2,E:/2026YOLO/datasets/coco_d2_mini_2048_seed20260901/images/train2017/000000039606.jpg,True,0.01807335391640663,0.002801533555611968,0.341619074344635,0.0009570572874508798,5.909065748710418e-06,19.031604766845703,0.3681754469871521,0.22090527415275574,"[2.3193323612213135,2.2636725902557373,0.01557706668972969,0.9127081036567688]"
20260826,late,49,14,3,E:/2026YOLO/datasets/coco_d2_mini_2048_seed20260901/images/train2017/000000447118.jpg,True,0.022219231352210045,0.004357313271611929,0.20665647089481354,0.000900466984603554,4.134717528359033e-06,19.031604766845703,0.3681754469871521,0.22090527415275574,"[2.3193323612213135,2.2636725902557373,0.01557706668972969,0.9127081036567688]"
20260826,late,49,15,0,E:/2026YOLO/datasets/coco_d2_mini_2048_seed20260901/images/train2017/000000435454.jpg,True,-0.023573672398924828,0.004145930986851454,0.21855317056179047,0.0009061063174158335,-4.668350811698474e-06,18.746185302734375,0.3893964886665344,0.23363789916038513,"[2.132479190826416,2.5978965759277344,0.020337246358394623,0.9182084202766418]"
20260826,late,49,15,1,E:/2026YOLO/datasets/coco_d2_mini_2048_seed20260901/images/train2017/000000175227.jpg,True,0.013593541458249092,0.0022102007642388344,0.42191338539123535,0.0009325132705271244,5.348240847524721e-06,18.746185302734375,0.3893964886665344,0.23363789916038513,"[2.132479190826416,2.5978965759277344,0.020337246358394623,0.9182084202766418]"
20260826,late,49,15,2,E:/2026YOLO/datasets/coco_d2_mini_2048_seed20260901/images/train2017/000000028359.jpg,True,0.008841360919177532,0.003395908046513796,0.29241496324539185,0.0009930143132805824,2.567285719123902e-06,18.746185302734375,0.3893964886665344,0.23363789916038513,"[2.132479190826416,2.5978965759277344,0.020337246358394623,0.9182084202766418]"
20260826,late,49,15,3,E:/2026YOLO/datasets/coco_d2_mini_2048_seed20260901/images/train2017/000000205435.jpg,True,0.004629664123058319,0.0017981822602450848,0.5066312551498413,0.0009110153187066317,2.1368159650592133e-06,18.746185302734375,0.3893964886665344,0.23363789916038513,"[2.132479190826416,2.5978965759277344,0.020337246358394623,0.9182084202766418]"
