seed,epoch_label,epoch,batch_index,sample_index,image,valid,cosine,norm_ratio,task_norm,kd_norm,dot,task_loss_batch,kd_raw_batch,kd_weighted_batch,task_items
20260824,early,9,0,0,E:/2026YOLO/datasets/coco_d2_mini_2048_seed20260901/images/train2017/000000055118.jpg,True,-0.012791699729859829,0.009585895575582981,0.30076053738594055,0.002883058972656727,-1.1091815395047888e-05,22.348827362060547,0.5606588125228882,0.3363952934741974,"[2.623694896697998,3.2361152172088623,0.022290736436843872,0.9084809422492981]"
20260824,early,9,0,1,E:/2026YOLO/datasets/coco_d2_mini_2048_seed20260901/images/train2017/000000486491.jpg,True,0.0007154301274567842,0.008698638528585434,0.32426345348358154,0.0028206505812704563,6.543566541949986e-07,22.348827362060547,0.5606588125228882,0.3363952934741974,"[2.623694896697998,3.2361152172088623,0.022290736436843872,0.9084809422492981]"
20260824,early,9,0,2,E:/2026YOLO/datasets/coco_d2_mini_2048_seed20260901/images/train2017/000000111194.jpg,True,-0.018604103475809097,0.026157528162002563,0.09530139714479446,0.0024928490165621042,-4.419814104039688e-06,22.348827362060547,0.5606588125228882,0.3363952934741974,"[2.623694896697998,3.2361152172088623,0.022290736436843872,0.9084809422492981]"
20260824,early,9,0,3,E:/2026YOLO/datasets/coco_d2_mini_2048_seed20260901/images/train2017/000000012236.jpg,True,0.021120652556419373,0.07394762337207794,0.037862855941057205,0.0027998683508485556,2.239021796412999e-06,22.348827362060547,0.5606588125228882,0.3363952934741974,"[2.623694896697998,3.2361152172088623,0.022290736436843872,0.9084809422492981]"
20260824,early,9,1,0,E:/2026YOLO/datasets/coco_d2_mini_2048_seed20260901/images/train2017/000000447095.jpg,True,0.005919823423027992,0.007171176839619875,0.43506452441215515,0.003119924571365118,8.035382052185014e-06,23.1221923828125,0.5538727641105652,0.33232367038726807,"[2.2827723026275635,3.956341505050659,0.02955072745680809,0.9321471452713013]"
20260824,early,9,1,1,E:/2026YOLO/datasets/coco_d2_mini_2048_seed20260901/images/train2017/000000103427.jpg,True,-0.018934231251478195,0.008459527045488358,0.3187328577041626,0.0026963292621076107,-1.6272244465653785e-05,23.1221923828125,0.5538727641105652,0.33232367038726807,"[2.2827723026275635,3.956341505050659,0.02955072745680809,0.9321471452713013]"
20260824,early,9,1,2,E:/2026YOLO/datasets/coco_d2_mini_2048_seed20260901/images/train2017/000000361519.jpg,True,-0.027707718312740326,0.06227484345436096,0.04803454503417015,0.0029913438484072685,-3.981262125307694e-06,23.1221923828125,0.5538727641105652,0.33232367038726807,"[2.2827723026275635,3.956341505050659,0.02955072745680809,0.9321471452713013]"
20260824,early,9,1,3,E:/2026YOLO/datasets/coco_d2_mini_2048_seed20260901/images/train2017/000000128142.jpg,True,0.01616528443992138,0.009560213424265385,0.2967832684516907,0.00283731147646904,1.3612245311378501e-05,23.1221923828125,0.5538727641105652,0.33232367038726807,"[2.2827723026275635,3.956341505050659,0.02955072745680809,0.9321471452713013]"
20260824,early,9,2,0,E:/2026YOLO/datasets/coco_d2_mini_2048_seed20260901/images/train2017/000000003242.jpg,True,-0.01840982213616371,0.004305475857108831,0.627356231212616,0.0027010671328753233,-3.1196021154755726e-05,25.905004501342773,0.5032258033752441,0.30193549394607544,"[2.693256378173828,4.312107563018799,0.02238421142101288,0.910590410232544]"
20260824,early,9,2,1,E:/2026YOLO/datasets/coco_d2_mini_2048_seed20260901/images/train2017/000000332646.jpg,True,-0.011444684118032455,0.007650198880583048,0.3571334183216095,0.0027321416418999434,-1.1167026059411e-05,25.905004501342773,0.5032258033752441,0.30193549394607544,"[2.693256378173828,4.312107563018799,0.02238421142101288,0.910590410232544]"
20260824,early,9,2,2,E:/2026YOLO/datasets/coco_d2_mini_2048_seed20260901/images/train2017/000000399784.jpg,True,0.006924494635313749,0.009949017316102982,0.2709064781665802,0.002695253351703286,5.05600019096164e-06,25.905004501342773,0.5032258033752441,0.30193549394607544,"[2.693256378173828,4.312107563018799,0.02238421142101288,0.910590410232544]"
20260824,early,9,2,3,E:/2026YOLO/datasets/coco_d2_mini_2048_seed20260901/images/train2017/000000268809.jpg,True,-0.009521993808448315,0.024266470223665237,0.10448091477155685,0.0025353829842060804,-2.5223680495400913e-06,25.905004501342773,0.5032258033752441,0.30193549394607544,"[2.693256378173828,4.312107563018799,0.02238421142101288,0.910590410232544]"
20260824,early,9,3,0,E:/2026YOLO/datasets/coco_d2_mini_2048_seed20260901/images/train2017/000000469798.jpg,True,-0.00806260947138071,0.006483783479779959,0.44470205903053284,0.0028833518736064434,-1.0338139873056207e-05,25.71482276916504,0.5367226600646973,0.3220336139202118,"[2.8463032245635986,3.660663366317749,0.024113737046718597,0.9347402453422546]"
20260824,early,9,3,1,E:/2026YOLO/datasets/coco_d2_mini_2048_seed20260901/images/train2017/000000341797.jpg,True,-0.02156708762049675,0.013647201471030712,0.19068217277526855,0.002602278022095561,-1.0701762221287936e-05,25.71482276916504,0.5367226600646973,0.3220336139202118,"[2.8463032245635986,3.660663366317749,0.024113737046718597,0.9347402453422546]"
20260824,early,9,3,2,E:/2026YOLO/datasets/coco_d2_mini_2048_seed20260901/images/train2017/000000172342.jpg,True,-0.00362207368016243,0.008822701871395111,0.275005042552948,0.0024262876249849796,-2.4167973151634214e-06,25.71482276916504,0.5367226600646973,0.3220336139202118,"[2.8463032245635986,3.660663366317749,0.024113737046718597,0.9347402453422546]"
20260824,early,9,3,3,E:/2026YOLO/datasets/coco_d2_mini_2048_seed20260901/images/train2017/000000098596.jpg,True,0.000998848583549261,0.015970200300216675,0.1565064638853073,0.0024994395207613707,3.907280188286677e-07,25.71482276916504,0.5367226600646973,0.3220336139202118,"[2.8463032245635986,3.660663366317749,0.024113737046718597,0.9347402453422546]"
20260824,early,9,4,0,E:/2026YOLO/datasets/coco_d2_mini_2048_seed20260901/images/train2017/000000345635.jpg,True,-0.001929106772877276,0.016262944787740707,0.16116861999034882,0.002621076302602887,-8.149227141984738e-07,23.95443344116211,0.5689034461975098,0.34134209156036377,"[2.5401265621185303,3.529343843460083,0.02427443489432335,0.9146227240562439]"
20260824,early,9,4,1,E:/2026YOLO/datasets/coco_d2_mini_2048_seed20260901/images/train2017/000000348684.jpg,True,0.01379308756440878,0.015665855258703232,0.17934225499629974,0.0028095499146729708,6.949936960154446e-06,23.95443344116211,0.5689034461975098,0.34134209156036377,"[2.5401265621185303,3.529343843460083,0.02427443489432335,0.9146227240562439]"
20260824,early,9,4,2,E:/2026YOLO/datasets/coco_d2_mini_2048_seed20260901/images/train2017/000000124311.jpg,True,-0.0037549983244389296,0.017872683703899384,0.1522514373064041,0.00272114179097116,-1.555687276777462e-06,23.95443344116211,0.5689034461975098,0.34134209156036377,"[2.5401265621185303,3.529343843460083,0.02427443489432335,0.9146227240562439]"
20260824,early,9,4,3,E:/2026YOLO/datasets/coco_d2_mini_2048_seed20260901/images/train2017/000000178690.jpg,True,0.011744414456188679,0.009254226461052895,0.3003004491329193,0.002779048401862383,9.801295163924806e-06,23.95443344116211,0.5689034461975098,0.34134209156036377,"[2.5401265621185303,3.529343843460083,0.02427443489432335,0.9146227240562439]"
20260824,early,9,5,0,E:/2026YOLO/datasets/coco_d2_mini_2048_seed20260901/images/train2017/000000241623.jpg,True,-0.026736510917544365,0.053113438189029694,0.05564895272254944,0.0029557072557508945,-4.397675184009131e-06,22.76681137084961,0.5419206619262695,0.3251523971557617,"[2.122277021408081,3.4802286624908447,0.027131881564855576,0.9190171360969543]"
20260824,early,9,5,1,E:/2026YOLO/datasets/coco_d2_mini_2048_seed20260901/images/train2017/000000168738.jpg,True,0.006371535360813141,0.007327031809836626,0.32913291454315186,0.002411567373201251,5.057254384155385e-06,22.76681137084961,0.5419206619262695,0.3251523971557617,"[2.122277021408081,3.4802286624908447,0.027131881564855576,0.9190171360969543]"
20260824,early,9,5,2,E:/2026YOLO/datasets/coco_d2_mini_2048_seed20260901/images/train2017/000000358580.jpg,True,0.005783091299235821,0.00642310781404376,0.4584544003009796,0.002944702049717307,7.807239853718784e-06,22.76681137084961,0.5419206619262695,0.3251523971557617,"[2.122277021408081,3.4802286624908447,0.027131881564855576,0.9190171360969543]"
20260824,early,9,5,3,E:/2026YOLO/datasets/coco_d2_mini_2048_seed20260901/images/train2017/000000550760.jpg,True,0.003461139975115657,0.006224974524229765,0.40625354647636414,0.0025289179757237434,3.5559123716666363e-06,22.76681137084961,0.5419206619262695,0.3251523971557617,"[2.122277021408081,3.4802286624908447,0.027131881564855576,0.9190171360969543]"
20260824,early,9,6,0,E:/2026YOLO/datasets/coco_d2_mini_2048_seed20260901/images/train2017/000000306710.jpg,True,-0.0036046854220330715,0.04011102393269539,0.07485853880643845,0.0030026526656001806,-8.102402375698148e-07,22.62224006652832,0.5312748551368713,0.31876492500305176,"[2.2288808822631836,2.874154567718506,0.030810728669166565,0.9210540056228638]"
20260824,early,9,6,1,E:/2026YOLO/datasets/coco_d2_mini_2048_seed20260901/images/train2017/000000523220.jpg,True,-0.002133046742528677,0.005411182064563036,0.5054067373275757,0.0027348478324711323,-2.9483196613000473e-06,22.62224006652832,0.5312748551368713,0.31876492500305176,"[2.2288808822631836,2.874154567718506,0.030810728669166565,0.9210540056228638]"
20260824,early,9,6,2,E:/2026YOLO/datasets/coco_d2_mini_2048_seed20260901/images/train2017/000000009885.jpg,True,0.012445981614291668,0.006681215483695269,0.36291083693504333,0.0024246855173259974,1.09517750388477e-05,22.62224006652832,0.5312748551368713,0.31876492500305176,"[2.2288808822631836,2.874154567718506,0.030810728669166565,0.9210540056228638]"
20260824,early,9,6,3,E:/2026YOLO/datasets/coco_d2_mini_2048_seed20260901/images/train2017/000000501695.jpg,True,0.015111861750483513,0.01734990067780018,0.1413383036851883,0.0024522054009139538,5.2376285566424485e-06,22.62224006652832,0.5312748551368713,0.31876492500305176,"[2.2288808822631836,2.874154567718506,0.030810728669166565,0.9210540056228638]"
20260824,early,9,7,0,E:/2026YOLO/datasets/coco_d2_mini_2048_seed20260901/images/train2017/000000224366.jpg,True,0.005416502710431814,0.012115432880818844,0.21869148313999176,0.0026495419442653656,3.138496140309144e-06,20.798234939575195,0.5334858894348145,0.3200915455818176,"[2.757532835006714,2.491800546646118,0.018138747662305832,0.9022727012634277]"
20260824,early,9,7,1,E:/2026YOLO/datasets/coco_d2_mini_2048_seed20260901/images/train2017/000000277912.jpg,True,0.0025347513146698475,0.012392725795507431,0.22608621418476105,0.0028018243610858917,1.605647867108928e-06,20.798234939575195,0.5334858894348145,0.3200915455818176,"[2.757532835006714,2.491800546646118,0.018138747662305832,0.9022727012634277]"
20260824,early,9,7,2,E:/2026YOLO/datasets/coco_d2_mini_2048_seed20260901/images/train2017/000000441240.jpg,True,-0.010323555208742619,0.01268976554274559,0.21408209204673767,0.002716651652008295,-6.004039732943056e-06,20.798234939575195,0.5334858894348145,0.3200915455818176,"[2.757532835006714,2.491800546646118,0.018138747662305832,0.9022727012634277]"
20260824,early,9,7,3,E:/2026YOLO/datasets/coco_d2_mini_2048_seed20260901/images/train2017/000000142318.jpg,True,-0.013981330208480358,0.014510910026729107,0.1929047405719757,0.0027992234099656343,-7.5496868703339715e-06,20.798234939575195,0.5334858894348145,0.3200915455818176,"[2.757532835006714,2.491800546646118,0.018138747662305832,0.9022727012634277]"
20260824,early,9,8,0,E:/2026YOLO/datasets/coco_d2_mini_2048_seed20260901/images/train2017/000000171384.jpg,True,0.021289333701133728,0.011275590397417545,0.2553272545337677,0.002878965577110648,1.56493279064307e-05,19.408218383789062,0.5511322617530823,0.33067935705184937,"[2.227025270462036,2.7938101291656494,0.025451363995671272,0.9209065437316895]"
20260824,early,9,8,1,E:/2026YOLO/datasets/coco_d2_mini_2048_seed20260901/images/train2017/000000574145.jpg,True,0.021877795457839966,0.12144403159618378,0.022242678329348564,0.0027012405917048454,1.314479732172913e-06,19.408218383789062,0.5511322617530823,0.33067935705184937,"[2.227025270462036,2.7938101291656494,0.025451363995671272,0.9209065437316895]"
20260824,early,9,8,2,E:/2026YOLO/datasets/coco_d2_mini_2048_seed20260901/images/train2017/000000380034.jpg,True,-0.021523920819163322,0.010105717927217484,0.25258558988571167,0.0025525586679577827,-1.3877322999178432e-05,19.408218383789062,0.5511322617530823,0.33067935705184937,"[2.227025270462036,2.7938101291656494,0.025451363995671272,0.9209065437316895]"
20260824,early,9,8,3,E:/2026YOLO/datasets/coco_d2_mini_2048_seed20260901/images/train2017/000000039743.jpg,True,0.007849632762372494,0.006844693794846535,0.40319618582725525,0.0027597544249147177,8.73446242621867e-06,19.408218383789062,0.5511322617530823,0.33067935705184937,"[2.227025270462036,2.7938101291656494,0.025451363995671272,0.9209065437316895]"
20260824,early,9,9,0,E:/2026YOLO/datasets/coco_d2_mini_2048_seed20260901/images/train2017/000000101892.jpg,True,-0.009254739619791508,0.009847737848758698,0.32353925704956055,0.003186129732057452,-9.540137398289517e-06,26.185779571533203,0.5365651249885559,0.321939080953598,"[2.509103536605835,3.4872679710388184,0.02636856585741043,0.9171306490898132]"
20260824,early,9,9,1,E:/2026YOLO/datasets/coco_d2_mini_2048_seed20260901/images/train2017/000000043202.jpg,True,0.010556318797171116,0.08220034837722778,0.03495641425251961,0.0028734293300658464,1.0603271221043542e-06,26.185779571533203,0.5365651249885559,0.321939080953598,"[2.509103536605835,3.4872679710388184,0.02636856585741043,0.9171306490898132]"
20260824,early,9,9,2,E:/2026YOLO/datasets/coco_d2_mini_2048_seed20260901/images/train2017/000000469514.jpg,True,0.0337439700961113,0.0075506302528083324,0.37330228090286255,0.0028186675626784563,3.5505912819644436e-05,26.185779571533203,0.5365651249885559,0.321939080953598,"[2.509103536605835,3.4872679710388184,0.02636856585741043,0.9171306490898132]"
20260824,early,9,9,3,E:/2026YOLO/datasets/coco_d2_mini_2048_seed20260901/images/train2017/000000278763.jpg,True,0.04658820480108261,0.004426318686455488,0.5791642665863037,0.0025635657366365194,6.917070277268067e-05,26.185779571533203,0.5365651249885559,0.321939080953598,"[2.509103536605835,3.4872679710388184,0.02636856585741043,0.9171306490898132]"
20260824,early,9,10,0,E:/2026YOLO/datasets/coco_d2_mini_2048_seed20260901/images/train2017/000000478105.jpg,True,0.00406242860481143,0.006748040206730366,0.35872480273246765,0.002420689444988966,3.527655735524604e-06,25.18243980407715,0.5597152709960938,0.3358291685581207,"[1.8905404806137085,4.104458808898926,0.03711933270096779,0.9156357049942017]"
20260824,early,9,10,1,E:/2026YOLO/datasets/coco_d2_mini_2048_seed20260901/images/train2017/000000189770.jpg,True,0.05094527825713158,0.004109338857233524,0.6804234385490417,0.002796090440824628,9.692469029687345e-05,25.18243980407715,0.5597152709960938,0.3358291685581207,"[1.8905404806137085,4.104458808898926,0.03711933270096779,0.9156357049942017]"
20260824,early,9,10,2,E:/2026YOLO/datasets/coco_d2_mini_2048_seed20260901/images/train2017/000000572152.jpg,True,0.007453788537532091,0.006862833630293608,0.4804316759109497,0.003297122661024332,1.1807115697592963e-05,25.18243980407715,0.5597152709960938,0.3358291685581207,"[1.8905404806137085,4.104458808898926,0.03711933270096779,0.9156357049942017]"
20260824,early,9,10,3,E:/2026YOLO/datasets/coco_d2_mini_2048_seed20260901/images/train2017/000000460950.jpg,True,0.0037575664464384317,0.0033880192786455154,0.7645735740661621,0.002590389922261238,7.442024070769548e-06,25.18243980407715,0.5597152709960938,0.3358291685581207,"[1.8905404806137085,4.104458808898926,0.03711933270096779,0.9156357049942017]"
20260824,early,9,11,0,E:/2026YOLO/datasets/coco_d2_mini_2048_seed20260901/images/train2017/000000148077.jpg,True,0.015925923362374306,0.005194985773414373,0.5566235780715942,0.002891651587560773,2.5633751647546887e-05,18.914976119995117,0.5357381105422974,0.3214428722858429,"[1.4145357608795166,3.095928192138672,0.0243866927921772,0.9220463037490845]"
20260824,early,9,11,1,E:/2026YOLO/datasets/coco_d2_mini_2048_seed20260901/images/train2017/000000315221.jpg,True,0.02847548946738243,0.004673230927437544,0.5956916809082031,0.002783804666250944,4.722059748019092e-05,18.914976119995117,0.5357381105422974,0.3214428722858429,"[1.4145357608795166,3.095928192138672,0.0243866927921772,0.9220463037490845]"
20260824,early,9,11,2,E:/2026YOLO/datasets/coco_d2_mini_2048_seed20260901/images/train2017/000000261696.jpg,True,0.02588525600731373,0.003646914381533861,0.722842276096344,0.0026361439377069473,4.932477531838231e-05,18.914976119995117,0.5357381105422974,0.3214428722858429,"[1.4145357608795166,3.095928192138672,0.0243866927921772,0.9220463037490845]"
20260824,early,9,11,3,E:/2026YOLO/datasets/coco_d2_mini_2048_seed20260901/images/train2017/000000477172.jpg,True,0.009047389961779118,0.010229932144284248,0.2904302179813385,0.002971081295982003,7.806918802089058e-06,18.914976119995117,0.5357381105422974,0.3214428722858429,"[1.4145357608795166,3.095928192138672,0.0243866927921772,0.9220463037490845]"
20260824,early,9,12,0,E:/2026YOLO/datasets/coco_d2_mini_2048_seed20260901/images/train2017/000000087671.jpg,True,0.0014940110268071294,0.008506542071700096,0.3079093396663666,0.0026192436926066875,1.2049043789374991e-06,22.76404571533203,0.5132663249969482,0.30795979499816895,"[2.50270414352417,3.0973360538482666,0.023317962884902954,0.9153766632080078]"
20260824,early,9,12,1,E:/2026YOLO/datasets/coco_d2_mini_2048_seed20260901/images/train2017/000000092634.jpg,True,-0.00996105931699276,0.013429133221507072,0.20660507678985596,0.0027745270635932684,-5.709991455660202e-06,22.76404571533203,0.5132663249969482,0.30795979499816895,"[2.50270414352417,3.0973360538482666,0.023317962884902954,0.9153766632080078]"
20260824,early,9,12,2,E:/2026YOLO/datasets/coco_d2_mini_2048_seed20260901/images/train2017/000000177705.jpg,True,0.0004238806141074747,0.0076956613920629025,0.3760194182395935,0.0028937181923538446,4.612220436683856e-07,22.76404571533203,0.5132663249969482,0.30795979499816895,"[2.50270414352417,3.0973360538482666,0.023317962884902954,0.9153766632080078]"
20260824,early,9,12,3,E:/2026YOLO/datasets/coco_d2_mini_2048_seed20260901/images/train2017/000000222228.jpg,True,0.007152495440095663,0.007853357121348381,0.32876884937286377,0.0025819391012191772,6.071475127100712e-06,22.76404571533203,0.5132663249969482,0.30795979499816895,"[2.50270414352417,3.0973360538482666,0.023317962884902954,0.9153766632080078]"
20260824,early,9,13,0,E:/2026YOLO/datasets/coco_d2_mini_2048_seed20260901/images/train2017/000000115370.jpg,True,0.00798105075955391,0.005632751155644655,0.4415760636329651,0.002487288089469075,8.765802704147063e-06,25.569990158081055,0.5422731041908264,0.3253638744354248,"[2.727153778076172,3.180837869644165,0.029048051685094833,0.9227500557899475]"
20260824,early,9,13,1,E:/2026YOLO/datasets/coco_d2_mini_2048_seed20260901/images/train2017/000000400606.jpg,True,0.048797789961099625,0.010596714913845062,0.2584024667739868,0.002738217357546091,3.45274675055407e-05,25.569990158081055,0.5422731041908264,0.3253638744354248,"[2.727153778076172,3.180837869644165,0.029048051685094833,0.9227500557899475]"
20260824,early,9,13,2,E:/2026YOLO/datasets/coco_d2_mini_2048_seed20260901/images/train2017/000000205010.jpg,True,0.0027474614325910807,0.01342241745442152,0.19640742242336273,0.002636262448504567,1.422584773536073e-06,25.569990158081055,0.5422731041908264,0.3253638744354248,"[2.727153778076172,3.180837869644165,0.029048051685094833,0.9227500557899475]"
20260824,early,9,13,3,E:/2026YOLO/datasets/coco_d2_mini_2048_seed20260901/images/train2017/000000515191.jpg,True,0.0009867508197203279,0.006544230040162802,0.3916495442390442,0.002563044661656022,9.905155593514792e-07,25.569990158081055,0.5422731041908264,0.3253638744354248,"[2.727153778076172,3.180837869644165,0.029048051685094833,0.9227500557899475]"
20260824,early,9,14,0,E:/2026YOLO/datasets/coco_d2_mini_2048_seed20260901/images/train2017/000000190942.jpg,True,-0.027946962043642998,0.007036616560071707,0.39083951711654663,0.0027501878794282675,-3.0039689590921625e-05,23.02219009399414,0.5693075656890869,0.34158456325531006,"[2.724655866622925,2.963789701461792,0.02517060376703739,0.9261791706085205]"
20260824,early,9,14,1,E:/2026YOLO/datasets/coco_d2_mini_2048_seed20260901/images/train2017/000000397211.jpg,True,0.009413112886250019,0.022535478696227074,0.1300584226846695,0.0029309287201613188,3.588202844184707e-06,23.02219009399414,0.5693075656890869,0.34158456325531006,"[2.724655866622925,2.963789701461792,0.02517060376703739,0.9261791706085205]"
20260824,early,9,14,2,E:/2026YOLO/datasets/coco_d2_mini_2048_seed20260901/images/train2017/000000039606.jpg,True,0.037091851234436035,0.007809379603713751,0.3552369475364685,0.002774180145934224,3.655369800981134e-05,23.02219009399414,0.5693075656890869,0.34158456325531006,"[2.724655866622925,2.963789701461792,0.02517060376703739,0.9261791706085205]"
20260824,early,9,14,3,E:/2026YOLO/datasets/coco_d2_mini_2048_seed20260901/images/train2017/000000447118.jpg,True,0.0014301707269623876,0.020158842206001282,0.1263613998889923,0.002547299489378929,4.603438128469861e-07,23.02219009399414,0.5693075656890869,0.34158456325531006,"[2.724655866622925,2.963789701461792,0.02517060376703739,0.9261791706085205]"
20260824,early,9,15,0,E:/2026YOLO/datasets/coco_d2_mini_2048_seed20260901/images/train2017/000000435454.jpg,True,0.00022750678181182593,0.01065616961568594,0.2660582959651947,0.002835162216797471,1.7161255527753383e-07,22.50470733642578,0.5480561852455139,0.3288337290287018,"[2.1863410472869873,3.3724777698516846,0.023967687040567398,0.937659740447998]"
20260824,early,9,15,1,E:/2026YOLO/datasets/coco_d2_mini_2048_seed20260901/images/train2017/000000175227.jpg,True,0.009115643799304962,0.00871681421995163,0.28288283944129944,0.0024658371694386005,6.35855394648388e-06,22.50470733642578,0.5480561852455139,0.3288337290287018,"[2.1863410472869873,3.3724777698516846,0.023967687040567398,0.937659740447998]"
20260824,early,9,15,2,E:/2026YOLO/datasets/coco_d2_mini_2048_seed20260901/images/train2017/000000028359.jpg,True,0.003397341351956129,0.005916358903050423,0.4482792317867279,0.0026521808467805386,4.039158739033155e-06,22.50470733642578,0.5480561852455139,0.3288337290287018,"[2.1863410472869873,3.3724777698516846,0.023967687040567398,0.937659740447998]"
20260824,early,9,15,3,E:/2026YOLO/datasets/coco_d2_mini_2048_seed20260901/images/train2017/000000205435.jpg,True,-0.0014463297557085752,0.007743361406028271,0.3422591984272003,0.0026502367109060287,-1.3119192772137467e-06,22.50470733642578,0.5480561852455139,0.3288337290287018,"[2.1863410472869873,3.3724777698516846,0.023967687040567398,0.937659740447998]"
20260824,middle,24,0,0,E:/2026YOLO/datasets/coco_d2_mini_2048_seed20260901/images/train2017/000000055118.jpg,True,0.004449538886547089,0.0070751626044511795,0.21856455504894257,0.001546379760839045,1.5038719993754057e-06,20.549659729003906,0.4129512906074524,0.2477707862854004,"[2.672821044921875,2.6389260292053223,0.02130621299147606,0.8848611116409302]"
20260824,middle,24,0,1,E:/2026YOLO/datasets/coco_d2_mini_2048_seed20260901/images/train2017/000000486491.jpg,True,-0.002395389601588249,0.004903822671622038,0.3715446889400482,0.0018219893099740148,-1.621560045350634e-06,20.549659729003906,0.4129512906074524,0.2477707862854004,"[2.672821044921875,2.6389260292053223,0.02130621299147606,0.8848611116409302]"
20260824,middle,24,0,2,E:/2026YOLO/datasets/coco_d2_mini_2048_seed20260901/images/train2017/000000111194.jpg,True,0.009844583459198475,0.01652730628848076,0.0992596298456192,0.0016404942143708467,1.6030412552936468e-06,20.549659729003906,0.4129512906074524,0.2477707862854004,"[2.672821044921875,2.6389260292053223,0.02130621299147606,0.8848611116409302]"
20260824,middle,24,0,3,E:/2026YOLO/datasets/coco_d2_mini_2048_seed20260901/images/train2017/000000012236.jpg,True,-0.03353995457291603,0.011929690837860107,0.12697066366672516,0.001514720730483532,-6.450574801419862e-06,20.549659729003906,0.4129512906074524,0.2477707862854004,"[2.672821044921875,2.6389260292053223,0.02130621299147606,0.8848611116409302]"
20260824,middle,24,1,0,E:/2026YOLO/datasets/coco_d2_mini_2048_seed20260901/images/train2017/000000447095.jpg,True,0.02113633044064045,0.003973693121224642,0.4716240167617798,0.0018740890081971884,1.8681670553633012e-05,20.38564682006836,0.3932002782821655,0.23592017590999603,"[2.054823875427246,3.3915367126464844,0.02238141931593418,0.9025724530220032]"
20260824,middle,24,1,1,E:/2026YOLO/datasets/coco_d2_mini_2048_seed20260901/images/train2017/000000103427.jpg,True,0.0023595031816512346,0.0027976338751614094,0.5322819948196411,0.0014891301980242133,1.8702298802963924e-06,20.38564682006836,0.3932002782821655,0.23592017590999603,"[2.054823875427246,3.3915367126464844,0.02238141931593418,0.9025724530220032]"
20260824,middle,24,1,2,E:/2026YOLO/datasets/coco_d2_mini_2048_seed20260901/images/train2017/000000361519.jpg,True,0.00020666829368565232,0.01667974703013897,0.1089257299900055,0.0018168536480516195,4.0900090425566304e-08,20.38564682006836,0.3932002782821655,0.23592017590999603,"[2.054823875427246,3.3915367126464844,0.02238141931593418,0.9025724530220032]"
20260824,middle,24,1,3,E:/2026YOLO/datasets/coco_d2_mini_2048_seed20260901/images/train2017/000000128142.jpg,True,0.0009526862995699048,0.004083108156919479,0.41492629051208496,0.0016941889189183712,6.697036951663904e-07,20.38564682006836,0.3932002782821655,0.23592017590999603,"[2.054823875427246,3.3915367126464844,0.02238141931593418,0.9025724530220032]"
20260824,middle,24,2,0,E:/2026YOLO/datasets/coco_d2_mini_2048_seed20260901/images/train2017/000000003242.jpg,True,-0.002514427760615945,0.004961165599524975,0.2940150797367096,0.0014586574397981167,-1.0783558082039235e-06,23.501127243041992,0.32585299015045166,0.1955118030309677,"[2.3808155059814453,3.80147123336792,0.017218468710780144,0.9021576046943665]"
20260824,middle,24,2,1,E:/2026YOLO/datasets/coco_d2_mini_2048_seed20260901/images/train2017/000000332646.jpg,True,-0.004285294096916914,0.0073973676189780235,0.22086229920387268,0.001633799634873867,-1.5463258478121134e-06,23.501127243041992,0.32585299015045166,0.1955118030309677,"[2.3808155059814453,3.80147123336792,0.017218468710780144,0.9021576046943665]"
20260824,middle,24,2,2,E:/2026YOLO/datasets/coco_d2_mini_2048_seed20260901/images/train2017/000000399784.jpg,True,0.010483313351869583,0.004743552301079035,0.2892111539840698,0.0013718882109969854,4.159415766480379e-06,23.501127243041992,0.32585299015045166,0.1955118030309677,"[2.3808155059814453,3.80147123336792,0.017218468710780144,0.9021576046943665]"
20260824,middle,24,2,3,E:/2026YOLO/datasets/coco_d2_mini_2048_seed20260901/images/train2017/000000268809.jpg,True,0.006409794092178345,0.008508464321494102,0.16291862726211548,0.001386187388561666,1.4475606349151349e-06,23.501127243041992,0.32585299015045166,0.1955118030309677,"[2.3808155059814453,3.80147123336792,0.017218468710780144,0.9021576046943665]"
20260824,middle,24,3,0,E:/2026YOLO/datasets/coco_d2_mini_2048_seed20260901/images/train2017/000000469798.jpg,True,-0.0006845855969004333,0.015316114760935307,0.14905646443367004,0.0022829659283161163,-2.3295820028579328e-07,23.3649959564209,0.33886897563934326,0.2033213973045349,"[2.731313943862915,3.11745023727417,0.02619638666510582,0.896236777305603]"
20260824,middle,24,3,1,E:/2026YOLO/datasets/coco_d2_mini_2048_seed20260901/images/train2017/000000341797.jpg,True,-0.017996422946453094,0.005141775589436293,0.2667292058467865,0.0013714616652578115,-6.5832514337671455e-06,23.3649959564209,0.33886897563934326,0.2033213973045349,"[2.731313943862915,3.11745023727417,0.02619638666510582,0.896236777305603]"
20260824,middle,24,3,2,E:/2026YOLO/datasets/coco_d2_mini_2048_seed20260901/images/train2017/000000172342.jpg,True,0.02427261509001255,0.004309413954615593,0.31056147813796997,0.001338337897323072,1.008857725537382e-05,23.3649959564209,0.33886897563934326,0.2033213973045349,"[2.731313943862915,3.11745023727417,0.02619638666510582,0.896236777305603]"
20260824,middle,24,3,3,E:/2026YOLO/datasets/coco_d2_mini_2048_seed20260901/images/train2017/000000098596.jpg,True,-0.010048444382846355,0.010981930419802666,0.13796553015708923,0.0015151278348639607,-2.100480742228683e-06,23.3649959564209,0.33886897563934326,0.2033213973045349,"[2.731313943862915,3.11745023727417,0.02619638666510582,0.896236777305603]"
20260824,middle,24,4,0,E:/2026YOLO/datasets/coco_d2_mini_2048_seed20260901/images/train2017/000000345635.jpg,True,0.01310625858604908,0.007089645601809025,0.18918848037719727,0.0013412792468443513,3.3257731502089882e-06,21.1068172454834,0.40790659189224243,0.2447439581155777,"[2.2576160430908203,3.01369571685791,0.020318839699029922,0.923008382320404]"
20260824,middle,24,4,1,E:/2026YOLO/datasets/coco_d2_mini_2048_seed20260901/images/train2017/000000348684.jpg,True,0.0007231290219351649,0.010691008530557156,0.14881163835525513,0.0015909464564174414,1.712017763111362e-07,21.1068172454834,0.40790659189224243,0.2447439581155777,"[2.2576160430908203,3.01369571685791,0.020318839699029922,0.923008382320404]"
20260824,middle,24,4,2,E:/2026YOLO/datasets/coco_d2_mini_2048_seed20260901/images/train2017/000000124311.jpg,True,0.00477953627705574,0.007355444598942995,0.2078446000814438,0.0015287894057109952,1.518700628366787e-06,21.1068172454834,0.40790659189224243,0.2447439581155777,"[2.2576160430908203,3.01369571685791,0.020318839699029922,0.923008382320404]"
20260824,middle,24,4,3,E:/2026YOLO/datasets/coco_d2_mini_2048_seed20260901/images/train2017/000000178690.jpg,True,-0.010026919655501842,0.004801242146641016,0.31914785504341125,0.0015323060797527432,-4.903486569673987e-06,21.1068172454834,0.40790659189224243,0.2447439581155777,"[2.2576160430908203,3.01369571685791,0.020318839699029922,0.923008382320404]"
20260824,middle,24,5,0,E:/2026YOLO/datasets/coco_d2_mini_2048_seed20260901/images/train2017/000000241623.jpg,True,-0.012032548896968365,0.012066981755197048,0.13213467597961426,0.001594466739334166,-2.535069597797701e-06,20.19998550415039,0.37668102979660034,0.22600862383842468,"[1.7648040056228638,3.2485415935516357,0.02003832720220089,0.9193055629730225]"
20260824,middle,24,5,1,E:/2026YOLO/datasets/coco_d2_mini_2048_seed20260901/images/train2017/000000168738.jpg,True,-0.009685955941677094,0.003910969942808151,0.3667277693748474,0.0014342613285407424,-5.094652806292288e-06,20.19998550415039,0.37668102979660034,0.22600862383842468,"[1.7648040056228638,3.2485415935516357,0.02003832720220089,0.9193055629730225]"
20260824,middle,24,5,2,E:/2026YOLO/datasets/coco_d2_mini_2048_seed20260901/images/train2017/000000358580.jpg,True,-0.0037530427798628807,0.0035254645626991987,0.49700063467025757,0.001752158161252737,-3.2682387427485082e-06,20.19998550415039,0.37668102979660034,0.22600862383842468,"[1.7648040056228638,3.2485415935516357,0.02003832720220089,0.9193055629730225]"
20260824,middle,24,5,3,E:/2026YOLO/datasets/coco_d2_mini_2048_seed20260901/images/train2017/000000550760.jpg,True,0.001276282942853868,0.00418933667242527,0.34938088059425354,0.0014636741252616048,6.526652214233764e-07,20.19998550415039,0.37668102979660034,0.22600862383842468,"[1.7648040056228638,3.2485415935516357,0.02003832720220089,0.9193055629730225]"
20260824,middle,24,6,0,E:/2026YOLO/datasets/coco_d2_mini_2048_seed20260901/images/train2017/000000306710.jpg,True,-0.008482267148792744,0.021663719788193703,0.09392930567264557,0.002034858101978898,-1.6212395621550968e-06,17.615110397338867,0.35669755935668945,0.2140185385942459,"[1.70984947681427,2.416304111480713,0.0240713432431221,0.9081833958625793]"
20260824,middle,24,6,1,E:/2026YOLO/datasets/coco_d2_mini_2048_seed20260901/images/train2017/000000523220.jpg,True,0.007842974737286568,0.003850857727229595,0.42758694291114807,0.0016465764492750168,5.52188248548191e-06,17.615110397338867,0.35669755935668945,0.2140185385942459,"[1.70984947681427,2.416304111480713,0.0240713432431221,0.9081833958625793]"
20260824,middle,24,6,2,E:/2026YOLO/datasets/coco_d2_mini_2048_seed20260901/images/train2017/000000009885.jpg,True,0.026938648894429207,0.0035422046203166246,0.39407745003700256,0.0013959029456600547,1.4818786439718679e-05,17.615110397338867,0.35669755935668945,0.2140185385942459,"[1.70984947681427,2.416304111480713,0.0240713432431221,0.9081833958625793]"
20260824,middle,24,6,3,E:/2026YOLO/datasets/coco_d2_mini_2048_seed20260901/images/train2017/000000501695.jpg,True,-0.01844804733991623,0.010371793992817402,0.13119566440582275,0.0013607344590127468,-3.2933908187260386e-06,17.615110397338867,0.35669755935668945,0.2140185385942459,"[1.70984947681427,2.416304111480713,0.0240713432431221,0.9081833958625793]"
20260824,middle,24,7,0,E:/2026YOLO/datasets/coco_d2_mini_2048_seed20260901/images/train2017/000000224366.jpg,True,-0.02495335042476654,0.006288285832852125,0.25317463278770447,0.001592034474015236,-1.0057765393867157e-05,21.08622932434082,0.36143505573272705,0.2168610394001007,"[2.7401955127716064,2.4907875061035156,0.017475886270403862,0.9200446009635925]"
20260824,middle,24,7,1,E:/2026YOLO/datasets/coco_d2_mini_2048_seed20260901/images/train2017/000000277912.jpg,True,-0.003639237955212593,0.0073940446600317955,0.23317447304725647,0.0017241024179384112,-1.4630343230237486e-06,21.08622932434082,0.36143505573272705,0.2168610394001007,"[2.7401955127716064,2.4907875061035156,0.017475886270403862,0.9200446009635925]"
20260824,middle,24,7,2,E:/2026YOLO/datasets/coco_d2_mini_2048_seed20260901/images/train2017/000000441240.jpg,True,0.0011460557579994202,0.005430770572274923,0.29565662145614624,0.0016056433087214828,5.440545010060305e-07,21.08622932434082,0.36143505573272705,0.2168610394001007,"[2.7401955127716064,2.4907875061035156,0.017475886270403862,0.9200446009635925]"
20260824,middle,24,7,3,E:/2026YOLO/datasets/coco_d2_mini_2048_seed20260901/images/train2017/000000142318.jpg,True,0.0030782551039010286,0.009669353254139423,0.1897691935300827,0.0018349452875554562,1.0718979410739848e-06,21.08622932434082,0.36143505573272705,0.2168610394001007,"[2.7401955127716064,2.4907875061035156,0.017475886270403862,0.9200446009635925]"
20260824,middle,24,8,0,E:/2026YOLO/datasets/coco_d2_mini_2048_seed20260901/images/train2017/000000171384.jpg,True,0.0342601016163826,0.006195920053869486,0.32381778955459595,0.0020063491538167,2.225849857495632e-05,16.507240295410156,0.3881645202636719,0.23289872705936432,"[1.9753613471984863,2.2882742881774902,0.022560592740774155,0.9092750549316406]"
20260824,middle,24,8,1,E:/2026YOLO/datasets/coco_d2_mini_2048_seed20260901/images/train2017/000000574145.jpg,True,-0.00850182306021452,0.03591502085328102,0.045411087572574615,0.001630940125323832,-6.296685342022101e-07,16.507240295410156,0.3881645202636719,0.23289872705936432,"[1.9753613471984863,2.2882742881774902,0.022560592740774155,0.9092750549316406]"
20260824,middle,24,8,2,E:/2026YOLO/datasets/coco_d2_mini_2048_seed20260901/images/train2017/000000380034.jpg,True,0.0003988846146967262,0.0046981219202280045,0.3001902401447296,0.0014103304129093885,1.6887474885152187e-07,16.507240295410156,0.3881645202636719,0.23289872705936432,"[1.9753613471984863,2.2882742881774902,0.022560592740774155,0.9092750549316406]"
20260824,middle,24,8,3,E:/2026YOLO/datasets/coco_d2_mini_2048_seed20260901/images/train2017/000000039743.jpg,True,0.010768282227218151,0.003921965137124062,0.40139198303222656,0.0015742453979328275,6.804364602430724e-06,16.507240295410156,0.3881645202636719,0.23289872705936432,"[1.9753613471984863,2.2882742881774902,0.022560592740774155,0.9092750549316406]"
20260824,middle,24,9,0,E:/2026YOLO/datasets/coco_d2_mini_2048_seed20260901/images/train2017/000000101892.jpg,True,-0.009448057971894741,0.011752752587199211,0.1605774313211441,0.0018872268265113235,-2.8631966415559873e-06,24.232519149780273,0.36628448963165283,0.21977069973945618,"[2.398451328277588,3.1799590587615967,0.02404465712606907,0.9170048832893372]"
20260824,middle,24,9,1,E:/2026YOLO/datasets/coco_d2_mini_2048_seed20260901/images/train2017/000000043202.jpg,True,-0.006372813135385513,0.04560266435146332,0.03561542555689812,0.001624158350750804,-3.686359377752524e-07,24.232519149780273,0.36628448963165283,0.21977069973945618,"[2.398451328277588,3.1799590587615967,0.02404465712606907,0.9170048832893372]"
20260824,middle,24,9,2,E:/2026YOLO/datasets/coco_d2_mini_2048_seed20260901/images/train2017/000000469514.jpg,True,0.02221226505935192,0.006954126060009003,0.23798204958438873,0.0016549571882933378,8.74830311659025e-06,24.232519149780273,0.36628448963165283,0.21977069973945618,"[2.398451328277588,3.1799590587615967,0.02404465712606907,0.9170048832893372]"
20260824,middle,24,9,3,E:/2026YOLO/datasets/coco_d2_mini_2048_seed20260901/images/train2017/000000278763.jpg,True,0.056181635707616806,0.0016461557243019342,0.7978255152702332,0.0013133450411260128,5.8868252381216735e-05,24.232519149780273,0.36628448963165283,0.21977069973945618,"[2.398451328277588,3.1799590587615967,0.02404465712606907,0.9170048832893372]"
20260824,middle,24,10,0,E:/2026YOLO/datasets/coco_d2_mini_2048_seed20260901/images/train2017/000000478105.jpg,True,-0.04942376911640167,0.0048145935870707035,0.2790974974632263,0.0013437409652397037,-1.853563117037993e-05,18.809410095214844,0.3879539966583252,0.23277240991592407,"[1.569536566734314,2.6396260261535645,0.028568048030138016,0.9368054866790771]"
20260824,middle,24,10,1,E:/2026YOLO/datasets/coco_d2_mini_2048_seed20260901/images/train2017/000000189770.jpg,True,0.043252017349004745,0.0020973137579858303,0.8327612280845642,0.0017465614946559072,6.290870805969462e-05,18.809410095214844,0.3879539966583252,0.23277240991592407,"[1.569536566734314,2.6396260261535645,0.028568048030138016,0.9368054866790771]"
20260824,middle,24,10,2,E:/2026YOLO/datasets/coco_d2_mini_2048_seed20260901/images/train2017/000000572152.jpg,True,0.010153093375265598,0.008112717419862747,0.2580498158931732,0.0020934853237122297,5.484939720190596e-06,18.809410095214844,0.3879539966583252,0.23277240991592407,"[1.569536566734314,2.6396260261535645,0.028568048030138016,0.9368054866790771]"
20260824,middle,24,10,3,E:/2026YOLO/datasets/coco_d2_mini_2048_seed20260901/images/train2017/000000460950.jpg,True,-0.04143710434436798,0.0023046100977808237,0.6294383406639099,0.0014506099978461862,-3.783495776588097e-05,18.809410095214844,0.3879539966583252,0.23277240991592407,"[1.569536566734314,2.6396260261535645,0.028568048030138016,0.9368054866790771]"
20260824,middle,24,11,0,E:/2026YOLO/datasets/coco_d2_mini_2048_seed20260901/images/train2017/000000148077.jpg,True,-0.003978304099291563,0.005546058993786573,0.3624962866306305,0.0020104257855564356,-2.8992762963753194e-06,16.357025146484375,0.4120417833328247,0.2472250759601593,"[1.3885185718536377,2.8598215579986572,0.023676428943872452,0.9061490297317505]"
20260824,middle,24,11,1,E:/2026YOLO/datasets/coco_d2_mini_2048_seed20260901/images/train2017/000000315221.jpg,True,0.004719292279332876,0.0036978975404053926,0.6107000112533569,0.002258306136354804,6.508601018140325e-06,16.357025146484375,0.4120417833328247,0.2472250759601593,"[1.3885185718536377,2.8598215579986572,0.023676428943872452,0.9061490297317505]"
20260824,middle,24,11,2,E:/2026YOLO/datasets/coco_d2_mini_2048_seed20260901/images/train2017/000000261696.jpg,True,0.018578024581074715,0.003093882231041789,0.555450975894928,0.00171849993057549,1.7733513232087716e-05,16.357025146484375,0.4120417833328247,0.2472250759601593,"[1.3885185718536377,2.8598215579986572,0.023676428943872452,0.9061490297317505]"
20260824,middle,24,11,3,E:/2026YOLO/datasets/coco_d2_mini_2048_seed20260901/images/train2017/000000477172.jpg,True,-0.0007212026976048946,0.006622629705816507,0.2971338927745819,0.0019678077660501003,-4.21688923779584e-07,16.357025146484375,0.4120417833328247,0.2472250759601593,"[1.3885185718536377,2.8598215579986572,0.023676428943872452,0.9061490297317505]"
20260824,middle,24,12,0,E:/2026YOLO/datasets/coco_d2_mini_2048_seed20260901/images/train2017/000000087671.jpg,True,0.001276749768294394,0.004968815948814154,0.27943262457847595,0.0013884492218494415,4.953508323524147e-07,20.879310607910156,0.33254069089889526,0.1995244175195694,"[2.2636358737945557,2.845282793045044,0.020726948976516724,0.9250097870826721]"
20260824,middle,24,12,1,E:/2026YOLO/datasets/coco_d2_mini_2048_seed20260901/images/train2017/000000092634.jpg,True,-0.013397347182035446,0.007585759740322828,0.2502928078174591,0.001898661139421165,-6.3667039285064675e-06,20.879310607910156,0.33254069089889526,0.1995244175195694,"[2.2636358737945557,2.845282793045044,0.020726948976516724,0.9250097870826721]"
20260824,middle,24,12,2,E:/2026YOLO/datasets/coco_d2_mini_2048_seed20260901/images/train2017/000000177705.jpg,True,0.001832876238040626,0.011576973833143711,0.16204212605953217,0.0018759574741125107,5.571652650360193e-07,20.879310607910156,0.33254069089889526,0.1995244175195694,"[2.2636358737945557,2.845282793045044,0.020726948976516724,0.9250097870826721]"
20260824,middle,24,12,3,E:/2026YOLO/datasets/coco_d2_mini_2048_seed20260901/images/train2017/000000222228.jpg,True,0.005766509100794792,0.0039545646868646145,0.35323238372802734,0.0013968802522867918,2.845330072887009e-06,20.879310607910156,0.33254069089889526,0.1995244175195694,"[2.2636358737945557,2.845282793045044,0.020726948976516724,0.9250097870826721]"
20260824,middle,24,13,0,E:/2026YOLO/datasets/coco_d2_mini_2048_seed20260901/images/train2017/000000115370.jpg,True,-0.002778613241389394,0.0045541683211922646,0.3104383647441864,0.0014137885300442576,-1.2195172303108848e-06,22.80936050415039,0.35253095626831055,0.21151858568191528,"[2.677302837371826,3.065185070037842,0.025790724903345108,0.899402379989624]"
20260824,middle,24,13,1,E:/2026YOLO/datasets/coco_d2_mini_2048_seed20260901/images/train2017/000000400606.jpg,True,0.029713938012719154,0.0035241050645709038,0.42609354853630066,0.0015015983954071999,1.9011613403563388e-05,22.80936050415039,0.35253095626831055,0.21151858568191528,"[2.677302837371826,3.065185070037842,0.025790724903345108,0.899402379989624]"
20260824,middle,24,13,2,E:/2026YOLO/datasets/coco_d2_mini_2048_seed20260901/images/train2017/000000205010.jpg,True,0.02471957914531231,0.005421234294772148,0.2738249897956848,0.0014844693941995502,1.0048133844975382e-05,22.80936050415039,0.35253095626831055,0.21151858568191528,"[2.677302837371826,3.065185070037842,0.025790724903345108,0.899402379989624]"
20260824,middle,24,13,3,E:/2026YOLO/datasets/coco_d2_mini_2048_seed20260901/images/train2017/000000515191.jpg,True,-0.018140681087970734,0.006858299486339092,0.23895539343357086,0.0016388276126235723,-7.104012183845043e-06,22.80936050415039,0.35253095626831055,0.21151858568191528,"[2.677302837371826,3.065185070037842,0.025790724903345108,0.899402379989624]"
20260824,middle,24,14,0,E:/2026YOLO/datasets/coco_d2_mini_2048_seed20260901/images/train2017/000000190942.jpg,True,0.004682198166847229,0.005657687783241272,0.2668973207473755,0.0015100217424333096,1.8870230178436032e-06,20.54894256591797,0.39041686058044434,0.23425012826919556,"[2.5561740398406982,2.5316944122314453,0.01981055736541748,0.9239298701286316]"
20260824,middle,24,14,1,E:/2026YOLO/datasets/coco_d2_mini_2048_seed20260901/images/train2017/000000397211.jpg,True,-0.001289864769205451,0.008366592228412628,0.19559188187122345,0.0016364374896511436,-4.128520458834828e-07,20.54894256591797,0.39041686058044434,0.23425012826919556,"[2.5561740398406982,2.5316944122314453,0.01981055736541748,0.9239298701286316]"
20260824,middle,24,14,2,E:/2026YOLO/datasets/coco_d2_mini_2048_seed20260901/images/train2017/000000039606.jpg,True,0.01510856207460165,0.005264744162559509,0.34781646728515625,0.0018311646999791265,9.62278227234492e-06,20.54894256591797,0.39041686058044434,0.23425012826919556,"[2.5561740398406982,2.5316944122314453,0.01981055736541748,0.9239298701286316]"
20260824,middle,24,14,3,E:/2026YOLO/datasets/coco_d2_mini_2048_seed20260901/images/train2017/000000447118.jpg,True,0.022412899881601334,0.007169374730437994,0.2226419746875763,0.0015962037723511457,7.965139957377687e-06,20.54894256591797,0.39041686058044434,0.23425012826919556,"[2.5561740398406982,2.5316944122314453,0.01981055736541748,0.9239298701286316]"
20260824,middle,24,15,0,E:/2026YOLO/datasets/coco_d2_mini_2048_seed20260901/images/train2017/000000435454.jpg,True,-0.00015631227870471776,0.004906494170427322,0.2911577820777893,0.0014285639626905322,-6.501613825093955e-08,19.697723388671875,0.36486661434173584,0.21891997754573822,"[2.127913475036621,3.0639235973358154,0.021372398361563683,0.9205048680305481]"
20260824,middle,24,15,1,E:/2026YOLO/datasets/coco_d2_mini_2048_seed20260901/images/train2017/000000175227.jpg,True,0.0013636377407237887,0.003528397995978594,0.40872740745544434,0.0014421530067920685,8.037927727855276e-07,19.697723388671875,0.36486661434173584,0.21891997754573822,"[2.127913475036621,3.0639235973358154,0.021372398361563683,0.9205048680305481]"
20260824,middle,24,15,2,E:/2026YOLO/datasets/coco_d2_mini_2048_seed20260901/images/train2017/000000028359.jpg,True,0.015036528930068016,0.003973399288952351,0.4209303557872772,0.0016725243767723441,1.05859617178794e-05,19.697723388671875,0.36486661434173584,0.21891997754573822,"[2.127913475036621,3.0639235973358154,0.021372398361563683,0.9205048680305481]"
20260824,middle,24,15,3,E:/2026YOLO/datasets/coco_d2_mini_2048_seed20260901/images/train2017/000000205435.jpg,True,-0.011000671423971653,0.00432153744623065,0.3665913939476013,0.0015842384891584516,-6.388840120052919e-06,19.697723388671875,0.36486661434173584,0.21891997754573822,"[2.127913475036621,3.0639235973358154,0.021372398361563683,0.9205048680305481]"
20260824,late,49,0,0,E:/2026YOLO/datasets/coco_d2_mini_2048_seed20260901/images/train2017/000000055118.jpg,True,0.006340285297483206,0.005472999531775713,0.26430824398994446,0.0014465588610619307,2.424128297207062e-06,18.715572357177734,0.3790189027786255,0.22741134464740753,"[2.3462982177734375,2.483393430709839,0.017716890200972557,0.8812099099159241]"
20260824,late,49,0,1,E:/2026YOLO/datasets/coco_d2_mini_2048_seed20260901/images/train2017/000000486491.jpg,True,0.011092759668827057,0.003388807876035571,0.4508358836174011,0.0015277961501851678,7.640530384378508e-06,18.715572357177734,0.3790189027786255,0.22741134464740753,"[2.3462982177734375,2.483393430709839,0.017716890200972557,0.8812099099159241]"
20260824,late,49,0,2,E:/2026YOLO/datasets/coco_d2_mini_2048_seed20260901/images/train2017/000000111194.jpg,True,0.010835130698978901,0.015738287940621376,0.0925360769033432,0.001456359401345253,1.460204885006533e-06,18.715572357177734,0.3790189027786255,0.22741134464740753,"[2.3462982177734375,2.483393430709839,0.017716890200972557,0.8812099099159241]"
20260824,late,49,0,3,E:/2026YOLO/datasets/coco_d2_mini_2048_seed20260901/images/train2017/000000012236.jpg,True,-0.0037441386375576258,0.006439330521970987,0.21208909153938293,0.0013657117960974574,-1.0844994449143996e-06,18.715572357177734,0.3790189027786255,0.22741134464740753,"[2.3462982177734375,2.483393430709839,0.017716890200972557,0.8812099099159241]"
20260824,late,49,1,0,E:/2026YOLO/datasets/coco_d2_mini_2048_seed20260901/images/train2017/000000447095.jpg,True,-0.001589038292877376,0.0026418527122586966,0.6216083765029907,0.0016421978361904621,-1.6220965335378423e-06,19.920108795166016,0.35634100437164307,0.21380461752414703,"[1.9118280410766602,3.371154308319092,0.02122226171195507,0.9148228764533997]"
20260824,late,49,1,1,E:/2026YOLO/datasets/coco_d2_mini_2048_seed20260901/images/train2017/000000103427.jpg,True,0.004478502087295055,0.0029012190643697977,0.4274024963378906,0.0012399882543832064,2.3734899059491e-06,19.920108795166016,0.35634100437164307,0.21380461752414703,"[1.9118280410766602,3.371154308319092,0.02122226171195507,0.9148228764533997]"
20260824,late,49,1,2,E:/2026YOLO/datasets/coco_d2_mini_2048_seed20260901/images/train2017/000000361519.jpg,True,0.006496704649180174,0.008434419520199299,0.17010937631130219,0.0014347737887874246,1.5856408026593272e-06,19.920108795166016,0.35634100437164307,0.21380461752414703,"[1.9118280410766602,3.371154308319092,0.02122226171195507,0.9148228764533997]"
20260824,late,49,1,3,E:/2026YOLO/datasets/coco_d2_mini_2048_seed20260901/images/train2017/000000128142.jpg,True,0.011679550632834435,0.004979314748197794,0.29414066672325134,0.0014646189520135522,5.03159708387102e-06,19.920108795166016,0.35634100437164307,0.21380461752414703,"[1.9118280410766602,3.371154308319092,0.02122226171195507,0.9148228764533997]"
20260824,late,49,2,0,E:/2026YOLO/datasets/coco_d2_mini_2048_seed20260901/images/train2017/000000003242.jpg,True,-0.010337034240365028,0.0035982050467282534,0.3578905761241913,0.0012877637054771185,-4.764116511069005e-06,20.12552261352539,0.28884345293045044,0.17330607771873474,"[2.272528648376465,3.2482540607452393,0.0154474638402462,0.9092674255371094]"
20260824,late,49,2,1,E:/2026YOLO/datasets/coco_d2_mini_2048_seed20260901/images/train2017/000000332646.jpg,True,-0.0073700337670743465,0.0060516842640936375,0.24688147008419037,0.0014940487453714013,-2.7184587452211417e-06,20.12552261352539,0.28884345293045044,0.17330607771873474,"[2.272528648376465,3.2482540607452393,0.0154474638402462,0.9092674255371094]"
20260824,late,49,2,2,E:/2026YOLO/datasets/coco_d2_mini_2048_seed20260901/images/train2017/000000399784.jpg,True,0.008309385739266872,0.003495596582069993,0.3519844114780426,0.0012303955154493451,3.5986290640721563e-06,20.12552261352539,0.28884345293045044,0.17330607771873474,"[2.272528648376465,3.2482540607452393,0.0154474638402462,0.9092674255371094]"
20260824,late,49,2,3,E:/2026YOLO/datasets/coco_d2_mini_2048_seed20260901/images/train2017/000000268809.jpg,True,0.010993873700499535,0.009664960205554962,0.15249449014663696,0.0014738531317561865,2.47092225436063e-06,20.12552261352539,0.28884345293045044,0.17330607771873474,"[2.272528648376465,3.2482540607452393,0.0154474638402462,0.9092674255371094]"
20260824,late,49,3,0,E:/2026YOLO/datasets/coco_d2_mini_2048_seed20260901/images/train2017/000000469798.jpg,True,0.007235115393996239,0.005755570717155933,0.2660822570323944,0.0015314552001655102,2.948259407276055e-06,20.698070526123047,0.3035767078399658,0.18214602768421173,"[2.5796613693237305,2.6401491165161133,0.021611027419567108,0.9048406481742859]"
20260824,late,49,3,1,E:/2026YOLO/datasets/coco_d2_mini_2048_seed20260901/images/train2017/000000341797.jpg,True,-0.01659872941672802,0.004465066362172365,0.28071630001068115,0.0012534168781712651,-5.840338417328894e-06,20.698070526123047,0.3035767078399658,0.18214602768421173,"[2.5796613693237305,2.6401491165161133,0.021611027419567108,0.9048406481742859]"
20260824,late,49,3,2,E:/2026YOLO/datasets/coco_d2_mini_2048_seed20260901/images/train2017/000000172342.jpg,True,0.03044089302420616,0.003976461943238974,0.299669474363327,0.0011916242074221373,1.0870242476812564e-05,20.698070526123047,0.3035767078399658,0.18214602768421173,"[2.5796613693237305,2.6401491165161133,0.021611027419567108,0.9048406481742859]"
20260824,late,49,3,3,E:/2026YOLO/datasets/coco_d2_mini_2048_seed20260901/images/train2017/000000098596.jpg,True,-0.00856536254286766,0.006494289264082909,0.19883181154727936,0.001291271299123764,-2.199120899604168e-06,20.698070526123047,0.3035767078399658,0.18214602768421173,"[2.5796613693237305,2.6401491165161133,0.021611027419567108,0.9048406481742859]"
20260824,late,49,4,0,E:/2026YOLO/datasets/coco_d2_mini_2048_seed20260901/images/train2017/000000345635.jpg,True,-0.02253141440451145,0.005962497554719448,0.2001086324453354,0.001193147269077599,-5.379579306463711e-06,19.846752166748047,0.3591119647026062,0.2154671847820282,"[2.0997397899627686,2.8302273750305176,0.018119968473911285,0.9278388023376465]"
20260824,late,49,4,1,E:/2026YOLO/datasets/coco_d2_mini_2048_seed20260901/images/train2017/000000348684.jpg,True,-0.0036567887291312218,0.007966350764036179,0.17888608574867249,0.0014250692911446095,-9.322071718997904e-07,19.846752166748047,0.3591119647026062,0.2154671847820282,"[2.0997397899627686,2.8302273750305176,0.018119968473911285,0.9278388023376465]"
20260824,late,49,4,2,E:/2026YOLO/datasets/coco_d2_mini_2048_seed20260901/images/train2017/000000124311.jpg,True,0.0003082218172494322,0.007093342952430248,0.1978820413351059,0.001403645146638155,8.561050890421029e-08,19.846752166748047,0.3591119647026062,0.2154671847820282,"[2.0997397899627686,2.8302273750305176,0.018119968473911285,0.9278388023376465]"
20260824,late,49,4,3,E:/2026YOLO/datasets/coco_d2_mini_2048_seed20260901/images/train2017/000000178690.jpg,True,-0.012459599412977695,0.0037898756563663483,0.35803136229515076,0.0013568943832069635,-6.0530073824338615e-06,19.846752166748047,0.3591119647026062,0.2154671847820282,"[2.0997397899627686,2.8302273750305176,0.018119968473911285,0.9278388023376465]"
20260824,late,49,5,0,E:/2026YOLO/datasets/coco_d2_mini_2048_seed20260901/images/train2017/000000241623.jpg,True,-0.0035275667905807495,0.008447958156466484,0.15481963753700256,0.0013079098425805569,-7.14297470949532e-07,17.89313316345215,0.3427378535270691,0.2056427150964737,"[1.6625864505767822,2.4503090381622314,0.021537097170948982,0.9221202731132507]"
20260824,late,49,5,1,E:/2026YOLO/datasets/coco_d2_mini_2048_seed20260901/images/train2017/000000168738.jpg,True,0.0009671123698353767,0.0030491817742586136,0.38715848326683044,0.001180516555905342,4.420157893036958e-07,17.89313316345215,0.3427378535270691,0.2056427150964737,"[1.6625864505767822,2.4503090381622314,0.021537097170948982,0.9221202731132507]"
20260824,late,49,5,2,E:/2026YOLO/datasets/coco_d2_mini_2048_seed20260901/images/train2017/000000358580.jpg,True,-0.0070845442824065685,0.002516149776056409,0.5813095569610596,0.0014626618940383196,-6.023699825163931e-06,17.89313316345215,0.3427378535270691,0.2056427150964737,"[1.6625864505767822,2.4503090381622314,0.021537097170948982,0.9221202731132507]"
20260824,late,49,5,3,E:/2026YOLO/datasets/coco_d2_mini_2048_seed20260901/images/train2017/000000550760.jpg,True,0.0077383252792060375,0.00407387875020504,0.3314072787761688,0.0013501130742952228,3.4624154068296775e-06,17.89313316345215,0.3427378535270691,0.2056427150964737,"[1.6625864505767822,2.4503090381622314,0.021537097170948982,0.9221202731132507]"
20260824,late,49,6,0,E:/2026YOLO/datasets/coco_d2_mini_2048_seed20260901/images/train2017/000000306710.jpg,True,0.0027656229212880135,0.012301172129809856,0.16465193033218384,0.0020254116971045732,9.223019787896192e-07,16.89020538330078,0.31631940603256226,0.18979164958000183,"[1.5838212966918945,2.101498603820801,0.01785886101424694,0.9175996780395508]"
20260824,late,49,6,1,E:/2026YOLO/datasets/coco_d2_mini_2048_seed20260901/images/train2017/000000523220.jpg,True,-0.00044723841710947454,0.0022372070234268904,0.6551374197006226,0.0014656779821962118,-4.294474820198957e-07,16.89020538330078,0.31631940603256226,0.18979164958000183,"[1.5838212966918945,2.101498603820801,0.01785886101424694,0.9175996780395508]"
20260824,late,49,6,2,E:/2026YOLO/datasets/coco_d2_mini_2048_seed20260901/images/train2017/000000009885.jpg,True,0.0017533968202769756,0.0029201700817793608,0.42070141434669495,0.0012285197153687477,9.062255230674054e-07,16.89020538330078,0.31631940603256226,0.18979164958000183,"[1.5838212966918945,2.101498603820801,0.01785886101424694,0.9175996780395508]"
20260824,late,49,6,3,E:/2026YOLO/datasets/coco_d2_mini_2048_seed20260901/images/train2017/000000501695.jpg,True,0.006069938652217388,0.00535734836012125,0.24126990139484406,0.001292566885240376,1.8929558791569434e-06,16.89020538330078,0.31631940603256226,0.18979164958000183,"[1.5838212966918945,2.101498603820801,0.01785886101424694,0.9175996780395508]"
20260824,late,49,7,0,E:/2026YOLO/datasets/coco_d2_mini_2048_seed20260901/images/train2017/000000224366.jpg,True,0.0055742994882166386,0.004364560823887587,0.3083224892616272,0.001345692202448845,2.3128168322728015e-06,19.026325225830078,0.3139939308166504,0.1883963644504547,"[2.6456689834594727,2.3930935859680176,0.015019523911178112,0.9329531192779541]"
20260824,late,49,7,1,E:/2026YOLO/datasets/coco_d2_mini_2048_seed20260901/images/train2017/000000277912.jpg,True,-0.0128212571144104,0.0042967055924236774,0.28899165987968445,0.0012417120160534978,-4.600836291501764e-06,19.026325225830078,0.3139939308166504,0.1883963644504547,"[2.6456689834594727,2.3930935859680176,0.015019523911178112,0.9329531192779541]"
20260824,late,49,7,2,E:/2026YOLO/datasets/coco_d2_mini_2048_seed20260901/images/train2017/000000441240.jpg,True,-0.005577406845986843,0.004411626607179642,0.27042755484580994,0.0011930253822356462,-1.799421625037212e-06,19.026325225830078,0.3139939308166504,0.1883963644504547,"[2.6456689834594727,2.3930935859680176,0.015019523911178112,0.9329531192779541]"
20260824,late,49,7,3,E:/2026YOLO/datasets/coco_d2_mini_2048_seed20260901/images/train2017/000000142318.jpg,True,0.018363744020462036,0.004857032559812069,0.3024395704269409,0.0014689587987959385,8.158483979059383e-06,19.026325225830078,0.3139939308166504,0.1883963644504547,"[2.6456689834594727,2.3930935859680176,0.015019523911178112,0.9329531192779541]"
20260824,late,49,8,0,E:/2026YOLO/datasets/coco_d2_mini_2048_seed20260901/images/train2017/000000171384.jpg,True,0.017431102693080902,0.006134411785751581,0.24663162231445312,0.0015129399253055453,6.504221346403938e-06,15.021024703979492,0.345069944858551,0.20704197883605957,"[1.7689191102981567,2.2227537631988525,0.017978789284825325,0.927814245223999]"
20260824,late,49,8,1,E:/2026YOLO/datasets/coco_d2_mini_2048_seed20260901/images/train2017/000000574145.jpg,True,0.0009538096492178738,0.02918832190334797,0.05082717165350914,0.0014835598412901163,7.192215889517684e-08,15.021024703979492,0.345069944858551,0.20704197883605957,"[1.7689191102981567,2.2227537631988525,0.017978789284825325,0.927814245223999]"
20260824,late,49,8,2,E:/2026YOLO/datasets/coco_d2_mini_2048_seed20260901/images/train2017/000000380034.jpg,True,0.0004888589610345662,0.0032685622572898865,0.37816211581230164,0.0012360464315861464,2.2850537106933189e-07,15.021024703979492,0.345069944858551,0.20704197883605957,"[1.7689191102981567,2.2227537631988525,0.017978789284825325,0.927814245223999]"
20260824,late,49,8,3,E:/2026YOLO/datasets/coco_d2_mini_2048_seed20260901/images/train2017/000000039743.jpg,True,0.023149386048316956,0.002486956538632512,0.5488338470458984,0.0013649258762598038,1.7341610146104358e-05,15.021024703979492,0.345069944858551,0.20704197883605957,"[1.7689191102981567,2.2227537631988525,0.017978789284825325,0.927814245223999]"
20260824,late,49,9,0,E:/2026YOLO/datasets/coco_d2_mini_2048_seed20260901/images/train2017/000000101892.jpg,True,-0.022032910957932472,0.004025587346404791,0.37748149037361145,0.001519584795460105,-1.2638411135412753e-05,21.476802825927734,0.32646334171295166,0.1958780139684677,"[2.330176830291748,2.890655040740967,0.023622924461960793,0.9050264358520508]"
20260824,late,49,9,1,E:/2026YOLO/datasets/coco_d2_mini_2048_seed20260901/images/train2017/000000043202.jpg,True,0.008168459869921207,0.02648996002972126,0.05376450717449188,0.0014242196921259165,6.254791742321686e-07,21.476802825927734,0.32646334171295166,0.1958780139684677,"[2.330176830291748,2.890655040740967,0.023622924461960793,0.9050264358520508]"
20260824,late,49,9,2,E:/2026YOLO/datasets/coco_d2_mini_2048_seed20260901/images/train2017/000000469514.jpg,True,0.030393745750188828,0.00593783613294363,0.25141364336013794,0.0014928530436009169,1.140749009209685e-05,21.476802825927734,0.32646334171295166,0.1958780139684677,"[2.330176830291748,2.890655040740967,0.023622924461960793,0.9050264358520508]"
20260824,late,49,9,3,E:/2026YOLO/datasets/coco_d2_mini_2048_seed20260901/images/train2017/000000278763.jpg,True,0.055680010467767715,0.0013557086931541562,0.93327397108078,0.0012652475852519274,6.574821600224823e-05,21.476802825927734,0.32646334171295166,0.1958780139684677,"[2.330176830291748,2.890655040740967,0.023622924461960793,0.9050264358520508]"
20260824,late,49,10,0,E:/2026YOLO/datasets/coco_d2_mini_2048_seed20260901/images/train2017/000000478105.jpg,True,-0.03426226228475571,0.004061335232108831,0.29378166794776917,0.0011931458720937371,-1.2009758393105585e-05,15.996931076049805,0.3473564386367798,0.20841386914253235,"[1.319075584411621,2.316284418106079,0.02175276353955269,0.8995071053504944]"
20260824,late,49,10,1,E:/2026YOLO/datasets/coco_d2_mini_2048_seed20260901/images/train2017/000000189770.jpg,True,0.044522903859615326,0.001984159229323268,0.7226532101631165,0.0014338591136038303,4.61338713648729e-05,15.996931076049805,0.3473564386367798,0.20841386914253235,"[1.319075584411621,2.316284418106079,0.02175276353955269,0.8995071053504944]"
20260824,late,49,10,2,E:/2026YOLO/datasets/coco_d2_mini_2048_seed20260901/images/train2017/000000572152.jpg,True,0.0034704506397247314,0.009469997137784958,0.17924591898918152,0.0016974583268165588,1.0559278962318785e-06,15.996931076049805,0.3473564386367798,0.20841386914253235,"[1.319075584411621,2.316284418106079,0.02175276353955269,0.8995071053504944]"
20260824,late,49,10,3,E:/2026YOLO/datasets/coco_d2_mini_2048_seed20260901/images/train2017/000000460950.jpg,True,-0.036591485142707825,0.0018135074060410261,0.7450500726699829,0.0013511538272723556,-3.683581599034369e-05,15.996931076049805,0.3473564386367798,0.20841386914253235,"[1.319075584411621,2.316284418106079,0.02175276353955269,0.8995071053504944]"
20260824,late,49,11,0,E:/2026YOLO/datasets/coco_d2_mini_2048_seed20260901/images/train2017/000000148077.jpg,True,-0.009390795603394508,0.005005912855267525,0.309518963098526,0.001549424952827394,-4.503604031924624e-06,14.685325622558594,0.373706579208374,0.22422395646572113,"[1.2416549921035767,2.3064143657684326,0.018538111820816994,0.8982885479927063]"
20260824,late,49,11,1,E:/2026YOLO/datasets/coco_d2_mini_2048_seed20260901/images/train2017/000000315221.jpg,True,0.0020651218947023153,0.0025098449550569057,0.7924795150756836,0.0019890007097274065,3.2551324693486094e-06,14.685325622558594,0.373706579208374,0.22422395646572113,"[1.2416549921035767,2.3064143657684326,0.018538111820816994,0.8982885479927063]"
20260824,late,49,11,2,E:/2026YOLO/datasets/coco_d2_mini_2048_seed20260901/images/train2017/000000261696.jpg,True,0.02822873182594776,0.0025586311239749193,0.6703454852104187,0.001715166843496263,3.245610787416808e-05,14.685325622558594,0.373706579208374,0.22422395646572113,"[1.2416549921035767,2.3064143657684326,0.018538111820816994,0.8982885479927063]"
20260824,late,49,11,3,E:/2026YOLO/datasets/coco_d2_mini_2048_seed20260901/images/train2017/000000477172.jpg,True,-0.002297555562108755,0.00557574350386858,0.35654082894325256,0.0019879802130162716,-1.628498466743622e-06,14.685325622558594,0.373706579208374,0.22422395646572113,"[1.2416549921035767,2.3064143657684326,0.018538111820816994,0.8982885479927063]"
20260824,late,49,12,0,E:/2026YOLO/datasets/coco_d2_mini_2048_seed20260901/images/train2017/000000087671.jpg,True,0.00572506757453084,0.004008605610579252,0.3542449474334717,0.0014200282748788595,2.8799254323530477e-06,18.136768341064453,0.2929885983467102,0.17579317092895508,"[2.196014404296875,2.431297540664673,0.01854727417230606,0.9089797735214233]"
20260824,late,49,12,1,E:/2026YOLO/datasets/coco_d2_mini_2048_seed20260901/images/train2017/000000092634.jpg,True,-0.005021634977310896,0.005391179583966732,0.2892077565193176,0.0015591708943247795,-2.264377371830051e-06,18.136768341064453,0.2929885983467102,0.17579317092895508,"[2.196014404296875,2.431297540664673,0.01854727417230606,0.9089797735214233]"
20260824,late,49,12,2,E:/2026YOLO/datasets/coco_d2_mini_2048_seed20260901/images/train2017/000000177705.jpg,True,0.007835236378014088,0.008048486895859241,0.17612192034721375,0.0014175149844959378,1.956109372258652e-06,18.136768341064453,0.2929885983467102,0.17579317092895508,"[2.196014404296875,2.431297540664673,0.01854727417230606,0.9089797735214233]"
20260824,late,49,12,3,E:/2026YOLO/datasets/coco_d2_mini_2048_seed20260901/images/train2017/000000222228.jpg,True,-0.004115907009691,0.0030692610889673233,0.40800467133522034,0.0012522728648036718,-2.1029534309491282e-06,18.136768341064453,0.2929885983467102,0.17579317092895508,"[2.196014404296875,2.431297540664673,0.01854727417230606,0.9089797735214233]"
20260824,late,49,13,0,E:/2026YOLO/datasets/coco_d2_mini_2048_seed20260901/images/train2017/000000115370.jpg,True,0.0004817524750251323,0.0032212084624916315,0.39964768290519714,0.0012873484520241618,2.478548140061321e-07,22.18809700012207,0.3254738450050354,0.19528432190418243,"[2.5578479766845703,2.7416462898254395,0.027088573202490807,0.9272478818893433]"
20260824,late,49,13,1,E:/2026YOLO/datasets/coco_d2_mini_2048_seed20260901/images/train2017/000000400606.jpg,True,0.007593030110001564,0.0035749548114836216,0.37084558606147766,0.0013257561950013041,3.7331196836021263e-06,22.18809700012207,0.3254738450050354,0.19528432190418243,"[2.5578479766845703,2.7416462898254395,0.027088573202490807,0.9272478818893433]"
20260824,late,49,13,2,E:/2026YOLO/datasets/coco_d2_mini_2048_seed20260901/images/train2017/000000205010.jpg,True,0.0006024921895004809,0.006965801119804382,0.19765910506248474,0.0013768540229648352,1.639668880670797e-07,22.18809700012207,0.3254738450050354,0.19528432190418243,"[2.5578479766845703,2.7416462898254395,0.027088573202490807,0.9272478818893433]"
20260824,late,49,13,3,E:/2026YOLO/datasets/coco_d2_mini_2048_seed20260901/images/train2017/000000515191.jpg,True,-0.017201632261276245,0.007575479336082935,0.18975871801376343,0.001437513274140656,-4.692273250839207e-06,22.18809700012207,0.3254738450050354,0.19528432190418243,"[2.5578479766845703,2.7416462898254395,0.027088573202490807,0.9272478818893433]"
20260824,late,49,14,0,E:/2026YOLO/datasets/coco_d2_mini_2048_seed20260901/images/train2017/000000190942.jpg,True,0.010786318220198154,0.004351246636360884,0.3006695806980133,0.0013082874938845634,4.242930572218029e-06,19.467254638671875,0.34629809856414795,0.20777887105941772,"[2.3647959232330322,2.490389108657837,0.015571502968668938,0.9292649626731873]"
20260824,late,49,14,1,E:/2026YOLO/datasets/coco_d2_mini_2048_seed20260901/images/train2017/000000397211.jpg,True,-0.005684930831193924,0.004839127417653799,0.27823492884635925,0.0013464143266901374,-2.1296859813446645e-06,19.467254638671875,0.34629809856414795,0.20777887105941772,"[2.3647959232330322,2.490389108657837,0.015571502968668938,0.9292649626731873]"
20260824,late,49,14,2,E:/2026YOLO/datasets/coco_d2_mini_2048_seed20260901/images/train2017/000000039606.jpg,True,0.014492517337203026,0.004256450571119785,0.3835018575191498,0.001632356783375144,9.072487955563702e-06,19.467254638671875,0.34629809856414795,0.20777887105941772,"[2.3647959232330322,2.490389108657837,0.015571502968668938,0.9292649626731873]"
20260824,late,49,14,3,E:/2026YOLO/datasets/coco_d2_mini_2048_seed20260901/images/train2017/000000447118.jpg,True,0.002168891252949834,0.005838239565491676,0.2515900731086731,0.0014688430819660425,8.015058483579196e-07,19.467254638671875,0.34629809856414795,0.20777887105941772,"[2.3647959232330322,2.490389108657837,0.015571502968668938,0.9292649626731873]"
20260824,late,49,15,0,E:/2026YOLO/datasets/coco_d2_mini_2048_seed20260901/images/train2017/000000435454.jpg,True,-0.00439830357208848,0.0037342398427426815,0.347301185131073,0.0012969059171155095,-1.98107045434881e-06,17.845130920410156,0.3344430923461914,0.20066586136817932,"[2.1424002647399902,2.595743417739868,0.020376596599817276,0.9050469398498535]"
20260824,late,49,15,1,E:/2026YOLO/datasets/coco_d2_mini_2048_seed20260901/images/train2017/000000175227.jpg,True,-0.0019737817347049713,0.00331072392873466,0.4058009684085846,0.0013434949796646833,-1.07608912003343e-06,17.845130920410156,0.3344430923461914,0.20066586136817932,"[2.1424002647399902,2.595743417739868,0.020376596599817276,0.9050469398498535]"
20260824,late,49,15,2,E:/2026YOLO/datasets/coco_d2_mini_2048_seed20260901/images/train2017/000000028359.jpg,True,0.0009606475359760225,0.004301302134990692,0.3546946942806244,0.0015256489859893918,5.198444341658615e-07,17.845130920410156,0.3344430923461914,0.20066586136817932,"[2.1424002647399902,2.595743417739868,0.020376596599817276,0.9050469398498535]"
20260824,late,49,15,3,E:/2026YOLO/datasets/coco_d2_mini_2048_seed20260901/images/train2017/000000205435.jpg,True,0.0030551000963896513,0.0034829566720873117,0.4057197868824005,0.0014131044736132026,1.7515635590825696e-06,17.845130920410156,0.3344430923461914,0.20066586136817932,"[2.1424002647399902,2.595743417739868,0.020376596599817276,0.9050469398498535]"
20260825,early,9,0,0,E:/2026YOLO/datasets/coco_d2_mini_2048_seed20260901/images/train2017/000000055118.jpg,True,-0.04697341471910477,0.010015803389251232,0.27515143156051636,0.0027558626607060432,-3.561898120096885e-05,23.010799407958984,0.5710325837135315,0.34261956810951233,"[2.853339910507202,3.122649908065796,0.025805659592151642,0.9058170914649963]"
20260825,early,9,0,1,E:/2026YOLO/datasets/coco_d2_mini_2048_seed20260901/images/train2017/000000486491.jpg,True,0.009905539453029633,0.0128007922321558,0.22193510830402374,0.002840945264324546,6.245496933843242e-06,23.010799407958984,0.5710325837135315,0.34261956810951233,"[2.853339910507202,3.122649908065796,0.025805659592151642,0.9058170914649963]"
20260825,early,9,0,2,E:/2026YOLO/datasets/coco_d2_mini_2048_seed20260901/images/train2017/000000111194.jpg,True,0.0028185772243887186,0.015084387734532356,0.17076313495635986,0.0025758573319762945,1.239783500750491e-06,23.010799407958984,0.5710325837135315,0.34261956810951233,"[2.853339910507202,3.122649908065796,0.025805659592151642,0.9058170914649963]"
20260825,early,9,0,3,E:/2026YOLO/datasets/coco_d2_mini_2048_seed20260901/images/train2017/000000012236.jpg,True,0.031064994633197784,0.03168892860412598,0.09103517979383469,0.0028848072979599237,8.158255695889238e-06,23.010799407958984,0.5710325837135315,0.34261956810951233,"[2.853339910507202,3.122649908065796,0.025805659592151642,0.9058170914649963]"
20260825,early,9,1,0,E:/2026YOLO/datasets/coco_d2_mini_2048_seed20260901/images/train2017/000000447095.jpg,True,-0.017697405070066452,0.005031631328165531,0.5587559342384338,0.0028114537708461285,-2.780114664346911e-05,22.971858978271484,0.5994565486907959,0.35967394709587097,"[2.3239850997924805,3.6383185386657715,0.026409946382045746,0.9113962054252625]"
20260825,early,9,1,1,E:/2026YOLO/datasets/coco_d2_mini_2048_seed20260901/images/train2017/000000103427.jpg,True,-0.009677283465862274,0.008558974601328373,0.3324061930179596,0.0028450561221688986,-9.151945050689392e-06,22.971858978271484,0.5994565486907959,0.35967394709587097,"[2.3239850997924805,3.6383185386657715,0.026409946382045746,0.9113962054252625]"
20260825,early,9,1,2,E:/2026YOLO/datasets/coco_d2_mini_2048_seed20260901/images/train2017/000000361519.jpg,True,-0.03566369786858559,0.017567802220582962,0.16977930068969727,0.002982649253681302,-1.8059814465232193e-05,22.971858978271484,0.5994565486907959,0.35967394709587097,"[2.3239850997924805,3.6383185386657715,0.026409946382045746,0.9113962054252625]"
20260825,early,9,1,3,E:/2026YOLO/datasets/coco_d2_mini_2048_seed20260901/images/train2017/000000128142.jpg,True,0.01408291980624199,0.009178847074508667,0.29144302010536194,0.0026751109398901463,1.0979641956510022e-05,22.971858978271484,0.5994565486907959,0.35967394709587097,"[2.3239850997924805,3.6383185386657715,0.026409946382045746,0.9113962054252625]"
20260825,early,9,2,0,E:/2026YOLO/datasets/coco_d2_mini_2048_seed20260901/images/train2017/000000003242.jpg,True,-0.0072764321230351925,0.005514310672879219,0.5203918814659119,0.0028696025256067514,-1.0866026059375145e-05,27.274211883544922,0.5515522956848145,0.3309313952922821,"[2.4446661472320557,4.394947528839111,0.019953414797782898,0.9268786311149597]"
20260825,early,9,2,1,E:/2026YOLO/datasets/coco_d2_mini_2048_seed20260901/images/train2017/000000332646.jpg,True,-0.02507679909467697,0.010947354137897491,0.2349517047405243,0.002572099445387721,-1.5154389984672889e-05,27.274211883544922,0.5515522956848145,0.3309313952922821,"[2.4446661472320557,4.394947528839111,0.019953414797782898,0.9268786311149597]"
20260825,early,9,2,2,E:/2026YOLO/datasets/coco_d2_mini_2048_seed20260901/images/train2017/000000399784.jpg,True,0.0071541559882462025,0.011506438255310059,0.23408004641532898,0.0026934274937957525,4.5105352910468355e-06,27.274211883544922,0.5515522956848145,0.3309313952922821,"[2.4446661472320557,4.394947528839111,0.019953414797782898,0.9268786311149597]"
20260825,early,9,2,3,E:/2026YOLO/datasets/coco_d2_mini_2048_seed20260901/images/train2017/000000268809.jpg,True,0.04100053384900093,0.019180743023753166,0.14146459102630615,0.002713395981118083,1.5738032743684016e-05,27.274211883544922,0.5515522956848145,0.3309313952922821,"[2.4446661472320557,4.394947528839111,0.019953414797782898,0.9268786311149597]"
20260825,early,9,3,0,E:/2026YOLO/datasets/coco_d2_mini_2048_seed20260901/images/train2017/000000469798.jpg,True,-0.0229412280023098,0.023048967123031616,0.12563525140285492,0.0028957626782357693,-8.346245522261597e-06,25.280330657958984,0.5970415472984314,0.35822492837905884,"[2.5801327228546143,3.465940237045288,0.022863153368234634,0.9327678680419922]"
20260825,early,9,3,1,E:/2026YOLO/datasets/coco_d2_mini_2048_seed20260901/images/train2017/000000341797.jpg,True,0.003878088667988777,0.010288723744452,0.26474204659461975,0.0027238577604293823,2.796566150209401e-06,25.280330657958984,0.5970415472984314,0.35822492837905884,"[2.5801327228546143,3.465940237045288,0.022863153368234634,0.9327678680419922]"
20260825,early,9,3,2,E:/2026YOLO/datasets/coco_d2_mini_2048_seed20260901/images/train2017/000000172342.jpg,True,-0.007071075029671192,0.0111977094784379,0.2307940423488617,0.0025843647308647633,-4.217585228616372e-06,25.280330657958984,0.5970415472984314,0.35822492837905884,"[2.5801327228546143,3.465940237045288,0.022863153368234634,0.9327678680419922]"
20260825,early,9,3,3,E:/2026YOLO/datasets/coco_d2_mini_2048_seed20260901/images/train2017/000000098596.jpg,True,-0.006994394585490227,0.014964449219405651,0.19390283524990082,0.0029016491025686264,-3.935312179237371e-06,25.280330657958984,0.5970415472984314,0.35822492837905884,"[2.5801327228546143,3.465940237045288,0.022863153368234634,0.9327678680419922]"
20260825,early,9,4,0,E:/2026YOLO/datasets/coco_d2_mini_2048_seed20260901/images/train2017/000000345635.jpg,True,0.01006066519767046,0.021856550127267838,0.13236364722251892,0.0028930127155035734,3.852527697745245e-06,22.951141357421875,0.5966625213623047,0.3579975366592407,"[2.336083173751831,3.472006320953369,0.02283724583685398,0.9100564122200012]"
20260825,early,9,4,1,E:/2026YOLO/datasets/coco_d2_mini_2048_seed20260901/images/train2017/000000348684.jpg,True,-0.008340893313288689,0.02264305390417576,0.12771880626678467,0.0028919437900185585,-3.0807557322987122e-06,22.951141357421875,0.5966625213623047,0.3579975366592407,"[2.336083173751831,3.472006320953369,0.02283724583685398,0.9100564122200012]"
20260825,early,9,4,2,E:/2026YOLO/datasets/coco_d2_mini_2048_seed20260901/images/train2017/000000124311.jpg,True,0.010030796751379967,0.01750621199607849,0.158030703663826,0.0027665188536047935,4.3854133764398284e-06,22.951141357421875,0.5966625213623047,0.3579975366592407,"[2.336083173751831,3.472006320953369,0.02283724583685398,0.9100564122200012]"
20260825,early,9,4,3,E:/2026YOLO/datasets/coco_d2_mini_2048_seed20260901/images/train2017/000000178690.jpg,True,-0.008154873736202717,0.007649698760360479,0.3649732768535614,0.0027919355779886246,-8.309669283335097e-06,22.951141357421875,0.5966625213623047,0.3579975366592407,"[2.336083173751831,3.472006320953369,0.02283724583685398,0.9100564122200012]"
20260825,early,9,5,0,E:/2026YOLO/datasets/coco_d2_mini_2048_seed20260901/images/train2017/000000241623.jpg,True,-0.001154774916358292,0.039290912449359894,0.07057317346334457,0.0027728844434022903,-2.259793632219953e-07,21.88125991821289,0.5948454737663269,0.35690730810165405,"[2.0295543670654297,3.2583346366882324,0.026423709467053413,0.910923957824707]"
20260825,early,9,5,1,E:/2026YOLO/datasets/coco_d2_mini_2048_seed20260901/images/train2017/000000168738.jpg,True,-0.012995876371860504,0.0073951976373791695,0.356824666261673,0.0026387888938188553,-1.2236721886438318e-05,21.88125991821289,0.5948454737663269,0.35690730810165405,"[2.0295543670654297,3.2583346366882324,0.026423709467053413,0.910923957824707]"
20260825,early,9,5,2,E:/2026YOLO/datasets/coco_d2_mini_2048_seed20260901/images/train2017/000000358580.jpg,True,0.02585633285343647,0.007210180629044771,0.39492180943489075,0.0028474575374275446,2.9076043574605137e-05,21.88125991821289,0.5948454737663269,0.35690730810165405,"[2.0295543670654297,3.2583346366882324,0.026423709467053413,0.910923957824707]"
20260825,early,9,5,3,E:/2026YOLO/datasets/coco_d2_mini_2048_seed20260901/images/train2017/000000550760.jpg,True,-0.026685183867812157,0.006459814961999655,0.41110220551490784,0.00265564420260489,-2.9133312636986375e-05,21.88125991821289,0.5948454737663269,0.35690730810165405,"[2.0295543670654297,3.2583346366882324,0.026423709467053413,0.910923957824707]"
20260825,early,9,6,0,E:/2026YOLO/datasets/coco_d2_mini_2048_seed20260901/images/train2017/000000306710.jpg,True,-0.005031277891248465,0.0329292006790638,0.08923035115003586,0.002938284073024988,-1.3191212246965733e-06,21.171520233154297,0.5743008852005005,0.3445805311203003,"[1.958324670791626,2.947659492492676,0.026336850598454475,0.9017768502235413]"
20260825,early,9,6,1,E:/2026YOLO/datasets/coco_d2_mini_2048_seed20260901/images/train2017/000000523220.jpg,True,-0.0024173096753656864,0.004256801214069128,0.5992776155471802,0.0025510056875646114,-3.6954879760742188e-06,21.171520233154297,0.5743008852005005,0.3445805311203003,"[1.958324670791626,2.947659492492676,0.026336850598454475,0.9017768502235413]"
20260825,early,9,6,2,E:/2026YOLO/datasets/coco_d2_mini_2048_seed20260901/images/train2017/000000009885.jpg,True,0.012777365744113922,0.006822957191616297,0.38446953892707825,0.0026232192758470774,1.2886585864180233e-05,21.171520233154297,0.5743008852005005,0.3445805311203003,"[1.958324670791626,2.947659492492676,0.026336850598454475,0.9017768502235413]"
20260825,early,9,6,3,E:/2026YOLO/datasets/coco_d2_mini_2048_seed20260901/images/train2017/000000501695.jpg,True,0.00938422791659832,0.018773088231682777,0.14620064198970795,0.0027446376625448465,3.765588189708069e-06,21.171520233154297,0.5743008852005005,0.3445805311203003,"[1.958324670791626,2.947659492492676,0.026336850598454475,0.9017768502235413]"
20260825,early,9,7,0,E:/2026YOLO/datasets/coco_d2_mini_2048_seed20260901/images/train2017/000000224366.jpg,True,0.008030302822589874,0.011792516335844994,0.22256796061992645,0.002624636283144355,4.690981313615339e-06,22.03874969482422,0.568960964679718,0.3413766026496887,"[2.829207420349121,2.518350124359131,0.016571739688515663,0.9297321438789368]"
20260825,early,9,7,1,E:/2026YOLO/datasets/coco_d2_mini_2048_seed20260901/images/train2017/000000277912.jpg,True,-0.03564474359154701,0.01303417980670929,0.21858786046504974,0.002849113428965211,-2.2198892111191526e-05,22.03874969482422,0.568960964679718,0.3413766026496887,"[2.829207420349121,2.518350124359131,0.016571739688515663,0.9297321438789368]"
20260825,early,9,7,2,E:/2026YOLO/datasets/coco_d2_mini_2048_seed20260901/images/train2017/000000441240.jpg,True,0.024374419823288918,0.009826911613345146,0.28452181816101074,0.00279597076587379,1.9390208763070405e-05,22.03874969482422,0.568960964679718,0.3413766026496887,"[2.829207420349121,2.518350124359131,0.016571739688515663,0.9297321438789368]"
20260825,early,9,7,3,E:/2026YOLO/datasets/coco_d2_mini_2048_seed20260901/images/train2017/000000142318.jpg,True,0.014943261630833149,0.01687079481780529,0.16889743506908417,0.0028494340367615223,7.191625627456233e-06,22.03874969482422,0.568960964679718,0.3413766026496887,"[2.829207420349121,2.518350124359131,0.016571739688515663,0.9297321438789368]"
20260825,early,9,8,0,E:/2026YOLO/datasets/coco_d2_mini_2048_seed20260901/images/train2017/000000171384.jpg,True,0.009678248316049576,0.010884026996791363,0.27512967586517334,0.0029945187270641327,7.973724677867722e-06,18.98522186279297,0.5795487761497498,0.34772926568984985,"[2.1959071159362793,2.662169933319092,0.02655724436044693,0.9326077103614807]"
20260825,early,9,8,1,E:/2026YOLO/datasets/coco_d2_mini_2048_seed20260901/images/train2017/000000574145.jpg,True,0.023827560245990753,0.08735831081867218,0.03022989071905613,0.0026408322155475616,1.902203393910895e-06,18.98522186279297,0.5795487761497498,0.34772926568984985,"[2.1959071159362793,2.662169933319092,0.02655724436044693,0.9326077103614807]"
20260825,early,9,8,2,E:/2026YOLO/datasets/coco_d2_mini_2048_seed20260901/images/train2017/000000380034.jpg,True,-0.009845271706581116,0.011505910195410252,0.23436450958251953,0.0026965769939124584,-6.222033789526904e-06,18.98522186279297,0.5795487761497498,0.34772926568984985,"[2.1959071159362793,2.662169933319092,0.02655724436044693,0.9326077103614807]"
20260825,early,9,8,3,E:/2026YOLO/datasets/coco_d2_mini_2048_seed20260901/images/train2017/000000039743.jpg,True,0.015679221600294113,0.009476653300225735,0.3001968264579773,0.0028448612429201603,1.3390343156061135e-05,18.98522186279297,0.5795487761497498,0.34772926568984985,"[2.1959071159362793,2.662169933319092,0.02655724436044693,0.9326077103614807]"
20260825,early,9,9,0,E:/2026YOLO/datasets/coco_d2_mini_2048_seed20260901/images/train2017/000000101892.jpg,True,0.00718798628076911,0.011316439136862755,0.25501734018325806,0.002885888097807765,5.290009539749008e-06,26.582773208618164,0.6023669242858887,0.3614201545715332,"[2.3495771884918213,3.707732915878296,0.0233044121414423,0.9373806715011597]"
20260825,early,9,9,1,E:/2026YOLO/datasets/coco_d2_mini_2048_seed20260901/images/train2017/000000043202.jpg,True,-0.006741933058947325,0.06060647591948509,0.04426397755742073,0.0026826837565749884,-8.005793006304884e-07,26.582773208618164,0.6023669242858887,0.3614201545715332,"[2.3495771884918213,3.707732915878296,0.0233044121414423,0.9373806715011597]"
20260825,early,9,9,2,E:/2026YOLO/datasets/coco_d2_mini_2048_seed20260901/images/train2017/000000469514.jpg,True,0.028466826304793358,0.010735809803009033,0.2628289461135864,0.0028216815553605556,2.1111556634423323e-05,26.582773208618164,0.6023669242858887,0.3614201545715332,"[2.3495771884918213,3.707732915878296,0.0233044121414423,0.9373806715011597]"
20260825,early,9,9,3,E:/2026YOLO/datasets/coco_d2_mini_2048_seed20260901/images/train2017/000000278763.jpg,True,0.00395070668309927,0.005252734292298555,0.5283756852149963,0.002775417175143957,5.793564923806116e-06,26.582773208618164,0.6023669242858887,0.3614201545715332,"[2.3495771884918213,3.707732915878296,0.0233044121414423,0.9373806715011597]"
20260825,early,9,10,0,E:/2026YOLO/datasets/coco_d2_mini_2048_seed20260901/images/train2017/000000478105.jpg,True,0.016622519120573997,0.008490156382322311,0.32982137799263,0.0028002350591123104,1.535218325443566e-05,21.87395668029785,0.5949049592018127,0.3569429814815521,"[1.5886906385421753,3.9369125366210938,0.029937338083982468,0.9197818636894226]"
20260825,early,9,10,1,E:/2026YOLO/datasets/coco_d2_mini_2048_seed20260901/images/train2017/000000189770.jpg,True,-0.0006277867942117155,0.005934193730354309,0.4608263671398163,0.0027346329297870398,-7.911312422947958e-07,21.87395668029785,0.5949049592018127,0.3569429814815521,"[1.5886906385421753,3.9369125366210938,0.029937338083982468,0.9197818636894226]"
20260825,early,9,10,2,E:/2026YOLO/datasets/coco_d2_mini_2048_seed20260901/images/train2017/000000572152.jpg,True,0.005912150256335735,0.010407039895653725,0.28652891516685486,0.0029819179326295853,5.051374955655774e-06,21.87395668029785,0.5949049592018127,0.3569429814815521,"[1.5886906385421753,3.9369125366210938,0.029937338083982468,0.9197818636894226]"
20260825,early,9,10,3,E:/2026YOLO/datasets/coco_d2_mini_2048_seed20260901/images/train2017/000000460950.jpg,True,0.025931106880307198,0.004410857334733009,0.6176711320877075,0.0027244591619819403,4.3637381168082356e-05,21.87395668029785,0.5949049592018127,0.3569429814815521,"[1.5886906385421753,3.9369125366210938,0.029937338083982468,0.9197818636894226]"
20260825,early,9,11,0,E:/2026YOLO/datasets/coco_d2_mini_2048_seed20260901/images/train2017/000000148077.jpg,True,0.020058507099747658,0.012134662829339504,0.235063835978508,0.002852420322597027,1.3449246580421459e-05,22.240394592285156,0.5685895085334778,0.34115371108055115,"[1.9227252006530762,3.5659267902374268,0.03493943065404892,0.9563454389572144]"
20260825,early,9,11,1,E:/2026YOLO/datasets/coco_d2_mini_2048_seed20260901/images/train2017/000000315221.jpg,True,-0.010992202907800674,0.003312532091513276,0.82518470287323,0.002733450848609209,-2.4794033379293978e-05,22.240394592285156,0.5685895085334778,0.34115371108055115,"[1.9227252006530762,3.5659267902374268,0.03493943065404892,0.9563454389572144]"
20260825,early,9,11,2,E:/2026YOLO/datasets/coco_d2_mini_2048_seed20260901/images/train2017/000000261696.jpg,True,-0.017181124538183212,0.0033715220633894205,0.7565417289733887,0.00255069718696177,-3.315456706332043e-05,22.240394592285156,0.5685895085334778,0.34115371108055115,"[1.9227252006530762,3.5659267902374268,0.03493943065404892,0.9563454389572144]"
20260825,early,9,11,3,E:/2026YOLO/datasets/coco_d2_mini_2048_seed20260901/images/train2017/000000477172.jpg,True,-0.0016121246153488755,0.011894894763827324,0.2476237565279007,0.0029454585164785385,-1.175828060695494e-06,22.240394592285156,0.5685895085334778,0.34115371108055115,"[1.9227252006530762,3.5659267902374268,0.03493943065404892,0.9563454389572144]"
20260825,early,9,12,0,E:/2026YOLO/datasets/coco_d2_mini_2048_seed20260901/images/train2017/000000087671.jpg,True,-0.01569550298154354,0.008478648960590363,0.2969608008861542,0.0025178263895213604,-1.1735461157513782e-05,22.609407424926758,0.5323498249053955,0.31940990686416626,"[2.4505131244659424,3.1005308628082275,0.023925401270389557,0.9321995377540588]"
20260825,early,9,12,1,E:/2026YOLO/datasets/coco_d2_mini_2048_seed20260901/images/train2017/000000092634.jpg,True,0.004200877621769905,0.012673628516495228,0.22137455642223358,0.002805618802085519,2.609134071462904e-06,22.609407424926758,0.5323498249053955,0.31940990686416626,"[2.4505131244659424,3.1005308628082275,0.023925401270389557,0.9321995377540588]"
20260825,early,9,12,2,E:/2026YOLO/datasets/coco_d2_mini_2048_seed20260901/images/train2017/000000177705.jpg,True,0.002793298801407218,0.010613568127155304,0.2613140940666199,0.0027734749019145966,2.0244378902134486e-06,22.609407424926758,0.5323498249053955,0.31940990686416626,"[2.4505131244659424,3.1005308628082275,0.023925401270389557,0.9321995377540588]"
20260825,early,9,12,3,E:/2026YOLO/datasets/coco_d2_mini_2048_seed20260901/images/train2017/000000222228.jpg,True,0.004648358561098576,0.010510618798434734,0.25211629271507263,0.002649898175150156,3.105486939602997e-06,22.609407424926758,0.5323498249053955,0.31940990686416626,"[2.4505131244659424,3.1005308628082275,0.023925401270389557,0.9321995377540588]"
20260825,early,9,13,0,E:/2026YOLO/datasets/coco_d2_mini_2048_seed20260901/images/train2017/000000115370.jpg,True,-0.011382597498595715,0.008041627705097198,0.30599063634872437,0.002460662741214037,-8.570410500396974e-06,25.863563537597656,0.5662052035331726,0.339723140001297,"[2.6456363201141357,3.212124824523926,0.030077647417783737,0.954573392868042]"
20260825,early,9,13,1,E:/2026YOLO/datasets/coco_d2_mini_2048_seed20260901/images/train2017/000000400606.jpg,True,0.04171424359083176,0.013899355195462704,0.2027154117822647,0.0028176135383546352,2.382607817708049e-05,25.863563537597656,0.5662052035331726,0.339723140001297,"[2.6456363201141357,3.212124824523926,0.030077647417783737,0.954573392868042]"
20260825,early,9,13,2,E:/2026YOLO/datasets/coco_d2_mini_2048_seed20260901/images/train2017/000000205010.jpg,True,0.012912345118820667,0.015092623420059681,0.19222088158130646,0.002901117317378521,7.200638265203452e-06,25.863563537597656,0.5662052035331726,0.339723140001297,"[2.6456363201141357,3.212124824523926,0.030077647417783737,0.954573392868042]"
20260825,early,9,13,3,E:/2026YOLO/datasets/coco_d2_mini_2048_seed20260901/images/train2017/000000515191.jpg,True,0.00835124310106039,0.010708251968026161,0.2379506379365921,0.002548035467043519,5.063414391770493e-06,25.863563537597656,0.5662052035331726,0.339723140001297,"[2.6456363201141357,3.212124824523926,0.030077647417783737,0.954573392868042]"
20260825,early,9,14,0,E:/2026YOLO/datasets/coco_d2_mini_2048_seed20260901/images/train2017/000000190942.jpg,True,0.0059982724487781525,0.01029207743704319,0.2687194049358368,0.0027656808961182833,4.45786872660392e-06,22.910573959350586,0.5999147891998291,0.35994887351989746,"[2.5658280849456787,2.807812213897705,0.02235516905784607,0.9308724403381348]"
20260825,early,9,14,1,E:/2026YOLO/datasets/coco_d2_mini_2048_seed20260901/images/train2017/000000397211.jpg,True,0.01808556541800499,0.016067219898104668,0.16608156263828278,0.0026684689801186323,8.015224011614919e-06,22.910573959350586,0.5999147891998291,0.35994887351989746,"[2.5658280849456787,2.807812213897705,0.02235516905784607,0.9308724403381348]"
20260825,early,9,14,2,E:/2026YOLO/datasets/coco_d2_mini_2048_seed20260901/images/train2017/000000039606.jpg,True,0.01656976342201233,0.008043375797569752,0.3399929702281952,0.0027346911374479532,1.5406163583975285e-05,22.910573959350586,0.5999147891998291,0.35994887351989746,"[2.5658280849456787,2.807812213897705,0.02235516905784607,0.9308724403381348]"
20260825,early,9,14,3,E:/2026YOLO/datasets/coco_d2_mini_2048_seed20260901/images/train2017/000000447118.jpg,True,-0.01653420366346836,0.01266408059746027,0.20332936942577362,0.0025749795604497194,-8.656795216666069e-06,22.910573959350586,0.5999147891998291,0.35994887351989746,"[2.5658280849456787,2.807812213897705,0.02235516905784607,0.9308724403381348]"
20260825,early,9,15,0,E:/2026YOLO/datasets/coco_d2_mini_2048_seed20260901/images/train2017/000000435454.jpg,True,0.01788802444934845,0.011174929328262806,0.2437034547328949,0.002723368816077709,1.18721818580525e-05,21.361492156982422,0.5888047814369202,0.3532828688621521,"[2.191380023956299,3.2925150394439697,0.024758897721767426,0.9155258536338806]"
20260825,early,9,15,1,E:/2026YOLO/datasets/coco_d2_mini_2048_seed20260901/images/train2017/000000175227.jpg,True,0.013097680173814297,0.009392550215125084,0.2980971932411194,0.0027998927980661392,1.0931849828921258e-05,21.361492156982422,0.5888047814369202,0.3532828688621521,"[2.191380023956299,3.2925150394439697,0.024758897721767426,0.9155258536338806]"
20260825,early,9,15,2,E:/2026YOLO/datasets/coco_d2_mini_2048_seed20260901/images/train2017/000000028359.jpg,True,-0.030052587389945984,0.009183946065604687,0.30836451053619385,0.0028320031706243753,-2.624460103106685e-05,21.361492156982422,0.5888047814369202,0.3532828688621521,"[2.191380023956299,3.2925150394439697,0.024758897721767426,0.9155258536338806]"
20260825,early,9,15,3,E:/2026YOLO/datasets/coco_d2_mini_2048_seed20260901/images/train2017/000000205435.jpg,True,0.016399238258600235,0.009008681401610374,0.31762805581092834,0.0028614099137485027,1.4904679119354114e-05,21.361492156982422,0.5888047814369202,0.3532828688621521,"[2.191380023956299,3.2925150394439697,0.024758897721767426,0.9155258536338806]"
20260825,middle,24,0,0,E:/2026YOLO/datasets/coco_d2_mini_2048_seed20260901/images/train2017/000000055118.jpg,True,-0.0020145319867879152,0.0037798117846250534,0.4370776116847992,0.0016520711360499263,-1.454659923183499e-06,19.49460792541504,0.3900412917137146,0.234024778008461,"[2.3152973651885986,2.6942360401153564,0.017663974314928055,0.8888751268386841]"
20260825,middle,24,0,1,E:/2026YOLO/datasets/coco_d2_mini_2048_seed20260901/images/train2017/000000486491.jpg,True,-0.0006059441366232932,0.007064145524054766,0.2628996670246124,0.001857161521911621,-2.9585049787783646e-07,19.49460792541504,0.3900412917137146,0.234024778008461,"[2.3152973651885986,2.6942360401153564,0.017663974314928055,0.8888751268386841]"
20260825,middle,24,0,2,E:/2026YOLO/datasets/coco_d2_mini_2048_seed20260901/images/train2017/000000111194.jpg,True,0.011022821068763733,0.022729048505425453,0.07232730090618134,0.0016439307946711779,1.3106252936267992e-06,19.49460792541504,0.3900412917137146,0.234024778008461,"[2.3152973651885986,2.6942360401153564,0.017663974314928055,0.8888751268386841]"
20260825,middle,24,0,3,E:/2026YOLO/datasets/coco_d2_mini_2048_seed20260901/images/train2017/000000012236.jpg,True,-0.033139489591121674,0.015944862738251686,0.09727901220321655,0.001551100518554449,-5.0004018703475595e-06,19.49460792541504,0.3900412917137146,0.234024778008461,"[2.3152973651885986,2.6942360401153564,0.017663974314928055,0.8888751268386841]"
20260825,middle,24,1,0,E:/2026YOLO/datasets/coco_d2_mini_2048_seed20260901/images/train2017/000000447095.jpg,True,-0.006450063548982143,0.0027394392527639866,0.571005642414093,0.0015642353100702167,-5.761114152846858e-06,22.218347549438477,0.4121304750442505,0.24727828800678253,"[2.162925958633423,3.589134693145752,0.024762488901615143,0.9206169247627258]"
20260825,middle,24,1,1,E:/2026YOLO/datasets/coco_d2_mini_2048_seed20260901/images/train2017/000000103427.jpg,True,0.0067614843137562275,0.005019103176891804,0.32685235142707825,0.0016405057394877076,3.6255291888664942e-06,22.218347549438477,0.4121304750442505,0.24727828800678253,"[2.162925958633423,3.589134693145752,0.024762488901615143,0.9206169247627258]"
20260825,middle,24,1,2,E:/2026YOLO/datasets/coco_d2_mini_2048_seed20260901/images/train2017/000000361519.jpg,True,-0.06156003102660179,0.017019685357809067,0.10381186008453369,0.001766845234669745,-1.1291309419902973e-05,22.218347549438477,0.4121304750442505,0.24727828800678253,"[2.162925958633423,3.589134693145752,0.024762488901615143,0.9206169247627258]"
20260825,middle,24,1,3,E:/2026YOLO/datasets/coco_d2_mini_2048_seed20260901/images/train2017/000000128142.jpg,True,0.018329139798879623,0.005159642547369003,0.34210821986198425,0.0017651560483500361,1.1068497769883834e-05,22.218347549438477,0.4121304750442505,0.24727828800678253,"[2.162925958633423,3.589134693145752,0.024762488901615143,0.9206169247627258]"
20260825,middle,24,2,0,E:/2026YOLO/datasets/coco_d2_mini_2048_seed20260901/images/train2017/000000003242.jpg,True,-0.010345295071601868,0.004970305133610964,0.32443881034851074,0.0016125598922371864,-5.4124207053973805e-06,20.860950469970703,0.36472439765930176,0.21883465349674225,"[2.2869460582733154,3.1973347663879395,0.01657463237643242,0.9254602789878845]"
20260825,middle,24,2,1,E:/2026YOLO/datasets/coco_d2_mini_2048_seed20260901/images/train2017/000000332646.jpg,True,0.0099430400878191,0.0068101040087640285,0.2180948555469513,0.0014852486783638597,3.220800408598734e-06,20.860950469970703,0.36472439765930176,0.21883465349674225,"[2.2869460582733154,3.1973347663879395,0.01657463237643242,0.9254602789878845]"
20260825,middle,24,2,2,E:/2026YOLO/datasets/coco_d2_mini_2048_seed20260901/images/train2017/000000399784.jpg,True,0.006837858818471432,0.003917768131941557,0.4022296369075775,0.0015758424997329712,4.334180630394258e-06,20.860950469970703,0.36472439765930176,0.21883465349674225,"[2.2869460582733154,3.1973347663879395,0.01657463237643242,0.9254602789878845]"
20260825,middle,24,2,3,E:/2026YOLO/datasets/coco_d2_mini_2048_seed20260901/images/train2017/000000268809.jpg,True,-0.016783902421593666,0.009740252047777176,0.14375296235084534,0.0014001900563016534,-3.3782885111577343e-06,20.860950469970703,0.36472439765930176,0.21883465349674225,"[2.2869460582733154,3.1973347663879395,0.01657463237643242,0.9254602789878845]"
20260825,middle,24,3,0,E:/2026YOLO/datasets/coco_d2_mini_2048_seed20260901/images/train2017/000000469798.jpg,True,0.017404112964868546,0.007528031710535288,0.25260013341903687,0.0019015817670151591,8.359887942788191e-06,21.12459945678711,0.388847291469574,0.23330838978290558,"[2.521483898162842,2.868683099746704,0.020799117162823677,0.9347304105758667]"
20260825,middle,24,3,1,E:/2026YOLO/datasets/coco_d2_mini_2048_seed20260901/images/train2017/000000341797.jpg,True,0.005024142563343048,0.005989649798721075,0.2653324007987976,0.00158924818970263,2.1185755940678064e-06,21.12459945678711,0.388847291469574,0.23330838978290558,"[2.521483898162842,2.868683099746704,0.020799117162823677,0.9347304105758667]"
20260825,middle,24,3,2,E:/2026YOLO/datasets/coco_d2_mini_2048_seed20260901/images/train2017/000000172342.jpg,True,0.0015389693435281515,0.005998685024678707,0.25149351358413696,0.001508630346506834,5.839015102537815e-07,21.12459945678711,0.388847291469574,0.23330838978290558,"[2.521483898162842,2.868683099746704,0.020799117162823677,0.9347304105758667]"
20260825,middle,24,3,3,E:/2026YOLO/datasets/coco_d2_mini_2048_seed20260901/images/train2017/000000098596.jpg,True,-0.002005910500884056,0.006206720136106014,0.25865277647972107,0.001605385448783636,-8.329291176778497e-07,21.12459945678711,0.388847291469574,0.23330838978290558,"[2.521483898162842,2.868683099746704,0.020799117162823677,0.9347304105758667]"
20260825,middle,24,4,0,E:/2026YOLO/datasets/coco_d2_mini_2048_seed20260901/images/train2017/000000345635.jpg,True,0.025690725073218346,0.006646487861871719,0.22496245801448822,0.0014952102210372686,8.641490239824634e-06,20.688583374023438,0.4089393615722656,0.24536362290382385,"[2.234781265258789,2.8334896564483643,0.022686395794153214,0.8967026472091675]"
20260825,middle,24,4,1,E:/2026YOLO/datasets/coco_d2_mini_2048_seed20260901/images/train2017/000000348684.jpg,True,-0.008585921488702297,0.014055725187063217,0.12614445388317108,0.0017730518011376262,-1.9203328065486858e-06,20.688583374023438,0.4089393615722656,0.24536362290382385,"[2.234781265258789,2.8334896564483643,0.022686395794153214,0.8967026472091675]"
20260825,middle,24,4,2,E:/2026YOLO/datasets/coco_d2_mini_2048_seed20260901/images/train2017/000000124311.jpg,True,0.022561052814126015,0.007977836765348911,0.20957282185554504,0.0016719377599656582,7.905228812887799e-06,20.688583374023438,0.4089393615722656,0.24536362290382385,"[2.234781265258789,2.8334896564483643,0.022686395794153214,0.8967026472091675]"
20260825,middle,24,4,3,E:/2026YOLO/datasets/coco_d2_mini_2048_seed20260901/images/train2017/000000178690.jpg,True,-0.0003001999284606427,0.004718215204775333,0.32044079899787903,0.0015119087183848023,-1.4544002624461427e-07,20.688583374023438,0.4089393615722656,0.24536362290382385,"[2.234781265258789,2.8334896564483643,0.022686395794153214,0.8967026472091675]"
20260825,middle,24,5,0,E:/2026YOLO/datasets/coco_d2_mini_2048_seed20260901/images/train2017/000000241623.jpg,True,-0.012964975088834763,0.00941649079322815,0.17479318380355835,0.0016459383768960834,-3.7300080748536857e-06,20.15167808532715,0.4143340587615967,0.24860043823719025,"[2.0900301933288574,2.874380111694336,0.028929628431797028,0.9234826564788818]"
20260825,middle,24,5,1,E:/2026YOLO/datasets/coco_d2_mini_2048_seed20260901/images/train2017/000000168738.jpg,True,0.0012294530170038342,0.005011189728975296,0.28181952238082886,0.0014122511493042111,4.893222467217129e-07,20.15167808532715,0.4143340587615967,0.24860043823719025,"[2.0900301933288574,2.874380111694336,0.028929628431797028,0.9234826564788818]"
20260825,middle,24,5,2,E:/2026YOLO/datasets/coco_d2_mini_2048_seed20260901/images/train2017/000000358580.jpg,True,0.024918586015701294,0.003272327594459057,0.5099408626556396,0.0016686934977769852,2.120409772032872e-05,20.15167808532715,0.4143340587615967,0.24860043823719025,"[2.0900301933288574,2.874380111694336,0.028929628431797028,0.9234826564788818]"
20260825,middle,24,5,3,E:/2026YOLO/datasets/coco_d2_mini_2048_seed20260901/images/train2017/000000550760.jpg,True,0.00918316375464201,0.005191280506551266,0.307127445936203,0.0015943847829475999,4.496805559028871e-06,20.15167808532715,0.4143340587615967,0.24860043823719025,"[2.0900301933288574,2.874380111694336,0.028929628431797028,0.9234826564788818]"
20260825,middle,24,6,0,E:/2026YOLO/datasets/coco_d2_mini_2048_seed20260901/images/train2017/000000306710.jpg,True,-0.0031123028602451086,0.01516735926270485,0.12004335969686508,0.0018207407556474209,-6.802492862334475e-07,18.175369262695312,0.4155566096305847,0.24933397769927979,"[1.814032793045044,2.5924160480499268,0.024604275822639465,0.9191746711730957]"
20260825,middle,24,6,1,E:/2026YOLO/datasets/coco_d2_mini_2048_seed20260901/images/train2017/000000523220.jpg,True,-0.0017382624791935086,0.0033616942819207907,0.5172277092933655,0.0017387614352628589,-1.5632813301635906e-06,18.175369262695312,0.4155566096305847,0.24933397769927979,"[1.814032793045044,2.5924160480499268,0.024604275822639465,0.9191746711730957]"
20260825,middle,24,6,2,E:/2026YOLO/datasets/coco_d2_mini_2048_seed20260901/images/train2017/000000009885.jpg,True,0.023300299420952797,0.0037319951225072145,0.40854454040527344,0.001524686231277883,1.451380921935197e-05,18.175369262695312,0.4155566096305847,0.24933397769927979,"[1.814032793045044,2.5924160480499268,0.024604275822639465,0.9191746711730957]"
20260825,middle,24,6,3,E:/2026YOLO/datasets/coco_d2_mini_2048_seed20260901/images/train2017/000000501695.jpg,True,0.013811551965773106,0.005412623751908541,0.27672579884529114,0.001497812569141388,5.724658421968343e-06,18.175369262695312,0.4155566096305847,0.24933397769927979,"[1.814032793045044,2.5924160480499268,0.024604275822639465,0.9191746711730957]"
20260825,middle,24,7,0,E:/2026YOLO/datasets/coco_d2_mini_2048_seed20260901/images/train2017/000000224366.jpg,True,-0.0006918849539943039,0.006153323221951723,0.244931161403656,0.0015071405796334147,-2.554063485149527e-07,21.584976196289062,0.3680408000946045,0.2208244949579239,"[2.738994836807251,2.5030112266540527,0.016287371516227722,0.9153904318809509]"
20260825,middle,24,7,1,E:/2026YOLO/datasets/coco_d2_mini_2048_seed20260901/images/train2017/000000277912.jpg,True,-0.010279752314090729,0.0073439255356788635,0.21693934500217438,0.0015931864036247134,-3.552937414497137e-06,21.584976196289062,0.3680408000946045,0.2208244949579239,"[2.738994836807251,2.5030112266540527,0.016287371516227722,0.9153904318809509]"
20260825,middle,24,7,2,E:/2026YOLO/datasets/coco_d2_mini_2048_seed20260901/images/train2017/000000441240.jpg,True,0.0007179496460594237,0.0066980766132473946,0.24357907474040985,0.001631511258892715,2.8531462703540456e-07,21.584976196289062,0.3680408000946045,0.2208244949579239,"[2.738994836807251,2.5030112266540527,0.016287371516227722,0.9153904318809509]"
20260825,middle,24,7,3,E:/2026YOLO/datasets/coco_d2_mini_2048_seed20260901/images/train2017/000000142318.jpg,True,0.021362537518143654,0.012731370516121387,0.13787591457366943,0.001755349338054657,5.170169970369898e-06,21.584976196289062,0.3680408000946045,0.2208244949579239,"[2.738994836807251,2.5030112266540527,0.016287371516227722,0.9153904318809509]"
20260825,middle,24,8,0,E:/2026YOLO/datasets/coco_d2_mini_2048_seed20260901/images/train2017/000000171384.jpg,True,-0.0026742785703390837,0.008943568915128708,0.21897746622562408,0.0019584400579333305,-1.1468757747934433e-06,16.772838592529297,0.37921667098999023,0.22753001749515533,"[1.9040013551712036,2.1478168964385986,0.021306516602635384,0.9205349087715149]"
20260825,middle,24,8,1,E:/2026YOLO/datasets/coco_d2_mini_2048_seed20260901/images/train2017/000000574145.jpg,True,-0.01607758179306984,0.04388847202062607,0.036317165940999985,0.0015939049189910293,-9.306686479249038e-07,16.772838592529297,0.37921667098999023,0.22753001749515533,"[1.9040013551712036,2.1478168964385986,0.021306516602635384,0.9205349087715149]"
20260825,middle,24,8,2,E:/2026YOLO/datasets/coco_d2_mini_2048_seed20260901/images/train2017/000000380034.jpg,True,0.017583608627319336,0.006064435932785273,0.26554757356643677,0.001610396197065711,7.5193984230281785e-06,16.772838592529297,0.37921667098999023,0.22753001749515533,"[1.9040013551712036,2.1478168964385986,0.021306516602635384,0.9205349087715149]"
20260825,middle,24,8,3,E:/2026YOLO/datasets/coco_d2_mini_2048_seed20260901/images/train2017/000000039743.jpg,True,0.023501569405198097,0.004523363895714283,0.3870742619037628,0.0017508777091279626,1.592747685208451e-05,16.772838592529297,0.37921667098999023,0.22753001749515533,"[1.9040013551712036,2.1478168964385986,0.021306516602635384,0.9205349087715149]"
20260825,middle,24,9,0,E:/2026YOLO/datasets/coco_d2_mini_2048_seed20260901/images/train2017/000000101892.jpg,True,0.00047361082397401333,0.010057494975626469,0.18185997009277344,0.0018290557200089097,1.5753812476759776e-07,23.906808853149414,0.4434288740158081,0.2660573422908783,"[2.303349256515503,3.3173203468322754,0.02358316257596016,0.9205415844917297]"
20260825,middle,24,9,1,E:/2026YOLO/datasets/coco_d2_mini_2048_seed20260901/images/train2017/000000043202.jpg,True,0.005237150471657515,0.022938815876841545,0.08751419186592102,0.002007471863180399,9.200745125781395e-07,23.906808853149414,0.4434288740158081,0.2660573422908783,"[2.303349256515503,3.3173203468322754,0.02358316257596016,0.9205415844917297]"
20260825,middle,24,9,2,E:/2026YOLO/datasets/coco_d2_mini_2048_seed20260901/images/train2017/000000469514.jpg,True,0.0004021673812530935,0.005583110731095076,0.33162957429885864,0.001851524575613439,2.4693895284144673e-07,23.906808853149414,0.4434288740158081,0.2660573422908783,"[2.303349256515503,3.3173203468322754,0.02358316257596016,0.9205415844917297]"
20260825,middle,24,9,3,E:/2026YOLO/datasets/coco_d2_mini_2048_seed20260901/images/train2017/000000278763.jpg,True,0.02093181200325489,0.002297706203535199,0.7252238392829895,0.001666351337917149,2.5295628802268766e-05,23.906808853149414,0.4434288740158081,0.2660573422908783,"[2.303349256515503,3.3173203468322754,0.02358316257596016,0.9205415844917297]"
20260825,middle,24,10,0,E:/2026YOLO/datasets/coco_d2_mini_2048_seed20260901/images/train2017/000000478105.jpg,True,-0.0018462138250470161,0.005643961485475302,0.2901334762573242,0.0016375021077692509,-8.771254442763166e-07,17.556968688964844,0.40454208850860596,0.24272526800632477,"[1.3743940591812134,2.5622715950012207,0.024221807718276978,0.9044228196144104]"
20260825,middle,24,10,1,E:/2026YOLO/datasets/coco_d2_mini_2048_seed20260901/images/train2017/000000189770.jpg,True,-0.020156819373369217,0.00218240381218493,0.6590443253517151,0.0014383008237928152,-1.9106730178464204e-05,17.556968688964844,0.40454208850860596,0.24272526800632477,"[1.3743940591812134,2.5622715950012207,0.024221807718276978,0.9044228196144104]"
20260825,middle,24,10,2,E:/2026YOLO/datasets/coco_d2_mini_2048_seed20260901/images/train2017/000000572152.jpg,True,-0.02282438427209854,0.012075732462108135,0.15806584060192108,0.0019087608670815825,-6.886342816869728e-06,17.556968688964844,0.40454208850860596,0.24272526800632477,"[1.3743940591812134,2.5622715950012207,0.024221807718276978,0.9044228196144104]"
20260825,middle,24,10,3,E:/2026YOLO/datasets/coco_d2_mini_2048_seed20260901/images/train2017/000000460950.jpg,True,0.0015229788841679692,0.0024956034030765295,0.6228316426277161,0.0015543407062068582,1.4743845895281993e-06,17.556968688964844,0.40454208850860596,0.24272526800632477,"[1.3743940591812134,2.5622715950012207,0.024221807718276978,0.9044228196144104]"
20260825,middle,24,11,0,E:/2026YOLO/datasets/coco_d2_mini_2048_seed20260901/images/train2017/000000148077.jpg,True,0.005528509616851807,0.002661011414602399,0.6829798221588135,0.001817417098209262,6.862313057354186e-06,18.786109924316406,0.40600311756134033,0.24360187351703644,"[1.442429542541504,3.0800282955169678,0.02505728043615818,0.9271292686462402]"
20260825,middle,24,11,1,E:/2026YOLO/datasets/coco_d2_mini_2048_seed20260901/images/train2017/000000315221.jpg,True,-0.00943196751177311,0.002769152168184519,0.6252368688583374,0.0017313760472461581,-1.0210294931312092e-05,18.786109924316406,0.40600311756134033,0.24360187351703644,"[1.442429542541504,3.0800282955169678,0.02505728043615818,0.9271292686462402]"
20260825,middle,24,11,2,E:/2026YOLO/datasets/coco_d2_mini_2048_seed20260901/images/train2017/000000261696.jpg,True,-0.009254109114408493,0.0020677903667092323,0.7426175475120544,0.0015355773502960801,-1.0552892490522936e-05,18.786109924316406,0.40600311756134033,0.24360187351703644,"[1.442429542541504,3.0800282955169678,0.02505728043615818,0.9271292686462402]"
20260825,middle,24,11,3,E:/2026YOLO/datasets/coco_d2_mini_2048_seed20260901/images/train2017/000000477172.jpg,True,0.004243595991283655,0.0058234999887645245,0.3280988931655884,0.0019106839317828417,2.6602820071275346e-06,18.786109924316406,0.40600311756134033,0.24360187351703644,"[1.442429542541504,3.0800282955169678,0.02505728043615818,0.9271292686462402]"
20260825,middle,24,12,0,E:/2026YOLO/datasets/coco_d2_mini_2048_seed20260901/images/train2017/000000087671.jpg,True,0.022295791655778885,0.005694108549505472,0.29643872380256653,0.0016879542963579297,1.1156256732647307e-05,19.745370864868164,0.33176660537719727,0.19905997812747955,"[2.1253669261932373,2.9732306003570557,0.018997153267264366,0.9046276211738586]"
20260825,middle,24,12,1,E:/2026YOLO/datasets/coco_d2_mini_2048_seed20260901/images/train2017/000000092634.jpg,True,-2.1416020899778232e-05,0.0064254580065608025,0.2511134147644043,0.001613518688827753,-8.677261575940065e-09,19.745370864868164,0.33176660537719727,0.19905997812747955,"[2.1253669261932373,2.9732306003570557,0.018997153267264366,0.9046276211738586]"
20260825,middle,24,12,2,E:/2026YOLO/datasets/coco_d2_mini_2048_seed20260901/images/train2017/000000177705.jpg,True,0.009052855893969536,0.007085460238158703,0.22482135891914368,0.0015929627697914839,3.2421180549135897e-06,19.745370864868164,0.33176660537719727,0.19905997812747955,"[2.1253669261932373,2.9732306003570557,0.018997153267264366,0.9046276211738586]"
20260825,middle,24,12,3,E:/2026YOLO/datasets/coco_d2_mini_2048_seed20260901/images/train2017/000000222228.jpg,True,-0.004498673137277365,0.0035650695208460093,0.40846896171569824,0.0014562202850356698,-2.6759041702462127e-06,19.745370864868164,0.33176660537719727,0.19905997812747955,"[2.1253669261932373,2.9732306003570557,0.018997153267264366,0.9046276211738586]"
20260825,middle,24,13,0,E:/2026YOLO/datasets/coco_d2_mini_2048_seed20260901/images/train2017/000000115370.jpg,True,0.030250903218984604,0.0039356788620352745,0.3774343430995941,0.0014854604378342628,1.6960584616754204e-05,21.55850601196289,0.36275148391723633,0.217650905251503,"[2.2506327629089355,2.905116558074951,0.022043198347091675,0.9064339995384216]"
20260825,middle,24,13,1,E:/2026YOLO/datasets/coco_d2_mini_2048_seed20260901/images/train2017/000000400606.jpg,True,-0.008409717120230198,0.006173741538077593,0.2529844045639038,0.0015618603210896254,-3.3229005111934384e-06,21.55850601196289,0.36275148391723633,0.217650905251503,"[2.2506327629089355,2.905116558074951,0.022043198347091675,0.9064339995384216]"
20260825,middle,24,13,2,E:/2026YOLO/datasets/coco_d2_mini_2048_seed20260901/images/train2017/000000205010.jpg,True,0.022516818717122078,0.004795446991920471,0.33463478088378906,0.0016047233948484063,1.2091448297724128e-05,21.55850601196289,0.36275148391723633,0.217650905251503,"[2.2506327629089355,2.905116558074951,0.022043198347091675,0.9064339995384216]"
20260825,middle,24,13,3,E:/2026YOLO/datasets/coco_d2_mini_2048_seed20260901/images/train2017/000000515191.jpg,True,-0.012808196246623993,0.006178880576044321,0.2528814375400543,0.0015625242376700044,-5.060945568402531e-06,21.55850601196289,0.36275148391723633,0.217650905251503,"[2.2506327629089355,2.905116558074951,0.022043198347091675,0.9064339995384216]"
20260825,middle,24,14,0,E:/2026YOLO/datasets/coco_d2_mini_2048_seed20260901/images/train2017/000000190942.jpg,True,0.014619169756770134,0.004178894218057394,0.39598938822746277,0.0016547978157177567,9.579684046912007e-06,20.223228454589844,0.4066513776779175,0.24399083852767944,"[2.413093328475952,2.4614903926849365,0.018076833337545395,0.9162152409553528]"
20260825,middle,24,14,1,E:/2026YOLO/datasets/coco_d2_mini_2048_seed20260901/images/train2017/000000397211.jpg,True,0.004651986062526703,0.007872391492128372,0.20359279215335846,0.001602762145921588,1.5179933825493208e-06,20.223228454589844,0.4066513776779175,0.24399083852767944,"[2.413093328475952,2.4614903926849365,0.018076833337545395,0.9162152409553528]"
20260825,middle,24,14,2,E:/2026YOLO/datasets/coco_d2_mini_2048_seed20260901/images/train2017/000000039606.jpg,True,0.029120679944753647,0.004367111250758171,0.4100620150566101,0.0017907863948494196,2.1384290448622778e-05,20.223228454589844,0.4066513776779175,0.24399083852767944,"[2.413093328475952,2.4614903926849365,0.018076833337545395,0.9162152409553528]"
20260825,middle,24,14,3,E:/2026YOLO/datasets/coco_d2_mini_2048_seed20260901/images/train2017/000000447118.jpg,True,-0.008718098513782024,0.009459354914724827,0.15531234443187714,0.0014691546093672514,-1.989276825042907e-06,20.223228454589844,0.4066513776779175,0.24399083852767944,"[2.413093328475952,2.4614903926849365,0.018076833337545395,0.9162152409553528]"
20260825,middle,24,15,0,E:/2026YOLO/datasets/coco_d2_mini_2048_seed20260901/images/train2017/000000435454.jpg,True,0.0337013341486454,0.0052331979386508465,0.2757624387741089,0.0014431193703785539,1.3411719010036904e-05,19.443912506103516,0.3698062300682068,0.22188374400138855,"[2.2577712535858154,2.8727166652679443,0.02248791605234146,0.9213930368423462]"
20260825,middle,24,15,1,E:/2026YOLO/datasets/coco_d2_mini_2048_seed20260901/images/train2017/000000175227.jpg,True,0.03426459804177284,0.006106221582740545,0.23305246233940125,0.0014230699744075537,1.1363852536305785e-05,19.443912506103516,0.3698062300682068,0.22188374400138855,"[2.2577712535858154,2.8727166652679443,0.02248791605234146,0.9213930368423462]"
20260825,middle,24,15,2,E:/2026YOLO/datasets/coco_d2_mini_2048_seed20260901/images/train2017/000000028359.jpg,True,-0.015478427521884441,0.006219377275556326,0.2745268642902374,0.001707386109046638,-7.255100626935018e-06,19.443912506103516,0.3698062300682068,0.22188374400138855,"[2.2577712535858154,2.8727166652679443,0.02248791605234146,0.9213930368423462]"
20260825,middle,24,15,3,E:/2026YOLO/datasets/coco_d2_mini_2048_seed20260901/images/train2017/000000205435.jpg,True,0.006165782455354929,0.0038243248127400875,0.40850648283958435,0.001562261488288641,3.934965207008645e-06,19.443912506103516,0.3698062300682068,0.22188374400138855,"[2.2577712535858154,2.8727166652679443,0.02248791605234146,0.9213930368423462]"
20260825,late,49,0,0,E:/2026YOLO/datasets/coco_d2_mini_2048_seed20260901/images/train2017/000000055118.jpg,True,-0.00733759393915534,0.004189400468021631,0.3508158028125763,0.0014697079313918948,-3.783239662880078e-06,18.018901824951172,0.37174367904663086,0.223046213388443,"[2.3778774738311768,2.475583553314209,0.01771232858300209,0.8928865790367126]"
20260825,late,49,0,1,E:/2026YOLO/datasets/coco_d2_mini_2048_seed20260901/images/train2017/000000486491.jpg,True,0.01601117104291916,0.0052040573209524155,0.2964089810848236,0.0015425293240696192,7.320620170503389e-06,18.018901824951172,0.37174367904663086,0.223046213388443,"[2.3778774738311768,2.475583553314209,0.01771232858300209,0.8928865790367126]"
20260825,late,49,0,2,E:/2026YOLO/datasets/coco_d2_mini_2048_seed20260901/images/train2017/000000111194.jpg,True,0.010676463134586811,0.017386680468916893,0.09505239129066467,0.0016526455292478204,1.677143245615298e-06,18.018901824951172,0.37174367904663086,0.223046213388443,"[2.3778774738311768,2.475583553314209,0.01771232858300209,0.8928865790367126]"
20260825,late,49,0,3,E:/2026YOLO/datasets/coco_d2_mini_2048_seed20260901/images/train2017/000000012236.jpg,True,-0.05968640372157097,0.013823323883116245,0.08307724446058273,0.0011484036222100258,-5.694453193427762e-06,18.018901824951172,0.37174367904663086,0.223046213388443,"[2.3778774738311768,2.475583553314209,0.01771232858300209,0.8928865790367126]"
20260825,late,49,1,0,E:/2026YOLO/datasets/coco_d2_mini_2048_seed20260901/images/train2017/000000447095.jpg,True,-0.026849620044231415,0.0021434007212519646,0.6502231955528259,0.0013936888426542282,-2.433136251056567e-05,20.28327178955078,0.3895753026008606,0.23374518752098083,"[2.1299962997436523,3.2116799354553223,0.023652277886867523,0.8976969718933105]"
20260825,late,49,1,1,E:/2026YOLO/datasets/coco_d2_mini_2048_seed20260901/images/train2017/000000103427.jpg,True,0.00481812609359622,0.002839471446350217,0.4825180768966675,0.0013700963463634253,3.185245077474974e-06,20.28327178955078,0.3895753026008606,0.23374518752098083,"[2.1299962997436523,3.2116799354553223,0.023652277886867523,0.8976969718933105]"
20260825,late,49,1,2,E:/2026YOLO/datasets/coco_d2_mini_2048_seed20260901/images/train2017/000000361519.jpg,True,-0.04530807584524155,0.009671684354543686,0.15428508818149567,0.0014921966940164566,-1.043099291564431e-05,20.28327178955078,0.3895753026008606,0.23374518752098083,"[2.1299962997436523,3.2116799354553223,0.023652277886867523,0.8976969718933105]"
20260825,late,49,1,3,E:/2026YOLO/datasets/coco_d2_mini_2048_seed20260901/images/train2017/000000128142.jpg,True,0.007523098029196262,0.004331778269261122,0.33609461784362793,0.0014558873372152448,3.6811713925999356e-06,20.28327178955078,0.3895753026008606,0.23374518752098083,"[2.1299962997436523,3.2116799354553223,0.023652277886867523,0.8976969718933105]"
20260825,late,49,2,0,E:/2026YOLO/datasets/coco_d2_mini_2048_seed20260901/images/train2017/000000003242.jpg,True,-0.004457853268831968,0.0037279129028320312,0.44377392530441284,0.0016543505480512977,-3.2727671168686356e-06,20.240203857421875,0.33752763271331787,0.2025165855884552,"[2.3845324516296387,3.3475544452667236,0.015433767810463905,0.9117304682731628]"
20260825,late,49,2,1,E:/2026YOLO/datasets/coco_d2_mini_2048_seed20260901/images/train2017/000000332646.jpg,True,0.008561872877180576,0.003818875877186656,0.32615676522254944,0.0012455522082746029,3.478220378383412e-06,20.240203857421875,0.33752763271331787,0.2025165855884552,"[2.3845324516296387,3.3475544452667236,0.015433767810463905,0.9117304682731628]"
20260825,late,49,2,2,E:/2026YOLO/datasets/coco_d2_mini_2048_seed20260901/images/train2017/000000399784.jpg,True,-0.0024777837097644806,0.004404705949127674,0.3021341562271118,0.001330812112428248,-9.96276639853022e-07,20.240203857421875,0.33752763271331787,0.2025165855884552,"[2.3845324516296387,3.3475544452667236,0.015433767810463905,0.9117304682731628]"
20260825,late,49,2,3,E:/2026YOLO/datasets/coco_d2_mini_2048_seed20260901/images/train2017/000000268809.jpg,True,0.0005679987370967865,0.008753232657909393,0.14158548414707184,0.001239330624230206,9.966743164113723e-08,20.240203857421875,0.33752763271331787,0.2025165855884552,"[2.3845324516296387,3.3475544452667236,0.015433767810463905,0.9117304682731628]"
20260825,late,49,3,0,E:/2026YOLO/datasets/coco_d2_mini_2048_seed20260901/images/train2017/000000469798.jpg,True,0.0016128476709127426,0.004418510943651199,0.3225001096725464,0.0014249702217057347,7.411890692310408e-07,20.181983947753906,0.3567568063735962,0.21405409276485443,"[2.3053739070892334,2.774484634399414,0.018854282796382904,0.9258596301078796]"
20260825,late,49,3,1,E:/2026YOLO/datasets/coco_d2_mini_2048_seed20260901/images/train2017/000000341797.jpg,True,0.01674904301762581,0.0044684684835374355,0.27395451068878174,0.0012241570511832833,5.617015176540008e-06,20.181983947753906,0.3567568063735962,0.21405409276485443,"[2.3053739070892334,2.774484634399414,0.018854282796382904,0.9258596301078796]"
20260825,late,49,3,2,E:/2026YOLO/datasets/coco_d2_mini_2048_seed20260901/images/train2017/000000172342.jpg,True,0.00939235556870699,0.004253859631717205,0.2674221992492676,0.0011375765316188335,2.8572787869052263e-06,20.181983947753906,0.3567568063735962,0.21405409276485443,"[2.3053739070892334,2.774484634399414,0.018854282796382904,0.9258596301078796]"
20260825,late,49,3,3,E:/2026YOLO/datasets/coco_d2_mini_2048_seed20260901/images/train2017/000000098596.jpg,True,0.013962144032120705,0.004999799188226461,0.2765934467315674,0.0013829116942360997,5.340580173651688e-06,20.181983947753906,0.3567568063735962,0.21405409276485443,"[2.3053739070892334,2.774484634399414,0.018854282796382904,0.9258596301078796]"
20260825,late,49,4,0,E:/2026YOLO/datasets/coco_d2_mini_2048_seed20260901/images/train2017/000000345635.jpg,True,0.01138839777559042,0.0066062333062291145,0.20335853099822998,0.0013434338616207242,3.111295882263221e-06,19.508642196655273,0.38103049993515015,0.2286183089017868,"[2.0870296955108643,2.756354808807373,0.0185442715883255,0.8959861397743225]"
20260825,late,49,4,1,E:/2026YOLO/datasets/coco_d2_mini_2048_seed20260901/images/train2017/000000348684.jpg,True,-0.0037260563112795353,0.00934187974780798,0.1526840627193451,0.0014263561461120844,-8.114674301396008e-07,19.508642196655273,0.38103049993515015,0.2286183089017868,"[2.0870296955108643,2.756354808807373,0.0185442715883255,0.8959861397743225]"
20260825,late,49,4,2,E:/2026YOLO/datasets/coco_d2_mini_2048_seed20260901/images/train2017/000000124311.jpg,True,0.016833119094371796,0.009943697601556778,0.13975206017494202,0.001389652257785201,3.2691057185729733e-06,19.508642196655273,0.38103049993515015,0.2286183089017868,"[2.0870296955108643,2.756354808807373,0.0185442715883255,0.8959861397743225]"
20260825,late,49,4,3,E:/2026YOLO/datasets/coco_d2_mini_2048_seed20260901/images/train2017/000000178690.jpg,True,0.001291903667151928,0.0030692359432578087,0.45762956142425537,0.0014045730931684375,8.304023140226491e-07,19.508642196655273,0.38103049993515015,0.2286183089017868,"[2.0870296955108643,2.756354808807373,0.0185442715883255,0.8959861397743225]"
20260825,late,49,5,0,E:/2026YOLO/datasets/coco_d2_mini_2048_seed20260901/images/train2017/000000241623.jpg,True,-0.009796347469091415,0.01549310702830553,0.09485242515802383,0.0014695588033646345,-1.3655247812494054e-06,18.060447692871094,0.3934248089790344,0.2360548973083496,"[1.7941539287567139,2.627265691757202,0.022531287744641304,0.8925375938415527]"
20260825,late,49,5,1,E:/2026YOLO/datasets/coco_d2_mini_2048_seed20260901/images/train2017/000000168738.jpg,True,0.004627568647265434,0.0031194225884974003,0.399838924407959,0.0012472665403038263,2.3077950572769623e-06,18.060447692871094,0.3934248089790344,0.2360548973083496,"[1.7941539287567139,2.627265691757202,0.022531287744641304,0.8925375938415527]"
20260825,late,49,5,2,E:/2026YOLO/datasets/coco_d2_mini_2048_seed20260901/images/train2017/000000358580.jpg,True,0.03191963583230972,0.0030803040135651827,0.47521844506263733,0.001463817316107452,2.2204350898391567e-05,18.060447692871094,0.3934248089790344,0.2360548973083496,"[1.7941539287567139,2.627265691757202,0.022531287744641304,0.8925375938415527]"
20260825,late,49,5,3,E:/2026YOLO/datasets/coco_d2_mini_2048_seed20260901/images/train2017/000000550760.jpg,True,0.013093258254230022,0.003372511826455593,0.392538458108902,0.001323840580880642,6.8040208134334534e-06,18.060447692871094,0.3934248089790344,0.2360548973083496,"[1.7941539287567139,2.627265691757202,0.022531287744641304,0.8925375938415527]"
20260825,late,49,6,0,E:/2026YOLO/datasets/coco_d2_mini_2048_seed20260901/images/train2017/000000306710.jpg,True,0.006413885857909918,0.016908112913370132,0.08295533061027527,0.0014026181306689978,7.462854227924254e-07,15.905130386352539,0.3805522918701172,0.22833138704299927,"[1.5048503875732422,2.1659491062164307,0.01724950410425663,0.8982542753219604]"
20260825,late,49,6,1,E:/2026YOLO/datasets/coco_d2_mini_2048_seed20260901/images/train2017/000000523220.jpg,True,0.011356675997376442,0.002899972489103675,0.5015751123428345,0.0014545540325343609,8.285468538815621e-06,15.905130386352539,0.3805522918701172,0.22833138704299927,"[1.5048503875732422,2.1659491062164307,0.01724950410425663,0.8982542753219604]"
20260825,late,49,6,2,E:/2026YOLO/datasets/coco_d2_mini_2048_seed20260901/images/train2017/000000009885.jpg,True,0.01785159297287464,0.0033534695394337177,0.42109301686286926,0.0014121226267889142,1.061518196365796e-05,15.905130386352539,0.3805522918701172,0.22833138704299927,"[1.5048503875732422,2.1659491062164307,0.01724950410425663,0.8982542753219604]"
20260825,late,49,6,3,E:/2026YOLO/datasets/coco_d2_mini_2048_seed20260901/images/train2017/000000501695.jpg,True,-0.007943774573504925,0.00754736689850688,0.18820218741893768,0.0014204309554770589,-2.1235948679532157e-06,15.905130386352539,0.3805522918701172,0.22833138704299927,"[1.5048503875732422,2.1659491062164307,0.01724950410425663,0.8982542753219604]"
20260825,late,49,7,0,E:/2026YOLO/datasets/coco_d2_mini_2048_seed20260901/images/train2017/000000224366.jpg,True,-0.006460933014750481,0.005244736559689045,0.23007352650165558,0.0012066750787198544,-1.7937101119969157e-06,18.0157470703125,0.34394896030426025,0.20636938512325287,"[2.552611827850342,2.1819489002227783,0.013754921033978462,0.9063240885734558]"
20260825,late,49,7,1,E:/2026YOLO/datasets/coco_d2_mini_2048_seed20260901/images/train2017/000000277912.jpg,True,-0.016113292425870895,0.0038107652217149734,0.3652960956096649,0.0013920576311647892,-8.19382239569677e-06,18.0157470703125,0.34394896030426025,0.20636938512325287,"[2.552611827850342,2.1819489002227783,0.013754921033978462,0.9063240885734558]"
20260825,late,49,7,2,E:/2026YOLO/datasets/coco_d2_mini_2048_seed20260901/images/train2017/000000441240.jpg,True,0.00812568049877882,0.005135735031217337,0.25814297795295715,0.0013257539831101894,2.780884642561432e-06,18.0157470703125,0.34394896030426025,0.20636938512325287,"[2.552611827850342,2.1819489002227783,0.013754921033978462,0.9063240885734558]"
20260825,late,49,7,3,E:/2026YOLO/datasets/coco_d2_mini_2048_seed20260901/images/train2017/000000142318.jpg,True,0.02624858170747757,0.008761687204241753,0.1585475355386734,0.0013891438720747828,5.781127583759371e-06,18.0157470703125,0.34394896030426025,0.20636938512325287,"[2.552611827850342,2.1819489002227783,0.013754921033978462,0.9063240885734558]"
20260825,late,49,8,0,E:/2026YOLO/datasets/coco_d2_mini_2048_seed20260901/images/train2017/000000171384.jpg,True,0.004889200441539288,0.006374536547809839,0.2245027720928192,0.0014311011182144284,1.570832523611898e-06,15.143598556518555,0.3502759337425232,0.2101655751466751,"[1.7620779275894165,2.2279391288757324,0.018549269065260887,0.896348774433136]"
20260825,late,49,8,1,E:/2026YOLO/datasets/coco_d2_mini_2048_seed20260901/images/train2017/000000574145.jpg,True,0.002099772682413459,0.033601678907871246,0.044719915837049484,0.0015026641776785254,1.4110264601185918e-07,15.143598556518555,0.3502759337425232,0.2101655751466751,"[1.7620779275894165,2.2279391288757324,0.018549269065260887,0.896348774433136]"
20260825,late,49,8,2,E:/2026YOLO/datasets/coco_d2_mini_2048_seed20260901/images/train2017/000000380034.jpg,True,-0.0017186603508889675,0.004873705096542835,0.27029070258140564,0.0013173171319067478,-6.119437330198707e-07,15.143598556518555,0.3502759337425232,0.2101655751466751,"[1.7620779275894165,2.2279391288757324,0.018549269065260887,0.896348774433136]"
20260825,late,49,8,3,E:/2026YOLO/datasets/coco_d2_mini_2048_seed20260901/images/train2017/000000039743.jpg,True,0.03105309046804905,0.0025974614545702934,0.5447626709938049,0.0014150000642985106,2.39369401242584e-05,15.143598556518555,0.3502759337425232,0.2101655751466751,"[1.7620779275894165,2.2279391288757324,0.018549269065260887,0.896348774433136]"
20260825,late,49,9,0,E:/2026YOLO/datasets/coco_d2_mini_2048_seed20260901/images/train2017/000000101892.jpg,True,0.021185770630836487,0.0048497747629880905,0.34974583983421326,0.0016961885849013925,1.2568138117785566e-05,22.013158798217773,0.40966057777404785,0.2457963526248932,"[2.1554203033447266,2.838240146636963,0.021768374368548393,0.9072132110595703]"
20260825,late,49,9,1,E:/2026YOLO/datasets/coco_d2_mini_2048_seed20260901/images/train2017/000000043202.jpg,True,0.020942265167832375,0.01331761758774519,0.11454388499259949,0.0015254516620188951,3.6592662127077347e-06,22.013158798217773,0.40966057777404785,0.2457963526248932,"[2.1554203033447266,2.838240146636963,0.021768374368548393,0.9072132110595703]"
20260825,late,49,9,2,E:/2026YOLO/datasets/coco_d2_mini_2048_seed20260901/images/train2017/000000469514.jpg,True,0.02491423860192299,0.0032586934976279736,0.4784020185470581,0.0015589655376970768,1.858134419308044e-05,22.013158798217773,0.40966057777404785,0.2457963526248932,"[2.1554203033447266,2.838240146636963,0.021768374368548393,0.9072132110595703]"
20260825,late,49,9,3,E:/2026YOLO/datasets/coco_d2_mini_2048_seed20260901/images/train2017/000000278763.jpg,True,0.018246568739414215,0.00240306812338531,0.6459271311759949,0.0015522069297730923,1.829423854360357e-05,22.013158798217773,0.40966057777404785,0.2457963526248932,"[2.1554203033447266,2.838240146636963,0.021768374368548393,0.9072132110595703]"
20260825,late,49,10,0,E:/2026YOLO/datasets/coco_d2_mini_2048_seed20260901/images/train2017/000000478105.jpg,True,0.0014330333797261119,0.0052790348418056965,0.2296721339225769,0.0012124471832066774,3.9905012272356544e-07,15.527926445007324,0.37485623359680176,0.22491374611854553,"[1.3295971155166626,2.024472236633301,0.021985473111271858,0.9109920859336853]"
20260825,late,49,10,1,E:/2026YOLO/datasets/coco_d2_mini_2048_seed20260901/images/train2017/000000189770.jpg,True,-0.027798473834991455,0.001883409102447331,0.6796090006828308,0.0012799818068742752,-2.4181535991374403e-05,15.527926445007324,0.37485623359680176,0.22491374611854553,"[1.3295971155166626,2.024472236633301,0.021985473111271858,0.9109920859336853]"
20260825,late,49,10,2,E:/2026YOLO/datasets/coco_d2_mini_2048_seed20260901/images/train2017/000000572152.jpg,True,-0.005405213683843613,0.008736740797758102,0.1921582669019699,0.0016788369975984097,-1.7437348560633836e-06,15.527926445007324,0.37485623359680176,0.22491374611854553,"[1.3295971155166626,2.024472236633301,0.021985473111271858,0.9109920859336853]"
20260825,late,49,10,3,E:/2026YOLO/datasets/coco_d2_mini_2048_seed20260901/images/train2017/000000460950.jpg,True,0.014139666222035885,0.002020152285695076,0.6511187553405762,0.0013153590261936188,1.2109987437725067e-05,15.527926445007324,0.37485623359680176,0.22491374611854553,"[1.3295971155166626,2.024472236633301,0.021985473111271858,0.9109920859336853]"
20260825,late,49,11,0,E:/2026YOLO/datasets/coco_d2_mini_2048_seed20260901/images/train2017/000000148077.jpg,True,-0.006531274411827326,0.0038762404583394527,0.35298049449920654,0.001368237310089171,-3.1543513614451513e-06,14.658833503723145,0.36110496520996094,0.21666298806667328,"[1.316779613494873,2.127567768096924,0.022573988884687424,0.9035654067993164]"
20260825,late,49,11,1,E:/2026YOLO/datasets/coco_d2_mini_2048_seed20260901/images/train2017/000000315221.jpg,True,0.007531564682722092,0.0029719818849116564,0.5053698420524597,0.0015019499696791172,5.7167608247254975e-06,14.658833503723145,0.36110496520996094,0.21666298806667328,"[1.316779613494873,2.127567768096924,0.022573988884687424,0.9035654067993164]"
20260825,late,49,11,2,E:/2026YOLO/datasets/coco_d2_mini_2048_seed20260901/images/train2017/000000261696.jpg,True,-0.02077699638903141,0.0018778933444991708,0.828770101070404,0.0015563418855890632,-2.6799201805260964e-05,14.658833503723145,0.36110496520996094,0.21666298806667328,"[1.316779613494873,2.127567768096924,0.022573988884687424,0.9035654067993164]"
20260825,late,49,11,3,E:/2026YOLO/datasets/coco_d2_mini_2048_seed20260901/images/train2017/000000477172.jpg,True,0.006699401419609785,0.004108750261366367,0.33447930216789246,0.001374291954562068,3.079528596572345e-06,14.658833503723145,0.36110496520996094,0.21666298806667328,"[1.316779613494873,2.127567768096924,0.022573988884687424,0.9035654067993164]"
20260825,late,49,12,0,E:/2026YOLO/datasets/coco_d2_mini_2048_seed20260901/images/train2017/000000087671.jpg,True,-0.0065292478539049625,0.005970414727926254,0.24274571239948273,0.0014492925256490707,-2.2970516511122696e-06,17.79944610595703,0.313795268535614,0.18827717006206512,"[1.9994956254959106,2.425210952758789,0.01644313335418701,0.9131407737731934]"
20260825,late,49,12,1,E:/2026YOLO/datasets/coco_d2_mini_2048_seed20260901/images/train2017/000000092634.jpg,True,0.008060313761234283,0.0057665519416332245,0.22286316752433777,0.001285152044147253,2.3085790417098906e-06,17.79944610595703,0.313795268535614,0.18827717006206512,"[1.9994956254959106,2.425210952758789,0.01644313335418701,0.9131407737731934]"
20260825,late,49,12,2,E:/2026YOLO/datasets/coco_d2_mini_2048_seed20260901/images/train2017/000000177705.jpg,True,0.02050625905394554,0.0052726962603628635,0.246913343667984,0.0013018990866839886,6.591865258087637e-06,17.79944610595703,0.313795268535614,0.18827717006206512,"[1.9994956254959106,2.425210952758789,0.01644313335418701,0.9131407737731934]"
20260825,late,49,12,3,E:/2026YOLO/datasets/coco_d2_mini_2048_seed20260901/images/train2017/000000222228.jpg,True,-0.02114889584481716,0.003099136520177126,0.40594613552093506,0.0012580824550241232,-1.0801031748997048e-05,17.79944610595703,0.313795268535614,0.18827717006206512,"[1.9994956254959106,2.425210952758789,0.01644313335418701,0.9131407737731934]"
20260825,late,49,13,0,E:/2026YOLO/datasets/coco_d2_mini_2048_seed20260901/images/train2017/000000115370.jpg,True,0.013687039725482464,0.002876020735129714,0.43930622935295105,0.001263453857973218,7.596897830808302e-06,20.256752014160156,0.3485218286514282,0.20911310613155365,"[2.397719383239746,2.523729085922241,0.022289419546723366,0.9006656408309937]"
20260825,late,49,13,1,E:/2026YOLO/datasets/coco_d2_mini_2048_seed20260901/images/train2017/000000400606.jpg,True,0.012147647328674793,0.0027269674465060234,0.5229698419570923,0.001426121685653925,9.059942385647446e-06,20.256752014160156,0.3485218286514282,0.20911310613155365,"[2.397719383239746,2.523729085922241,0.022289419546723366,0.9006656408309937]"
20260825,late,49,13,2,E:/2026YOLO/datasets/coco_d2_mini_2048_seed20260901/images/train2017/000000205010.jpg,True,0.020300058647990227,0.01459105871617794,0.08877985924482346,0.0012953921686857939,2.3346028683590703e-06,20.256752014160156,0.3485218286514282,0.20911310613155365,"[2.397719383239746,2.523729085922241,0.022289419546723366,0.9006656408309937]"
20260825,late,49,13,3,E:/2026YOLO/datasets/coco_d2_mini_2048_seed20260901/images/train2017/000000515191.jpg,True,0.00025984321837313473,0.004773706663399935,0.3104918301105499,0.0014821969671174884,1.1958246659560245e-07,20.256752014160156,0.3485218286514282,0.20911310613155365,"[2.397719383239746,2.523729085922241,0.022289419546723366,0.9006656408309937]"
20260825,late,49,14,0,E:/2026YOLO/datasets/coco_d2_mini_2048_seed20260901/images/train2017/000000190942.jpg,True,0.012401536107063293,0.003168082097545266,0.40668198466300964,0.0012884018942713737,6.49803087071632e-06,19.033096313476562,0.37609052658081055,0.22565431892871857,"[2.3248791694641113,2.4720914363861084,0.015591694042086601,0.9177693724632263]"
20260825,late,49,14,1,E:/2026YOLO/datasets/coco_d2_mini_2048_seed20260901/images/train2017/000000397211.jpg,True,-0.007564219646155834,0.0049947043880820274,0.23909324407577515,0.0011942001292482018,-2.159775249310769e-06,19.033096313476562,0.37609052658081055,0.22565431892871857,"[2.3248791694641113,2.4720914363861084,0.015591694042086601,0.9177693724632263]"
20260825,late,49,14,2,E:/2026YOLO/datasets/coco_d2_mini_2048_seed20260901/images/train2017/000000039606.jpg,True,0.022899506613612175,0.004036298952996731,0.3712784945964813,0.0014985910383984447,1.2741162208840251e-05,19.033096313476562,0.37609052658081055,0.22565431892871857,"[2.3248791694641113,2.4720914363861084,0.015591694042086601,0.9177693724632263]"
20260825,late,49,14,3,E:/2026YOLO/datasets/coco_d2_mini_2048_seed20260901/images/train2017/000000447118.jpg,True,-0.014325115829706192,0.004617876373231411,0.29408830404281616,0.0013580634258687496,-5.721316028939327e-06,19.033096313476562,0.37609052658081055,0.22565431892871857,"[2.3248791694641113,2.4720914363861084,0.015591694042086601,0.9177693724632263]"
20260825,late,49,15,0,E:/2026YOLO/datasets/coco_d2_mini_2048_seed20260901/images/train2017/000000435454.jpg,True,0.025293797254562378,0.004055394791066647,0.2880679965019226,0.0011682295007631183,8.512110071023926e-06,18.2613582611084,0.3468186855316162,0.20809121429920197,"[2.051939010620117,2.5135886669158936,0.020158573985099792,0.9116600751876831]"
20260825,late,49,15,1,E:/2026YOLO/datasets/coco_d2_mini_2048_seed20260901/images/train2017/000000175227.jpg,True,0.01523277722299099,0.003740061540156603,0.336643785238266,0.0012590684927999973,6.456528353737667e-06,18.2613582611084,0.3468186855316162,0.20809121429920197,"[2.051939010620117,2.5135886669158936,0.020158573985099792,0.9116600751876831]"
20260825,late,49,15,2,E:/2026YOLO/datasets/coco_d2_mini_2048_seed20260901/images/train2017/000000028359.jpg,True,0.002712177112698555,0.004543654154986143,0.31804051995277405,0.0014450661838054657,1.2464884093787987e-06,18.2613582611084,0.3468186855316162,0.20809121429920197,"[2.051939010620117,2.5135886669158936,0.020158573985099792,0.9116600751876831]"
20260825,late,49,15,3,E:/2026YOLO/datasets/coco_d2_mini_2048_seed20260901/images/train2017/000000205435.jpg,True,0.006346121430397034,0.003137986408546567,0.40962904691696167,0.001285410369746387,3.3414958124922123e-06,18.2613582611084,0.3468186855316162,0.20809121429920197,"[2.051939010620117,2.5135886669158936,0.020158573985099792,0.9116600751876831]"
20260826,early,9,0,0,E:/2026YOLO/datasets/coco_d2_mini_2048_seed20260901/images/train2017/000000055118.jpg,True,-0.02898620255291462,0.01003793254494667,0.27251002192497253,0.0027354371268302202,-2.1607302187476307e-05,23.042484283447266,0.6046469211578369,0.3627881705760956,"[2.653623104095459,3.1335673332214355,0.022910088300704956,0.9132383465766907]"
20260826,early,9,0,1,E:/2026YOLO/datasets/coco_d2_mini_2048_seed20260901/images/train2017/000000486491.jpg,True,0.01794014684855938,0.009835283271968365,0.2576402723789215,0.0025339650455862284,1.1712250852724537e-05,23.042484283447266,0.6046469211578369,0.3627881705760956,"[2.653623104095459,3.1335673332214355,0.022910088300704956,0.9132383465766907]"
20260826,early,9,0,2,E:/2026YOLO/datasets/coco_d2_mini_2048_seed20260901/images/train2017/000000111194.jpg,True,-0.006536209024488926,0.020885633304715157,0.11446096748113632,0.0023905897978693247,-1.7884976841742173e-06,23.042484283447266,0.6046469211578369,0.3627881705760956,"[2.653623104095459,3.1335673332214355,0.022910088300704956,0.9132383465766907]"
20260826,early,9,0,3,E:/2026YOLO/datasets/coco_d2_mini_2048_seed20260901/images/train2017/000000012236.jpg,True,-0.006619689986109734,0.014144893735647202,0.16450382769107819,0.002326889196410775,-2.5338995328638703e-06,23.042484283447266,0.6046469211578369,0.3627881705760956,"[2.653623104095459,3.1335673332214355,0.022910088300704956,0.9132383465766907]"
20260826,early,9,1,0,E:/2026YOLO/datasets/coco_d2_mini_2048_seed20260901/images/train2017/000000447095.jpg,True,0.011333613656461239,0.005215453915297985,0.47456783056259155,0.002475086599588394,1.3312423106981441e-05,23.81596565246582,0.6383507251739502,0.3830104470252991,"[2.3584208488464355,3.398463726043701,0.030768685042858124,0.9174631834030151]"
20260826,early,9,1,1,E:/2026YOLO/datasets/coco_d2_mini_2048_seed20260901/images/train2017/000000103427.jpg,True,-0.005936538800597191,0.00902655441313982,0.26221922039985657,0.0023669360671192408,-3.6845492559223203e-06,23.81596565246582,0.6383507251739502,0.3830104470252991,"[2.3584208488464355,3.398463726043701,0.030768685042858124,0.9174631834030151]"
20260826,early,9,1,2,E:/2026YOLO/datasets/coco_d2_mini_2048_seed20260901/images/train2017/000000361519.jpg,True,-0.005305964965373278,0.03104485757648945,0.09097004681825638,0.002824152121320367,-1.3631727142637828e-06,23.81596565246582,0.6383507251739502,0.3830104470252991,"[2.3584208488464355,3.398463726043701,0.030768685042858124,0.9174631834030151]"
20260826,early,9,1,3,E:/2026YOLO/datasets/coco_d2_mini_2048_seed20260901/images/train2017/000000128142.jpg,True,0.03512441739439964,0.012399795465171337,0.20895430445671082,0.002590990625321865,1.9016311853192747e-05,23.81596565246582,0.6383507251739502,0.3830104470252991,"[2.3584208488464355,3.398463726043701,0.030768685042858124,0.9174631834030151]"
20260826,early,9,2,0,E:/2026YOLO/datasets/coco_d2_mini_2048_seed20260901/images/train2017/000000003242.jpg,True,0.007457319181412458,0.006640215869992971,0.4254702627658844,0.002825214294716716,8.96403071237728e-06,27.031721115112305,0.5693580508232117,0.34161484241485596,"[2.4942822456359863,4.26641321182251,0.018487393856048584,0.917336106300354]"
20260826,early,9,2,1,E:/2026YOLO/datasets/coco_d2_mini_2048_seed20260901/images/train2017/000000332646.jpg,True,0.008398082107305527,0.01092554908245802,0.23859043419361115,0.0026067316066473722,5.2231134759495035e-06,27.031721115112305,0.5693580508232117,0.34161484241485596,"[2.4942822456359863,4.26641321182251,0.018487393856048584,0.917336106300354]"
20260826,early,9,2,2,E:/2026YOLO/datasets/coco_d2_mini_2048_seed20260901/images/train2017/000000399784.jpg,True,-0.004223586060106754,0.008770222775638103,0.27394726872444153,0.002402578480541706,-2.7798789687949466e-06,27.031721115112305,0.5693580508232117,0.34161484241485596,"[2.4942822456359863,4.26641321182251,0.018487393856048584,0.917336106300354]"
20260826,early,9,2,3,E:/2026YOLO/datasets/coco_d2_mini_2048_seed20260901/images/train2017/000000268809.jpg,True,-0.016377514228224754,0.015993036329746246,0.14656566083431244,0.0023440299555659294,-5.6265653256559744e-06,27.031721115112305,0.5693580508232117,0.34161484241485596,"[2.4942822456359863,4.26641321182251,0.018487393856048584,0.917336106300354]"
20260826,early,9,3,0,E:/2026YOLO/datasets/coco_d2_mini_2048_seed20260901/images/train2017/000000469798.jpg,True,-0.022141793742775917,0.009600595571100712,0.2663157284259796,0.002556789666414261,-1.507664183009183e-05,25.663951873779297,0.6256878972053528,0.3754127621650696,"[2.6086361408233643,3.5601184368133545,0.025332443416118622,0.8989593982696533]"
20260826,early,9,3,1,E:/2026YOLO/datasets/coco_d2_mini_2048_seed20260901/images/train2017/000000341797.jpg,True,0.03967447206377983,0.010003051720559597,0.2445579171180725,0.002446325495839119,2.3735978174954653e-05,25.663951873779297,0.6256878972053528,0.3754127621650696,"[2.6086361408233643,3.5601184368133545,0.025332443416118622,0.8989593982696533]"
20260826,early,9,3,2,E:/2026YOLO/datasets/coco_d2_mini_2048_seed20260901/images/train2017/000000172342.jpg,True,0.012464208528399467,0.009015301242470741,0.248709574341774,0.002242191694676876,6.950722308829427e-06,25.663951873779297,0.6256878972053528,0.3754127621650696,"[2.6086361408233643,3.5601184368133545,0.025332443416118622,0.8989593982696533]"
20260826,early,9,3,3,E:/2026YOLO/datasets/coco_d2_mini_2048_seed20260901/images/train2017/000000098596.jpg,True,0.028378810733556747,0.014670842327177525,0.18427787721157074,0.0027035116218030453,1.4138249753159471e-05,25.663951873779297,0.6256878972053528,0.3754127621650696,"[2.6086361408233643,3.5601184368133545,0.025332443416118622,0.8989593982696533]"
20260826,early,9,4,0,E:/2026YOLO/datasets/coco_d2_mini_2048_seed20260901/images/train2017/000000345635.jpg,True,-0.004088499583303928,0.013198007829487324,0.19175244867801666,0.0025307503528892994,-1.9840572349494323e-06,24.448471069335938,0.6398166418075562,0.3838900029659271,"[2.641496181488037,3.449502468109131,0.027419842779636383,0.9234065413475037]"
20260826,early,9,4,1,E:/2026YOLO/datasets/coco_d2_mini_2048_seed20260901/images/train2017/000000348684.jpg,True,0.000982849858701229,0.018920090049505234,0.1323111355304718,0.0025033385027199984,3.255390765843913e-07,24.448471069335938,0.6398166418075562,0.3838900029659271,"[2.641496181488037,3.449502468109131,0.027419842779636383,0.9234065413475037]"
20260826,early,9,4,2,E:/2026YOLO/datasets/coco_d2_mini_2048_seed20260901/images/train2017/000000124311.jpg,True,0.005766805727034807,0.016648123040795326,0.15687251091003418,0.00261163292452693,2.362622353757615e-06,24.448471069335938,0.6398166418075562,0.3838900029659271,"[2.641496181488037,3.449502468109131,0.027419842779636383,0.9234065413475037]"
20260826,early,9,4,3,E:/2026YOLO/datasets/coco_d2_mini_2048_seed20260901/images/train2017/000000178690.jpg,True,0.014623871073126793,0.009273004718124866,0.2784341871738434,0.002581921638920903,1.0513031156733632e-05,24.448471069335938,0.6398166418075562,0.3838900029659271,"[2.641496181488037,3.449502468109131,0.027419842779636383,0.9234065413475037]"
20260826,early,9,5,0,E:/2026YOLO/datasets/coco_d2_mini_2048_seed20260901/images/train2017/000000241623.jpg,True,-0.05354316160082817,0.023089153692126274,0.10767998546361923,0.002486239653080702,-1.4334481420519296e-05,22.919288635253906,0.6305667161941528,0.3783400356769562,"[2.086972236633301,3.5733578205108643,0.02507753111422062,0.9130191206932068]"
20260826,early,9,5,1,E:/2026YOLO/datasets/coco_d2_mini_2048_seed20260901/images/train2017/000000168738.jpg,True,0.04601617529988289,0.00809802021831274,0.31418439745903015,0.0025442715268582106,3.678396751638502e-05,22.919288635253906,0.6305667161941528,0.3783400356769562,"[2.086972236633301,3.5733578205108643,0.02507753111422062,0.9130191206932068]"
20260826,early,9,5,2,E:/2026YOLO/datasets/coco_d2_mini_2048_seed20260901/images/train2017/000000358580.jpg,True,0.02504013292491436,0.0071099065244197845,0.33864283561706543,0.0024077189154922962,2.0416640836629085e-05,22.919288635253906,0.6305667161941528,0.3783400356769562,"[2.086972236633301,3.5733578205108643,0.02507753111422062,0.9130191206932068]"
20260826,early,9,5,3,E:/2026YOLO/datasets/coco_d2_mini_2048_seed20260901/images/train2017/000000550760.jpg,True,0.014267582446336746,0.007129982113838196,0.30414825677871704,0.002168571576476097,9.41042981139617e-06,22.919288635253906,0.6305667161941528,0.3783400356769562,"[2.086972236633301,3.5733578205108643,0.02507753111422062,0.9130191206932068]"
20260826,early,9,6,0,E:/2026YOLO/datasets/coco_d2_mini_2048_seed20260901/images/train2017/000000306710.jpg,True,-0.002282707951962948,0.014955255202949047,0.17549294233322144,0.0026245417539030313,-1.0513891766095185e-06,21.154682159423828,0.5903510451316833,0.35421064496040344,"[1.8653500080108643,2.9198808670043945,0.02666255459189415,0.9061437845230103]"
20260826,early,9,6,1,E:/2026YOLO/datasets/coco_d2_mini_2048_seed20260901/images/train2017/000000523220.jpg,True,-0.004409627057611942,0.005535623989999294,0.45031461119651794,0.002492772415280342,-4.9499467422720045e-06,21.154682159423828,0.5903510451316833,0.35421064496040344,"[1.8653500080108643,2.9198808670043945,0.02666255459189415,0.9061437845230103]"
20260826,early,9,6,2,E:/2026YOLO/datasets/coco_d2_mini_2048_seed20260901/images/train2017/000000009885.jpg,True,0.020014936104416847,0.009486718103289604,0.2420608550310135,0.00229636300355196,1.112549398385454e-05,21.154682159423828,0.5903510451316833,0.35421064496040344,"[1.8653500080108643,2.9198808670043945,0.02666255459189415,0.9061437845230103]"
20260826,early,9,6,3,E:/2026YOLO/datasets/coco_d2_mini_2048_seed20260901/images/train2017/000000501695.jpg,True,-0.008687606081366539,0.005854913964867592,0.40288645029067993,0.0023588654585182667,-8.25630922918208e-06,21.154682159423828,0.5903510451316833,0.35421064496040344,"[1.8653500080108643,2.9198808670043945,0.02666255459189415,0.9061437845230103]"
20260826,early,9,7,0,E:/2026YOLO/datasets/coco_d2_mini_2048_seed20260901/images/train2017/000000224366.jpg,True,-0.0011792837176471949,0.008849292993545532,0.2815553843975067,0.0024915661197155714,-8.272838840639452e-07,24.167648315429688,0.6186742782592773,0.37120458483695984,"[2.859722375869751,2.849379301071167,0.01986527442932129,0.9263446927070618]"
20260826,early,9,7,1,E:/2026YOLO/datasets/coco_d2_mini_2048_seed20260901/images/train2017/000000277912.jpg,True,0.00016558371135033667,0.021462013944983482,0.11964056640863419,0.0025677275843918324,5.0868038670159876e-08,24.167648315429688,0.6186742782592773,0.37120458483695984,"[2.859722375869751,2.849379301071167,0.01986527442932129,0.9263446927070618]"
20260826,early,9,7,2,E:/2026YOLO/datasets/coco_d2_mini_2048_seed20260901/images/train2017/000000441240.jpg,True,0.0187153909355402,0.010760319419205189,0.2239326387643814,0.0024095866829156876,1.0098547136294656e-05,24.167648315429688,0.6186742782592773,0.37120458483695984,"[2.859722375869751,2.849379301071167,0.01986527442932129,0.9263446927070618]"
20260826,early,9,7,3,E:/2026YOLO/datasets/coco_d2_mini_2048_seed20260901/images/train2017/000000142318.jpg,True,-0.024429796263575554,0.013344649225473404,0.18450430035591125,0.002462145173922181,-1.1097878996224608e-05,24.167648315429688,0.6186742782592773,0.37120458483695984,"[2.859722375869751,2.849379301071167,0.01986527442932129,0.9263446927070618]"
20260826,early,9,8,0,E:/2026YOLO/datasets/coco_d2_mini_2048_seed20260901/images/train2017/000000171384.jpg,True,-0.013892545364797115,0.009564917534589767,0.29015350341796875,0.002775294240564108,-1.1187130439793691e-05,20.494770050048828,0.6297829151153564,0.37786975502967834,"[2.358656644821167,2.851212739944458,0.02806708589196205,0.918929398059845]"
20260826,early,9,8,1,E:/2026YOLO/datasets/coco_d2_mini_2048_seed20260901/images/train2017/000000574145.jpg,True,-0.018224623054265976,0.07283282279968262,0.034479208290576935,0.0025112179573625326,-1.5779754676259472e-06,20.494770050048828,0.6297829151153564,0.37786975502967834,"[2.358656644821167,2.851212739944458,0.02806708589196205,0.918929398059845]"
20260826,early,9,8,2,E:/2026YOLO/datasets/coco_d2_mini_2048_seed20260901/images/train2017/000000380034.jpg,True,0.015557070262730122,0.008829860016703606,0.26653632521629333,0.002353478455916047,9.75875536823878e-06,20.494770050048828,0.6297829151153564,0.37786975502967834,"[2.358656644821167,2.851212739944458,0.02806708589196205,0.918929398059845]"
20260826,early,9,8,3,E:/2026YOLO/datasets/coco_d2_mini_2048_seed20260901/images/train2017/000000039743.jpg,True,-0.004024059511721134,0.007542504463344812,0.31959810853004456,0.0024105701595544815,-3.1001904972072225e-06,20.494770050048828,0.6297829151153564,0.37786975502967834,"[2.358656644821167,2.851212739944458,0.02806708589196205,0.918929398059845]"
20260826,early,9,9,0,E:/2026YOLO/datasets/coco_d2_mini_2048_seed20260901/images/train2017/000000101892.jpg,True,-0.015143109485507011,0.00838614534586668,0.31452804803848267,0.002637677825987339,-1.256308223673841e-05,27.288082122802734,0.6387741565704346,0.3832645118236542,"[2.6840991973876953,3.7644665241241455,0.028888069093227386,0.9296383261680603]"
20260826,early,9,9,1,E:/2026YOLO/datasets/coco_d2_mini_2048_seed20260901/images/train2017/000000043202.jpg,True,0.008917408064007759,0.06050898879766464,0.04417503997683525,0.0026729870587587357,1.0529613518883707e-06,27.288082122802734,0.6387741565704346,0.3832645118236542,"[2.6840991973876953,3.7644665241241455,0.028888069093227386,0.9296383261680603]"
20260826,early,9,9,2,E:/2026YOLO/datasets/coco_d2_mini_2048_seed20260901/images/train2017/000000469514.jpg,True,0.05193151533603668,0.007804837077856064,0.3437657058238983,0.0026830353308469057,4.789828381035477e-05,27.288082122802734,0.6387741565704346,0.3832645118236542,"[2.6840991973876953,3.7644665241241455,0.028888069093227386,0.9296383261680603]"
20260826,early,9,9,3,E:/2026YOLO/datasets/coco_d2_mini_2048_seed20260901/images/train2017/000000278763.jpg,True,-0.01616303063929081,0.0038150649052113295,0.7062485814094543,0.0026943841949105263,-3.075671338592656e-05,27.288082122802734,0.6387741565704346,0.3832645118236542,"[2.6840991973876953,3.7644665241241455,0.028888069093227386,0.9296383261680603]"
20260826,early,9,10,0,E:/2026YOLO/datasets/coco_d2_mini_2048_seed20260901/images/train2017/000000478105.jpg,True,0.0060873753391206264,0.00691596744582057,0.3480930030345917,0.0024073999375104904,5.10121481056558e-06,24.643314361572266,0.6583031415939331,0.39498189091682434,"[1.8384021520614624,4.1021809577941895,0.03311706706881523,0.9217941761016846]"
20260826,early,9,10,1,E:/2026YOLO/datasets/coco_d2_mini_2048_seed20260901/images/train2017/000000189770.jpg,True,-0.0034958571195602417,0.005314680747687817,0.4980100691318512,0.0026467645075172186,-4.607943083101418e-06,24.643314361572266,0.6583031415939331,0.39498189091682434,"[1.8384021520614624,4.1021809577941895,0.03311706706881523,0.9217941761016846]"
20260826,early,9,10,2,E:/2026YOLO/datasets/coco_d2_mini_2048_seed20260901/images/train2017/000000572152.jpg,True,0.0018893557135015726,0.013863408006727695,0.2046094536781311,0.002836584346368909,1.0965668479911983e-06,24.643314361572266,0.6583031415939331,0.39498189091682434,"[1.8384021520614624,4.1021809577941895,0.03311706706881523,0.9217941761016846]"
20260826,early,9,10,3,E:/2026YOLO/datasets/coco_d2_mini_2048_seed20260901/images/train2017/000000460950.jpg,True,0.020330628380179405,0.0032019554637372494,0.7289267778396606,0.0023339909967035055,3.458867286099121e-05,24.643314361572266,0.6583031415939331,0.39498189091682434,"[1.8384021520614624,4.1021809577941895,0.03311706706881523,0.9217941761016846]"
20260826,early,9,11,0,E:/2026YOLO/datasets/coco_d2_mini_2048_seed20260901/images/train2017/000000148077.jpg,True,-0.0359632782638073,0.007122104987502098,0.3650893568992615,0.0026002046652138233,-3.4140193747589365e-05,20.099109649658203,0.598310649394989,0.35898640751838684,"[1.7435568571090698,3.309539794921875,0.02807937003672123,0.9113227725028992]"
20260826,early,9,11,1,E:/2026YOLO/datasets/coco_d2_mini_2048_seed20260901/images/train2017/000000315221.jpg,True,0.027049975469708443,0.004965652246028185,0.5196108222007751,0.002580206608399749,3.6265988455852494e-05,20.099109649658203,0.598310649394989,0.35898640751838684,"[1.7435568571090698,3.309539794921875,0.02807937003672123,0.9113227725028992]"
20260826,early,9,11,2,E:/2026YOLO/datasets/coco_d2_mini_2048_seed20260901/images/train2017/000000261696.jpg,True,0.017063789069652557,0.002699979580938816,0.9073074460029602,0.002449711551889777,3.792668940150179e-05,20.099109649658203,0.598310649394989,0.35898640751838684,"[1.7435568571090698,3.309539794921875,0.02807937003672123,0.9113227725028992]"
20260826,early,9,11,3,E:/2026YOLO/datasets/coco_d2_mini_2048_seed20260901/images/train2017/000000477172.jpg,True,0.018333077430725098,0.010460242629051208,0.25370967388153076,0.0026538646779954433,1.2343864909780677e-05,20.099109649658203,0.598310649394989,0.35898640751838684,"[1.7435568571090698,3.309539794921875,0.02807937003672123,0.9113227725028992]"
20260826,early,9,12,0,E:/2026YOLO/datasets/coco_d2_mini_2048_seed20260901/images/train2017/000000087671.jpg,True,0.011215601116418839,0.006685166619718075,0.33422690629959106,0.002234362531453371,8.375632205570582e-06,23.09820556640625,0.6108390092849731,0.36650341749191284,"[2.319377899169922,3.256145477294922,0.022134022787213326,0.9371693730354309]"
20260826,early,9,12,1,E:/2026YOLO/datasets/coco_d2_mini_2048_seed20260901/images/train2017/000000092634.jpg,True,0.04112410172820091,0.015019932761788368,0.16109830141067505,0.002419685712084174,1.6030473489081487e-05,23.09820556640625,0.6108390092849731,0.36650341749191284,"[2.319377899169922,3.256145477294922,0.022134022787213326,0.9371693730354309]"
20260826,early,9,12,2,E:/2026YOLO/datasets/coco_d2_mini_2048_seed20260901/images/train2017/000000177705.jpg,True,-0.01444479264318943,0.0076666297391057014,0.36222538352012634,0.002777047920972109,-1.4530265616485849e-05,23.09820556640625,0.6108390092849731,0.36650341749191284,"[2.319377899169922,3.256145477294922,0.022134022787213326,0.9371693730354309]"
20260826,early,9,12,3,E:/2026YOLO/datasets/coco_d2_mini_2048_seed20260901/images/train2017/000000222228.jpg,True,0.021315565332770348,0.005911980289965868,0.3936280906200409,0.0023271215613931417,1.952549246198032e-05,23.09820556640625,0.6108390092849731,0.36650341749191284,"[2.319377899169922,3.256145477294922,0.022134022787213326,0.9371693730354309]"
20260826,early,9,13,0,E:/2026YOLO/datasets/coco_d2_mini_2048_seed20260901/images/train2017/000000115370.jpg,True,0.013670122250914574,0.005318579263985157,0.4071437418460846,0.002165426267310977,1.205212356580887e-05,24.125600814819336,0.6064029335975647,0.3638417720794678,"[2.5318374633789062,3.1029083728790283,0.028064969927072525,0.9266914129257202]"
20260826,early,9,13,1,E:/2026YOLO/datasets/coco_d2_mini_2048_seed20260901/images/train2017/000000400606.jpg,True,-0.011527583934366703,0.008018638007342815,0.3186751902103424,0.0025553409941494465,-9.38718585530296e-06,24.125600814819336,0.6064029335975647,0.3638417720794678,"[2.5318374633789062,3.1029083728790283,0.028064969927072525,0.9266914129257202]"
20260826,early,9,13,2,E:/2026YOLO/datasets/coco_d2_mini_2048_seed20260901/images/train2017/000000205010.jpg,True,0.006380499806255102,0.01398409716784954,0.17094303667545319,0.002390484092757106,2.607305759738665e-06,24.125600814819336,0.6064029335975647,0.3638417720794678,"[2.5318374633789062,3.1029083728790283,0.028064969927072525,0.9266914129257202]"
20260826,early,9,13,3,E:/2026YOLO/datasets/coco_d2_mini_2048_seed20260901/images/train2017/000000515191.jpg,True,-0.01138993538916111,0.0058660563081502914,0.4097968637943268,0.0024038914125412703,-1.1220306987524964e-05,24.125600814819336,0.6064029335975647,0.3638417720794678,"[2.5318374633789062,3.1029083728790283,0.028064969927072525,0.9266914129257202]"
20260826,early,9,14,0,E:/2026YOLO/datasets/coco_d2_mini_2048_seed20260901/images/train2017/000000190942.jpg,True,0.01778094656765461,0.007774702273309231,0.30391213297843933,0.0023628263734281063,1.2768348824465647e-05,22.56919288635254,0.6045085191726685,0.3627051115036011,"[2.69097900390625,2.969726324081421,0.025897637009620667,0.9074960947036743]"
20260826,early,9,14,1,E:/2026YOLO/datasets/coco_d2_mini_2048_seed20260901/images/train2017/000000397211.jpg,True,0.006111396010965109,0.016512667760252953,0.14927998185157776,0.0024650106206536293,2.2488516151497606e-06,22.56919288635254,0.6045085191726685,0.3627051115036011,"[2.69097900390625,2.969726324081421,0.025897637009620667,0.9074960947036743]"
20260826,early,9,14,2,E:/2026YOLO/datasets/coco_d2_mini_2048_seed20260901/images/train2017/000000039606.jpg,True,-0.01872970536351204,0.008917419239878654,0.3227156698703766,0.0028777909465134144,-1.7394431779393926e-05,22.56919288635254,0.6045085191726685,0.3627051115036011,"[2.69097900390625,2.969726324081421,0.025897637009620667,0.9074960947036743]"
20260826,early,9,14,3,E:/2026YOLO/datasets/coco_d2_mini_2048_seed20260901/images/train2017/000000447118.jpg,True,0.003420719876885414,0.01939336210489273,0.1204121932387352,0.002335197292268276,9.618593139748555e-07,22.56919288635254,0.6045085191726685,0.3627051115036011,"[2.69097900390625,2.969726324081421,0.025897637009620667,0.9074960947036743]"
20260826,early,9,15,0,E:/2026YOLO/datasets/coco_d2_mini_2048_seed20260901/images/train2017/000000435454.jpg,True,0.031277742236852646,0.012386024929583073,0.19580264389514923,0.002425216371193528,1.4852666026854422e-05,22.399587631225586,0.635715901851654,0.3814295530319214,"[2.1224589347839355,3.4701027870178223,0.02534187212586403,0.9126652479171753]"
20260826,early,9,15,1,E:/2026YOLO/datasets/coco_d2_mini_2048_seed20260901/images/train2017/000000175227.jpg,True,-0.03503793105483055,0.00690015172585845,0.3711254596710205,0.0025608220603317022,-3.329956962261349e-05,22.399587631225586,0.635715901851654,0.3814295530319214,"[2.1224589347839355,3.4701027870178223,0.02534187212586403,0.9126652479171753]"
20260826,early,9,15,2,E:/2026YOLO/datasets/coco_d2_mini_2048_seed20260901/images/train2017/000000028359.jpg,True,0.011536866426467896,0.006071046926081181,0.4155564606189728,0.0025228627491742373,1.2095157217117958e-05,22.399587631225586,0.635715901851654,0.3814295530319214,"[2.1224589347839355,3.4701027870178223,0.02534187212586403,0.9126652479171753]"
20260826,early,9,15,3,E:/2026YOLO/datasets/coco_d2_mini_2048_seed20260901/images/train2017/000000205435.jpg,True,0.04258754476904869,0.007557456847280264,0.3146926462650299,0.0023782760836184025,3.187362744938582e-05,22.399587631225586,0.635715901851654,0.3814295530319214,"[2.1224589347839355,3.4701027870178223,0.02534187212586403,0.9126652479171753]"
20260826,middle,24,0,0,E:/2026YOLO/datasets/coco_d2_mini_2048_seed20260901/images/train2017/000000055118.jpg,True,-0.0070288595743477345,0.005078866146504879,0.32334306836128235,0.0016422162298113108,-3.7323188735172153e-06,20.752010345458984,0.40487170219421387,0.24292303621768951,"[2.565897226333618,2.677351236343384,0.019979219883680344,0.9020917415618896]"
20260826,middle,24,0,1,E:/2026YOLO/datasets/coco_d2_mini_2048_seed20260901/images/train2017/000000486491.jpg,True,0.004869115073233843,0.005539023783057928,0.2712683379650116,0.0015025617321953177,1.984638856811216e-06,20.752010345458984,0.40487170219421387,0.24292303621768951,"[2.565897226333618,2.677351236343384,0.019979219883680344,0.9020917415618896]"
20260826,middle,24,0,2,E:/2026YOLO/datasets/coco_d2_mini_2048_seed20260901/images/train2017/000000111194.jpg,True,-0.022750522941350937,0.013621404767036438,0.12498782575130463,0.0017025098204612732,-4.841152076551225e-06,20.752010345458984,0.40487170219421387,0.24292303621768951,"[2.565897226333618,2.677351236343384,0.019979219883680344,0.9020917415618896]"
20260826,middle,24,0,3,E:/2026YOLO/datasets/coco_d2_mini_2048_seed20260901/images/train2017/000000012236.jpg,True,-0.035309579223394394,0.020472602918744087,0.07599091529846191,0.00155573186930269,-4.174351033725543e-06,20.752010345458984,0.40487170219421387,0.24292303621768951,"[2.565897226333618,2.677351236343384,0.019979219883680344,0.9020917415618896]"
20260826,middle,24,1,0,E:/2026YOLO/datasets/coco_d2_mini_2048_seed20260901/images/train2017/000000447095.jpg,True,0.010276942513883114,0.0029733970295637846,0.5316949486732483,0.0015809402102604508,8.638570761831943e-06,21.218189239501953,0.42598509788513184,0.2555910646915436,"[2.2068755626678467,3.1140103340148926,0.02770625427365303,0.9134851098060608]"
20260826,middle,24,1,1,E:/2026YOLO/datasets/coco_d2_mini_2048_seed20260901/images/train2017/000000103427.jpg,True,0.011753091588616371,0.004632013384252787,0.2948654294013977,0.0013658206444233656,4.733361492981203e-06,21.218189239501953,0.42598509788513184,0.2555910646915436,"[2.2068755626678467,3.1140103340148926,0.02770625427365303,0.9134851098060608]"
20260826,middle,24,1,2,E:/2026YOLO/datasets/coco_d2_mini_2048_seed20260901/images/train2017/000000361519.jpg,True,-0.005435124505311251,0.11338482797145844,0.015070716850459576,0.00170879065990448,-1.399691313963558e-07,21.218189239501953,0.42598509788513184,0.2555910646915436,"[2.2068755626678467,3.1140103340148926,0.02770625427365303,0.9134851098060608]"
20260826,middle,24,1,3,E:/2026YOLO/datasets/coco_d2_mini_2048_seed20260901/images/train2017/000000128142.jpg,True,0.0023748832754790783,0.00473400903865695,0.34285858273506165,0.0016230955952778459,1.3216041452324134e-06,21.218189239501953,0.42598509788513184,0.2555910646915436,"[2.2068755626678467,3.1140103340148926,0.02770625427365303,0.9134851098060608]"
20260826,middle,24,2,0,E:/2026YOLO/datasets/coco_d2_mini_2048_seed20260901/images/train2017/000000003242.jpg,True,-0.00018110274686478078,0.005265648476779461,0.3594996929168701,0.0018929989309981465,-1.2324630915827584e-07,23.113929748535156,0.3773367404937744,0.22640205919742584,"[2.329299211502075,4.022668838500977,0.01774570532143116,0.9221720099449158]"
20260826,middle,24,2,1,E:/2026YOLO/datasets/coco_d2_mini_2048_seed20260901/images/train2017/000000332646.jpg,True,-0.008305554278194904,0.0067392257042229176,0.24386724829673767,0.0016434764256700873,-3.328783805045532e-06,23.113929748535156,0.3773367404937744,0.22640205919742584,"[2.329299211502075,4.022668838500977,0.01774570532143116,0.9221720099449158]"
20260826,middle,24,2,2,E:/2026YOLO/datasets/coco_d2_mini_2048_seed20260901/images/train2017/000000399784.jpg,True,0.006158523261547089,0.003213541116565466,0.43480661511421204,0.001397268963046372,3.7415600218082545e-06,23.113929748535156,0.3773367404937744,0.22640205919742584,"[2.329299211502075,4.022668838500977,0.01774570532143116,0.9221720099449158]"
20260826,middle,24,2,3,E:/2026YOLO/datasets/coco_d2_mini_2048_seed20260901/images/train2017/000000268809.jpg,True,-0.004328472074121237,0.0085060466080904,0.1901935636997223,0.0016177953220903873,-1.3318459650690784e-06,23.113929748535156,0.3773367404937744,0.22640205919742584,"[2.329299211502075,4.022668838500977,0.01774570532143116,0.9221720099449158]"
20260826,middle,24,3,0,E:/2026YOLO/datasets/coco_d2_mini_2048_seed20260901/images/train2017/000000469798.jpg,True,0.009637723676860332,0.00507835578173399,0.3113729655742645,0.0015812626807019114,4.745253136206884e-06,22.81403350830078,0.3925977945327759,0.23555868864059448,"[2.748769760131836,3.108713150024414,0.023319531232118607,0.9226918816566467]"
20260826,middle,24,3,1,E:/2026YOLO/datasets/coco_d2_mini_2048_seed20260901/images/train2017/000000341797.jpg,True,0.009481620043516159,0.004587109200656414,0.2970174551010132,0.0013624514685943723,3.8369448702724185e-06,22.81403350830078,0.3925977945327759,0.23555868864059448,"[2.748769760131836,3.108713150024414,0.023319531232118607,0.9226918816566467]"
20260826,middle,24,3,2,E:/2026YOLO/datasets/coco_d2_mini_2048_seed20260901/images/train2017/000000172342.jpg,True,0.0037101376801729202,0.004628216382116079,0.24166464805603027,0.0011184762697666883,1.0028360293290461e-06,22.81403350830078,0.3925977945327759,0.23555868864059448,"[2.748769760131836,3.108713150024414,0.023319531232118607,0.9226918816566467]"
20260826,middle,24,3,3,E:/2026YOLO/datasets/coco_d2_mini_2048_seed20260901/images/train2017/000000098596.jpg,True,-0.005840593948960304,0.01220118161290884,0.14209939539432526,0.0017337804893031716,-1.4389422631211346e-06,22.81403350830078,0.3925977945327759,0.23555868864059448,"[2.748769760131836,3.108713150024414,0.023319531232118607,0.9226918816566467]"
20260826,middle,24,4,0,E:/2026YOLO/datasets/coco_d2_mini_2048_seed20260901/images/train2017/000000345635.jpg,True,0.003909260034561157,0.009022770449519157,0.16036655008792877,0.0014469505986198783,9.071144404515508e-07,21.539791107177734,0.40432703495025635,0.24259622395038605,"[2.229703187942505,3.0113046169281006,0.020629804581403732,0.9046738743782043]"
20260826,middle,24,4,1,E:/2026YOLO/datasets/coco_d2_mini_2048_seed20260901/images/train2017/000000348684.jpg,True,-0.006913055665791035,0.010928087867796421,0.14845240116119385,0.0016223009442910552,-1.6649021290504606e-06,21.539791107177734,0.40432703495025635,0.24259622395038605,"[2.229703187942505,3.0113046169281006,0.020629804581403732,0.9046738743782043]"
20260826,middle,24,4,2,E:/2026YOLO/datasets/coco_d2_mini_2048_seed20260901/images/train2017/000000124311.jpg,True,0.01154952123761177,0.008807079866528511,0.158945694565773,0.0013998474460095167,2.5697654564282857e-06,21.539791107177734,0.40432703495025635,0.24259622395038605,"[2.229703187942505,3.0113046169281006,0.020629804581403732,0.9046738743782043]"
20260826,middle,24,4,3,E:/2026YOLO/datasets/coco_d2_mini_2048_seed20260901/images/train2017/000000178690.jpg,True,0.02704467438161373,0.004135847557336092,0.31002071499824524,0.0012821984710171819,1.0750476576504298e-05,21.539791107177734,0.40432703495025635,0.24259622395038605,"[2.229703187942505,3.0113046169281006,0.020629804581403732,0.9046738743782043]"
20260826,middle,24,5,0,E:/2026YOLO/datasets/coco_d2_mini_2048_seed20260901/images/train2017/000000241623.jpg,True,-0.018413424491882324,0.009857620112597942,0.1424870640039444,0.0014045833377167583,-3.685169758682605e-06,20.119598388671875,0.3999626636505127,0.2399776130914688,"[1.9127031564712524,3.0954296588897705,0.021972686052322388,0.9033709168434143]"
20260826,middle,24,5,1,E:/2026YOLO/datasets/coco_d2_mini_2048_seed20260901/images/train2017/000000168738.jpg,True,0.007199474144726992,0.00471061235293746,0.3267448842525482,0.0015391685301437974,3.6207268294674577e-06,20.119598388671875,0.3999626636505127,0.2399776130914688,"[1.9127031564712524,3.0954296588897705,0.021972686052322388,0.9033709168434143]"
20260826,middle,24,5,2,E:/2026YOLO/datasets/coco_d2_mini_2048_seed20260901/images/train2017/000000358580.jpg,True,-0.01068139635026455,0.0027578191366046667,0.5771084427833557,0.0015915606636554003,-9.810895789996721e-06,20.119598388671875,0.3999626636505127,0.2399776130914688,"[1.9127031564712524,3.0954296588897705,0.021972686052322388,0.9033709168434143]"
20260826,middle,24,5,3,E:/2026YOLO/datasets/coco_d2_mini_2048_seed20260901/images/train2017/000000550760.jpg,True,0.006627749186009169,0.004379023797810078,0.34575897455215454,0.0015140868490561843,3.4696870443440275e-06,20.119598388671875,0.3999626636505127,0.2399776130914688,"[1.9127031564712524,3.0954296588897705,0.021972686052322388,0.9033709168434143]"
20260826,middle,24,6,0,E:/2026YOLO/datasets/coco_d2_mini_2048_seed20260901/images/train2017/000000306710.jpg,True,-0.0065275984816253185,0.009789466857910156,0.1641254872083664,0.0016067009419202805,-1.7213315004482865e-06,18.254337310791016,0.37756478786468506,0.22653888165950775,"[1.760952353477478,2.4275598526000977,0.021353131160140038,0.910677433013916]"
20260826,middle,24,6,1,E:/2026YOLO/datasets/coco_d2_mini_2048_seed20260901/images/train2017/000000523220.jpg,True,0.013210699893534184,0.003501084167510271,0.40300777554512024,0.0014109641779214144,7.511994226661045e-06,18.254337310791016,0.37756478786468506,0.22653888165950775,"[1.760952353477478,2.4275598526000977,0.021353131160140038,0.910677433013916]"
20260826,middle,24,6,2,E:/2026YOLO/datasets/coco_d2_mini_2048_seed20260901/images/train2017/000000009885.jpg,True,0.037812814116477966,0.00410418352112174,0.358185738325119,0.0014700599713250995,1.9910508854081854e-05,18.254337310791016,0.37756478786468506,0.22653888165950775,"[1.760952353477478,2.4275598526000977,0.021353131160140038,0.910677433013916]"
20260826,middle,24,6,3,E:/2026YOLO/datasets/coco_d2_mini_2048_seed20260901/images/train2017/000000501695.jpg,True,-0.0015882715815678239,0.010034262202680111,0.14072974026203156,0.0014121191343292594,-3.15632689762424e-07,18.254337310791016,0.37756478786468506,0.22653888165950775,"[1.760952353477478,2.4275598526000977,0.021353131160140038,0.910677433013916]"
20260826,middle,24,7,0,E:/2026YOLO/datasets/coco_d2_mini_2048_seed20260901/images/train2017/000000224366.jpg,True,-0.012027035467326641,0.005528640933334827,0.2703999876976013,0.0014949444448575377,-4.861724391957978e-06,20.204753875732422,0.3878181576728821,0.23269090056419373,"[2.732816696166992,2.5524322986602783,0.015035606920719147,0.9308057427406311]"
20260826,middle,24,7,1,E:/2026YOLO/datasets/coco_d2_mini_2048_seed20260901/images/train2017/000000277912.jpg,True,0.012636925093829632,0.004645294975489378,0.35124099254608154,0.0016316180117428303,7.242109859362245e-06,20.204753875732422,0.3878181576728821,0.23269090056419373,"[2.732816696166992,2.5524322986602783,0.015035606920719147,0.9308057427406311]"
20260826,middle,24,7,2,E:/2026YOLO/datasets/coco_d2_mini_2048_seed20260901/images/train2017/000000441240.jpg,True,0.0024017533287405968,0.005422254558652639,0.25674548745155334,0.0013921393547207117,8.5844794739387e-07,20.204753875732422,0.3878181576728821,0.23269090056419373,"[2.732816696166992,2.5524322986602783,0.015035606920719147,0.9308057427406311]"
20260826,middle,24,7,3,E:/2026YOLO/datasets/coco_d2_mini_2048_seed20260901/images/train2017/000000142318.jpg,True,-0.024869056418538094,0.007097348570823669,0.20520634949207306,0.0014564209850504994,-7.432536222040653e-06,20.204753875732422,0.3878181576728821,0.23269090056419373,"[2.732816696166992,2.5524322986602783,0.015035606920719147,0.9308057427406311]"
20260826,middle,24,8,0,E:/2026YOLO/datasets/coco_d2_mini_2048_seed20260901/images/train2017/000000171384.jpg,True,-0.0216688085347414,0.006458989344537258,0.26314279437065125,0.0016996364574879408,-9.69131178862881e-06,16.8590145111084,0.428142786026001,0.25688567757606506,"[1.9313631057739258,2.4078173637390137,0.020912911742925644,0.9314760565757751]"
20260826,middle,24,8,1,E:/2026YOLO/datasets/coco_d2_mini_2048_seed20260901/images/train2017/000000574145.jpg,True,-0.019361404702067375,0.07460737973451614,0.025486113503575325,0.001901452080346644,-9.382657708556508e-07,16.8590145111084,0.428142786026001,0.25688567757606506,"[1.9313631057739258,2.4078173637390137,0.020912911742925644,0.9314760565757751]"
20260826,middle,24,8,2,E:/2026YOLO/datasets/coco_d2_mini_2048_seed20260901/images/train2017/000000380034.jpg,True,0.0019239506218582392,0.0042075300589203835,0.31027892231941223,0.0013055078452453017,7.793377108100685e-07,16.8590145111084,0.428142786026001,0.25688567757606506,"[1.9313631057739258,2.4078173637390137,0.020912911742925644,0.9314760565757751]"
20260826,middle,24,8,3,E:/2026YOLO/datasets/coco_d2_mini_2048_seed20260901/images/train2017/000000039743.jpg,True,0.011382521130144596,0.003642999567091465,0.37533968687057495,0.0013673623325303197,5.84179815632524e-06,16.8590145111084,0.428142786026001,0.25688567757606506,"[1.9313631057739258,2.4078173637390137,0.020912911742925644,0.9314760565757751]"
20260826,middle,24,9,0,E:/2026YOLO/datasets/coco_d2_mini_2048_seed20260901/images/train2017/000000101892.jpg,True,0.0008900976390577853,0.006073972210288048,0.31381937861442566,0.0019061301136389375,5.32439116796013e-07,24.337873458862305,0.4487267732620239,0.26923608779907227,"[2.4600093364715576,3.188232898712158,0.024028697982430458,0.9102986454963684]"
20260826,middle,24,9,1,E:/2026YOLO/datasets/coco_d2_mini_2048_seed20260901/images/train2017/000000043202.jpg,True,0.0029206410981714725,0.02855159528553486,0.06474697589874268,0.001848629442974925,3.495807732178946e-07,24.337873458862305,0.4487267732620239,0.26923608779907227,"[2.4600093364715576,3.188232898712158,0.024028697982430458,0.9102986454963684]"
20260826,middle,24,9,2,E:/2026YOLO/datasets/coco_d2_mini_2048_seed20260901/images/train2017/000000469514.jpg,True,0.03792007267475128,0.00523584196344018,0.3235524594783783,0.0016940694767981768,2.078476427413989e-05,24.337873458862305,0.4487267732620239,0.26923608779907227,"[2.4600093364715576,3.188232898712158,0.024028697982430458,0.9102986454963684]"
20260826,middle,24,9,3,E:/2026YOLO/datasets/coco_d2_mini_2048_seed20260901/images/train2017/000000278763.jpg,True,0.03919852152466774,0.0019804728217422962,0.7140112519264221,0.0014140799175947905,3.957752778660506e-05,24.337873458862305,0.4487267732620239,0.26923608779907227,"[2.4600093364715576,3.188232898712158,0.024028697982430458,0.9102986454963684]"
20260826,middle,24,10,0,E:/2026YOLO/datasets/coco_d2_mini_2048_seed20260901/images/train2017/000000478105.jpg,True,0.009346737526357174,0.005351098254323006,0.2798764705657959,0.001497646444477141,3.917741196346469e-06,19.277973175048828,0.44877707958221436,0.2692662477493286,"[1.5756964683532715,2.95772385597229,0.030371349304914474,0.9246324896812439]"
20260826,middle,24,10,1,E:/2026YOLO/datasets/coco_d2_mini_2048_seed20260901/images/train2017/000000189770.jpg,True,-0.000424129975726828,0.0022877731826156378,0.6994600892066956,0.001600206014700234,-4.747203092847485e-07,19.277973175048828,0.44877707958221436,0.2692662477493286,"[1.5756964683532715,2.95772385597229,0.030371349304914474,0.9246324896812439]"
20260826,middle,24,10,2,E:/2026YOLO/datasets/coco_d2_mini_2048_seed20260901/images/train2017/000000572152.jpg,True,-0.00015150252147577703,0.006634819321334362,0.28842949867248535,0.0019136776681989431,-8.362349035451189e-08,19.277973175048828,0.44877707958221436,0.2692662477493286,"[1.5756964683532715,2.95772385597229,0.030371349304914474,0.9246324896812439]"
20260826,middle,24,10,3,E:/2026YOLO/datasets/coco_d2_mini_2048_seed20260901/images/train2017/000000460950.jpg,True,0.0038530624005943537,0.002246829913929105,0.6229236721992493,0.0013996035559102893,3.3592775707802502e-06,19.277973175048828,0.44877707958221436,0.2692662477493286,"[1.5756964683532715,2.95772385597229,0.030371349304914474,0.9246324896812439]"
20260826,middle,24,11,0,E:/2026YOLO/datasets/coco_d2_mini_2048_seed20260901/images/train2017/000000148077.jpg,True,0.007433047518134117,0.004504765383899212,0.3777008652687073,0.001701453817076981,4.776778041559737e-06,16.991958618164062,0.4117702841758728,0.24706217646598816,"[1.4027080535888672,2.8712592124938965,0.02034044824540615,0.9427007436752319]"
20260826,middle,24,11,1,E:/2026YOLO/datasets/coco_d2_mini_2048_seed20260901/images/train2017/000000315221.jpg,True,0.01823493093252182,0.0029221561271697283,0.5972669720649719,0.0017453073523938656,1.9008355593541637e-05,16.991958618164062,0.4117702841758728,0.24706217646598816,"[1.4027080535888672,2.8712592124938965,0.02034044824540615,0.9427007436752319]"
20260826,middle,24,11,2,E:/2026YOLO/datasets/coco_d2_mini_2048_seed20260901/images/train2017/000000261696.jpg,True,0.013385158963501453,0.0028691545594483614,0.7412359714508057,0.0021267205011099577,2.110038803948555e-05,16.991958618164062,0.4117702841758728,0.24706217646598816,"[1.4027080535888672,2.8712592124938965,0.02034044824540615,0.9427007436752319]"
20260826,middle,24,11,3,E:/2026YOLO/datasets/coco_d2_mini_2048_seed20260901/images/train2017/000000477172.jpg,True,0.007638921961188316,0.005081960465759039,0.307279109954834,0.0015615802258253098,3.665467829705449e-06,16.991958618164062,0.4117702841758728,0.24706217646598816,"[1.4027080535888672,2.8712592124938965,0.02034044824540615,0.9427007436752319]"
20260826,middle,24,12,0,E:/2026YOLO/datasets/coco_d2_mini_2048_seed20260901/images/train2017/000000087671.jpg,True,-0.004500324372202158,0.004245129879564047,0.3368676006793976,0.0014300467446446419,-2.1679700239474187e-06,21.513259887695312,0.3883219361305237,0.23299317061901093,"[2.3655831813812256,2.918381929397583,0.02223695069551468,0.9072531461715698]"
20260826,middle,24,12,1,E:/2026YOLO/datasets/coco_d2_mini_2048_seed20260901/images/train2017/000000092634.jpg,True,-0.012013889849185944,0.008749195374548435,0.16665582358837128,0.001458104350604117,-2.9193943191785365e-06,21.513259887695312,0.3883219361305237,0.23299317061901093,"[2.3655831813812256,2.918381929397583,0.02223695069551468,0.9072531461715698]"
20260826,middle,24,12,2,E:/2026YOLO/datasets/coco_d2_mini_2048_seed20260901/images/train2017/000000177705.jpg,True,-0.0012497903080657125,0.006588065531104803,0.2757565379142761,0.0018167021917179227,-6.261043381527998e-07,21.513259887695312,0.3883219361305237,0.23299317061901093,"[2.3655831813812256,2.918381929397583,0.02223695069551468,0.9072531461715698]"
20260826,middle,24,12,3,E:/2026YOLO/datasets/coco_d2_mini_2048_seed20260901/images/train2017/000000222228.jpg,True,0.0075621819123625755,0.003776678116992116,0.3680286407470703,0.0013899257173761725,3.868301519105444e-06,21.513259887695312,0.3883219361305237,0.23299317061901093,"[2.3655831813812256,2.918381929397583,0.02223695069551468,0.9072531461715698]"
20260826,middle,24,13,0,E:/2026YOLO/datasets/coco_d2_mini_2048_seed20260901/images/train2017/000000115370.jpg,True,-0.00047838035970926285,0.0035550098400563,0.3633505702018738,0.0012917148414999247,-2.2452559278463013e-07,22.246417999267578,0.38742733001708984,0.23245640099048615,"[2.5411503314971924,3.2153801918029785,0.023793183267116547,0.9241621494293213]"
20260826,middle,24,13,1,E:/2026YOLO/datasets/coco_d2_mini_2048_seed20260901/images/train2017/000000400606.jpg,True,0.025786632671952248,0.005352506414055824,0.2776603102684021,0.0014861786039546132,1.0640927030181047e-05,22.246417999267578,0.38742733001708984,0.23245640099048615,"[2.5411503314971924,3.2153801918029785,0.023793183267116547,0.9241621494293213]"
20260826,middle,24,13,2,E:/2026YOLO/datasets/coco_d2_mini_2048_seed20260901/images/train2017/000000205010.jpg,True,0.0022331306245177984,0.008772488683462143,0.1777787059545517,0.0015595617005601525,6.191507964103948e-07,22.246417999267578,0.38742733001708984,0.23245640099048615,"[2.5411503314971924,3.2153801918029785,0.023793183267116547,0.9241621494293213]"
20260826,middle,24,13,3,E:/2026YOLO/datasets/coco_d2_mini_2048_seed20260901/images/train2017/000000515191.jpg,True,-0.004017317667603493,0.005291207227855921,0.2812962830066681,0.0014883968979120255,-1.6819726624817122e-06,22.246417999267578,0.38742733001708984,0.23245640099048615,"[2.5411503314971924,3.2153801918029785,0.023793183267116547,0.9241621494293213]"
20260826,middle,24,14,0,E:/2026YOLO/datasets/coco_d2_mini_2048_seed20260901/images/train2017/000000190942.jpg,True,0.046104010194540024,0.0036252469290047884,0.3421117663383484,0.0012402395950630307,1.9561957742553204e-05,21.411815643310547,0.41044461727142334,0.24626678228378296,"[2.466625690460205,2.832256317138672,0.018158400431275368,0.9239254593849182]"
20260826,middle,24,14,1,E:/2026YOLO/datasets/coco_d2_mini_2048_seed20260901/images/train2017/000000397211.jpg,True,0.004526959732174873,0.00860634259879589,0.19167901575565338,0.0016496552852913737,1.4314441614260431e-06,21.411815643310547,0.41044461727142334,0.24626678228378296,"[2.466625690460205,2.832256317138672,0.018158400431275368,0.9239254593849182]"
20260826,middle,24,14,2,E:/2026YOLO/datasets/coco_d2_mini_2048_seed20260901/images/train2017/000000039606.jpg,True,-0.0009766807779669762,0.005167751107364893,0.3896987736225128,0.002013866323977709,-7.665003067813814e-07,21.411815643310547,0.41044461727142334,0.24626678228378296,"[2.466625690460205,2.832256317138672,0.018158400431275368,0.9239254593849182]"
20260826,middle,24,14,3,E:/2026YOLO/datasets/coco_d2_mini_2048_seed20260901/images/train2017/000000447118.jpg,True,0.030711442232131958,0.009779004380106926,0.16556315124034882,0.001619042712263763,8.232319487433415e-06,21.411815643310547,0.41044461727142334,0.24626678228378296,"[2.466625690460205,2.832256317138672,0.018158400431275368,0.9239254593849182]"
20260826,middle,24,15,0,E:/2026YOLO/datasets/coco_d2_mini_2048_seed20260901/images/train2017/000000435454.jpg,True,0.020758846774697304,0.004402909893542528,0.32731905579566956,0.0014411562588065863,9.79232027020771e-06,20.85882568359375,0.44672703742980957,0.26803624629974365,"[2.0848283767700195,3.2296488285064697,0.021184876561164856,0.919118344783783]"
20260826,middle,24,15,1,E:/2026YOLO/datasets/coco_d2_mini_2048_seed20260901/images/train2017/000000175227.jpg,True,-0.049739643931388855,0.004072797484695911,0.405255526304245,0.0016505236271768808,-3.327004378661513e-05,20.85882568359375,0.44672703742980957,0.26803624629974365,"[2.0848283767700195,3.2296488285064697,0.021184876561164856,0.919118344783783]"
20260826,middle,24,15,2,E:/2026YOLO/datasets/coco_d2_mini_2048_seed20260901/images/train2017/000000028359.jpg,True,-0.0007071679574437439,0.00615991884842515,0.29225417971611023,0.001800262019969523,-3.720651875482872e-07,20.85882568359375,0.44672703742980957,0.26803624629974365,"[2.0848283767700195,3.2296488285064697,0.021184876561164856,0.919118344783783]"
20260826,middle,24,15,3,E:/2026YOLO/datasets/coco_d2_mini_2048_seed20260901/images/train2017/000000205435.jpg,True,-0.015248911455273628,0.004482388962060213,0.3199460804462433,0.0014341227943077683,-6.9968405114195775e-06,20.85882568359375,0.44672703742980957,0.26803624629974365,"[2.0848283767700195,3.2296488285064697,0.021184876561164856,0.919118344783783]"
20260826,late,49,0,0,E:/2026YOLO/datasets/coco_d2_mini_2048_seed20260901/images/train2017/000000055118.jpg,True,0.01289520226418972,0.0051521374844014645,0.30619704723358154,0.0015775692882016301,6.228989605006063e-06,18.048744201660156,0.35995280742645264,0.2159716933965683,"[2.481771230697632,2.4809470176696777,0.0187712162733078,0.8862564563751221]"
20260826,late,49,0,1,E:/2026YOLO/datasets/coco_d2_mini_2048_seed20260901/images/train2017/000000486491.jpg,True,0.008981941267848015,0.0036649389658123255,0.37222638726234436,0.0013641869882121682,4.560907655104529e-06,18.048744201660156,0.35995280742645264,0.2159716933965683,"[2.481771230697632,2.4809470176696777,0.0187712162733078,0.8862564563751221]"
20260826,late,49,0,2,E:/2026YOLO/datasets/coco_d2_mini_2048_seed20260901/images/train2017/000000111194.jpg,True,0.006109234876930714,0.006129798013716936,0.2544822692871094,0.0015599249163642526,2.4252026378235314e-06,18.048744201660156,0.35995280742645264,0.2159716933965683,"[2.481771230697632,2.4809470176696777,0.0187712162733078,0.8862564563751221]"
20260826,late,49,0,3,E:/2026YOLO/datasets/coco_d2_mini_2048_seed20260901/images/train2017/000000012236.jpg,True,-0.018745174631476402,0.007266341708600521,0.20151236653327942,0.0014642577152699232,-5.53106474399101e-06,18.048744201660156,0.35995280742645264,0.2159716933965683,"[2.481771230697632,2.4809470176696777,0.0187712162733078,0.8862564563751221]"
20260826,late,49,1,0,E:/2026YOLO/datasets/coco_d2_mini_2048_seed20260901/images/train2017/000000447095.jpg,True,-0.0019658259116113186,0.0029031995218247175,0.5482772588729858,0.0015917583368718624,-1.7156253306893632e-06,19.873004913330078,0.382366418838501,0.22941985726356506,"[1.8474950790405273,3.1931917667388916,0.01921803504228592,0.8919679522514343]"
20260826,late,49,1,1,E:/2026YOLO/datasets/coco_d2_mini_2048_seed20260901/images/train2017/000000103427.jpg,True,0.026410086080431938,0.0032905556727200747,0.3943392038345337,0.001297595095820725,1.3513845260604285e-05,19.873004913330078,0.382366418838501,0.22941985726356506,"[1.8474950790405273,3.1931917667388916,0.01921803504228592,0.8919679522514343]"
20260826,late,49,1,2,E:/2026YOLO/datasets/coco_d2_mini_2048_seed20260901/images/train2017/000000361519.jpg,True,-0.008292953483760357,0.04010734334588051,0.04137071594595909,0.001659269561059773,-5.692711511073867e-07,19.873004913330078,0.382366418838501,0.22941985726356506,"[1.8474950790405273,3.1931917667388916,0.01921803504228592,0.8919679522514343]"
20260826,late,49,1,3,E:/2026YOLO/datasets/coco_d2_mini_2048_seed20260901/images/train2017/000000128142.jpg,True,0.0019123766105622053,0.0049247294664382935,0.3012174367904663,0.0014834144385531545,8.545077889721142e-07,19.873004913330078,0.382366418838501,0.22941985726356506,"[1.8474950790405273,3.1931917667388916,0.01921803504228592,0.8919679522514343]"
20260826,late,49,2,0,E:/2026YOLO/datasets/coco_d2_mini_2048_seed20260901/images/train2017/000000003242.jpg,True,-0.007731365505605936,0.005417111795395613,0.3174522817134857,0.0017196745611727238,-4.220665687171277e-06,20.554073333740234,0.34124577045440674,0.20474746823310852,"[2.2932138442993164,3.210981607437134,0.016082463786005974,0.8916465640068054]"
20260826,late,49,2,1,E:/2026YOLO/datasets/coco_d2_mini_2048_seed20260901/images/train2017/000000332646.jpg,True,-0.003560848766937852,0.006077843252569437,0.24549631774425507,0.001492088194936514,-1.3043465969531098e-06,20.554073333740234,0.34124577045440674,0.20474746823310852,"[2.2932138442993164,3.210981607437134,0.016082463786005974,0.8916465640068054]"
20260826,late,49,2,2,E:/2026YOLO/datasets/coco_d2_mini_2048_seed20260901/images/train2017/000000399784.jpg,True,0.0037531042471528053,0.002660606987774372,0.5196277499198914,0.0013825251953676343,2.696224328246899e-06,20.554073333740234,0.34124577045440674,0.20474746823310852,"[2.2932138442993164,3.210981607437134,0.016082463786005974,0.8916465640068054]"
20260826,late,49,2,3,E:/2026YOLO/datasets/coco_d2_mini_2048_seed20260901/images/train2017/000000268809.jpg,True,-0.03741934895515442,0.012787416577339172,0.11142339557409286,0.001424817368388176,-5.94062066738843e-06,20.554073333740234,0.34124577045440674,0.20474746823310852,"[2.2932138442993164,3.210981607437134,0.016082463786005974,0.8916465640068054]"
20260826,late,49,3,0,E:/2026YOLO/datasets/coco_d2_mini_2048_seed20260901/images/train2017/000000469798.jpg,True,-0.008435627445578575,0.004318619146943092,0.31438523530960083,0.0013577101053670049,-3.600697255023988e-06,20.98821258544922,0.34681928157806396,0.20809157192707062,"[2.3204784393310547,2.9530136585235596,0.01822718046605587,0.900017499923706]"
20260826,late,49,3,1,E:/2026YOLO/datasets/coco_d2_mini_2048_seed20260901/images/train2017/000000341797.jpg,True,0.01173264067620039,0.004189523868262768,0.2855629622936249,0.0011963729048147798,4.008336873084772e-06,20.98821258544922,0.34681928157806396,0.20809157192707062,"[2.3204784393310547,2.9530136585235596,0.01822718046605587,0.900017499923706]"
20260826,late,49,3,2,E:/2026YOLO/datasets/coco_d2_mini_2048_seed20260901/images/train2017/000000172342.jpg,True,0.017635753378272057,0.0031600194051861763,0.3449998199939728,0.0010902060894295573,6.633175871684216e-06,20.98821258544922,0.34681928157806396,0.20809157192707062,"[2.3204784393310547,2.9530136585235596,0.01822718046605587,0.900017499923706]"
20260826,late,49,3,3,E:/2026YOLO/datasets/coco_d2_mini_2048_seed20260901/images/train2017/000000098596.jpg,True,-0.007346479222178459,0.008723861537873745,0.1985049992799759,0.0017317301826551557,-2.5254043976019602e-06,20.98821258544922,0.34681928157806396,0.20809157192707062,"[2.3204784393310547,2.9530136585235596,0.01822718046605587,0.900017499923706]"
20260826,late,49,4,0,E:/2026YOLO/datasets/coco_d2_mini_2048_seed20260901/images/train2017/000000345635.jpg,True,-0.00101976259611547,0.0067805335856974125,0.2174820750951767,0.001474644523113966,-3.2704679142625537e-07,20.123674392700195,0.3794652819633484,0.22767917811870575,"[2.216583728790283,2.793253183364868,0.02063756063580513,0.9056856632232666]"
20260826,late,49,4,1,E:/2026YOLO/datasets/coco_d2_mini_2048_seed20260901/images/train2017/000000348684.jpg,True,-0.0035441170912235975,0.007816060446202755,0.19370612502098083,0.0015140187460929155,-1.0393998763902346e-06,20.123674392700195,0.3794652819633484,0.22767917811870575,"[2.216583728790283,2.793253183364868,0.02063756063580513,0.9056856632232666]"
20260826,late,49,4,2,E:/2026YOLO/datasets/coco_d2_mini_2048_seed20260901/images/train2017/000000124311.jpg,True,0.019867567345499992,0.008759958669543266,0.1551332324743271,0.0013589607551693916,4.188480033917585e-06,20.123674392700195,0.3794652819633484,0.22767917811870575,"[2.216583728790283,2.793253183364868,0.02063756063580513,0.9056856632232666]"
20260826,late,49,4,3,E:/2026YOLO/datasets/coco_d2_mini_2048_seed20260901/images/train2017/000000178690.jpg,True,0.038861826062202454,0.002831570105627179,0.42856451869010925,0.0012135105207562447,2.0210776710882783e-05,20.123674392700195,0.3794652819633484,0.22767917811870575,"[2.216583728790283,2.793253183364868,0.02063756063580513,0.9056856632232666]"
20260826,late,49,5,0,E:/2026YOLO/datasets/coco_d2_mini_2048_seed20260901/images/train2017/000000241623.jpg,True,-0.03388375788927078,0.006809860002249479,0.19244614243507385,0.0013105312827974558,-8.545710443286225e-06,18.393617630004883,0.36291706562042236,0.21775025129318237,"[1.7632979154586792,2.6332740783691406,0.02269575372338295,0.9068740010261536]"
20260826,late,49,5,1,E:/2026YOLO/datasets/coco_d2_mini_2048_seed20260901/images/train2017/000000168738.jpg,True,0.007448918651789427,0.0045624240301549435,0.3171212375164032,0.0014468415174633265,3.417743982936372e-06,18.393617630004883,0.36291706562042236,0.21775025129318237,"[1.7632979154586792,2.6332740783691406,0.02269575372338295,0.9068740010261536]"
20260826,late,49,5,2,E:/2026YOLO/datasets/coco_d2_mini_2048_seed20260901/images/train2017/000000358580.jpg,True,-0.004672142677009106,0.002943399827927351,0.5222066640853882,0.0015370630426332355,-3.750163159566e-06,18.393617630004883,0.36291706562042236,0.21775025129318237,"[1.7632979154586792,2.6332740783691406,0.02269575372338295,0.9068740010261536]"
20260826,late,49,5,3,E:/2026YOLO/datasets/coco_d2_mini_2048_seed20260901/images/train2017/000000550760.jpg,True,0.004060348030179739,0.003253310453146696,0.42267706990242004,0.001375099760480225,2.3599682208441664e-06,18.393617630004883,0.36291706562042236,0.21775025129318237,"[1.7632979154586792,2.6332740783691406,0.02269575372338295,0.9068740010261536]"
20260826,late,49,6,0,E:/2026YOLO/datasets/coco_d2_mini_2048_seed20260901/images/train2017/000000306710.jpg,True,-0.004548817873001099,0.010069101117551327,0.16364698112010956,0.0016477779718115926,-1.2266064004506916e-06,16.552860260009766,0.34238553047180176,0.20543132722377777,"[1.6015524864196777,1.9883915185928345,0.01908903382718563,0.9060219526290894]"
20260826,late,49,6,1,E:/2026YOLO/datasets/coco_d2_mini_2048_seed20260901/images/train2017/000000523220.jpg,True,-0.0027069200295954943,0.002306276233866811,0.5434256792068481,0.0012532897526398301,-1.8436016944178846e-06,16.552860260009766,0.34238553047180176,0.20543132722377777,"[1.6015524864196777,1.9883915185928345,0.01908903382718563,0.9060219526290894]"
20260826,late,49,6,2,E:/2026YOLO/datasets/coco_d2_mini_2048_seed20260901/images/train2017/000000009885.jpg,True,0.02963552065193653,0.003491245908662677,0.4003371298313141,0.0013976753689348698,1.658229848544579e-05,16.552860260009766,0.34238553047180176,0.20543132722377777,"[1.6015524864196777,1.9883915185928345,0.01908903382718563,0.9060219526290894]"
20260826,late,49,6,3,E:/2026YOLO/datasets/coco_d2_mini_2048_seed20260901/images/train2017/000000501695.jpg,True,0.002142607234418392,0.00588413467630744,0.22574864327907562,0.0013283353764563799,6.425034371204674e-07,16.552860260009766,0.34238553047180176,0.20543132722377777,"[1.6015524864196777,1.9883915185928345,0.01908903382718563,0.9060219526290894]"
20260826,late,49,7,0,E:/2026YOLO/datasets/coco_d2_mini_2048_seed20260901/images/train2017/000000224366.jpg,True,-0.011134297586977482,0.004497249145060778,0.3152655065059662,0.0014178275596350431,-4.97694327350473e-06,18.946144104003906,0.34294378757476807,0.20576627552509308,"[2.525397539138794,2.3591811656951904,0.014592478051781654,0.89439457654953]"
20260826,late,49,7,1,E:/2026YOLO/datasets/coco_d2_mini_2048_seed20260901/images/train2017/000000277912.jpg,True,0.007892009802162647,0.00786252785474062,0.1998876929283142,0.0015716225607320666,2.4792591375444317e-06,18.946144104003906,0.34294378757476807,0.20576627552509308,"[2.525397539138794,2.3591811656951904,0.014592478051781654,0.89439457654953]"
20260826,late,49,7,2,E:/2026YOLO/datasets/coco_d2_mini_2048_seed20260901/images/train2017/000000441240.jpg,True,0.008485479280352592,0.00436219060793519,0.31101152300834656,0.001356691587716341,3.5804200706479605e-06,18.946144104003906,0.34294378757476807,0.20576627552509308,"[2.525397539138794,2.3591811656951904,0.014592478051781654,0.89439457654953]"
20260826,late,49,7,3,E:/2026YOLO/datasets/coco_d2_mini_2048_seed20260901/images/train2017/000000142318.jpg,True,0.00833685602992773,0.004909695591777563,0.2651199698448181,0.0013016583397984505,2.8770125481969444e-06,18.946144104003906,0.34294378757476807,0.20576627552509308,"[2.525397539138794,2.3591811656951904,0.014592478051781654,0.89439457654953]"
20260826,late,49,8,0,E:/2026YOLO/datasets/coco_d2_mini_2048_seed20260901/images/train2017/000000171384.jpg,True,-0.023660147562623024,0.006536091212183237,0.22735236585140228,0.001485995831899345,-7.993454346433282e-06,15.811694145202637,0.3686119318008423,0.2211671620607376,"[1.9201643466949463,2.271953821182251,0.01912243291735649,0.9065104722976685]"
20260826,late,49,8,1,E:/2026YOLO/datasets/coco_d2_mini_2048_seed20260901/images/train2017/000000574145.jpg,True,-0.014203649014234543,0.03200893849134445,0.05321650579571724,0.0017034037737175822,-1.287549366679741e-06,15.811694145202637,0.3686119318008423,0.2211671620607376,"[1.9201643466949463,2.271953821182251,0.01912243291735649,0.9065104722976685]"
20260826,late,49,8,2,E:/2026YOLO/datasets/coco_d2_mini_2048_seed20260901/images/train2017/000000380034.jpg,True,0.00479422602802515,0.003393193706870079,0.34091153740882874,0.001156778889708221,1.8906473542301683e-06,15.811694145202637,0.3686119318008423,0.2211671620607376,"[1.9201643466949463,2.271953821182251,0.01912243291735649,0.9065104722976685]"
20260826,late,49,8,3,E:/2026YOLO/datasets/coco_d2_mini_2048_seed20260901/images/train2017/000000039743.jpg,True,0.008882743306457996,0.0027025712188333273,0.5045745968818665,0.0013636488001793623,6.11188261245843e-06,15.811694145202637,0.3686119318008423,0.2211671620607376,"[1.9201643466949463,2.271953821182251,0.01912243291735649,0.9065104722976685]"
20260826,late,49,9,0,E:/2026YOLO/datasets/coco_d2_mini_2048_seed20260901/images/train2017/000000101892.jpg,True,0.006889871787279844,0.011107484810054302,0.17189432680606842,0.0019093136070296168,2.2612571228819434e-06,23.141328811645508,0.43340325355529785,0.2600419521331787,"[2.3936166763305664,2.9507248401641846,0.025305278599262238,0.9068629741668701]"
20260826,late,49,9,1,E:/2026YOLO/datasets/coco_d2_mini_2048_seed20260901/images/train2017/000000043202.jpg,True,-0.007398661226034164,0.03376680240035057,0.055657923221588135,0.0018793900962918997,-7.739217835478485e-07,23.141328811645508,0.43340325355529785,0.2600419521331787,"[2.3936166763305664,2.9507248401641846,0.025305278599262238,0.9068629741668701]"
20260826,late,49,9,2,E:/2026YOLO/datasets/coco_d2_mini_2048_seed20260901/images/train2017/000000469514.jpg,True,0.018437420949339867,0.00460272328928113,0.35549700260162354,0.001636254251934588,1.0724743333412334e-05,23.141328811645508,0.43340325355529785,0.2600419521331787,"[2.3936166763305664,2.9507248401641846,0.025305278599262238,0.9068629741668701]"
20260826,late,49,9,3,E:/2026YOLO/datasets/coco_d2_mini_2048_seed20260901/images/train2017/000000278763.jpg,True,0.03811091557145119,0.001987130381166935,0.705479621887207,0.0014018799411132932,3.769161048694514e-05,23.141328811645508,0.43340325355529785,0.2600419521331787,"[2.3936166763305664,2.9507248401641846,0.025305278599262238,0.9068629741668701]"
20260826,late,49,10,0,E:/2026YOLO/datasets/coco_d2_mini_2048_seed20260901/images/train2017/000000478105.jpg,True,0.004161193501204252,0.004602859728038311,0.29407167434692383,0.0013535706093534827,1.656349695622339e-06,18.154560089111328,0.4082593321800232,0.2449556142091751,"[1.5197322368621826,2.5369935035705566,0.025662917643785477,0.9027525782585144]"
20260826,late,49,10,1,E:/2026YOLO/datasets/coco_d2_mini_2048_seed20260901/images/train2017/000000189770.jpg,True,-0.024240249767899513,0.002038923092186451,0.7163323760032654,0.0014605466276407242,-2.536104148020968e-05,18.154560089111328,0.4082593321800232,0.2449556142091751,"[1.5197322368621826,2.5369935035705566,0.025662917643785477,0.9027525782585144]"
20260826,late,49,10,2,E:/2026YOLO/datasets/coco_d2_mini_2048_seed20260901/images/train2017/000000572152.jpg,True,0.03411111235618591,0.004009666852653027,0.4859098494052887,0.0019483367213979363,3.2293537515215576e-05,18.154560089111328,0.4082593321800232,0.2449556142091751,"[1.5197322368621826,2.5369935035705566,0.025662917643785477,0.9027525782585144]"
20260826,late,49,10,3,E:/2026YOLO/datasets/coco_d2_mini_2048_seed20260901/images/train2017/000000460950.jpg,True,-0.003673948347568512,0.0016580026131123304,0.8014052510261536,0.0013287320034578443,-3.912214197043795e-06,18.154560089111328,0.4082593321800232,0.2449556142091751,"[1.5197322368621826,2.5369935035705566,0.025662917643785477,0.9027525782585144]"
20260826,late,49,11,0,E:/2026YOLO/datasets/coco_d2_mini_2048_seed20260901/images/train2017/000000148077.jpg,True,0.01462623756378889,0.0020131217315793037,0.7127194404602051,0.001434791018255055,1.4956841368984897e-05,14.74168586730957,0.35208606719970703,0.2112516462802887,"[1.1605788469314575,2.4628775119781494,0.017243925482034683,0.9109153747558594]"
20260826,late,49,11,1,E:/2026YOLO/datasets/coco_d2_mini_2048_seed20260901/images/train2017/000000315221.jpg,True,-0.0040648081339895725,0.0026472650934010744,0.6173842549324036,0.0016343798488378525,-4.101555532542989e-06,14.74168586730957,0.35208606719970703,0.2112516462802887,"[1.1605788469314575,2.4628775119781494,0.017243925482034683,0.9109153747558594]"
20260826,late,49,11,2,E:/2026YOLO/datasets/coco_d2_mini_2048_seed20260901/images/train2017/000000261696.jpg,True,0.01720394939184189,0.0016117988852784038,1.1814230680465698,0.0019042163621634245,3.870347063639201e-05,14.74168586730957,0.35208606719970703,0.2112516462802887,"[1.1605788469314575,2.4628775119781494,0.017243925482034683,0.9109153747558594]"
20260826,late,49,11,3,E:/2026YOLO/datasets/coco_d2_mini_2048_seed20260901/images/train2017/000000477172.jpg,True,-0.00639674998819828,0.004230774473398924,0.33157333731651306,0.0014028120785951614,-2.9753527996945195e-06,14.74168586730957,0.35208606719970703,0.2112516462802887,"[1.1605788469314575,2.4628775119781494,0.017243925482034683,0.9109153747558594]"
20260826,late,49,12,0,E:/2026YOLO/datasets/coco_d2_mini_2048_seed20260901/images/train2017/000000087671.jpg,True,-0.0006118837627582252,0.005076929461210966,0.25914230942726135,0.0013156472705304623,-2.0861557459284086e-07,18.88314437866211,0.3304241895675659,0.1982545256614685,"[2.286949634552002,2.5066165924072266,0.01901264302432537,0.9020980596542358]"
20260826,late,49,12,1,E:/2026YOLO/datasets/coco_d2_mini_2048_seed20260901/images/train2017/000000092634.jpg,True,0.001089465687982738,0.0060415929183363914,0.2197277545928955,0.0013275056844577193,3.1778608899912797e-07,18.88314437866211,0.3304241895675659,0.1982545256614685,"[2.286949634552002,2.5066165924072266,0.01901264302432537,0.9020980596542358]"
20260826,late,49,12,2,E:/2026YOLO/datasets/coco_d2_mini_2048_seed20260901/images/train2017/000000177705.jpg,True,-0.006008995696902275,0.00787170510739088,0.20860883593559265,0.001642107148654759,-2.058429799944861e-06,18.88314437866211,0.3304241895675659,0.1982545256614685,"[2.286949634552002,2.5066165924072266,0.01901264302432537,0.9020980596542358]"
20260826,late,49,12,3,E:/2026YOLO/datasets/coco_d2_mini_2048_seed20260901/images/train2017/000000222228.jpg,True,0.0127470213919878,0.003255491377785802,0.38302093744277954,0.0012469213688746095,6.087939254939556e-06,18.88314437866211,0.3304241895675659,0.1982545256614685,"[2.286949634552002,2.5066165924072266,0.01901264302432537,0.9020980596542358]"
20260826,late,49,13,0,E:/2026YOLO/datasets/coco_d2_mini_2048_seed20260901/images/train2017/000000115370.jpg,True,-0.00679374486207962,0.0035588392056524754,0.3347446322441101,0.0011913023190572858,-2.709223508645664e-06,21.37804412841797,0.3548460006713867,0.212907612323761,"[2.2102222442626953,2.9038007259368896,0.020020069554448128,0.9018351435661316]"
20260826,late,49,13,1,E:/2026YOLO/datasets/coco_d2_mini_2048_seed20260901/images/train2017/000000400606.jpg,True,0.01586863584816456,0.003968259319663048,0.3647601902484894,0.0014474629424512386,8.378272468689829e-06,21.37804412841797,0.3548460006713867,0.212907612323761,"[2.2102222442626953,2.9038007259368896,0.020020069554448128,0.9018351435661316]"
20260826,late,49,13,2,E:/2026YOLO/datasets/coco_d2_mini_2048_seed20260901/images/train2017/000000205010.jpg,True,-0.015799077227711678,0.005463052541017532,0.2747099995613098,0.0015007551992312074,-6.513524567708373e-06,21.37804412841797,0.3548460006713867,0.212907612323761,"[2.2102222442626953,2.9038007259368896,0.020020069554448128,0.9018351435661316]"
20260826,late,49,13,3,E:/2026YOLO/datasets/coco_d2_mini_2048_seed20260901/images/train2017/000000515191.jpg,True,-0.005766251590102911,0.0032623333390802145,0.4328474700450897,0.0014120927080512047,-3.5244527225586353e-06,21.37804412841797,0.3548460006713867,0.212907612323761,"[2.2102222442626953,2.9038007259368896,0.020020069554448128,0.9018351435661316]"
20260826,late,49,14,0,E:/2026YOLO/datasets/coco_d2_mini_2048_seed20260901/images/train2017/000000190942.jpg,True,0.05355450510978699,0.003116765059530735,0.381379097700119,0.0011886690044775605,2.4278051569126546e-05,19.062744140625,0.36160528659820557,0.21696318686008453,"[2.2556886672973633,2.430223226547241,0.014110126532614231,0.915084958076477]"
20260826,late,49,14,1,E:/2026YOLO/datasets/coco_d2_mini_2048_seed20260901/images/train2017/000000397211.jpg,True,0.0052444711327552795,0.0057891737669706345,0.2605404257774353,0.0015083138132467866,2.0609550119843334e-06,19.062744140625,0.36160528659820557,0.21696318686008453,"[2.2556886672973633,2.430223226547241,0.014110126532614231,0.915084958076477]"
20260826,late,49,14,2,E:/2026YOLO/datasets/coco_d2_mini_2048_seed20260901/images/train2017/000000039606.jpg,True,-0.0037233494222164154,0.004759019240736961,0.40712058544158936,0.0019374947296455503,-2.93695575237507e-06,19.062744140625,0.36160528659820557,0.21696318686008453,"[2.2556886672973633,2.430223226547241,0.014110126532614231,0.915084958076477]"
20260826,late,49,14,3,E:/2026YOLO/datasets/coco_d2_mini_2048_seed20260901/images/train2017/000000447118.jpg,True,0.023238450288772583,0.00552756991237402,0.2696571350097656,0.0014905487187206745,9.340395081380848e-06,19.062744140625,0.36160528659820557,0.21696318686008453,"[2.2556886672973633,2.430223226547241,0.014110126532614231,0.915084958076477]"
20260826,late,49,15,0,E:/2026YOLO/datasets/coco_d2_mini_2048_seed20260901/images/train2017/000000435454.jpg,True,0.013576430268585682,0.005259229801595211,0.27246353030204773,0.0014329482801258564,5.300593329593539e-06,18.420574188232422,0.40686869621276855,0.2441212236881256,"[2.2734994888305664,2.5691566467285156,0.022902244701981544,0.9128868579864502]"
20260826,late,49,15,1,E:/2026YOLO/datasets/coco_d2_mini_2048_seed20260901/images/train2017/000000175227.jpg,True,-0.039485398679971695,0.0039170850068330765,0.3915657103061676,0.001533796195872128,-2.3714219423709437e-05,18.420574188232422,0.40686869621276855,0.2441212236881256,"[2.2734994888305664,2.5691566467285156,0.022902244701981544,0.9128868579864502]"
20260826,late,49,15,2,E:/2026YOLO/datasets/coco_d2_mini_2048_seed20260901/images/train2017/000000028359.jpg,True,-0.014539065770804882,0.006889800075441599,0.2507721483707428,0.001727769966237247,-6.29943679086864e-06,18.420574188232422,0.40686869621276855,0.2441212236881256,"[2.2734994888305664,2.5691566467285156,0.022902244701981544,0.9128868579864502]"
20260826,late,49,15,3,E:/2026YOLO/datasets/coco_d2_mini_2048_seed20260901/images/train2017/000000205435.jpg,True,-0.01622660830616951,0.003073185682296753,0.44775232672691345,0.001376026077196002,-9.997520464821719e-06,18.420574188232422,0.40686869621276855,0.2441212236881256,"[2.2734994888305664,2.5691566467285156,0.022902244701981544,0.9128868579864502]"
