seed,batch_index,condition_index,condition_id,batch_images,task_loss,static_clean_loss,static_perturbed_loss,response_loss,task_grad_norm,static_clean_grad_sq,static_perturbed_grad_sq,response_clean_grad_sq,response_perturbed_grad_sq,static_response_clean_dot,second_term_loss_ratio_response_over_static_perturbed,second_term_grad_ratio_response_over_static_perturbed,teacher_clean_feature_sha256,teacher_perturbed_feature_sha256,input_manifest_sha256
20260824,0,0,brightness:0.8,4,5.152256011962891,0.3735194802284241,0.3722047805786133,1.019834041595459,0.16528235791665008,2.1728801584686153e-05,2.2053904103813693e-05,0.06556928902864456,0.06604567170143127,8.209195948438719e-05,2.739981039496778,77.25202784425184,589f336944f743804feedc1ea65fc50d3458e02f1f5ad0d8f4b3b46636218e0c,eec6477c86fb0cc3baba4efe15bee4548ab4215adfeab37f087f4482657bcc3d,1f9d5b495ec37cf6fb72427463a9c04b8e28f67af6a54ac16a4067ee5fdb6f31
20260824,0,1,brightness:0.6,4,5.1118903160095215,0.37350690364837646,0.37202250957489014,0.9882004261016846,0.15984087806276956,2.1912657757638954e-05,2.1307618226273917e-05,0.07965539395809174,0.07929621636867523,0.00015592784620821476,2.6562920271434662,86.37041625067705,589f336944f743804feedc1ea65fc50d3458e02f1f5ad0d8f4b3b46636218e0c,522b15e01066dad1cdec67ad086a576e2efb4285e7f07ac0052fbdbccf0fa8dd,8a7406e84bf16e0d2e86b1b54118af01327c9318afcb09c228fc47f33933ec36
20260824,0,2,contrast:0.75,4,5.176676273345947,0.3731498718261719,0.3685091733932495,0.9925649166107178,0.16725795633838253,2.189295264543034e-05,2.1378989913500845e-05,0.03566300868988037,0.03491222858428955,7.550360169261694e-05,2.6934605385020247,57.45562883944894,589f336944f743804feedc1ea65fc50d3458e02f1f5ad0d8f4b3b46636218e0c,20f77ed9cf73c3b8365fe13ee8c0a141e59ee32f82c59a705a0957d44bfb2958,3cbb3ffb84af374ffa833ea8e1c2987429506b45d88ded6efa2329e521e8b568
20260824,0,3,contrast:0.5,4,5.1449785232543945,0.373218297958374,0.3663073778152466,1.019572138786316,0.15893574610637595,2.1580275642918423e-05,2.1816114895045757e-05,0.009935911744832993,0.009577970020473003,4.823307244805619e-05,2.7833786610231877,29.907707775258327,589f336944f743804feedc1ea65fc50d3458e02f1f5ad0d8f4b3b46636218e0c,815fbdddbf60b7e1c5c99c6988c85fc90c6e2ae88b2524f73019a5c7e6b92e6d,40dd28c61091b3d9b08ad57b361af8f1a126bcc7c303687dcfeeb67d4b955883
20260824,0,4,gaussian_blur:1.0,4,5.155765533447266,0.37360262870788574,0.3669421672821045,1.0056482553482056,0.16626310415178971,2.171368214476388e-05,2.2031948901712894e-05,0.0029402468353509903,0.0029173868242651224,3.8189507904462516e-05,2.7406178548432263,16.305519709567893,589f336944f743804feedc1ea65fc50d3458e02f1f5ad0d8f4b3b46636218e0c,9573acb82103e32bc6ceeb10704a9692d8c3d3e7cc648a131bf9dcaec073502c,40b37b52860f2cc0e4a7d6a86237b141c40e849c8b09161e70f24f4b33eed49c
20260824,0,5,gaussian_blur:2.0,4,5.181093692779541,0.3733479380607605,0.36051106452941895,1.012836217880249,0.16528915890397272,2.1616233425447717e-05,2.938005309260916e-05,0.0006082687759771943,0.000654983043204993,3.0155424610711634e-05,2.8094455830428418,6.557203741759273,589f336944f743804feedc1ea65fc50d3458e02f1f5ad0d8f4b3b46636218e0c,c79c1b750bf3c88516af1913a92feae0bdeed0aafa7bea986bb9ddc5e9685c0e,aa5451f0a2e7bedd68cf9596c717ce9535b2785a96dbc78b036f784577c2fd14
20260824,0,6,gaussian_noise:0.03,4,5.138580799102783,0.3733852505683899,0.36886703968048096,1.0146254301071167,0.1612625986544694,2.1786387151223607e-05,2.5112545699812472e-05,0.005098574794828892,0.005269747227430344,6.37457414995879e-05,2.7506535443936735,20.31930590089434,589f336944f743804feedc1ea65fc50d3458e02f1f5ad0d8f4b3b46636218e0c,ba50ea16f920f7cef41bbbcdb422eeeaecf8f1650642962a5bc5d0eb67cfac28,aee757618e456c3454fac5dd02710d86736fa596e64cb5c9892dcc1fdfcbe440
20260824,0,7,gaussian_noise:0.06,4,5.136911392211914,0.37319934368133545,0.36853086948394775,1.0402472019195557,0.16677710418201488,2.175264853576664e-05,3.510711030685343e-05,0.0010977050988003612,0.0013236238155514002,4.1999966924777254e-05,2.8226867490807743,8.304803330209255,589f336944f743804feedc1ea65fc50d3458e02f1f5ad0d8f4b3b46636218e0c,6bd6a1d81de1d62f42895441121ad6cd20b4a01846e135d97bdaf9b0b38c7dbd,38fdad14537eedb6a3d7c8ae926ccee0cd3c6496beaa47afdc4ec4df75b6568d
20260824,1,0,brightness:0.8,4,5.23409366607666,0.4302603006362915,0.4463038444519043,0.982180118560791,0.1786399137352162,9.094364941120148e-05,0.00010012750863097608,0.010810961946845055,0.012931923381984234,5.2879277063766494e-06,2.2006983152183786,15.398912186868092,88a206454ed770368eed248f2dfa6fd770ff835c62650d34a99e1be508628fdf,a96ba61ce726867bcefecbf435f8fd308c8aa1493a3d8cb4c8c14f908ee4a17a,a506823fad86071dc8f2d7cd0153609d17d904489376dbccf80133755b5f7143
20260824,1,1,brightness:0.6,4,5.235845565795898,0.44556814432144165,0.4456709623336792,1.0115022659301758,0.17560613174491518,9.866033360594884e-05,0.00010027932876255363,0.052917785942554474,0.05306204408407211,9.700174996396527e-05,2.2696167159592773,32.50917139492301,88a206454ed770368eed248f2dfa6fd770ff835c62650d34a99e1be508628fdf,530a4c40d2c23d4b061d4b419dec254de2c688243b0e42a12652a635d0afe78a,a61799b676c915ccedf9861a59f4867136f67122a65b6b6e4056a6c9e71329df
20260824,1,2,contrast:0.75,4,5.253453254699707,0.4381701946258545,0.3880798816680908,1.012429118156433,0.1799553864543899,9.432356455363333e-05,6.537737499456853e-05,0.0018493372481316328,0.0010435001458972692,3.3168041682074545e-06,2.6088162926784317,6.6519392127226995,88a206454ed770368eed248f2dfa6fd770ff835c62650d34a99e1be508628fdf,c7a890ca9578e5db0a9272bf003af032b470b0781fdea4b5e9c5499224604077,f9f8fc1199e6b7d3b9af297dbdb65942c0b70798ff3a3637c1c4539fa409bdb2
20260824,1,3,contrast:0.5,4,5.331124782562256,0.45741528272628784,0.35251522064208984,1.0032832622528076,0.16698705654181065,0.00010661856504157186,4.306538903620094e-05,0.0005683613708242774,0.00016655423678457737,9.672810847405344e-06,2.8460707609316116,4.130993845461636,88a206454ed770368eed248f2dfa6fd770ff835c62650d34a99e1be508628fdf,101d9380aa5adc43379289ce12a8527475fd5a65ca3a1f7294e25253c928a892,7106de71c32eb3dc89029bf4ddc896e6c4c91970b53890c333bcc3955e053e1e
20260824,1,4,gaussian_blur:1.0,4,5.268800735473633,0.4530327320098877,0.46137070655822754,0.9913020133972168,0.18263345533728534,0.00010204634600086138,0.00011078926763730124,0.0016108904965221882,0.0016539378557354212,4.9686677812132984e-06,2.148601979506276,5.428518608269833,88a206454ed770368eed248f2dfa6fd770ff835c62650d34a99e1be508628fdf,e34c681cc7da07ef78825ec10fdbb999879e48675557a2d0661f7155a70aaa96,853b6323c2e1ee08f0409d7aec8c1d8995255906c68a55bbe79cd2f4109ecd4b
20260824,1,5,gaussian_blur:2.0,4,5.285009384155273,0.4475898742675781,0.5185826420783997,0.9937042593955994,0.16884466712472412,0.00010063772788271308,0.00013751207734458148,0.0002979764831252396,0.0004900252097286284,1.4210972949513234e-05,1.9161926735784776,2.393829164741166,88a206454ed770368eed248f2dfa6fd770ff835c62650d34a99e1be508628fdf,f20fa57fe4f007f1b5a920e2660c893a4e392951875e1fd378d4021b8422d171,a4a748e0ed478a7e5331e76cf5d287354e4488c35b27f4ef1d9449673bdb7756
20260824,1,6,gaussian_noise:0.03,4,5.224237442016602,0.4461451768875122,0.38951629400253296,1.0241025686264038,0.17564587148339367,9.982407937059179e-05,6.316998769761994e-05,0.0007333324756473303,0.00035771826514974236,2.984230377478525e-05,2.6291649011729,4.1559190349245005,88a206454ed770368eed248f2dfa6fd770ff835c62650d34a99e1be508628fdf,4b496f91b961c6128a182a0e6adc6061c641e2d806b9bf4454edafa0e1fb2026,7bb6836288d3c705dfc9b65baaea70848f089d5e18d97b91a3b42c92388acecd
20260824,1,7,gaussian_noise:0.06,4,5.209516525268555,0.42672038078308105,0.3603794574737549,0.9947093725204468,0.17764073304961467,8.841032831696793e-05,2.9920676752226427e-05,0.0003680442168843001,0.00010622815898386762,3.2848223781911656e-05,2.7601722348252546,3.981330296727863,88a206454ed770368eed248f2dfa6fd770ff835c62650d34a99e1be508628fdf,1926481d469b85ff510b7182736a6fec66664076aaa8877c122f544470e51913,a76e65455515296a57baaf602f3decdf1d88d329bb5b30e6dc8d0982a91f98c0
20260824,2,0,brightness:0.8,4,5.504617214202881,0.2898956537246704,0.28854650259017944,1.0025556087493896,0.20442828807759286,1.6652888007229194e-05,1.649914338486269e-05,0.07991230487823486,0.08030468225479126,0.00017591674986761063,3.47450272226419,98.54250133703279,3a007e01ece9e051941535b8c676f505ac11c507a84badec7a6663263d950f4d,1b2de9d17a45006c914b0ad105b327c40bde601d78cb74e533b156211e030e01,c3c689a0a5b3a593628f3ce58e2108d0205ad2369c74c334f9f5f16b820b2082
20260824,2,1,brightness:0.6,4,5.486965179443359,0.28902894258499146,0.28685784339904785,1.0054057836532593,0.2206236265696281,1.6406120266765356e-05,1.6187786968657747e-05,0.13167622685432434,0.1327061951160431,0.0002265881048515439,3.504892080829875,127.79755591561828,3a007e01ece9e051941535b8c676f505ac11c507a84badec7a6663263d950f4d,5b64de3f89c896ff009388fd36e5107e220e8ec3bb461f4b0422fb34e860690a,748d41975c3d8157a31d6972e0a831319aa89dedebfa24aeb4e435d6f221b5d4
20260824,2,2,contrast:0.75,4,5.56101131439209,0.28937602043151855,0.2872335910797119,1.0282400846481323,0.20710377052808263,1.6611109458608553e-05,1.6156016499735415e-05,0.0354691781103611,0.03500797227025032,0.0001241044665221125,3.5798044399437225,66.04759738499651,3a007e01ece9e051941535b8c676f505ac11c507a84badec7a6663263d950f4d,d4dd9b3405a4de0f79c41efee841c4cc9e33229f30d205d512be3b30ab5d273e,76fbf081780b103a8eb8c68535e86403aa18dbc4a8eba10a67374b8709bfa3f9
20260824,2,3,contrast:0.5,4,5.4855475425720215,0.2899594306945801,0.28578490018844604,1.024610161781311,0.2128625378760494,1.6530082575627603e-05,1.7089803804992698e-05,0.010306712239980698,0.010114643722772598,7.215845107566565e-05,3.5852494694635193,34.567959883162814,3a007e01ece9e051941535b8c676f505ac11c507a84badec7a6663263d950f4d,2d2a4203eaff43397c046da38de38f7a2024886c5831a7fc4e847952ddf24b9d,548c8ce50140232e7f3c04a42954342b9bb22ca81772c36a206dfd2875412e50
20260824,2,4,gaussian_blur:1.0,4,5.521918296813965,0.2896813750267029,0.2951950430870056,0.9833072423934937,0.18134977784197093,1.66783356689848e-05,1.761618841555901e-05,0.0034896796569228172,0.0033908577170222998,2.9171293135732412e-05,3.3310425273762956,19.763106262077464,3a007e01ece9e051941535b8c676f505ac11c507a84badec7a6663263d950f4d,41773e2b3a9db4ac62f2f753387fd16f6767a45de34e9a5bc42807b2f18b8092,eef4eb8612c5e3cf481502897d03b160a2923c4d31821d3dc2484ff43a8db63a
20260824,2,5,gaussian_blur:2.0,4,5.513534069061279,0.28882455825805664,0.3091641664505005,0.963744580745697,0.21395022378452025,1.618762507860083e-05,2.1508698409888893e-05,0.0006725055864080787,0.0006759294774383307,2.0999395928811282e-05,3.117258354389527,7.9178624622669105,3a007e01ece9e051941535b8c676f505ac11c507a84badec7a6663263d950f4d,667c1cf455618b0550d33641248cd201256d25ad9ac98b841a80354d29326f32,ba22f4fc809c7ed948d88fdc9dd9902359ed27a9a935d3576ccb94007bd80c73
20260824,2,6,gaussian_noise:0.03,4,5.5269927978515625,0.28935742378234863,0.2978678345680237,1.0146422386169434,0.22167006652389024,1.6499889170518145e-05,1.841435005189851e-05,0.0062932479195296764,0.006430286448448896,5.4822448873892426e-05,3.4063504711356503,26.28607158365902,3a007e01ece9e051941535b8c676f505ac11c507a84badec7a6663263d950f4d,3503bdf0cb56bbbea9ce8f2efef738b91ec9d3e5c62253e0b686b3145baab0c2,ed17bda7aabc37adb323213afcbfc0c4992b3e146ede682cd7dc7b2ae1687e01
20260824,2,7,gaussian_noise:0.06,4,5.48320198059082,0.289489209651947,0.2973306179046631,1.021547794342041,0.19754364703853375,1.646527562115807e-05,1.8925584299722686e-05,0.0021926546469330788,0.0022228420712053776,5.2047151257283986e-05,3.435730237070953,15.274434302355415,3a007e01ece9e051941535b8c676f505ac11c507a84badec7a6663263d950f4d,ae299a9469a8e053fbfe62b832cce3a6c90e4b219e0c6987ad3f8f28d48825de,22b3ab5703cf83897c946023dbca7826f5977552856e4bb271d62087d9acdfee
20260824,3,0,brightness:0.8,4,5.434811592102051,0.3043966293334961,0.30347734689712524,0.9560551643371582,0.13230518612403042,2.170621883124113e-05,2.1095071133458987e-05,0.041143618524074554,0.041924186050891876,2.9120401450200006e-05,3.1503345278066113,62.75175395671514,52cc3748da8d88b7d2db6dcb30d68e6a9fde57400db118cb0e96aa6b03ff8953,4bd1e28a40c1ba35c1641c44741ef9e3062054d9ff3a80784c4071c04fc52852,9e380877d3094af21fc120e10b5c8c716ae04fae9659cfb1abaa28b2558494c8
20260824,3,1,brightness:0.6,4,5.4189910888671875,0.3038085699081421,0.30210208892822266,0.9927602410316467,0.1309955656860865,2.121694888046477e-05,2.0974033759557642e-05,0.06327572464942932,0.06290336698293686,5.776934267487377e-05,3.2861746986050124,77.56266396671015,52cc3748da8d88b7d2db6dcb30d68e6a9fde57400db118cb0e96aa6b03ff8953,f0dbc5fd4000f9fe0d7e6f3440e0caf2f904955c962fc9052cf3ea8d349a196d,13820f10b4bcc59e522ae67867dfda34370d424fbaf5dc5c1ba017f3ffffa39c
20260824,3,2,contrast:0.75,4,5.443826675415039,0.304018497467041,0.30572760105133057,0.9927011728286743,0.13118127828931497,2.0969180695828982e-05,2.20442634599749e-05,0.023791588842868805,0.024260465055704117,2.976130235765595e-05,3.247011945977371,46.688312958458546,52cc3748da8d88b7d2db6dcb30d68e6a9fde57400db118cb0e96aa6b03ff8953,93e080518905214ee7039690e7b25ee59b2d5360b9caf1457949791c22c5cb3f,682d4cde3d9a10d07800d64ab45b6823448600821c7abe2af28f4a29760a0474
20260824,3,3,contrast:0.5,4,5.471600532531738,0.3046201467514038,0.3070307970046997,0.981537401676178,0.12988102703731597,2.112969923473429e-05,2.2337551854434423e-05,0.007781033404171467,0.007977347820997238,2.895341458497569e-05,3.1968695363845003,26.56060813655192,52cc3748da8d88b7d2db6dcb30d68e6a9fde57400db118cb0e96aa6b03ff8953,5d99300d44ed9594e5b6e7c07ebc2684ce55e5a07e5867301d443dbcc5bf9ffe,20939e9d69d5242bed855e57ea61f75b3439e9fc46e351136de9c36c16a68b2b
20260824,3,4,gaussian_blur:1.0,4,5.446866035461426,0.3054239749908447,0.30212461948394775,0.968780517578125,0.13559736443814766,2.1675637981388718e-05,2.2216712750378065e-05,0.0034333565272390842,0.003284124191850424,3.546324296621606e-05,3.206559330493745,17.388547832710394,52cc3748da8d88b7d2db6dcb30d68e6a9fde57400db118cb0e96aa6b03ff8953,075e141057529ec517a2fbde7aed215d259189033f07bc2b9055cbe45e2c3bcc,88649838b1fc294cd7d98aa382610c041f5c52e6c3156c31cbf02a5294f3af55
20260824,3,5,gaussian_blur:2.0,4,5.443996906280518,0.3054053783416748,0.33259081840515137,0.9757528901100159,0.13131500745954783,2.191685780417174e-05,5.3381114412331954e-05,0.0003766077570617199,0.000639532518107444,1.8914692191174254e-05,2.93379382746936,4.362977913926597,52cc3748da8d88b7d2db6dcb30d68e6a9fde57400db118cb0e96aa6b03ff8953,db7027b2da68a82ebf0f94533069bd6332589103e2f3e909e92ab8545420f2e4,0c59a774d4873e2145c84ea6a6f93f31502db4b0dd20c59e4bd8a257e85547a3
20260824,3,6,gaussian_noise:0.03,4,5.417128562927246,0.303661584854126,0.3125227689743042,0.9969093203544617,0.13119927430848083,2.1838619431946427e-05,2.457969094393775e-05,0.003859139746055007,0.003981045447289944,4.1894891182892025e-05,3.189877408376694,17.859732576961527,52cc3748da8d88b7d2db6dcb30d68e6a9fde57400db118cb0e96aa6b03ff8953,3916535694739aff19041a2c8f3a602c79e30542bdb93c43e3f5a170d01a289b,6286a6c8d65a3421815bc7649918e77cc57ecc81895d3ebc0b0ae51ddfe78a77
20260824,3,7,gaussian_noise:0.06,4,5.446810245513916,0.3049308657646179,0.3243124485015869,1.0036591291427612,0.13359738283627665,2.166907870559953e-05,2.750364365056157e-05,0.0016042959177866578,0.0016692791832610965,3.5897119232686237e-05,3.0947289682525096,10.90978113545135,52cc3748da8d88b7d2db6dcb30d68e6a9fde57400db118cb0e96aa6b03ff8953,d8ac7e2d0c08160ccc0e6796f8f02c665bc49ae253107197e495bd2994bfcf69,5692763125998160a7b29382083dcb253f6d426aab355ccac627ac4d04a4d198
20260824,4,0,brightness:0.8,4,5.042673110961914,0.3505949378013611,0.35053765773773193,0.9793921113014221,0.15115008012254946,1.9254404833191074e-05,1.9303392036817968e-05,0.10045419633388519,0.10030855238437653,2.816718551912345e-05,2.793971174515554,101.98228796294715,d9a4bd0d15089f92a741dfb1e0ddb8119b9319848a0dbf14e9f47ba3827d62c4,590836f4dfebcfee07a47362d4be13b5564f24af208079da09abe139afa7fe5c,24f4a85d22264da68c91c5a75adbadec22a50945952cf6fa2a24a4182318489c
20260824,4,1,brightness:0.6,4,5.055939674377441,0.35058093070983887,0.3494507670402527,1.0384646654129028,0.15091959086884651,1.9282630091765895e-05,1.9208175217499956e-05,0.08006095141172409,0.08023941516876221,5.9132842579856515e-05,2.9717052110327282,91.3532922584827,d9a4bd0d15089f92a741dfb1e0ddb8119b9319848a0dbf14e9f47ba3827d62c4,8bf27031aa289920de9a08a80f61c9e2ceb2edaa201dc884208d42d95401b61f,01e7540cacad2c8976f93bc586307a3774d7703a759dbfe3dc99e12257f05028
20260824,4,2,contrast:0.75,4,5.011974334716797,0.3502793312072754,0.34791290760040283,0.9618995189666748,0.14990044260217344,1.9283652363810688e-05,1.9103241356788203e-05,0.03460545837879181,0.03457723557949066,7.858674507588148e-05,2.764771004332698,60.17903277731778,d9a4bd0d15089f92a741dfb1e0ddb8119b9319848a0dbf14e9f47ba3827d62c4,5fa868043c02f7ab9b6c9832c295d378a9ef04074e2ca9a661b5b5d257291d71,5ae072e39b8b6943645b0ac7c6b3a4e374e59e906f021d0c2274e650511d2181
20260824,4,3,contrast:0.5,4,5.045828819274902,0.3504077196121216,0.3473142385482788,0.9858971834182739,0.14919790202195357,1.9383605831535533e-05,1.9367438653716817e-05,0.011678187176585197,0.011400893330574036,6.944291817490011e-05,2.838631630937953,34.520188341411476,d9a4bd0d15089f92a741dfb1e0ddb8119b9319848a0dbf14e9f47ba3827d62c4,2c43563329695738ffafb3f048ae74038808ccf11f4cb3cec44a8240a0b2be78,9c374a0dffb1838cc62897da0dc4237f4ea017981d43b3f85bc7146291f71845
20260824,4,4,gaussian_blur:1.0,4,5.026851654052734,0.3503992557525635,0.3515298366546631,0.9890111684799194,0.1534264373384547,1.9349559806869365e-05,2.0848250642302446e-05,0.0031661358661949635,0.0031354057136923075,1.7963393474929035e-05,2.813448718583473,17.385556364282486,d9a4bd0d15089f92a741dfb1e0ddb8119b9319848a0dbf14e9f47ba3827d62c4,717e727f71b5f18ddeb8e640d414ced10fc3ca30fe82213a22966efefe2b3415,3d35d19f631197a0c10471b5d431bb671f3e623ab7b37dca100941406399902a
20260824,4,5,gaussian_blur:2.0,4,5.051094055175781,0.35041558742523193,0.36740803718566895,0.9820815324783325,0.16321079248921588,1.9316528778290376e-05,3.6474513763096184e-05,0.0005216272547841072,0.0007034470909275115,1.8539820302976295e-05,2.6729995892333718,5.795440709992177,d9a4bd0d15089f92a741dfb1e0ddb8119b9319848a0dbf14e9f47ba3827d62c4,a56147a1490522b2d8eace78947974811825128b25c3acc7a992221a056be135,8ce85fae0ad7db8ed1b506eb34bbebd3340ba0c2b018eb1a63c3831e52bf6b38
20260824,4,6,gaussian_noise:0.03,4,5.039151191711426,0.3503273129463196,0.3603854775428772,1.0176374912261963,0.1623010823185671,1.9154773326590657e-05,2.4171229597413912e-05,0.006456224713474512,0.006644535809755325,5.0336268031969666e-05,2.823747222458824,23.280852653629143,d9a4bd0d15089f92a741dfb1e0ddb8119b9319848a0dbf14e9f47ba3827d62c4,0f496bcdbc6ad03946f125e3c0965ca6d9d9f2391da7b7d94bb2601c3c585dbf,b3870b5ac77323127e5f30a91c2731ac56fc91086ea0445eba70f129e90a5da5
20260824,4,7,gaussian_noise:0.06,4,5.048455238342285,0.3501986265182495,0.3618032932281494,1.009252905845642,0.14945346337702364,1.951988087967038e-05,2.7607224183157086e-05,0.0013154273619875312,0.0015394347719848156,3.882771488861181e-05,2.789507239806183,10.169069117602112,d9a4bd0d15089f92a741dfb1e0ddb8119b9319848a0dbf14e9f47ba3827d62c4,9d8c8c72dfe58a372e01dff524c000b7354e7e3b142441e98fcbe447f0fe54f1,3a1b84c9db905b09830fbad93b1976379586c2718170bf32b7c0a7ade8587122
20260824,5,0,brightness:0.8,4,4.604873180389404,0.3378654718399048,0.3365356922149658,0.9800593852996826,0.21796265323548428,1.90520950127393e-05,1.8710677977651358e-05,0.09386967867612839,0.09428036957979202,0.00010867136006709188,2.9122004232277954,100.27840205975089,1f91a5197d507cdf0c36603680e037ca7bc76ab3cb29a2933455a5b3fc4134eb,0bd344b8ffeedc47aa01ad31e482f2ccb1941faecea6d22750bbc44f998253f4,c9e0e9f51aa52c57be85aade3484f7255fe3c3f7521e5e0dee5437b65b40ecf9
20260824,5,1,brightness:0.6,4,4.629154205322266,0.3376999497413635,0.3343617916107178,0.9944376349449158,0.2084674324150689,1.8989421732840128e-05,1.86283141374588e-05,0.07468089461326599,0.0749448612332344,0.00013035329175181687,2.9741365786874785,89.62236541824637,1f91a5197d507cdf0c36603680e037ca7bc76ab3cb29a2933455a5b3fc4134eb,779440d0edb91f198f23c588a49a973f83aec75a2e1523b8ca8f977d4645ff00,42bb99b35ab7fe26bfe2785d7ae4646fb97459a2cfda2c14bae62e2d4234d1a5
20260824,5,2,contrast:0.75,4,4.5779218673706055,0.33789241313934326,0.3358451724052429,1.0158694982528687,0.2182609421547679,1.8989878299180418e-05,1.922615774674341e-05,0.04005075991153717,0.039982326328754425,7.387799996649846e-05,3.0248149496312657,64.51913431420503,1f91a5197d507cdf0c36603680e037ca7bc76ab3cb29a2933455a5b3fc4134eb,b3aa14af3a67f47b9ef4b4c53fac156fd17d2ecb3fc9f12f58290c5b7b6e2bd0,fb18b25f857420a0cd278e9a09e3a7d7dd3becdb55e751f0876273410885f0b5
20260824,5,3,contrast:0.5,4,4.651364326477051,0.3378285765647888,0.3314307928085327,1.0406956672668457,0.21312441806210358,1.955307016032748e-05,1.9703697034856305e-05,0.013000466860830784,0.012712327763438225,6.52638846077025e-05,3.1400089848261463,36.12441143020958,1f91a5197d507cdf0c36603680e037ca7bc76ab3cb29a2933455a5b3fc4134eb,191f4fe642a73e4ee897732cd7dbc14abbb3fa2372176bb630044f3a2eee803c,8c1b9e04135fd85312942d6e7b3d37ca22c1db83fedc9d22940838fdba0adf52
20260824,5,4,gaussian_blur:1.0,4,4.606614112854004,0.337807297706604,0.32840001583099365,1.0328736305236816,0.21175320404785813,1.9144903490087017e-05,1.9486025848891586e-05,0.0035304189659655094,0.0034515501465648413,4.48487262474373e-05,3.1451692470539805,18.928984885169807,1f91a5197d507cdf0c36603680e037ca7bc76ab3cb29a2933455a5b3fc4134eb,271a028c1889324c924e63c1f4e81dbc4929fa4e69f98d688c268ac8ebb58928,d24597b110ab03e4095abfea6b27775fa9d44c2522ce48773896d3a559723873
20260824,5,5,gaussian_blur:2.0,4,4.604763031005859,0.3381727933883667,0.3283783197402954,1.0094491243362427,0.19710899971386853,1.8799475583364256e-05,2.9652130251633935e-05,0.0007684769807383418,0.000943781400565058,2.829507320711855e-05,3.074043149787068,7.599004483928396,1f91a5197d507cdf0c36603680e037ca7bc76ab3cb29a2933455a5b3fc4134eb,b5b9bc099b98988d615dbc87c053cf67415251ba39b91135e474dd59fe29d0f0,1d05405dee419ec34e8266b01be1b9c7b4a4b2a70c4b4cea72f272888b37eb0a
20260824,5,6,gaussian_noise:0.03,4,4.556879997253418,0.33772027492523193,0.3520543575286865,1.0006107091903687,0.20393176522055265,1.9061080820392817e-05,2.419941120024305e-05,0.003922523930668831,0.003996917512267828,4.3768726754933596e-05,2.842205153244938,18.090262816388222,1f91a5197d507cdf0c36603680e037ca7bc76ab3cb29a2933455a5b3fc4134eb,d74905e1c258fdc484f7be46a543b5cb1384be47bedf5a44cc836b39cbc0806a,6e058d0984862117a1c81b48acd0dd51305c9378fde1885b80484eeb4fe85924
20260824,5,7,gaussian_noise:0.06,4,4.6578850746154785,0.33813536167144775,0.3599969148635864,1.0090563297271729,0.20326936616694233,1.9378645447432064e-05,2.8155516702099703e-05,0.0013845982030034065,0.0014692151453346014,3.661696973722428e-05,2.8029582700994378,10.067717751288335,1f91a5197d507cdf0c36603680e037ca7bc76ab3cb29a2933455a5b3fc4134eb,2f3379917a5b471b745c5e8c22bc6f74ffc19b3468ce0481f83ef0a1b8d126ae,523cc843d89347b2fa5c61a3370c17bac029032fd958bebb8c73aa315f28459b
20260824,6,0,brightness:0.8,4,4.181670665740967,0.3106149435043335,0.3100590109825134,0.997016966342926,0.1925719246630274,2.1200135961407796e-05,2.128121195710264e-05,0.0773957222700119,0.07761144638061523,6.086440407671034e-05,3.215571652581822,85.34492737293593,2540f3fdf9295d26cbf158f6c8551718bfe0381b1841b4c286907d548ee7554e,46b74a46477257153ade06954dd7377687f33220eff159d894a13ff4237c183b,e1ae6681dc7c676de0724858c4698af6bf758a28ef9f469c47ca9dbf97d9ed0f
20260824,6,1,brightness:0.6,4,4.169862270355225,0.3103107213973999,0.30984437465667725,1.0020155906677246,0.1941827333096717,2.1186642698012292e-05,2.0869934814982116e-05,0.09255488216876984,0.0915261059999466,9.823157597566023e-05,3.233931846521361,93.91693745881041,2540f3fdf9295d26cbf158f6c8551718bfe0381b1841b4c286907d548ee7554e,b828114cc39009bd889689aba99d67a68fee094a68a7d0fb8c36fa2d03e438ff,2d2e0b898d65146ed156062619d7af6f1074ef27ad004d83da908318dffc810e
20260824,6,2,contrast:0.75,4,4.195304870605469,0.31026142835617065,0.3088030219078064,1.0068557262420654,0.20486835468726236,2.124711318174377e-05,2.1486583136720583e-05,0.03392108902335167,0.033884044736623764,7.519238715758547e-05,3.260511247660859,56.17558573713406,2540f3fdf9295d26cbf158f6c8551718bfe0381b1841b4c286907d548ee7554e,29d95380995872b9ebacfda97bd31f848d2034fcfe6c8a07f885b07ed61e5ae8,8be3b22c62ad828fc4ce83dc9ae7fd99f56eb1eb7e581623e5aef7039e146c90
20260824,6,3,contrast:0.5,4,4.136470317840576,0.3101053237915039,0.3043370246887207,1.0125049352645874,0.19172087909912194,2.1291560187819414e-05,2.123091326211579e-05,0.015087729319930077,0.014724267646670341,7.998551882337779e-05,3.3269200035723183,37.472372981323836,2540f3fdf9295d26cbf158f6c8551718bfe0381b1841b4c286907d548ee7554e,1766bbad56dc3cca845410da2b05d8f381cedf1949fa290a3ea197f540002cd3,613bdac9138ddc235cecd629c317e5660586419f360cb9364d90e2c91957cf74
20260824,6,4,gaussian_blur:1.0,4,4.213266849517822,0.3106447458267212,0.3086588382720947,0.991496205329895,0.19642393498398417,2.0976603991584852e-05,2.0646115444833413e-05,0.003642624244093895,0.003594112815335393,3.148794348817319e-05,3.2122721995598673,18.721999137232473,2540f3fdf9295d26cbf158f6c8551718bfe0381b1841b4c286907d548ee7554e,f471206bb1c7b19d359bbaee5755503b62a22f80fda130d91d5cf77f8f0419e4,c75a4e7ab21e838d38674d6b30c81c3847af2895bae9d388b397b19f197e7b66
20260824,6,5,gaussian_blur:2.0,4,4.256924152374268,0.31083494424819946,0.3163665533065796,0.9686323404312134,0.19526557358628677,2.157712515327148e-05,2.602366657811217e-05,0.0007867038366384804,0.0008010498131625354,2.3355951270787045e-05,3.0617406622391785,7.811012213104077,2540f3fdf9295d26cbf158f6c8551718bfe0381b1841b4c286907d548ee7554e,7ad978ef53786bd041e6a19942f88654a9d210888733be8d49e4658186e6bed6,f05bc976f20a754078c3ad6b5b86d923ac76c73b08cd198d81f77d6cae8731f9
20260824,6,6,gaussian_noise:0.03,4,4.21268367767334,0.3113592863082886,0.3225066065788269,1.0104488134384155,0.2003432494856265,2.164891702705063e-05,2.3780321498634294e-05,0.004254230298101902,0.004478817339986563,7.020086923148483e-05,3.1331104319298406,19.16346570008406,2540f3fdf9295d26cbf158f6c8551718bfe0381b1841b4c286907d548ee7554e,f13eec0f70c55bf44ba9ae7f5258a60292eb9ee86adce738c5acf189045979f2,62fec6df17463ad08e832e27f8abe6f178a9072caad548090ba09831d0df6f7c
20260824,6,7,gaussian_noise:0.06,4,4.211859703063965,0.31055986881256104,0.3353126049041748,0.9997203350067139,0.19391408017661257,2.1409408873296343e-05,2.566507100709714e-05,0.0014122244901955128,0.0014896818902343512,4.7901128709781915e-05,2.9814576618508353,10.633358681199985,2540f3fdf9295d26cbf158f6c8551718bfe0381b1841b4c286907d548ee7554e,2cbcf9c70a9c25ad0d61b00bd80530d5450079ce47c618bc1c8139e7366792ab,d1f6b12d6bae88052eef4691788947b8fa4806b7b1122457a1b9c69b59f12119
20260824,7,0,brightness:0.8,4,4.704286575317383,0.31404995918273926,0.31252312660217285,1.0012141466140747,0.1398437175004804,2.1868316252948716e-05,2.1529307559831068e-05,0.0759795755147934,0.07557142525911331,-6.716663483530283e-05,3.2036481827745598,83.90046606120022,9c488b15c9c222ab3e7cb32c9d5d26eb4aede73003640bb997a3c0506dab71d0,944f24f58e28c0c2bc784b9eb1b97148792ab3c1725a38fef32d39674471874c,ec5444facc1aba5ba71e3910b1fa1ce28896557e89991594df54de138bb6c69b
20260824,7,1,brightness:0.6,4,4.702145099639893,0.3137505054473877,0.31075698137283325,1.0173537731170654,0.13894222662552497,2.1391630070866086e-05,2.1846914023626596e-05,0.08138056099414825,0.08281590044498444,1.93408559425734e-05,3.273792172335742,86.69356193758125,9c488b15c9c222ab3e7cb32c9d5d26eb4aede73003640bb997a3c0506dab71d0,629a18466b10d133b793a34538f20fbba8effe402473fa073effb38caabd723a,6a6b943d15b9a5726a972fa7ec48dcd4b98f6bd405e371a59d69e66368fb3607
20260824,7,2,contrast:0.75,4,4.703226566314697,0.3137773871421814,0.30778616666793823,1.0289185047149658,0.1393301544507951,2.178445538447704e-05,2.0571584173012525e-05,0.0370149090886116,0.03564324229955673,8.567461009079125e-06,3.342965396573644,59.43035213240907,9c488b15c9c222ab3e7cb32c9d5d26eb4aede73003640bb997a3c0506dab71d0,35461755ce96929f5b637247efc0e942262acdcbb1dd0266b647347a9e8b5d97,58a18c5b50312a2e39cecb6b65de5bb45d9e0b5e9a82070bdc5d8cf6b4082a06
20260824,7,3,contrast:0.5,4,4.6598591804504395,0.3140585422515869,0.3045676350593567,1.0625139474868774,0.1389482859587467,2.2031006665201858e-05,2.034687713603489e-05,0.008571906015276909,0.00785649660974741,7.983182513271458e-06,3.4885976879316343,28.41507375572534,9c488b15c9c222ab3e7cb32c9d5d26eb4aede73003640bb997a3c0506dab71d0,03efcecc696c116146da221328c3808fc14cbe90b9ea3a23bc419710f62ac84a,0fad4fab4f92b1fed4df029e51c7ea017b4c88a61d614fe6b34a52c66d43a19d
20260824,7,4,gaussian_blur:1.0,4,4.744705677032471,0.3129911422729492,0.31330883502960205,0.9866310358047485,0.1403295937514271,2.0697985746664926e-05,1.985089147638064e-05,0.00420137494802475,0.004034357611089945,3.660042420960963e-05,3.1490686680173883,20.368596740581843,9c488b15c9c222ab3e7cb32c9d5d26eb4aede73003640bb997a3c0506dab71d0,bc7b5234864c0b01b5554fbab6e2ec5047f379ce54179bdfc5b49b6548fb2498,6725f0b99731e1c224d9e0e7551e58c3b3ace251a444f11d8d2d828549e39208
20260824,7,5,gaussian_blur:2.0,4,4.6681718826293945,0.31369447708129883,0.32597553730010986,0.9746913313865662,0.14132524694081747,2.1029634808655828e-05,3.063313852180727e-05,0.0007144819246605039,0.0008387522539123893,1.899524067994207e-05,2.990075081889397,7.120700538574732,9c488b15c9c222ab3e7cb32c9d5d26eb4aede73003640bb997a3c0506dab71d0,ec19aba81205ee562dbae201d074f58936da48f8643fa66c7f693206f9b1326d,2cb8d008458298e713045805f9e843bfa4615158e4683d92b3190512a8f35119
20260824,7,6,gaussian_noise:0.03,4,4.695750713348389,0.3138369917869568,0.31935882568359375,1.0321295261383057,0.13913212544067396,2.1406429368653335e-05,2.6649999199435115e-05,0.004941635765135288,0.0051391031593084335,3.1037721782922745e-05,3.2318803901192097,19.44901375668298,9c488b15c9c222ab3e7cb32c9d5d26eb4aede73003640bb997a3c0506dab71d0,2702952f5a1bf30a450afe30a47c8fab762b4cc872d7eee57b03de87e2788cc0,40ad360f4d2fee3269f688db1b015d4816bf0f46705bff70f611b1a9275ca26b
20260824,7,7,gaussian_noise:0.06,4,4.704497337341309,0.3134607672691345,0.33110594749450684,1.0291697978973389,0.14165779181221372,2.1349718736018986e-05,3.26867557305377e-05,0.0014838555362075567,0.0016081137582659721,3.023650060640648e-05,3.1082794062900763,9.72594204649236,9c488b15c9c222ab3e7cb32c9d5d26eb4aede73003640bb997a3c0506dab71d0,ed719b6f36ded8cf70ddfdff544c5f79a30a7ce7b432a45e52bc6560cc08574d,be7e00078f1ea60a665fccc02aaa94b6d0b325b6cf2afdadc0f8fec481679bcd
20260824,8,0,brightness:0.8,4,3.8972392082214355,0.3380969166755676,0.336309015750885,0.9802166223526001,0.1767457146482554,2.3174998204922304e-05,2.3098962628864683e-05,0.06981121003627777,0.0683191567659378,0.00010776467388495803,2.9146308200035835,77.33005951536046,4d5f2a4eb7f56e3f1295b47e6bf7e1f8cb4ec5dce233899592551d4d4a553966,d8d344a2619aac37fee99d347bff203e1db07e051e32716987d4ee6f67223fe9,19372582bf0838255556bd93ded62317d8a77a948cc2e15496ada6ab45dee165
20260824,8,1,brightness:0.6,4,3.8823001384735107,0.3388286828994751,0.3335704803466797,0.9933357834815979,0.17785777534610683,2.2946584067540243e-05,2.3142525606090203e-05,0.060825370252132416,0.05957820266485214,7.452965655829757e-05,2.977888758169561,72.12973071627309,4d5f2a4eb7f56e3f1295b47e6bf7e1f8cb4ec5dce233899592551d4d4a553966,086e39ab08a097acf5afd3a8529ba5d9ab6b1e62c6d3adfea3d35262eb4ffe92,eaa04d100d6cc1f8f741c0f61e93136b8175066401e3aea0f489f76c477ca16d
20260824,8,2,contrast:0.75,4,3.91953182220459,0.3369734287261963,0.33408838510513306,1.0418281555175781,0.17991696094687942,2.3264725314220414e-05,2.3647062334930524e-05,0.022849589586257935,0.021638933569192886,4.2481013224460185e-05,3.118420759194394,43.37459138085557,4d5f2a4eb7f56e3f1295b47e6bf7e1f8cb4ec5dce233899592551d4d4a553966,f09d802af177b95f42c23874a7a92f69078260cde5059cdbd638e3677926dbc5,991990014b14128bb4732e5ede7b133f513bead4b555461910ec936a05b9eefb
20260824,8,3,contrast:0.5,4,3.8791003227233887,0.3379535675048828,0.3371715545654297,1.0479364395141602,0.1822023729335481,2.2911193809704855e-05,2.6146431991946883e-05,0.007527445442974567,0.0071845510974526405,2.7898509870283306e-05,3.1080214962522983,23.72081415046698,4d5f2a4eb7f56e3f1295b47e6bf7e1f8cb4ec5dce233899592551d4d4a553966,fa9a8f765b75dd767267ad3c898c919ec85172d53f2a332c3513db2f927b9322,c7fa8ab44ef84f9abfad821500016ea2bceb4bca8ace1321d55b2ccffb736522
20260824,8,4,gaussian_blur:1.0,4,3.8628628253936768,0.3376859426498413,0.33547353744506836,0.9978545308113098,0.17834917568163874,2.2903222998138517e-05,2.6039160729851574e-05,0.0036669420078396797,0.0037935483269393444,2.7754871553042904e-05,2.9744657012617637,16.926618066544496,4d5f2a4eb7f56e3f1295b47e6bf7e1f8cb4ec5dce233899592551d4d4a553966,8d3c90cc5b545406133399e8237320238dc896092b64264a58de37034cec39c2,e6ad8a0ded720348f368aa4110385e737748213ab1a435773cacca96f62bd16e
20260824,8,5,gaussian_blur:2.0,4,3.86808443069458,0.33721333742141724,0.333393931388855,0.9950426816940308,0.1782058707915829,2.3073473130352795e-05,3.225173713872209e-05,0.0008436778443865478,0.0010184315033257008,2.8241229301784188e-05,2.984585464854967,7.598467921930054,4d5f2a4eb7f56e3f1295b47e6bf7e1f8cb4ec5dce233899592551d4d4a553966,43e3656aaa591beb5d324f5bfb26cc865dc280bc6656046369931385ec6b92fc,0e9002c4679cc31ba5e703205244adc743b37affa6b0a2faa0bffa7ad0dbe414
20260824,8,6,gaussian_noise:0.03,4,3.895094633102417,0.33603954315185547,0.35016870498657227,1.0054724216461182,0.17590059891130352,2.2996364350547083e-05,2.7474277885630727e-05,0.0038239452987909317,0.0036943384911864996,7.151252793846652e-05,2.8713942946005826,16.542312246379783,4d5f2a4eb7f56e3f1295b47e6bf7e1f8cb4ec5dce233899592551d4d4a553966,b7ff658d5cf80017c417c59e46c39dcde36ca7ab80c2b2fe7005fc611059168e,6dbdf6bb69677c82da1da9b490beb44cd2c11382b174e571488db236d4eaaba5
20260824,8,7,gaussian_noise:0.06,4,3.8958959579467773,0.33679819107055664,0.3659735918045044,1.030741572380066,0.17487168759596186,2.3019953005132265e-05,3.746332004084252e-05,0.0010637477971613407,0.0012334971688687801,4.17179471696727e-05,2.8164370202172044,7.830698862687299,4d5f2a4eb7f56e3f1295b47e6bf7e1f8cb4ec5dce233899592551d4d4a553966,d1a88a569a0f31d7fa2c41bd12cd6f76bcf952f63e74acc58202ae481b6f07e1,a147868b6cb5939ef7c29447f95cc7eb5f6949964caf279c86e8e1ce57edb0ed
20260824,9,0,brightness:0.8,4,5.654345512390137,0.3288872241973877,0.32807207107543945,1.0089095830917358,0.23041824822000906,1.8682267182157375e-05,1.8600218027131632e-05,0.0797017365694046,0.07908645272254944,6.963162741158158e-05,3.0752681256422445,92.3953427165768,c49d39b6c4f2405b079573e1138d2477eae9c8edf9ad03929e8f2280495a972e,83ad72ee34bf2817a32783d7b0a0f219f5eeebf036434a670965d1bfb0c6a5cf,96e6d9d85edefa6a0cdec65ab1fa45bb6e346c39f4de55c3373e1f9aed203f2d
20260824,9,1,brightness:0.6,4,5.661691665649414,0.32864129543304443,0.32822608947753906,1.001825213432312,0.2260001372204001,1.8461549188941717e-05,1.859960138972383e-05,0.07852594554424286,0.07913701236248016,7.219472172437236e-05,3.052241261585844,92.06891318036767,c49d39b6c4f2405b079573e1138d2477eae9c8edf9ad03929e8f2280495a972e,68d862ed9f469f2df9cecf142fc3beaa176c4579edf1fde2498b8b1aa5809650,a16cf7576852f21d1b0ffcbf5a712d68574cb3d2cbbc7e097e179f650032e1a5
20260824,9,2,contrast:0.75,4,5.622841835021973,0.3287912607192993,0.3281666040420532,1.0293718576431274,0.22407087374246787,1.85914286703337e-05,1.892933141789399e-05,0.02561245486140251,0.02562415972352028,4.1251412767451257e-05,3.1367355634737826,52.02625625121688,c49d39b6c4f2405b079573e1138d2477eae9c8edf9ad03929e8f2280495a972e,8e0f01c6998bbed6b17a7e7314fb41d3f1b0a62828e20ce62b812e7f089b1c06,7d15a2f6af653c95145ce6ae97a659e6985d664f18daaf47b4489f73d99282f2
20260824,9,3,contrast:0.5,4,5.662762641906738,0.32855260372161865,0.33014702796936035,1.0227434635162354,0.22477870031995248,1.841299672378227e-05,1.9060602426179685e-05,0.010745801962912083,0.01047558430582285,4.7415865992661566e-05,3.0978424061753245,33.367107753151146,c49d39b6c4f2405b079573e1138d2477eae9c8edf9ad03929e8f2280495a972e,527e04ef81ae673b2af5daf10bc1a936d1de6f3b3b6666f11307ef43591e059f,46e97f4d7e7d116abfea40811fdce4d6813819571171410509f36150157ac0f1
20260824,9,4,gaussian_blur:1.0,4,5.700413703918457,0.32892268896102905,0.32640790939331055,1.00017511844635,0.23249529632558252,1.8605016521178186e-05,1.8497943528927863e-05,0.003290285589173436,0.0032756696455180645,2.5757801267900504e-05,3.0641877530031687,18.840274846430813,c49d39b6c4f2405b079573e1138d2477eae9c8edf9ad03929e8f2280495a972e,a4015d00f9940fcb4174c76a446e04e89f3eabf51794209253362f42d3cba51c,c50a1f0ff1861663ebfa0db8efeb5e7045fab154a43a600d3b252f030444db38
20260824,9,5,gaussian_blur:2.0,4,5.717203140258789,0.32861554622650146,0.3190094232559204,0.972038745880127,0.2438306901106866,1.854882066254504e-05,2.232465340057388e-05,0.000670265348162502,0.0007610726170241833,2.9707518478971906e-05,3.0470533940946436,8.007164169818942,c49d39b6c4f2405b079573e1138d2477eae9c8edf9ad03929e8f2280495a972e,affe9ec5f91af822529021b18295dcc879b902c4fe521bddac4f26a4317ffd30,14bd057d5297e47dd6411f4fc8b07864021c2b960bfb17feb363c5ebe9b2ea63
20260824,9,6,gaussian_noise:0.03,4,5.685554027557373,0.3289123773574829,0.3355295658111572,0.9979075789451599,0.22335725990780356,1.844652433646843e-05,2.2077778339735232e-05,0.0026650598738342524,0.0029197637923061848,2.5632061806390993e-05,2.974127113158196,15.90475737241542,c49d39b6c4f2405b079573e1138d2477eae9c8edf9ad03929e8f2280495a972e,a3985370e0d3ba172dc770d33bf721fea3bee70a16eb214bc2dc3c06bfec4c75,5b958a2c09be1cd4caa251a1f3e8f825a5d7f130b73a6e08cd62aa5df6f0e262
20260824,9,7,gaussian_noise:0.06,4,5.701623916625977,0.32882964611053467,0.335898756980896,0.9932982325553894,0.23963372419312778,1.8605529476189986e-05,2.4829423637129366e-05,0.0012522563338279724,0.0013607976725324988,2.9115359211573377e-05,2.9571357794928743,10.258665605853318,c49d39b6c4f2405b079573e1138d2477eae9c8edf9ad03929e8f2280495a972e,9e9ba4528d69e1e28dd8722dfe131851e91cbb63bf387da82e3360e3371793cd,195263d71cd8d75ab89af002f835cdc77ae7af8cfc4800fff37a7fb0ba39ceae
20260824,10,0,brightness:0.8,4,4.0366668701171875,0.3403722047805786,0.33998191356658936,0.9777289628982544,0.25960162729508574,2.3168473489931785e-05,2.2651816834695637e-05,0.07532116770744324,0.0745350793004036,0.00010604324052110314,2.875826401002814,81.33657960943982,c49e7441bdf428c261286d128358ecb269f08a87346a77d4311b70b96df44f8a,56e30299fdc84cd07fd7672fd8644c761754740e36a70bd9af171b04b9b9c9d9,6f0892057a9423a1c6c6ba5e9bc58e6fe02aeb76370bd354997365cb3db6f704
20260824,10,1,brightness:0.6,4,4.056694030761719,0.3403879404067993,0.3388546109199524,1.0173430442810059,0.2605849231122104,2.3385202439385466e-05,2.228899029432796e-05,0.0410117506980896,0.039881378412246704,0.00011248420923948288,3.0022995452800045,60.24355890445565,c49e7441bdf428c261286d128358ecb269f08a87346a77d4311b70b96df44f8a,801baf05fd13d54632837de9fc263cfd7436981b95ed2104fe11055b56823d35,2bc1d8040d3410fa26cd964e5b2a33c74561bb6b3645584dcaaa8359a149c7c4
20260824,10,2,contrast:0.75,4,4.031126022338867,0.3391348123550415,0.3375895619392395,1.0177642107009888,0.25219298190146705,2.2625510609941557e-05,2.3732865884085186e-05,0.0343766026198864,0.03460598737001419,4.724270183942281e-05,3.014797628382152,53.91314358825032,c49e7441bdf428c261286d128358ecb269f08a87346a77d4311b70b96df44f8a,857edef7023b44b62275c39bcaa9237df21509d144a23e6d3c23feb1f778bf99,c16189198d0c457523aaaee26691674cc546ae59aa689ee40a00c71d44d6815b
20260824,10,3,contrast:0.5,4,4.018449783325195,0.3392747640609741,0.33422529697418213,1.0159178972244263,0.25723586474769694,2.2825461201136932e-05,2.4652614229125902e-05,0.008822614327073097,0.008932316675782204,5.4220341553445905e-05,3.039620000107002,26.836631607648897,c49e7441bdf428c261286d128358ecb269f08a87346a77d4311b70b96df44f8a,5bb5b4bc304f519f251a4976c0e3ffc04537b2472ea8dded28adb2181bcc0c6c,6fb25a9f18d8e8668efe473b8651a806666b72491a0abfb4b99cbb2cb6634ba8
20260824,10,4,gaussian_blur:1.0,4,4.078490734100342,0.339931845664978,0.34793198108673096,0.9934266805648804,0.25509000811857707,2.2249831090448424e-05,2.4633009161334485e-05,0.003041379852220416,0.0030507699120789766,2.3603533918503672e-05,2.8552324436000704,15.726299827162528,c49e7441bdf428c261286d128358ecb269f08a87346a77d4311b70b96df44f8a,2886f68f3a371ea9b95cfafd5a1559ad880e5052e19729576c809612bfab89d0,18660da8d5e1713cc0ea8bd126c069e9dedc998823842814e5359e48a1f860b9
20260824,10,5,gaussian_blur:2.0,4,4.092328071594238,0.33963972330093384,0.3337336778640747,0.9861368536949158,0.26079540209713953,2.273036807309836e-05,3.1029565434437245e-05,0.0007481432985514402,0.0009221559157595038,2.4702610971871763e-05,2.9548616729551527,7.336844114151875,c49e7441bdf428c261286d128358ecb269f08a87346a77d4311b70b96df44f8a,14401db5e9f9bab7da0f9b253f50ade61f50feb26fd4cce045fd3a2e4c49127d,975d3cc9965e52aefd89b7291c7b9541fdc04217331126abbe62a5b7b659785d
20260824,10,6,gaussian_noise:0.03,4,4.046316146850586,0.3407769799232483,0.35005319118499756,1.0233774185180664,0.24976244458180322,2.317410326213576e-05,2.8536596801131964e-05,0.002682856749743223,0.002938580699265003,4.755742338602431e-05,2.9234911844503872,14.035329142781427,c49e7441bdf428c261286d128358ecb269f08a87346a77d4311b70b96df44f8a,baf6690bf77010fe914eecdea0875771091c97f7a1ee31ca734f354a4861f71a,a27758293e907533f42bc9f78eeb256dce37c992b6e20541ec85b83fe7812962
20260824,10,7,gaussian_noise:0.06,4,4.040037631988525,0.3408771753311157,0.35389071702957153,1.01219642162323,0.25008049801406984,2.3708318622084334e-05,3.108900637016632e-05,0.00094947824254632,0.0009126354125328362,3.047170685022138e-05,2.8601948932688437,7.739264178656135,c49e7441bdf428c261286d128358ecb269f08a87346a77d4311b70b96df44f8a,28dd7cf3fed86c6cc1b6a242c3b9e17fae6356ddf55096398b258efaf9cbc08f,d19c627d55a721cfd212d401bcfe8fced6e2e899afa60f325d82ec56c19b0465
20260824,11,0,brightness:0.8,4,3.8778135776519775,0.3648828864097595,0.36426103115081787,1.0146509408950806,0.3245790616604398,3.012147863046266e-05,2.8901948098791763e-05,0.051505327224731445,0.04973165690898895,8.795307076070458e-05,2.7855050475464576,59.18423536488282,209b584b5710f7cb6125f921db517de7a4b179f77e50da5a750e1ab3f1780387,2b29c10e7c79f658281f005081de64a8f43d86781933e7608af6a72eee95a2f9,86fe52a81ece193c75c8e3f1c0889c424a2df7c19088294fefcff8750baaea75
20260824,11,1,brightness:0.6,4,3.833721160888672,0.3643491268157959,0.3622246980667114,0.9919251203536987,0.32178018015883436,3.104159259237349e-05,2.88582596112974e-05,0.03920694440603256,0.03788900002837181,0.0001534457696834579,2.7384248662442516,51.68692534756582,209b584b5710f7cb6125f921db517de7a4b179f77e50da5a750e1ab3f1780387,b69d05660522da6c3a7a648f7f21cfa5204221120f476ad78b8f79832d17453d,b9df0bf554cb095591fe80983115f6124b803ef94df50eb0979785ff5983c97a
20260824,11,2,contrast:0.75,4,3.867730140686035,0.36467015743255615,0.36265838146209717,1.0022116899490356,0.3296376285527992,2.894769568229094e-05,2.9080752938170917e-05,0.02783844992518425,0.027570098638534546,0.000106649415101856,2.763514484095222,43.65013221987503,209b584b5710f7cb6125f921db517de7a4b179f77e50da5a750e1ab3f1780387,3c0f35ad321af7d1ea4e076cd0180efa1adc8902de410630b448313d16ab12d8,3805a16751292578af254405e60eb8e9b2fef7f9cab85096238c26de0b9178a0
20260824,11,3,contrast:0.5,4,3.8626952171325684,0.3654308319091797,0.3599321246147156,1.0171513557434082,0.30705985792604606,2.9928312869742513e-05,3.194655437255278e-05,0.008024732582271099,0.008246442303061485,6.489975203294307e-05,2.825953245579855,22.568227162992134,209b584b5710f7cb6125f921db517de7a4b179f77e50da5a750e1ab3f1780387,dd3169b7d911b7a9758361f89999fa8ccb5d46adf12c703aa815d1e53940bc5d,ac2f727f0598f5dc2fe055124054a7d3d6bb9fa0178217c5ef3bf43b781b6b55
20260824,11,4,gaussian_blur:1.0,4,3.7879855632781982,0.3654431104660034,0.35496389865875244,1.0014808177947998,0.30555228240013216,3.055756678804755e-05,3.19737009704113e-05,0.0024237553589046,0.002288243966177106,4.2074807424796745e-05,2.8213596413013873,12.139649709051493,209b584b5710f7cb6125f921db517de7a4b179f77e50da5a750e1ab3f1780387,1cbcbb5ff2e7fccf859d232cb8854de9c558b13af4a81a7dd5eee389b9605d32,60d0aaaeb87ddf76b7275e751c4fd82d18b06bfa5fa204d9d40f89e462025221
20260824,11,5,gaussian_blur:2.0,4,3.8306024074554443,0.3645063638687134,0.36515069007873535,1.0227514505386353,0.3131971688773522,2.9583810828626156e-05,4.9510250391904265e-05,0.0005234489217400551,0.0006758237723261118,3.347597521496937e-05,2.800902417350232,4.921657768142512,209b584b5710f7cb6125f921db517de7a4b179f77e50da5a750e1ab3f1780387,5ceeee77df5b381c3641776c5a4c0dec2975efa801fdfda26a6e1328a86be481,84773b29bf09eccfa80d950c3d8a866c9460323242437fabd6bc29225dea2c0c
20260824,11,6,gaussian_noise:0.03,4,3.793046474456787,0.3650473356246948,0.35467445850372314,0.9877210259437561,0.31423507854767396,3.0076818802626804e-05,2.8335422030068003e-05,0.001793231931515038,0.0016180028906092048,6.977386510698125e-05,2.784866522699964,10.972130527471412,209b584b5710f7cb6125f921db517de7a4b179f77e50da5a750e1ab3f1780387,bbe404b4f702f5e93d2d9553e52a30898158f80b11742b205938c5ee33238c00,4898812c7d31b5180a7ce35b5b00402890442a3d6da6599e7056e4da62f2ead8
20260824,11,7,gaussian_noise:0.06,4,3.856611728668213,0.3648240566253662,0.3665306568145752,0.9861314296722412,0.3197368822896613,3.094716157647781e-05,3.425600880291313e-05,0.0007390882237814367,0.0007889840053394437,5.422615504357964e-05,2.6904473373181355,6.678878772800931,209b584b5710f7cb6125f921db517de7a4b179f77e50da5a750e1ab3f1780387,3b3193d9d1d7be55eb6052d3368a0f78035fc91d442494b57ac73b404a6e2358,ba6551970cbcf3927dcf35919a0a3b6f21748e1652f00a9097379dee905dcb46
20260824,12,0,brightness:0.8,4,4.672394752502441,0.28117847442626953,0.28036177158355713,0.9849488139152527,0.16170314653650616,2.1387930246419273e-05,2.0980985937057994e-05,0.07488179951906204,0.07559213787317276,0.00019120308570563793,3.5131352193703242,84.68718481696875,f3571d9b3d5f337f982663432f43c3b44b61ffebe65362397389af101abe7149,65aa26ca4ed514757d5ec6f43f4386479afa2d1c4b0314a8e6157e91a4527185,bf9414aea9a4acc41b0f8bd1006dea054d5765088e9b9b6d21e41086b909300a
20260824,12,1,brightness:0.6,4,4.700334072113037,0.2821798324584961,0.27845001220703125,1.0333703756332397,0.1629033294132739,2.1203963115112856e-05,2.099274206557311e-05,0.07213254272937775,0.0727091059088707,0.00024608452804386616,3.7111522008658246,83.06386685815175,f3571d9b3d5f337f982663432f43c3b44b61ffebe65362397389af101abe7149,343ec46bc34d89b04a942e97187955b82305a39f5c358b57a62deb1da0aa03e1,6342ad85131606da6e029e55583691e4c31cfb552a1c592d19eb8010ac3a654b
20260824,12,2,contrast:0.75,4,4.644696235656738,0.2822537422180176,0.2762988805770874,1.0440599918365479,0.16371571697921425,2.1351545001380146e-05,2.092670911224559e-05,0.0266881100833416,0.02660187892615795,9.782558481674641e-05,3.7787340638365525,50.46291645986459,f3571d9b3d5f337f982663432f43c3b44b61ffebe65362397389af101abe7149,d21a402b59149648092a11257e416eaa52a6c13b8b8956004777298d2d0c9cff,f03310cb0a8aed08e3e18ad37218cacd3027530f10044aa9fa56d5d48fc089c0
20260824,12,3,contrast:0.5,4,4.706532955169678,0.2808769941329956,0.27335822582244873,1.0280660390853882,0.16436082533178245,2.1451618522405624e-05,2.1990477762301452e-05,0.009812286123633385,0.00992560014128685,7.740005094092339e-05,3.760874712997063,29.959391526121053,f3571d9b3d5f337f982663432f43c3b44b61ffebe65362397389af101abe7149,fa98f7e68f06597d55a532042a6f436db5f229b53b6832f6fe58337d6deaf82e,016466cdde94696e4941efda520a5444e115b54f49cd694384c533c24a7960ff
20260824,12,4,gaussian_blur:1.0,4,4.6712870597839355,0.28238630294799805,0.28157472610473633,0.9810982942581177,0.1695070574678086,2.09850932151312e-05,2.1995725546730682e-05,0.00287924287840724,0.0027417042292654514,3.7454628909472376e-05,3.484326551002955,15.985845205336831,f3571d9b3d5f337f982663432f43c3b44b61ffebe65362397389af101abe7149,cabd7bca26503ee324fdd4232066cb8f6ee1cd16883201691fde5601acd6e33c,c2e2c01ca9cb5aefbbc10b452d2036bdc080d9fa5561ccee9ad953d57a006165
20260824,12,5,gaussian_blur:2.0,4,4.668200492858887,0.28167688846588135,0.28346240520477295,0.9428306221961975,0.16530648409852722,2.1238502085907385e-05,2.5909206669894047e-05,0.000641223625279963,0.0006042106542736292,3.273068796261214e-05,3.3261222824772747,6.93319395911595,f3571d9b3d5f337f982663432f43c3b44b61ffebe65362397389af101abe7149,6333317541a1309ff8fcb726e05c04d5452babb78de5710e3d48cebe03a7fc0e,bf99978a9e9d894dca1859f50f63c33f404ffa6200d304d30b9bdbd93186d52c
20260824,12,6,gaussian_noise:0.03,4,4.698378086090088,0.281765878200531,0.3049858808517456,1.0112128257751465,0.16647670892888658,2.1394167561084032e-05,2.497481727914419e-05,0.004408281296491623,0.004459816962480545,5.265255458652973e-05,3.3156053747507728,18.843609187167182,f3571d9b3d5f337f982663432f43c3b44b61ffebe65362397389af101abe7149,aa54dcc579e60c0c5e7afd2acf5997da632d1450a28c4b19412955bb47c906b2,737707957848ee038807bd62f00e9d59840b75189e92855419c70873d63408da
20260824,12,7,gaussian_noise:0.06,4,4.683253288269043,0.2822606563568115,0.3098989725112915,1.002907156944275,0.165231175312779,2.1211555576883256e-05,3.29413014696911e-05,0.0010866269003599882,0.0013046697713434696,3.673905666801147e-05,3.2362390517694695,8.520132582036114,f3571d9b3d5f337f982663432f43c3b44b61ffebe65362397389af101abe7149,ec4820de880599bc490cf804b4f24c693d4c5b95ca09ff137f10204a6e72da2f,81153fdef0fe5212693c850f05affc756af86e664e71fba1f43ce981989a7990
20260824,13,0,brightness:0.8,4,5.30275821685791,0.3207998275756836,0.32068777084350586,0.9842283725738525,0.20235770446203266,1.9015260477317497e-05,1.8824859580490738e-05,0.11153338104486465,0.11190667748451233,0.00011188097414560616,3.0691172600222147,108.94684187562677,4e7b776a45f427f20fc84fa224bde3f1fa2b2c25c82cca9dee728c761e43f168,ed1014b73f6c2b5b6aeeb64d50eebf26604ee2a6cce016bc4eb980da3cb889de,15575b6c05c457b0f40c6489d54e429dc3b9b0cf4e88cd462bbd169c1b7fe64d
20260824,13,1,brightness:0.6,4,5.347506523132324,0.321111261844635,0.3195628523826599,1.024644136428833,0.19556982255529218,1.9042192434426397e-05,1.8587030353955925e-05,0.11088788509368896,0.11054399609565735,0.00018777293735183775,3.206393136089156,109.14782118821128,4e7b776a45f427f20fc84fa224bde3f1fa2b2c25c82cca9dee728c761e43f168,db579065ab6df3541895a56383acc961b57a886dc702db23406cd0c1ed23408d,4ed34bc1b5565c8bda18dfccc96694b2311e6403a7825545b1fed22a1c331dca
20260824,13,2,contrast:0.75,4,5.259178161621094,0.32083094120025635,0.3202395439147949,0.9855503439903259,0.1951321913990351,1.8886745237978175e-05,1.9583883840823546e-05,0.0505225695669651,0.050412118434906006,-1.421385422872845e-05,3.0775410554935965,71.79113346706592,4e7b776a45f427f20fc84fa224bde3f1fa2b2c25c82cca9dee728c761e43f168,7553156a46c4183b07e9364f170f2c7a577cc92b1e6c036952d10fe8f9ad903f,9b3bf06ff83a22fa7a1eec0f7e2b6f92c335a3e5e193d0923279c07d377d5c18
20260824,13,3,contrast:0.5,4,5.268219470977783,0.3207942843437195,0.32121801376342773,1.0119820833206177,0.1924011976877663,1.8945014744531363e-05,2.1195955923758447e-05,0.01203096192330122,0.011895437724888325,2.9616830943268724e-06,3.150452465178143,33.59790303896087,4e7b776a45f427f20fc84fa224bde3f1fa2b2c25c82cca9dee728c761e43f168,6f8f518cf63e00956e10e798219855e0800c32b1135fcbaed92349cdf9fc9321,c8e30f5e18e153af903322fdbb08695db6d09e89c60e8c91fbc5ba25f8a306e3
20260824,13,4,gaussian_blur:1.0,4,5.2903008460998535,0.3206091523170471,0.3206009268760681,0.9890456199645996,0.18806348014961524,1.8730903320829384e-05,1.9667619199026376e-05,0.0037500839680433273,0.0037062978371977806,3.148110772599466e-05,3.084974299986744,19.470996267977636,4e7b776a45f427f20fc84fa224bde3f1fa2b2c25c82cca9dee728c761e43f168,9b9dd40c2432e68a168e0fdc93ee26c7a42d10efb9b2b703d8849403682168e9,863790400a5037f03610f393659bf53f9f2458251a8e4a0b147f2a031819e831
20260824,13,5,gaussian_blur:2.0,4,5.315238952636719,0.3210732936859131,0.31998538970947266,0.9780964255332947,0.202239886621023,1.8926799384644255e-05,2.1715499315178022e-05,0.0009037760901264846,0.0008834909531287849,2.425384082016535e-05,3.056690889610138,9.072141464920795,4e7b776a45f427f20fc84fa224bde3f1fa2b2c25c82cca9dee728c761e43f168,d74102e09c5a40feb8a792d41fc398450d65d9dbbc077e2520adc4fee5177434,9679dbbf18a0ee0b0ae7b67c31151d0c89651bb8c2badc725d46f66cf051d87d
20260824,13,6,gaussian_noise:0.03,4,5.2931809425354,0.3209972381591797,0.3313465118408203,1.0342909097671509,0.19181984377376382,1.9060349586652592e-05,2.4218923499574885e-05,0.005357182584702969,0.00560479611158371,2.3151369532570243e-05,3.1214781891653858,21.274877061587972,4e7b776a45f427f20fc84fa224bde3f1fa2b2c25c82cca9dee728c761e43f168,57564e2c98b5bfb8fa82c0642105891ef37fbab5b0e6ede1c4eda25698d6de22,d08ef8d308a0c39cbc1988e6bc17e1a1e7414ce309154bedda4816fb211a8fa6
20260824,13,7,gaussian_noise:0.06,4,5.247646331787109,0.32079315185546875,0.34048032760620117,1.0325462818145752,0.19607353714194534,1.8930411897599697e-05,2.5377245037816465e-05,0.001748424954712391,0.0017436039634048939,2.976590440084692e-05,3.0326165657618143,11.730504195544263,4e7b776a45f427f20fc84fa224bde3f1fa2b2c25c82cca9dee728c761e43f168,6abed70db69e0dce2713c4dcf7a7b3d8cd70411a4efe0b8e2a5db8aa6a049e80,11bde5f3e17dc7f6ead44d3262fc4d6b814b8ec7966d7bd0d7c21679aefc6c08
20260824,14,0,brightness:0.8,4,5.139390468597412,0.34142374992370605,0.34210747480392456,0.990513801574707,0.16477816461206224,1.9327279005665332e-05,1.9391380192246288e-05,0.09138688445091248,0.09208360314369202,4.239964982843958e-05,2.8953293176140336,97.26996215661424,cb0af2a99f69c11db75f59d1abdb9abc19ffef5931e2726599e64fc5a8cfbe66,05e43a7305791c84940d14e05f9fe148c7f120a230f0bc19f42c0eb3e410d2b4,772260cd9ce7f7dd7ab4370e05bec029c4c7251f63105329271e08a17670888c
20260824,14,1,brightness:0.6,4,5.174169540405273,0.34339237213134766,0.33939945697784424,0.9828435182571411,0.17644293543016926,1.954263643710874e-05,1.919838905450888e-05,0.08312930166721344,0.08217521756887436,0.00011618540156632662,2.8958311454260826,92.79187902598161,cb0af2a99f69c11db75f59d1abdb9abc19ffef5931e2726599e64fc5a8cfbe66,cf42b74ff5b4ee54c0ea1d8c35ac2072e1671d98f3669f632930ae8412d14462,cc70c003a2708b6f731ddee5872560b93d7730368fb4a7abe40e6c39ada414e5
20260824,14,2,contrast:0.75,4,5.154158592224121,0.3421803116798401,0.3380832076072693,1.00583016872406,0.17560718182965085,1.9613504264270887e-05,1.9161216187058017e-05,0.05608086287975311,0.05616868659853935,7.497175829485059e-05,2.9750965031439,76.53864472589191,cb0af2a99f69c11db75f59d1abdb9abc19ffef5931e2726599e64fc5a8cfbe66,a38c1163939e309ae3d28b50667ec91694684fbaa9508a9637d34e3b6516ece6,610f0a3abbe9d1ca397f2b4d9cdddf5e5aea23d3dd39bb340b5ae9d57284aa6a
20260824,14,3,contrast:0.5,4,5.198404312133789,0.3426162004470825,0.3312072157859802,1.0382659435272217,0.16887898328263765,1.971622259588912e-05,1.9862076442223042e-05,0.01235637441277504,0.012273771688342094,5.287741805659607e-05,3.1347926435217803,35.21447106406184,cb0af2a99f69c11db75f59d1abdb9abc19ffef5931e2726599e64fc5a8cfbe66,10360a21eb6f57061c7b195e32162ab344e33dbaa5ab9f62e20bce405b7bc67a,2563520bfa84cb87222579289b67580ca16c237ee92d25167021a73f5ff67ba3
20260824,14,4,gaussian_blur:1.0,4,5.179353713989258,0.34362512826919556,0.3523121476173401,1.0312004089355469,0.17412861558004347,1.9325962057337165e-05,2.1260180801618844e-05,0.005292590707540512,0.005263769067823887,3.4055607102345675e-05,2.9269510458537287,22.282997666886505,cb0af2a99f69c11db75f59d1abdb9abc19ffef5931e2726599e64fc5a8cfbe66,da4465c90964ad3df6e1e940b5c4f8b6134c50a5257cabfe9267a2351bcde344,1f9b484f00cc6ba76d41144f5aa69e607f76ceab175b35f0aa253dc0c7d260c6
20260824,14,5,gaussian_blur:2.0,4,5.155676364898682,0.3433501720428467,0.3612965941429138,0.9976649880409241,0.15885698923094374,1.9566246919566765e-05,2.403787220828235e-05,0.0009541934123262763,0.0009581727790646255,2.6933599656331353e-05,2.761346229702596,8.91943854606036,cb0af2a99f69c11db75f59d1abdb9abc19ffef5931e2726599e64fc5a8cfbe66,032e18fc7f0a93544f815661dc909a6cbe7e6945e75a214851fb91740004188c,0a0a3d52f7256619eed88cb3a9b2f1820cf3fd5f7d5f3c87589d8cca3f1b2e5b
20260824,14,6,gaussian_noise:0.03,4,5.115166664123535,0.3431915044784546,0.35968494415283203,1.0133140087127686,0.16453466704389533,1.97743338503642e-05,2.1130139430169947e-05,0.007985538803040981,0.008245582692325115,4.6512843255186453e-05,2.817226645667454,27.715523295104408,cb0af2a99f69c11db75f59d1abdb9abc19ffef5931e2726599e64fc5a8cfbe66,b2acd152f3a50d9882df4467c8fdca43a2d812583859a93755d7e829d1b71d71,e0046bdfdf3b61e6b472ae8cb2e5d30f17405d9cff3d37940133388f4c686be2
20260824,14,7,gaussian_noise:0.06,4,5.112515449523926,0.34195613861083984,0.3828994035720825,1.0188909769058228,0.1678430674771111,1.9365625121281482e-05,2.8666159778367728e-05,0.002452665474265814,0.0027199184987694025,4.038424231112003e-05,2.660988675878185,13.432876326721695,cb0af2a99f69c11db75f59d1abdb9abc19ffef5931e2726599e64fc5a8cfbe66,dcccb67d946accb5a3288362f4dd256148eb27f73d749285fc54c01d7bc2178d,2401e166c33390bf3edb5db4414c24732045cbcfad6fad0f77ae45699619d1fd
20260824,15,0,brightness:0.8,4,4.684805870056152,0.3298937678337097,0.3299218416213989,0.9853326678276062,0.22413920244182328,1.9663797502289526e-05,1.9284623704152182e-05,0.08654378354549408,0.08694852143526077,8.417930803261697e-05,2.986563917639386,94.84938602925422,837b7cfcbd4ab9011096fcb65d078fef4b9de5ba43f4c0989b85cadd80699f80,2049f7e4280b5c416c61cf8087e31d061347024d138b0b23a741f9f75e73e1f0,098848ba4fbea26ea37370a3156f6d466901bb8847f124bbb3b9bdc888220125
20260824,15,1,brightness:0.6,4,4.732649803161621,0.3312711715698242,0.32877999544143677,0.9980510473251343,0.1973437069751635,1.9374749172129668e-05,1.9017243175767362e-05,0.03993850201368332,0.03922836482524872,0.0001054964741342701,3.0356197492645505,64.52053334360801,837b7cfcbd4ab9011096fcb65d078fef4b9de5ba43f4c0989b85cadd80699f80,ecda35058ac8d9947a50c1624cceebc1bf1118b9c87849ae803ca53d7ed9628e,7fca9c1f9bc13585671df22f8ccdf7df9d8e5798847e74ff15f903197df27ab9
20260824,15,2,contrast:0.75,4,4.632075309753418,0.3313520550727844,0.32838189601898193,1.0172697305679321,0.2433672366395559,1.9423985577304848e-05,1.884595440060366e-05,0.031072717159986496,0.030693918466567993,8.833620813675225e-05,3.097825254377389,57.24900002287438,837b7cfcbd4ab9011096fcb65d078fef4b9de5ba43f4c0989b85cadd80699f80,5b260aec6990427d83aa4244342946571e1dc46f1d62c1a536d90d3b8c49c780,c242880772917586d32d4d8ce85bf09e06a9c2788bcd4aad5080d764d9eb483e
20260824,15,3,contrast:0.5,4,4.665010929107666,0.33042311668395996,0.3241567611694336,1.0272071361541748,0.23483158778044308,1.947238160937559e-05,1.9102637452306226e-05,0.012732991017401218,0.012605907395482063,8.40143984532915e-05,3.168859203949362,36.42060858404324,837b7cfcbd4ab9011096fcb65d078fef4b9de5ba43f4c0989b85cadd80699f80,145364a60e543b9bd9637dc4c0134cfceb8471253e1e5baa300f2c6057513210,cfe4ef9bdc26568281ca2edd2bed47a08f31f620e7ddf9b5d3e55a5252b54fb3
20260824,15,4,gaussian_blur:1.0,4,4.675014495849609,0.33083677291870117,0.32134050130844116,0.9943851232528687,0.27272534956759736,1.9389752196730115e-05,2.0140181732131168e-05,0.0038633644580841064,0.0038918459322303534,3.6632489354815334e-05,3.094490483471302,19.622986253018563,837b7cfcbd4ab9011096fcb65d078fef4b9de5ba43f4c0989b85cadd80699f80,cddae9ca4eba9334ae4b65d75137ffcf89ec59d0b94535b03461edef24ce7516,da4a4a48b6f1f4d921c69beab59f9b8563be26f738cfa62fc05a512cc43e9668
20260824,15,5,gaussian_blur:2.0,4,4.667089462280273,0.3305780291557312,0.33009815216064453,0.9907252788543701,0.19724275437525646,1.9275390513939783e-05,2.508048237359617e-05,0.0008229606319218874,0.0008871519239619374,2.324671731912531e-05,3.0013051341536348,8.25742057950934,837b7cfcbd4ab9011096fcb65d078fef4b9de5ba43f4c0989b85cadd80699f80,fc5f0331a0b0ad8509ecbb72b0e634c688414abcfd6ee2d71e965f2bfc94540d,b8716769ef776edff488592c89e616a8cfd7d7da4cb2bbfc80c783eb1e40c997
20260824,15,6,gaussian_noise:0.03,4,4.68674373626709,0.3306218385696411,0.35019874572753906,1.0018645524978638,0.20230529522845964,1.927982157212682e-05,2.3410711946780793e-05,0.005274140741676092,0.005429287441074848,2.2386982891475782e-05,2.8608456332888537,21.382286240019525,837b7cfcbd4ab9011096fcb65d078fef4b9de5ba43f4c0989b85cadd80699f80,677edcf91df3ac2cb7490912a6ed5b61d25fc31d94958b51c37d5ec9170257f4,12fa3fd920e8d7f0d420ae1b73b3821bf6a1d7522e465c12412fce6e8824d8e4
20260824,15,7,gaussian_noise:0.06,4,4.6657915115356445,0.33117103576660156,0.3521465063095093,1.0123841762542725,0.2515837156933708,1.9330655049998313e-05,3.007555460499134e-05,0.0011868177680298686,0.001488332636654377,2.7570702513912693e-05,2.874894846647906,9.431207061076888,837b7cfcbd4ab9011096fcb65d078fef4b9de5ba43f4c0989b85cadd80699f80,63f8f359b1bf220303aaecf8fde6266d0730aceb64fd4a975d6a70dca82fe7c5,b7abbc956c946c99058e446b502064a288b57416cc4b488b9e6ececa0ef56a12
20260825,0,0,brightness:0.8,4,4.8797125816345215,0.37346547842025757,0.37109309434890747,1.0015290975570679,0.13243041053202373,2.049533577519469e-05,2.0258430595276877e-05,0.06847402453422546,0.06821399182081223,3.798307807301171e-05,2.6988621259963805,82.14144179065784,589f336944f743804feedc1ea65fc50d3458e02f1f5ad0d8f4b3b46636218e0c,eec6477c86fb0cc3baba4efe15bee4548ab4215adfeab37f087f4482657bcc3d,1f9d5b495ec37cf6fb72427463a9c04b8e28f67af6a54ac16a4067ee5fdb6f31
20260825,0,1,brightness:0.6,4,4.906641006469727,0.37322449684143066,0.3693697452545166,0.9983354806900024,0.13091141818807137,2.0294362911954522e-05,2.0759416656801477e-05,0.0397636778652668,0.04026053845882416,9.746348041517194e-06,2.702807941137932,62.08735262043918,589f336944f743804feedc1ea65fc50d3458e02f1f5ad0d8f4b3b46636218e0c,522b15e01066dad1cdec67ad086a576e2efb4285e7f07ac0052fbdbccf0fa8dd,8a7406e84bf16e0d2e86b1b54118af01327c9318afcb09c228fc47f33933ec36
20260825,0,2,contrast:0.75,4,4.888989448547363,0.37383806705474854,0.36601686477661133,0.9944483637809753,0.13559956914262203,2.078985926345922e-05,1.9496199456625618e-05,0.01082458533346653,0.010072469711303711,2.7499085263116285e-05,2.716946839014947,32.73916236232943,589f336944f743804feedc1ea65fc50d3458e02f1f5ad0d8f4b3b46636218e0c,20f77ed9cf73c3b8365fe13ee8c0a141e59ee32f82c59a705a0957d44bfb2958,3cbb3ffb84af374ffa833ea8e1c2987429506b45d88ded6efa2329e521e8b568
20260825,0,3,contrast:0.5,4,4.870627403259277,0.37347352504730225,0.36155933141708374,0.9957768321037292,0.13240441570132314,2.054923606920056e-05,1.9190347302355804e-05,0.00455361558124423,0.004250562749803066,2.586119808256626e-05,2.75411736215164,21.419187770502752,589f336944f743804feedc1ea65fc50d3458e02f1f5ad0d8f4b3b46636218e0c,815fbdddbf60b7e1c5c99c6988c85fc90c6e2ae88b2524f73019a5c7e6b92e6d,40dd28c61091b3d9b08ad57b361af8f1a126bcc7c303687dcfeeb67d4b955883
20260825,0,4,gaussian_blur:1.0,4,4.891811370849609,0.3737034797668457,0.3666134476661682,0.986596941947937,0.13456485831359705,2.054661490547005e-05,2.1599458705168217e-05,0.0018040193244814873,0.0018718852661550045,2.601693631731905e-05,2.6911095275651618,13.045498568960223,589f336944f743804feedc1ea65fc50d3458e02f1f5ad0d8f4b3b46636218e0c,9573acb82103e32bc6ceeb10704a9692d8c3d3e7cc648a131bf9dcaec073502c,40b37b52860f2cc0e4a7d6a86237b141c40e849c8b09161e70f24f4b33eed49c
20260825,0,5,gaussian_blur:2.0,4,4.899407386779785,0.3735511302947998,0.37235140800476074,0.9938752055168152,0.1400250844217416,2.0527846572804265e-05,2.2526488464791328e-05,0.000573290279135108,0.0005784615641459823,2.0883109755232e-05,2.669186107936264,7.15043905544595,589f336944f743804feedc1ea65fc50d3458e02f1f5ad0d8f4b3b46636218e0c,c79c1b750bf3c88516af1913a92feae0bdeed0aafa7bea986bb9ddc5e9685c0e,aa5451f0a2e7bedd68cf9596c717ce9535b2785a96dbc78b036f784577c2fd14
20260825,0,6,gaussian_noise:0.03,4,4.900176048278809,0.3726937770843506,0.3632594347000122,1.0051823854446411,0.13049028070474158,2.015233076235745e-05,2.347483314224519e-05,0.003045398509129882,0.0034648324362933636,5.553620576392859e-05,2.767119830692748,16.653170961666834,589f336944f743804feedc1ea65fc50d3458e02f1f5ad0d8f4b3b46636218e0c,a97b3dc1384d36d651abfb2523ea3081e7b8ee265c0d138b69061873b269c8bf,d3fa702b53f63fa403fb060a0c53af00f7cbb6a63b468f90d00429f89d9c129d
20260825,0,7,gaussian_noise:0.06,4,4.869790077209473,0.3730682134628296,0.3736337423324585,1.0237864255905151,0.13112446281979462,2.0469247829169035e-05,2.3565380615764298e-05,0.0012283732648938894,0.001329790917225182,4.699440614785999e-05,2.7400802165227147,10.41902254162005,589f336944f743804feedc1ea65fc50d3458e02f1f5ad0d8f4b3b46636218e0c,ca2bb1c34ad64a1d7128749c1898cc7151505c065c1daf8fc7abb1bdcc8da874,41feb3528cf1bc8e5817b41a2fc754e0930c7703fd9849e410793cb57fb940b8
20260825,1,0,brightness:0.8,4,5.212353706359863,0.39803922176361084,0.39783376455307007,1.0230045318603516,0.18758489753034824,1.909192360471934e-05,1.9126557162962854e-05,0.06259341537952423,0.06247576326131821,4.480366624193266e-05,2.571437175548948,80.86428436807164,88a206454ed770368eed248f2dfa6fd770ff835c62650d34a99e1be508628fdf,a96ba61ce726867bcefecbf435f8fd308c8aa1493a3d8cb4c8c14f908ee4a17a,a506823fad86071dc8f2d7cd0153609d17d904489376dbccf80133755b5f7143
20260825,1,1,brightness:0.6,4,5.252077102661133,0.3989903926849365,0.3962181806564331,0.994722843170166,0.20201081276566626,1.916812834679149e-05,1.8901489966083318e-05,0.05454385280609131,0.05452250316739082,0.00010546135308686644,2.5105431596353363,75.96217329810887,88a206454ed770368eed248f2dfa6fd770ff835c62650d34a99e1be508628fdf,530a4c40d2c23d4b061d4b419dec254de2c688243b0e42a12652a635d0afe78a,a61799b676c915ccedf9861a59f4867136f67122a65b6b6e4056a6c9e71329df
20260825,1,2,contrast:0.75,4,5.2278242111206055,0.3985838294029236,0.39162230491638184,1.0181663036346436,0.19094311872915298,1.898468326544389e-05,1.893175794975832e-05,0.017161142081022263,0.017183400690555573,5.029824023949914e-05,2.599868012757955,42.59252606996535,88a206454ed770368eed248f2dfa6fd770ff835c62650d34a99e1be508628fdf,c7a890ca9578e5db0a9272bf003af032b470b0781fdea4b5e9c5499224604077,f9f8fc1199e6b7d3b9af297dbdb65942c0b70798ff3a3637c1c4539fa409bdb2
20260825,1,3,contrast:0.5,4,5.234034538269043,0.3987421989440918,0.3856850862503052,1.0051965713500977,0.19571589772769551,1.9223636627430096e-05,1.8852611901820637e-05,0.005889741703867912,0.005952398292720318,4.579512824420817e-05,2.6062624850828082,25.06278519033555,88a206454ed770368eed248f2dfa6fd770ff835c62650d34a99e1be508628fdf,101d9380aa5adc43379289ce12a8527475fd5a65ca3a1f7294e25253c928a892,7106de71c32eb3dc89029bf4ddc896e6c4c91970b53890c333bcc3955e053e1e
20260825,1,4,gaussian_blur:1.0,4,5.292786598205566,0.3981750011444092,0.401470422744751,1.000927209854126,0.1934968767721132,1.915690882015042e-05,1.9400313249207102e-05,0.0019255306106060743,0.0020036729983985424,1.9101949874311686e-05,2.4931530522498813,14.2314088632201,88a206454ed770368eed248f2dfa6fd770ff835c62650d34a99e1be508628fdf,e34c681cc7da07ef78825ec10fdbb999879e48675557a2d0661f7155a70aaa96,853b6323c2e1ee08f0409d7aec8c1d8995255906c68a55bbe79cd2f4109ecd4b
20260825,1,5,gaussian_blur:2.0,4,5.265856742858887,0.3983398675918579,0.38890212774276733,1.0039926767349243,0.19622765714571902,1.9087945474893786e-05,2.049336580967065e-05,0.0005794821190647781,0.000614770979154855,2.0131337805651128e-05,2.581607569395964,7.633813439432071,88a206454ed770368eed248f2dfa6fd770ff835c62650d34a99e1be508628fdf,f20fa57fe4f007f1b5a920e2660c893a4e392951875e1fd378d4021b8422d171,a4a748e0ed478a7e5331e76cf5d287354e4488c35b27f4ef1d9449673bdb7756
20260825,1,6,gaussian_noise:0.03,4,5.213093280792236,0.3981400728225708,0.3921598196029663,1.0099990367889404,0.1960872447693998,1.9065331798628904e-05,1.984674236155115e-05,0.0018792697228491306,0.0019145261030644178,4.060841092723422e-05,2.575478124738766,13.825866566677753,88a206454ed770368eed248f2dfa6fd770ff835c62650d34a99e1be508628fdf,4fc97f64153215be24c7759c9981d15bea60a90d21a8be4e994bd629ff1a5dca,b1a964e804cf7493c91dd028a03bea5fd5911c77c6ea42c7291f21021c5d900f
20260825,1,7,gaussian_noise:0.06,4,5.215433120727539,0.39850914478302,0.407520055770874,1.0196797847747803,0.1880383511534217,1.919053465826437e-05,2.180494266212918e-05,0.000752987340092659,0.0008353195153176785,3.1581461371388286e-05,2.502158532654132,8.534728902046922,88a206454ed770368eed248f2dfa6fd770ff835c62650d34a99e1be508628fdf,63614fde77a9da8a78966bd7ed3789c1ff93f536cf418fb9db3dd168f6f3fb67,d58f8d1136ef8d6ebe598adfc852e935f83072222410c55dccc9e1010d18b9b0
20260825,2,0,brightness:0.8,4,5.614274978637695,0.34182000160217285,0.3414754867553711,1.0032426118850708,0.14377310090413487,1.8402886780677363e-05,1.8683716916712e-05,0.06112685054540634,0.061608631163835526,7.807692782080267e-06,2.937963780116907,81.05007600870027,3a007e01ece9e051941535b8c676f505ac11c507a84badec7a6663263d950f4d,1b2de9d17a45006c914b0ad105b327c40bde601d78cb74e533b156211e030e01,c3c689a0a5b3a593628f3ce58e2108d0205ad2369c74c334f9f5f16b820b2082
20260825,2,1,brightness:0.6,4,5.6244730949401855,0.3427397608757019,0.34014707803726196,0.9940009117126465,0.1481238866917102,1.8668972188606858e-05,1.874847112048883e-05,0.0812377855181694,0.08086802065372467,9.656212569097988e-06,2.922267971397235,92.98574095597814,3a007e01ece9e051941535b8c676f505ac11c507a84badec7a6663263d950f4d,5b64de3f89c896ff009388fd36e5107e220e8ec3bb461f4b0422fb34e860690a,748d41975c3d8157a31d6972e0a831319aa89dedebfa24aeb4e435d6f221b5d4
20260825,2,2,contrast:0.75,4,5.597862243652344,0.34221476316452026,0.338329553604126,0.9931362271308899,0.1528388317411106,1.8660572095541283e-05,1.8266702682012692e-05,0.029431279748678207,0.02932603470981121,5.629206134472042e-05,2.935410804499044,56.71538557054996,3a007e01ece9e051941535b8c676f505ac11c507a84badec7a6663263d950f4d,d4dd9b3405a4de0f79c41efee841c4cc9e33229f30d205d512be3b30ab5d273e,76fbf081780b103a8eb8c68535e86403aa18dbc4a8eba10a67374b8709bfa3f9
20260825,2,3,contrast:0.5,4,5.643991470336914,0.34291863441467285,0.3375750780105591,1.0013482570648193,0.14366449321558,1.860680458776187e-05,1.8083228496834636e-05,0.007352287881076336,0.007341052405536175,3.184866363881156e-05,2.9662979357543033,28.505081254939526,3a007e01ece9e051941535b8c676f505ac11c507a84badec7a6663263d950f4d,2d2a4203eaff43397c046da38de38f7a2024886c5831a7fc4e847952ddf24b9d,548c8ce50140232e7f3c04a42954342b9bb22ca81772c36a206dfd2875412e50
20260825,2,4,gaussian_blur:1.0,4,5.573576927185059,0.3422695994377136,0.34700578451156616,0.9928808212280273,0.1540178238234869,1.8614291548146866e-05,1.942235030583106e-05,0.0027382895350456238,0.002870271448045969,2.7506452170200646e-05,2.8612803173456416,16.993186811011107,3a007e01ece9e051941535b8c676f505ac11c507a84badec7a6663263d950f4d,41773e2b3a9db4ac62f2f753387fd16f6767a45de34e9a5bc42807b2f18b8092,eef4eb8612c5e3cf481502897d03b160a2923c4d31821d3dc2484ff43a8db63a
20260825,2,5,gaussian_blur:2.0,4,5.512178421020508,0.34236037731170654,0.3490889072418213,0.9781890511512756,0.15153251970828696,1.861403688963037e-05,1.977699139388278e-05,0.0006240603397600353,0.0006297735963016748,2.4126708012772724e-05,2.8021201214327425,7.962324954571317,3a007e01ece9e051941535b8c676f505ac11c507a84badec7a6663263d950f4d,667c1cf455618b0550d33641248cd201256d25ad9ac98b841a80354d29326f32,ba22f4fc809c7ed948d88fdc9dd9902359ed27a9a935d3576ccb94007bd80c73
20260825,2,6,gaussian_noise:0.03,4,5.56301736831665,0.342205286026001,0.33856111764907837,1.0041041374206543,0.15321808948603993,1.868306935648434e-05,1.9135617549181916e-05,0.004922022111713886,0.004893390461802483,5.453059930005111e-05,2.9657987437925972,22.64816593765449,3a007e01ece9e051941535b8c676f505ac11c507a84badec7a6663263d950f4d,189e4a918b0d3f81ee6f270afc51ae14a74546f3d17395014d642d4d10249b87,694324de8b33cd425cb37d10bc7a72a5480c41fcde1754aad2c6a3ba15493190
20260825,2,7,gaussian_noise:0.06,4,5.584813594818115,0.3424031734466553,0.35119152069091797,1.0127978324890137,0.15551567375897524,1.8592611013446003e-05,1.9642793631646782e-05,0.0014669974334537983,0.0014887654688209295,4.5170287194196135e-05,2.883890335667792,12.266853257064893,3a007e01ece9e051941535b8c676f505ac11c507a84badec7a6663263d950f4d,da702ca49669350ae99e161ba0d9bf3d3728d7e39ff83cb37fe49f12e94ebc77,686aa68f24e6446e512813d1dd7ab26ed8a217c0b2790e9bdf837b320209b57a
20260825,3,0,brightness:0.8,4,5.205832481384277,0.35792046785354614,0.35712194442749023,0.9921238422393799,0.12362109651540537,2.160211261070799e-05,2.17530905501917e-05,0.03705422952771187,0.03656022995710373,2.2418780645239167e-05,2.7781094321433386,58.17294895244527,52cc3748da8d88b7d2db6dcb30d68e6a9fde57400db118cb0e96aa6b03ff8953,4bd1e28a40c1ba35c1641c44741ef9e3062054d9ff3a80784c4071c04fc52852,9e380877d3094af21fc120e10b5c8c716ae04fae9659cfb1abaa28b2558494c8
20260825,3,1,brightness:0.6,4,5.243442535400391,0.35750412940979004,0.35509538650512695,0.9899628758430481,0.1200299139785204,2.165473415516317e-05,2.145273901987821e-05,0.02420085296034813,0.0237356536090374,5.7502056733937934e-05,2.787878731927019,47.27067630555411,52cc3748da8d88b7d2db6dcb30d68e6a9fde57400db118cb0e96aa6b03ff8953,f0dbc5fd4000f9fe0d7e6f3440e0caf2f904955c962fc9052cf3ea8d349a196d,13820f10b4bcc59e522ae67867dfda34370d424fbaf5dc5c1ba017f3ffffa39c
20260825,3,2,contrast:0.75,4,5.203106880187988,0.35813772678375244,0.35400915145874023,0.9880621433258057,0.11406809796352886,2.1473180822795257e-05,1.995411003008485e-05,0.01849222555756569,0.017123335972428322,4.361169703770429e-05,2.791063844689801,42.2477628518069,52cc3748da8d88b7d2db6dcb30d68e6a9fde57400db118cb0e96aa6b03ff8953,93e080518905214ee7039690e7b25ee59b2d5360b9caf1457949791c22c5cb3f,682d4cde3d9a10d07800d64ab45b6823448600821c7abe2af28f4a29760a0474
20260825,3,3,contrast:0.5,4,5.184762001037598,0.35764652490615845,0.35059797763824463,0.9952889680862427,0.12551255492325156,2.1282501620589755e-05,1.90402442967752e-05,0.004745808430016041,0.004138189367949963,3.632065636338666e-05,2.8388325990665173,21.60070684753543,52cc3748da8d88b7d2db6dcb30d68e6a9fde57400db118cb0e96aa6b03ff8953,5d99300d44ed9594e5b6e7c07ebc2684ce55e5a07e5867301d443dbcc5bf9ffe,20939e9d69d5242bed855e57ea61f75b3439e9fc46e351136de9c36c16a68b2b
20260825,3,4,gaussian_blur:1.0,4,5.222267150878906,0.3579515814781189,0.3551814556121826,0.9937567114830017,0.11446135478327372,2.1586340153589845e-05,2.0892623069812544e-05,0.0027808668091893196,0.002679954282939434,2.067500099656172e-05,2.7978845623293744,16.1671135886871,52cc3748da8d88b7d2db6dcb30d68e6a9fde57400db118cb0e96aa6b03ff8953,075e141057529ec517a2fbde7aed215d259189033f07bc2b9055cbe45e2c3bcc,88649838b1fc294cd7d98aa382610c041f5c52e6c3156c31cbf02a5294f3af55
20260825,3,5,gaussian_blur:2.0,4,5.176170349121094,0.3577890396118164,0.36280691623687744,0.9799845218658447,0.12072282170566885,2.1371854018070735e-05,2.1622992790071294e-05,0.0006189667037688196,0.000568537856452167,2.196027708123438e-05,2.701118633653639,7.410708681521806,52cc3748da8d88b7d2db6dcb30d68e6a9fde57400db118cb0e96aa6b03ff8953,db7027b2da68a82ebf0f94533069bd6332589103e2f3e909e92ab8545420f2e4,0c59a774d4873e2145c84ea6a6f93f31502db4b0dd20c59e4bd8a257e85547a3
20260825,3,6,gaussian_noise:0.03,4,5.204706192016602,0.3575172424316406,0.37358009815216064,1.0138487815856934,0.11688062701474615,2.144147947547026e-05,2.9267552235978656e-05,0.0016836838331073523,0.0023218421265482903,3.5340883187018335e-05,2.7138725713722276,11.698672259200334,52cc3748da8d88b7d2db6dcb30d68e6a9fde57400db118cb0e96aa6b03ff8953,d0880b714d8993977b39a3134e63ea8631b1a69131427020a42e4991eefd1e0b,836c3151691c6d47bcf58fd2ff13aac4b80f31c215020d9a5ef0672cfe5620a1
20260825,3,7,gaussian_noise:0.06,4,5.193140029907227,0.3582559823989868,0.37679988145828247,1.0209872722625732,0.11757829197209564,2.195165870944038e-05,2.725589365581982e-05,0.0010855259606614709,0.001357713364996016,4.240946509526111e-05,2.709627371195477,9.467881027389609,52cc3748da8d88b7d2db6dcb30d68e6a9fde57400db118cb0e96aa6b03ff8953,38a9d1fc1661f9fb033de4d48e9bc685db033f70b5d723efdac85001829099e1,25b0a1ed7a8098a18e45ba8b17f350df23056f1f645f4c2fbdc59ae2b87ea9a3
20260825,4,0,brightness:0.8,4,4.958125114440918,0.3791399598121643,0.37953341007232666,0.9909473657608032,0.12786830273855848,1.9102672013104893e-05,1.9087456166744232e-05,0.06536105275154114,0.06475681066513062,-2.9398415790637955e-05,2.6109621431535133,82.56470534333253,d9a4bd0d15089f92a741dfb1e0ddb8119b9319848a0dbf14e9f47ba3827d62c4,590836f4dfebcfee07a47362d4be13b5564f24af208079da09abe139afa7fe5c,24f4a85d22264da68c91c5a75adbadec22a50945952cf6fa2a24a4182318489c
20260825,4,1,brightness:0.6,4,4.976696968078613,0.37888747453689575,0.3779623508453369,0.9661400318145752,0.13011016164802752,1.918238922371529e-05,1.9017075828742236e-05,0.04044461250305176,0.04021000862121582,9.063605830306187e-06,2.556180608078401,65.1242535704064,d9a4bd0d15089f92a741dfb1e0ddb8119b9319848a0dbf14e9f47ba3827d62c4,8bf27031aa289920de9a08a80f61c9e2ceb2edaa201dc884208d42d95401b61f,01e7540cacad2c8976f93bc586307a3774d7703a759dbfe3dc99e12257f05028
20260825,4,2,contrast:0.75,4,4.982113361358643,0.3797416687011719,0.3755747079849243,0.9974738359451294,0.12352218484439409,1.9219294699723832e-05,1.8429280316922814e-05,0.01841195486485958,0.017615102231502533,7.939232091302983e-06,2.6558599786894286,44.21404062708828,d9a4bd0d15089f92a741dfb1e0ddb8119b9319848a0dbf14e9f47ba3827d62c4,5fa868043c02f7ab9b6c9832c295d378a9ef04074e2ca9a661b5b5d257291d71,5ae072e39b8b6943645b0ac7c6b3a4e374e59e906f021d0c2274e650511d2181
20260825,4,3,contrast:0.5,4,4.991424083709717,0.3794844150543213,0.37775737047195435,0.9779735803604126,0.12319939485538127,1.914881977427285e-05,1.877637259894982e-05,0.005698326043784618,0.005477515514940023,1.5060393707244657e-05,2.5888934453841976,24.396878909398215,d9a4bd0d15089f92a741dfb1e0ddb8119b9319848a0dbf14e9f47ba3827d62c4,2c43563329695738ffafb3f048ae74038808ccf11f4cb3cec44a8240a0b2be78,9c374a0dffb1838cc62897da0dc4237f4ea017981d43b3f85bc7146291f71845
20260825,4,4,gaussian_blur:1.0,4,4.950050354003906,0.37917858362197876,0.38425368070602417,0.9850202798843384,0.12913776328763707,1.9221290131099522e-05,1.9924707885365933e-05,0.0028372895903885365,0.002861949149519205,1.8943739632959478e-05,2.5634634860867727,16.912680454361517,d9a4bd0d15089f92a741dfb1e0ddb8119b9319848a0dbf14e9f47ba3827d62c4,717e727f71b5f18ddeb8e640d414ced10fc3ca30fe82213a22966efefe2b3415,3d35d19f631197a0c10471b5d431bb671f3e623ab7b37dca100941406399902a
20260825,4,5,gaussian_blur:2.0,4,5.022555351257324,0.3791086673736572,0.39094579219818115,0.9966813325881958,0.1209730115522711,1.8984936104970984e-05,1.9571218217606656e-05,0.000652551359962672,0.0006447738851420581,1.7916750948643312e-05,2.549410564017404,8.141707671803063,d9a4bd0d15089f92a741dfb1e0ddb8119b9319848a0dbf14e9f47ba3827d62c4,a56147a1490522b2d8eace78947974811825128b25c3acc7a992221a056be135,8ce85fae0ad7db8ed1b506eb34bbebd3340ba0c2b018eb1a63c3831e52bf6b38
20260825,4,6,gaussian_noise:0.03,4,5.0059027671813965,0.37903261184692383,0.39795613288879395,0.9918531179428101,0.1210948959419419,1.901331779663451e-05,2.369166031712666e-05,0.003925307188183069,0.004208346828818321,4.3259286030661315e-05,2.492367967149727,18.528706361160555,d9a4bd0d15089f92a741dfb1e0ddb8119b9319848a0dbf14e9f47ba3827d62c4,69d3932caa1cd2da4535fb8593312f24227888f3b517257ff40ba491e4596aa6,eff454fb0e1ad55562debc5f2cc38fefaf42d724defad8fa23b48a2507b5e50b
20260825,4,7,gaussian_noise:0.06,4,4.977698802947998,0.3790363669395447,0.4030219316482544,0.9785434603691101,0.12385464994893966,1.918513407872524e-05,2.712869900278747e-05,0.0010812198743224144,0.0012461512815207243,3.1760755518916994e-05,2.4280154094024686,9.262289269996595,d9a4bd0d15089f92a741dfb1e0ddb8119b9319848a0dbf14e9f47ba3827d62c4,7a1fa25292373aeb369205aa547fac55d8da73ebe152efe974cbf19df9134ab1,23fd791cbe750dff18d550a413857572727b8cc3bf48ea0c22bfd0e83ab484b8
20260825,5,0,brightness:0.8,4,4.532654762268066,0.3854057788848877,0.3832836151123047,1.0028835535049438,0.19027466944509303,1.9510909623932093e-05,1.9496575987432152e-05,0.06704302132129669,0.06736212968826294,4.732210436486639e-05,2.6165573323845117,83.02880421009685,1f91a5197d507cdf0c36603680e037ca7bc76ab3cb29a2933455a5b3fc4134eb,0bd344b8ffeedc47aa01ad31e482f2ccb1941faecea6d22750bbc44f998253f4,c9e0e9f51aa52c57be85aade3484f7255fe3c3f7521e5e0dee5437b65b40ecf9
20260825,5,1,brightness:0.6,4,4.537209510803223,0.38529837131500244,0.3802708387374878,1.0014641284942627,0.19282426869290686,1.9607330614235252e-05,1.9228868040954694e-05,0.04124196246266365,0.04065029323101044,7.699293200857937e-05,2.633554894241057,65.25962251512603,1f91a5197d507cdf0c36603680e037ca7bc76ab3cb29a2933455a5b3fc4134eb,779440d0edb91f198f23c588a49a973f83aec75a2e1523b8ca8f977d4645ff00,42bb99b35ab7fe26bfe2785d7ae4646fb97459a2cfda2c14bae62e2d4234d1a5
20260825,5,2,contrast:0.75,4,4.557188987731934,0.3862389922142029,0.3811761140823364,1.007096529006958,0.19738680828133445,1.9508126570144668e-05,1.8934637409984134e-05,0.019930807873606682,0.019154220819473267,6.611592834815383e-05,2.6420766984088067,45.433555110567816,1f91a5197d507cdf0c36603680e037ca7bc76ab3cb29a2933455a5b3fc4134eb,b3aa14af3a67f47b9ef4b4c53fac156fd17d2ecb3fc9f12f58290c5b7b6e2bd0,fb18b25f857420a0cd278e9a09e3a7d7dd3becdb55e751f0876273410885f0b5
20260825,5,3,contrast:0.5,4,4.572963237762451,0.3856431245803833,0.37623560428619385,1.0261796712875366,0.19477160897914694,1.9501054339343682e-05,1.9100723875453696e-05,0.005966257303953171,0.005677214823663235,4.470837666303851e-05,2.72749218733415,24.68973000729619,1f91a5197d507cdf0c36603680e037ca7bc76ab3cb29a2933455a5b3fc4134eb,191f4fe642a73e4ee897732cd7dbc14abbb3fa2372176bb630044f3a2eee803c,8c1b9e04135fd85312942d6e7b3d37ca22c1db83fedc9d22940838fdba0adf52
20260825,5,4,gaussian_blur:1.0,4,4.584891319274902,0.3849337100982666,0.38687676191329956,1.016700267791748,0.19086129598630652,1.9556911865947768e-05,2.115828829118982e-05,0.002657481236383319,0.002831880934536457,1.8766448192764074e-05,2.6279693377386004,16.107223222578753,1f91a5197d507cdf0c36603680e037ca7bc76ab3cb29a2933455a5b3fc4134eb,271a028c1889324c924e63c1f4e81dbc4929fa4e69f98d688c268ac8ebb58928,d24597b110ab03e4095abfea6b27775fa9d44c2522ce48773896d3a559723873
20260825,5,5,gaussian_blur:2.0,4,4.555047035217285,0.3857305645942688,0.3775482177734375,1.0087436437606812,0.207368530985949,1.956382766366005e-05,2.1688221750082448e-05,0.0006978064775466919,0.0007374236593022943,2.4274424504255876e-05,2.6718273223740048,8.134835965105566,1f91a5197d507cdf0c36603680e037ca7bc76ab3cb29a2933455a5b3fc4134eb,b5b9bc099b98988d615dbc87c053cf67415251ba39b91135e474dd59fe29d0f0,1d05405dee419ec34e8266b01be1b9c7b4a4b2a70c4b4cea72f272888b37eb0a
20260825,5,6,gaussian_noise:0.03,4,4.546563625335693,0.3854181170463562,0.39649975299835205,1.022632360458374,0.19793677646130117,1.9423789126449265e-05,2.1203239157330245e-05,0.003169494215399027,0.003319334704428911,6.490451778518036e-05,2.5791500567785333,17.49371536783234,1f91a5197d507cdf0c36603680e037ca7bc76ab3cb29a2933455a5b3fc4134eb,680faf3aa12d0a2aead56872424ecc80f52b2c1d257e22bb0ac14cd49fb2073f,d559a6a5c4c6f816c30608c0145fd5e3d457a08e71d1a1ef81144d0563d368af
20260825,5,7,gaussian_noise:0.06,4,4.58183479309082,0.38583242893218994,0.4068485498428345,1.004827618598938,0.19422023530178845,1.9489114492898807e-05,2.2707143216393888e-05,0.0010684129083529115,0.0011285267537459731,4.3483611079864204e-05,2.469782967119098,9.836210519248107,1f91a5197d507cdf0c36603680e037ca7bc76ab3cb29a2933455a5b3fc4134eb,2f9c3c9de908acbe26183901428973cb7e266b7b8316bcb220f7960b699655af,69704069a1f4e80c91ae147de0b4d7f9a8ff9d92b41ce1e22ae877b0fcca101e
20260825,6,0,brightness:0.8,4,4.015063762664795,0.3783043622970581,0.3773308992385864,0.9859330654144287,0.16532348637769834,2.018414670601487e-05,2.020934334723279e-05,0.07854344695806503,0.07852746546268463,2.595945989014581e-05,2.612913671803546,88.1600407126632,2540f3fdf9295d26cbf158f6c8551718bfe0381b1841b4c286907d548ee7554e,46b74a46477257153ade06954dd7377687f33220eff159d894a13ff4237c183b,e1ae6681dc7c676de0724858c4698af6bf758a28ef9f469c47ca9dbf97d9ed0f
20260825,6,1,brightness:0.6,4,4.0284223556518555,0.37820303440093994,0.37520360946655273,1.0101289749145508,0.16446837673909578,2.0201205188641325e-05,1.9975243048975244e-05,0.06085633859038353,0.061022642999887466,6.482332537416369e-05,2.6922155049379874,78.11211051166254,2540f3fdf9295d26cbf158f6c8551718bfe0381b1841b4c286907d548ee7554e,b828114cc39009bd889689aba99d67a68fee094a68a7d0fb8c36fa2d03e438ff,2d2e0b898d65146ed156062619d7af6f1074ef27ad004d83da908318dffc810e
20260825,6,2,contrast:0.75,4,4.044240951538086,0.3780350685119629,0.37510794401168823,1.0154837369918823,0.16396858729075783,2.0173833036096767e-05,2.0148756448179483e-05,0.03160595893859863,0.03142918646335602,3.23548520100303e-05,2.707177369083498,55.93288952817462,2540f3fdf9295d26cbf158f6c8551718bfe0381b1841b4c286907d548ee7554e,29d95380995872b9ebacfda97bd31f848d2034fcfe6c8a07f885b07ed61e5ae8,8be3b22c62ad828fc4ce83dc9ae7fd99f56eb1eb7e581623e5aef7039e146c90
20260825,6,3,contrast:0.5,4,4.018441200256348,0.37817108631134033,0.36897385120391846,1.0174777507781982,0.16855913467994066,2.018109444179572e-05,2.055786353594158e-05,0.008908976800739765,0.009135046973824501,3.0984421755420044e-05,2.7575876920770606,29.62631975855059,2540f3fdf9295d26cbf158f6c8551718bfe0381b1841b4c286907d548ee7554e,1766bbad56dc3cca845410da2b05d8f381cedf1949fa290a3ea197f540002cd3,613bdac9138ddc235cecd629c317e5660586419f360cb9364d90e2c91957cf74
20260825,6,4,gaussian_blur:1.0,4,4.003398895263672,0.3778572082519531,0.3812435269355774,1.0202836990356445,0.16793440312368446,2.0068582671228796e-05,2.0215968106640503e-05,0.002860988024622202,0.0028225062415003777,1.5392317436635494e-05,2.676199402614519,16.767196006504097,2540f3fdf9295d26cbf158f6c8551718bfe0381b1841b4c286907d548ee7554e,f471206bb1c7b19d359bbaee5755503b62a22f80fda130d91d5cf77f8f0419e4,c75a4e7ab21e838d38674d6b30c81c3847af2895bae9d388b397b19f197e7b66
20260825,6,5,gaussian_blur:2.0,4,3.9714043140411377,0.37870126962661743,0.37652677297592163,1.011950969696045,0.16650909124898294,2.0209095964673907e-05,2.053447678918019e-05,0.00071528903208673,0.0007093840977177024,2.2125517716631293e-05,2.687593664848788,8.329439840221433,2540f3fdf9295d26cbf158f6c8551718bfe0381b1841b4c286907d548ee7554e,7ad978ef53786bd041e6a19942f88654a9d210888733be8d49e4658186e6bed6,f05bc976f20a754078c3ad6b5b86d923ac76c73b08cd198d81f77d6cae8731f9
20260825,6,6,gaussian_noise:0.03,4,3.9739432334899902,0.37818288803100586,0.3789478540420532,1.0299980640411377,0.1680204234371479,2.0314831999712624e-05,2.055049299087841e-05,0.002953639952465892,0.0028567698318511248,5.0666581955738366e-05,2.7180469635984137,16.814821403448978,2540f3fdf9295d26cbf158f6c8551718bfe0381b1841b4c286907d548ee7554e,1e8063b99a8c1c1f2772276e15cb45d974778e4e9393710fd769b64eb3564235,464500c5b9879c9b4a2c1de661dafa091c8d448a65573379db9b7accac500894
20260825,6,7,gaussian_noise:0.06,4,4.009336948394775,0.3779348134994507,0.3939927816390991,1.019803524017334,0.16323485970281393,2.0053357729921117e-05,2.3225980839924887e-05,0.0010435546282678843,0.001045031356625259,3.828985427389853e-05,2.588381238292541,9.482855831282304,2540f3fdf9295d26cbf158f6c8551718bfe0381b1841b4c286907d548ee7554e,100a2c2d831b83655533651240a093892ac4b66ae60b12159f255b3d69a7a759,3cb8c4c76191436116c47d9e78ea029a114808b0cded27539b6f835aa3319877
20260825,7,0,brightness:0.8,4,4.728478908538818,0.34781551361083984,0.3445131778717041,1.0016217231750488,0.13345981375597388,1.8126725990441628e-05,1.8029568309430033e-05,0.0631379634141922,0.06285416334867477,6.34338503004983e-05,2.907353876454765,83.59475692987967,9c488b15c9c222ab3e7cb32c9d5d26eb4aede73003640bb997a3c0506dab71d0,944f24f58e28c0c2bc784b9eb1b97148792ab3c1725a38fef32d39674471874c,ec5444facc1aba5ba71e3910b1fa1ce28896557e89991594df54de138bb6c69b
20260825,7,1,brightness:0.6,4,4.724008560180664,0.3477306365966797,0.33914995193481445,1.0091958045959473,0.13260384606289918,1.815036557673011e-05,1.767268440744374e-05,0.05045594274997711,0.04988308250904083,0.0001564497360959649,2.975662531687215,75.3500730799217,9c488b15c9c222ab3e7cb32c9d5d26eb4aede73003640bb997a3c0506dab71d0,629a18466b10d133b793a34538f20fbba8effe402473fa073effb38caabd723a,6a6b943d15b9a5726a972fa7ec48dcd4b98f6bd405e371a59d69e66368fb3607
20260825,7,2,contrast:0.75,4,4.7367753982543945,0.34770047664642334,0.3375999927520752,1.0232617855072021,0.13493228365271492,1.8215672753285617e-05,1.737650927680079e-05,0.02475312352180481,0.023937292397022247,9.023461461765692e-05,3.0309887662191373,52.93470216738327,9c488b15c9c222ab3e7cb32c9d5d26eb4aede73003640bb997a3c0506dab71d0,35461755ce96929f5b637247efc0e942262acdcbb1dd0266b647347a9e8b5d97,58a18c5b50312a2e39cecb6b65de5bb45d9e0b5e9a82070bdc5d8cf6b4082a06
20260825,7,3,contrast:0.5,4,4.713640213012695,0.3475203514099121,0.32921797037124634,1.0163211822509766,0.1331545688135373,1.8152230040868744e-05,1.6921265341807157e-05,0.00591172743588686,0.00562359020113945,5.852134199813008e-05,3.0870768722160293,26.10948833300041,9c488b15c9c222ab3e7cb32c9d5d26eb4aede73003640bb997a3c0506dab71d0,03efcecc696c116146da221328c3808fc14cbe90b9ea3a23bc419710f62ac84a,0fad4fab4f92b1fed4df029e51c7ea017b4c88a61d614fe6b34a52c66d43a19d
20260825,7,4,gaussian_blur:1.0,4,4.717662334442139,0.3478076457977295,0.33784735202789307,0.9947134852409363,0.132500871934361,1.826182779041119e-05,1.7660466255620122e-05,0.003155408427119255,0.00316306808963418,2.3919084924273193e-05,2.9442689998020515,18.91494597711953,9c488b15c9c222ab3e7cb32c9d5d26eb4aede73003640bb997a3c0506dab71d0,bc7b5234864c0b01b5554fbab6e2ec5047f379ce54179bdfc5b49b6548fb2498,6725f0b99731e1c224d9e0e7551e58c3b3ace251a444f11d8d2d828549e39208
20260825,7,5,gaussian_blur:2.0,4,4.762723922729492,0.34783440828323364,0.3295624256134033,0.9864543676376343,0.13090228330949957,1.8214297597296536e-05,1.737458114803303e-05,0.0006836947286501527,0.0006726139690726995,2.742754077189602e-05,2.993224624444308,8.835316297175835,9c488b15c9c222ab3e7cb32c9d5d26eb4aede73003640bb997a3c0506dab71d0,ec19aba81205ee562dbae201d074f58936da48f8643fa66c7f693206f9b1326d,2cb8d008458298e713045805f9e843bfa4615158e4683d92b3190512a8f35119
20260825,7,6,gaussian_noise:0.03,4,4.748289108276367,0.34814202785491943,0.34227120876312256,1.0246778726577759,0.13373987309942234,1.8271952285431325e-05,1.9042385247303173e-05,0.004489364568144083,0.00464883167296648,6.741219840478152e-05,2.993760054667438,21.90632701804774,9c488b15c9c222ab3e7cb32c9d5d26eb4aede73003640bb997a3c0506dab71d0,61047ee75b898a500bf88cca6765abd34d3b6c9a0924fdcebc973965723aea93,0c98b5da8c1960c04003ac1a3de5e238aaef48761f4e2553ce0fbb8e24925bd6
20260825,7,7,gaussian_noise:0.06,4,4.726406097412109,0.34842997789382935,0.3582035303115845,1.0343164205551147,0.13161139970327276,1.843716381699778e-05,2.1695088435080834e-05,0.0014522280544042587,0.0015779950190335512,4.514490865403786e-05,2.8875104040862225,11.8183429397739,9c488b15c9c222ab3e7cb32c9d5d26eb4aede73003640bb997a3c0506dab71d0,6d948d3f41e626229b2d0a039a60409a52f195e02dc1705c8fb430786ddeeb85,7499a28c50b1f0ec0854347e6d2bf09131f97700a6d88ce7ad622f903d2255af
20260825,8,0,brightness:0.8,4,3.800281047821045,0.35223138332366943,0.3508765697479248,0.9935160875320435,0.13475001286177493,1.8496317352401093e-05,1.8451581127010286e-05,0.05181153491139412,0.05176393315196037,6.784779543522745e-05,2.8315258788747304,74.92239620859564,4d5f2a4eb7f56e3f1295b47e6bf7e1f8cb4ec5dce233899592551d4d4a553966,d8d344a2619aac37fee99d347bff203e1db07e051e32716987d4ee6f67223fe9,19372582bf0838255556bd93ded62317d8a77a948cc2e15496ada6ab45dee165
20260825,8,1,brightness:0.6,4,3.7486934661865234,0.3522210121154785,0.3498169183731079,1.0116729736328125,0.13406881613180027,1.851374145189766e-05,1.8420549167785794e-05,0.04415225237607956,0.04382087290287018,8.127537148538977e-05,2.8920069913650712,69.10726785933703,4d5f2a4eb7f56e3f1295b47e6bf7e1f8cb4ec5dce233899592551d4d4a553966,086e39ab08a097acf5afd3a8529ba5d9ab6b1e62c6d3adfea3d35262eb4ffe92,eaa04d100d6cc1f8f741c0f61e93136b8175066401e3aea0f489f76c477ca16d
20260825,8,2,contrast:0.75,4,3.7844977378845215,0.35283106565475464,0.3485334515571594,0.9965198636054993,0.13201620704684205,1.849579348345287e-05,1.8815591829479672e-05,0.01817212998867035,0.018275506794452667,3.245694097131491e-05,2.8591799701098997,44.01247036079217,4d5f2a4eb7f56e3f1295b47e6bf7e1f8cb4ec5dce233899592551d4d4a553966,f09d802af177b95f42c23874a7a92f69078260cde5059cdbd638e3677926dbc5,991990014b14128bb4732e5ede7b133f513bead4b555461910ec936a05b9eefb
20260825,8,3,contrast:0.5,4,3.811710834503174,0.3524487018585205,0.34402036666870117,0.9999166131019592,0.13471661934420925,1.8480988728697412e-05,1.9139799405820668e-05,0.006985896732658148,0.007156539708375931,2.8713333449559286e-05,2.9065622561378754,27.182752249886367,4d5f2a4eb7f56e3f1295b47e6bf7e1f8cb4ec5dce233899592551d4d4a553966,fa9a8f765b75dd767267ad3c898c919ec85172d53f2a332c3513db2f927b9322,c7fa8ab44ef84f9abfad821500016ea2bceb4bca8ace1321d55b2ccffb736522
20260825,8,4,gaussian_blur:1.0,4,3.7656493186950684,0.35194945335388184,0.3487757444381714,0.9950380325317383,0.14235853241960125,1.849702312028967e-05,1.9679224351421e-05,0.0027184495702385902,0.00288343895226717,2.309610317752231e-05,2.85294504677957,16.871870861116804,4d5f2a4eb7f56e3f1295b47e6bf7e1f8cb4ec5dce233899592551d4d4a553966,8d3c90cc5b545406133399e8237320238dc896092b64264a58de37034cec39c2,e6ad8a0ded720348f368aa4110385e737748213ab1a435773cacca96f62bd16e
20260825,8,5,gaussian_blur:2.0,4,3.7936582565307617,0.352228045463562,0.34470129013061523,0.9871059656143188,0.13596555458711795,1.8420430933474563e-05,1.970028824871406e-05,0.0007792451651766896,0.0008441511890850961,2.2522199287777767e-05,2.8636561390306423,9.077703485418455,4d5f2a4eb7f56e3f1295b47e6bf7e1f8cb4ec5dce233899592551d4d4a553966,43e3656aaa591beb5d324f5bfb26cc865dc280bc6656046369931385ec6b92fc,0e9002c4679cc31ba5e703205244adc743b37affa6b0a2faa0bffa7ad0dbe414
20260825,8,6,gaussian_noise:0.03,4,3.7636911869049072,0.3521754741668701,0.37528836727142334,1.0146732330322266,0.13158131488674693,1.8430291675031185e-05,1.9425586287979968e-05,0.002988342195749283,0.003031277097761631,4.587338844430633e-05,2.703716186061197,17.60343597855873,4d5f2a4eb7f56e3f1295b47e6bf7e1f8cb4ec5dce233899592551d4d4a553966,2e24bbc5620588c42ae5d96a79493ada1c3344ae0fb1fa7c04cb0678bc108c39,a76f8ce554de9023b57c196fa078218030ecef1bf197496cb9919caaa70c6c14
20260825,8,7,gaussian_noise:0.06,4,3.778488874435425,0.35304296016693115,0.39626073837280273,1.0068455934524536,0.14180162043551847,1.8580489268060774e-05,2.148892599507235e-05,0.00099950039293617,0.001061700633727014,3.631850995589048e-05,2.540866394149833,9.793835832099536,4d5f2a4eb7f56e3f1295b47e6bf7e1f8cb4ec5dce233899592551d4d4a553966,5ea9c234283c909cf68d8d302b5490e087b68961803f12f123e07438849cd355,e1baa517413e2260e45299800f9fb1061b535bf8882089863802bf286a0fcbdf
20260825,9,0,brightness:0.8,4,5.864710807800293,0.41293036937713623,0.4113072156906128,0.9967087507247925,0.2714535126193399,2.5374107281095348e-05,2.518316250643693e-05,0.044930361211299896,0.04467588663101196,-1.8218812328996137e-05,2.4232707638042545,59.65048952363656,c49d39b6c4f2405b079573e1138d2477eae9c8edf9ad03929e8f2280495a972e,83ad72ee34bf2817a32783d7b0a0f219f5eeebf036434a670965d1bfb0c6a5cf,96e6d9d85edefa6a0cdec65ab1fa45bb6e346c39f4de55c3373e1f9aed203f2d
20260825,9,1,brightness:0.6,4,5.885853290557861,0.41281580924987793,0.411540150642395,0.9878824949264526,0.2575170963130286,2.5273293431382626e-05,2.5384955733898096e-05,0.06480303406715393,0.0648026391863823,-1.0125312655873131e-05,2.4004522848728467,71.45354842682019,c49d39b6c4f2405b079573e1138d2477eae9c8edf9ad03929e8f2280495a972e,68d862ed9f469f2df9cecf142fc3beaa176c4579edf1fde2498b8b1aa5809650,a16cf7576852f21d1b0ffcbf5a712d68574cb3d2cbbc7e097e179f650032e1a5
20260825,9,2,contrast:0.75,4,5.8879547119140625,0.41256117820739746,0.4112975001335144,1.0039637088775635,0.263050180000319,2.51085584750399e-05,2.4923188902903348e-05,0.021651122719049454,0.021254699677228928,2.6966688892571256e-05,2.4409672039136128,41.49123011109857,c49d39b6c4f2405b079573e1138d2477eae9c8edf9ad03929e8f2280495a972e,8e0f01c6998bbed6b17a7e7314fb41d3f1b0a62828e20ce62b812e7f089b1c06,7d15a2f6af653c95145ce6ae97a659e6985d664f18daaf47b4489f73d99282f2
20260825,9,3,contrast:0.5,4,5.8790178298950195,0.41270607709884644,0.41275620460510254,1.001492977142334,0.2519252820857836,2.526777097955346e-05,2.5593191821826622e-05,0.0056645506992936134,0.005582688841968775,2.3855747713241726e-05,2.426354748805037,20.963352954840964,c49d39b6c4f2405b079573e1138d2477eae9c8edf9ad03929e8f2280495a972e,527e04ef81ae673b2af5daf10bc1a936d1de6f3b3b6666f11307ef43591e059f,46e97f4d7e7d116abfea40811fdce4d6813819571171410509f36150157ac0f1
20260825,9,4,gaussian_blur:1.0,4,5.878130912780762,0.4127926826477051,0.40408599376678467,0.9951618909835815,0.2644702973417993,2.5243554773624055e-05,2.5227447622455657e-05,0.002218616893514991,0.002267771400511265,3.817388278548606e-05,2.4627477970887854,13.335575816195712,c49d39b6c4f2405b079573e1138d2477eae9c8edf9ad03929e8f2280495a972e,a4015d00f9940fcb4174c76a446e04e89f3eabf51794209253362f42d3cba51c,c50a1f0ff1861663ebfa0db8efeb5e7045fab154a43a600d3b252f030444db38
20260825,9,5,gaussian_blur:2.0,4,5.914477348327637,0.4125862717628479,0.4075216054916382,0.999496340751648,0.26129024213928664,2.5269193429267034e-05,2.2889782485435717e-05,0.0005443026311695576,0.0005603887839242816,3.7895024433964863e-05,2.4526217193953324,6.947037714857295,c49d39b6c4f2405b079573e1138d2477eae9c8edf9ad03929e8f2280495a972e,affe9ec5f91af822529021b18295dcc879b902c4fe521bddac4f26a4317ffd30,14bd057d5297e47dd6411f4fc8b07864021c2b960bfb17feb363c5ebe9b2ea63
20260825,9,6,gaussian_noise:0.03,4,5.912151336669922,0.4120081663131714,0.43238574266433716,1.0013209581375122,0.2617987040902915,2.527181823097635e-05,2.650251735758502e-05,0.0021804121788591146,0.002208673395216465,3.757663944270462e-05,2.315804753337674,12.868960278385956,c49d39b6c4f2405b079573e1138d2477eae9c8edf9ad03929e8f2280495a972e,99a688cbfdbe0d7fdeee19f9bedb84b2ece992d9c203f168d6390b7bbccb1425,0a512fa89e735c7e0b98bf20f38806c6c366d7413a0800c3da0f9e29f2f3db6d
20260825,9,7,gaussian_noise:0.06,4,5.9255499839782715,0.413071870803833,0.4260862469673157,1.006278395652771,0.2522729425913636,2.5492554414086044e-05,2.5619610823923722e-05,0.00117571372538805,0.00120115140452981,4.921644722344354e-05,2.3616777185722233,9.63198961172535,c49d39b6c4f2405b079573e1138d2477eae9c8edf9ad03929e8f2280495a972e,d15ac9b549d2f9a731b64a591a65e9d0e6a515f49765024db5d019cf99c45ff7,d360cbbafeb47bdcb0ecd7b2e1167bb51baa576e39f1e90d6eec2c1e871fd9b1
20260825,10,0,brightness:0.8,4,4.067892074584961,0.37879806756973267,0.3781518340110779,0.9755129218101501,0.23298474283159287,1.9479151887935586e-05,1.9555602193577215e-05,0.04923269897699356,0.049460045993328094,2.6929748855764046e-05,2.5796858141948684,71.04066482672387,c49e7441bdf428c261286d128358ecb269f08a87346a77d4311b70b96df44f8a,56e30299fdc84cd07fd7672fd8644c761754740e36a70bd9af171b04b9b9c9d9,6f0892057a9423a1c6c6ba5e9bc58e6fe02aeb76370bd354997365cb3db6f704
20260825,10,1,brightness:0.6,4,4.090525150299072,0.37870919704437256,0.37890470027923584,0.9756585359573364,0.23267798377974858,1.950540899997577e-05,1.9350143702467903e-05,0.041196033358573914,0.04091351479291916,3.909227598342113e-05,2.574944399576779,65.14104687639929,c49e7441bdf428c261286d128358ecb269f08a87346a77d4311b70b96df44f8a,801baf05fd13d54632837de9fc263cfd7436981b95ed2104fe11055b56823d35,2bc1d8040d3410fa26cd964e5b2a33c74561bb6b3645584dcaaa8359a149c7c4
20260825,10,2,contrast:0.75,4,4.14937162399292,0.3780970573425293,0.37546461820602417,0.990005612373352,0.2406792901460844,1.9447956219664775e-05,1.8969192751683295e-05,0.024974223226308823,0.02436448633670807,8.103132859105244e-05,2.636748083224498,50.99991690125552,c49e7441bdf428c261286d128358ecb269f08a87346a77d4311b70b96df44f8a,857edef7023b44b62275c39bcaa9237df21509d144a23e6d3c23feb1f778bf99,c16189198d0c457523aaaee26691674cc546ae59aa689ee40a00c71d44d6815b
20260825,10,3,contrast:0.5,4,4.060845375061035,0.37865012884140015,0.37152910232543945,0.9892586469650269,0.24549622883930228,1.9411698303883895e-05,1.884160519693978e-05,0.00803424883633852,0.007790884934365749,5.3372030379250646e-05,2.6626679869037275,28.981091976275916,c49e7441bdf428c261286d128358ecb269f08a87346a77d4311b70b96df44f8a,5bb5b4bc304f519f251a4976c0e3ffc04537b2472ea8dded28adb2181bcc0c6c,6fb25a9f18d8e8668efe473b8651a806666b72491a0abfb4b99cbb2cb6634ba8
20260825,10,4,gaussian_blur:1.0,4,4.045012474060059,0.3790223002433777,0.3886181116104126,1.000991702079773,0.2371383837782303,1.9537616026354954e-05,2.0687866708613e-05,0.0029244101606309414,0.0031353370286524296,3.6693745641969144e-05,2.575772132522895,17.114704231501918,c49e7441bdf428c261286d128358ecb269f08a87346a77d4311b70b96df44f8a,2886f68f3a371ea9b95cfafd5a1559ad880e5052e19729576c809612bfab89d0,18660da8d5e1713cc0ea8bd126c069e9dedc998823842814e5359e48a1f860b9
20260825,10,5,gaussian_blur:2.0,4,4.067201614379883,0.3787630796432495,0.3818959593772888,0.9892640113830566,0.23581981376429656,1.9495524611556903e-05,1.954586332431063e-05,0.000727386272046715,0.0007553494069725275,2.8811704396503046e-05,2.590401880648669,8.709724947654525,c49e7441bdf428c261286d128358ecb269f08a87346a77d4311b70b96df44f8a,14401db5e9f9bab7da0f9b253f50ade61f50feb26fd4cce045fd3a2e4c49127d,975d3cc9965e52aefd89b7291c7b9541fdc04217331126abbe62a5b7b659785d
20260825,10,6,gaussian_noise:0.03,4,4.055656433105469,0.37852853536605835,0.39477014541625977,1.0327026844024658,0.22383481693083862,1.9401519239181653e-05,2.115044480888173e-05,0.002399218501523137,0.00250355526804924,3.5032648156629875e-05,2.615959429539808,15.225135775218346,c49e7441bdf428c261286d128358ecb269f08a87346a77d4311b70b96df44f8a,8cf6ee5cb46ddd3be5b901562f1472d0c4c242199461324a061d81a7380b4eeb,5ddcb6ce548e6184c522afa92e17b16d5b5f204bbf89bb243a2c2c2ba6c30d6a
20260825,10,7,gaussian_noise:0.06,4,4.032951354980469,0.3786042332649231,0.4046962261199951,1.0024831295013428,0.23769288042214395,1.9525776224327274e-05,2.4566499632783234e-05,0.0008044454152695835,0.000896954967174679,3.2082723919302225e-05,2.477124976213887,8.322074952041774,c49e7441bdf428c261286d128358ecb269f08a87346a77d4311b70b96df44f8a,7b9efd787166096de11ed67681338183db6c30212bfa4d916c17f2698565f2d5,42526637a1df0aa70c91ffa72cf21c78ddfddf0e7e613ed54e49bada1a767a9b
20260825,11,0,brightness:0.8,4,3.8290505409240723,0.37596845626831055,0.3757650852203369,1.0144290924072266,0.2876387406490068,2.0999363187002018e-05,2.0974446670152247e-05,0.07374021410942078,0.07398650050163269,1.552309186081402e-05,2.6996363747110697,83.92363059146952,209b584b5710f7cb6125f921db517de7a4b179f77e50da5a750e1ab3f1780387,2b29c10e7c79f658281f005081de64a8f43d86781933e7608af6a72eee95a2f9,86fe52a81ece193c75c8e3f1c0889c424a2df7c19088294fefcff8750baaea75
20260825,11,1,brightness:0.6,4,3.801206111907959,0.3756629228591919,0.37399542331695557,1.0105756521224976,0.28550364614586876,2.105140629282687e-05,2.1025287423981354e-05,0.04666903614997864,0.046754926443099976,4.2209754610667005e-05,2.702107002165237,66.65890438581853,209b584b5710f7cb6125f921db517de7a4b179f77e50da5a750e1ab3f1780387,b69d05660522da6c3a7a648f7f21cfa5204221120f476ad78b8f79832d17453d,b9df0bf554cb095591fe80983115f6124b803ef94df50eb0979785ff5983c97a
20260825,11,2,contrast:0.75,4,3.855600357055664,0.37529802322387695,0.3734854459762573,0.9888401031494141,0.30084521369027234,2.1142157493159175e-05,2.0723537090816535e-05,0.018167003989219666,0.01786590926349163,7.763132452964783e-05,2.6476000974139033,41.69824211791922,209b584b5710f7cb6125f921db517de7a4b179f77e50da5a750e1ab3f1780387,3c0f35ad321af7d1ea4e076cd0180efa1adc8902de410630b448313d16ab12d8,3805a16751292578af254405e60eb8e9b2fef7f9cab85096238c26de0b9178a0
20260825,11,3,contrast:0.5,4,3.785428762435913,0.3763127326965332,0.3695957660675049,0.9909501671791077,0.2901694008143134,2.129128188244067e-05,2.046101144514978e-05,0.005082848481833935,0.005031581036746502,4.9046917411033064e-05,2.681172941245532,22.23346479285002,209b584b5710f7cb6125f921db517de7a4b179f77e50da5a750e1ab3f1780387,dd3169b7d911b7a9758361f89999fa8ccb5d46adf12c703aa815d1e53940bc5d,ac2f727f0598f5dc2fe055124054a7d3d6bb9fa0178217c5ef3bf43b781b6b55
20260825,11,4,gaussian_blur:1.0,4,3.856137752532959,0.3756682276725769,0.3718568682670593,1.0215390920639038,0.29389133147808283,2.1252584701869637e-05,2.1091833332320675e-05,0.002552227582782507,0.0026813065633177757,2.8836466299253516e-05,2.74712982127913,15.752169109858118,209b584b5710f7cb6125f921db517de7a4b179f77e50da5a750e1ab3f1780387,1cbcbb5ff2e7fccf859d232cb8854de9c558b13af4a81a7dd5eee389b9605d32,60d0aaaeb87ddf76b7275e751c4fd82d18b06bfa5fa204d9d40f89e462025221
20260825,11,5,gaussian_blur:2.0,4,3.8385729789733887,0.3757874369621277,0.3607597351074219,1.0040466785430908,0.2974053714823797,2.110921013809275e-05,2.1422933059511706e-05,0.0007168398005887866,0.0007711378275416791,3.117860615020618e-05,2.783145070899113,8.334100541534955,209b584b5710f7cb6125f921db517de7a4b179f77e50da5a750e1ab3f1780387,5ceeee77df5b381c3641776c5a4c0dec2975efa801fdfda26a6e1328a86be481,84773b29bf09eccfa80d950c3d8a866c9460323242437fabd6bc29225dea2c0c
20260825,11,6,gaussian_noise:0.03,4,3.8395817279815674,0.37547582387924194,0.3956700563430786,0.9890266060829163,0.30321307328418423,2.10555772355292e-05,2.380468686169479e-05,0.0015051016816869378,0.0015414620283991098,3.734394704224542e-05,2.499624599404481,11.31289863529653,209b584b5710f7cb6125f921db517de7a4b179f77e50da5a750e1ab3f1780387,2697cf8a98e820ed0dd4b080c4bda87404ef24120d86c02744541189050f6be3,89c3cd238c33e8d47055df7b7019ae8dfd3a53b2204f1368338d4cd0cde13cfc
20260825,11,7,gaussian_noise:0.06,4,3.880155324935913,0.37540966272354126,0.41261613368988037,0.9899537563323975,0.29858533183657016,2.1056566765764728e-05,2.5449520762776956e-05,0.0005286650266498327,0.0005611834349110723,3.045551602554042e-05,2.399212428945981,6.543999439134538,209b584b5710f7cb6125f921db517de7a4b179f77e50da5a750e1ab3f1780387,1a6ad8cd8172a519598bdee4461636c1f46effa05b4de917222292f54d7d4afb,6693e895a444106b3de3142efa93ac1d7fa7923c2018e17095964826b8589243
20260825,12,0,brightness:0.8,4,4.64649772644043,0.31029486656188965,0.3084326982498169,1.0086437463760376,0.15243076627012425,1.702037116046995e-05,1.677112049947027e-05,0.049433689564466476,0.04906424134969711,1.9644819985842332e-05,3.2702231381417306,76.63594448530887,f3571d9b3d5f337f982663432f43c3b44b61ffebe65362397389af101abe7149,65aa26ca4ed514757d5ec6f43f4386479afa2d1c4b0314a8e6157e91a4527185,bf9414aea9a4acc41b0f8bd1006dea054d5765088e9b9b6d21e41086b909300a
20260825,12,1,brightness:0.6,4,4.618687629699707,0.31023311614990234,0.3065337538719177,1.0036327838897705,0.15394858392870736,1.688810152700171e-05,1.686191353655886e-05,0.045466747134923935,0.04582466185092926,5.9809455706272274e-05,3.2741346465522656,73.58029522137072,f3571d9b3d5f337f982663432f43c3b44b61ffebe65362397389af101abe7149,343ec46bc34d89b04a942e97187955b82305a39f5c358b57a62deb1da0aa03e1,6342ad85131606da6e029e55583691e4c31cfb552a1c592d19eb8010ac3a654b
20260825,12,2,contrast:0.75,4,4.594892501831055,0.3099954128265381,0.30767881870269775,0.9829020500183105,0.16069136751343555,1.692090336291585e-05,1.6332196537405252e-05,0.018995800986886024,0.018262725323438644,6.441664299927652e-05,3.194571710079477,47.76288351140848,f3571d9b3d5f337f982663432f43c3b44b61ffebe65362397389af101abe7149,d21a402b59149648092a11257e416eaa52a6c13b8b8956004777298d2d0c9cff,f03310cb0a8aed08e3e18ad37218cacd3027530f10044aa9fa56d5d48fc089c0
20260825,12,3,contrast:0.5,4,4.684713363647461,0.310147225856781,0.3067436218261719,0.9963056445121765,0.15752661843387933,1.6976297047222033e-05,1.6699432308087125e-05,0.004795339424163103,0.004599050153046846,4.4507673010230064e-05,3.2480076963972593,23.718292968673335,f3571d9b3d5f337f982663432f43c3b44b61ffebe65362397389af101abe7149,fa98f7e68f06597d55a532042a6f436db5f229b53b6832f6fe58337d6deaf82e,016466cdde94696e4941efda520a5444e115b54f49cd694384c533c24a7960ff
20260825,12,4,gaussian_blur:1.0,4,4.632023811340332,0.31020820140838623,0.3090152144432068,0.9824098348617554,0.15665640430454256,1.7023436157614924e-05,1.7528889657114632e-05,0.0023695507552474737,0.002429575426504016,3.580742486519739e-05,3.1791633192944624,16.546413787334338,f3571d9b3d5f337f982663432f43c3b44b61ffebe65362397389af101abe7149,cabd7bca26503ee324fdd4232066cb8f6ee1cd16883201691fde5601acd6e33c,c2e2c01ca9cb5aefbbc10b452d2036bdc080d9fa5561ccee9ad953d57a006165
20260825,12,5,gaussian_blur:2.0,4,4.630937576293945,0.3097952604293823,0.3139886260032654,0.9715616703033447,0.155109438869555,1.698237429081928e-05,1.8238572010886855e-05,0.0006111530819907784,0.0005905769066885114,2.407119973213412e-05,3.0942575298674697,8.11723339371302,f3571d9b3d5f337f982663432f43c3b44b61ffebe65362397389af101abe7149,6333317541a1309ff8fcb726e05c04d5452babb78de5710e3d48cebe03a7fc0e,bf99978a9e9d894dca1859f50f63c33f404ffa6200d304d30b9bdbd93186d52c
20260825,12,6,gaussian_noise:0.03,4,4.633741855621338,0.31030118465423584,0.33151400089263916,1.0055404901504517,0.15885626812363063,1.7189926438732073e-05,2.2114423700259067e-05,0.0018787147710099816,0.002232709899544716,2.574679092504084e-05,3.0331765398834425,13.635100887414666,f3571d9b3d5f337f982663432f43c3b44b61ffebe65362397389af101abe7149,53635ee551e136397ace4aeb1b7c28cc5d8033f6bf0b3dc0bae2884e18fb1f2e,f462dec702056cf73d4772ebaf0a5ab919c3726b00ab045be4a3807d2b6d2b11
20260825,12,7,gaussian_noise:0.06,4,4.5929484367370605,0.3104732036590576,0.3541373014450073,1.0297693014144897,0.15189182668060852,1.7043495972757228e-05,3.1601477530784905e-05,0.0004832636332139373,0.0007712756632827222,1.7966605810215697e-05,2.907825008019944,6.300694758669524,f3571d9b3d5f337f982663432f43c3b44b61ffebe65362397389af101abe7149,546cd9583b016af6c04d5723c3c2734f5c5c5100cc5d44a05f7415c7e307cd59,e8a5ae36b0845921726b5675fa1a4bdec4625041b182dcb892047ac19b58c07a
20260825,13,0,brightness:0.8,4,4.989236354827881,0.34436923265457153,0.3434686064720154,0.9987393021583557,0.1568855710666377,1.981740933842957e-05,1.9761839212151244e-05,0.07462619245052338,0.07402858138084412,5.827537825098261e-05,2.9078037507329784,86.73127873769032,4e7b776a45f427f20fc84fa224bde3f1fa2b2c25c82cca9dee728c761e43f168,ed1014b73f6c2b5b6aeeb64d50eebf26604ee2a6cce016bc4eb980da3cb889de,15575b6c05c457b0f40c6489d54e429dc3b9b0cf4e88cd462bbd169c1b7fe64d
20260825,13,1,brightness:0.6,4,5.012713432312012,0.3446998596191406,0.34061694145202637,0.9869446754455566,0.151281960397245,1.9947430700995028e-05,1.9605140550993383e-05,0.04528539627790451,0.044724635779857635,7.563591498183087e-05,2.8975208080909893,67.75798433472119,4e7b776a45f427f20fc84fa224bde3f1fa2b2c25c82cca9dee728c761e43f168,db579065ab6df3541895a56383acc961b57a886dc702db23406cd0c1ed23408d,4ed34bc1b5565c8bda18dfccc96694b2311e6403a7825545b1fed22a1c331dca
20260825,13,2,contrast:0.75,4,5.060013771057129,0.3448728322982788,0.34011757373809814,0.9779568314552307,0.15393255778636936,1.9770488506765105e-05,1.863518264144659e-05,0.018034428358078003,0.017110882326960564,5.1106726459693164e-05,2.8753493114363153,43.427703758011205,4e7b776a45f427f20fc84fa224bde3f1fa2b2c25c82cca9dee728c761e43f168,7553156a46c4183b07e9364f170f2c7a577cc92b1e6c036952d10fe8f9ad903f,9b3bf06ff83a22fa7a1eec0f7e2b6f92c335a3e5e193d0923279c07d377d5c18
20260825,13,3,contrast:0.5,4,4.996954917907715,0.3448854088783264,0.3373064398765564,0.9864277243614197,0.1620254011855083,1.9731476641027257e-05,1.8193080904893577e-05,0.005709643475711346,0.005317935720086098,3.871037915814668e-05,2.9244260047997344,24.619938700775403,4e7b776a45f427f20fc84fa224bde3f1fa2b2c25c82cca9dee728c761e43f168,6f8f518cf63e00956e10e798219855e0800c32b1135fcbaed92349cdf9fc9321,c8e30f5e18e153af903322fdbb08695db6d09e89c60e8c91fbc5ba25f8a306e3
20260825,13,4,gaussian_blur:1.0,4,5.016451835632324,0.34473031759262085,0.3447653651237488,0.9949009418487549,0.1561235631551359,1.9853136109304614e-05,1.980793967959471e-05,0.0028132093138992786,0.0028331971261650324,2.8825907065765932e-05,2.885733436395645,16.883652922540442,4e7b776a45f427f20fc84fa224bde3f1fa2b2c25c82cca9dee728c761e43f168,9b9dd40c2432e68a168e0fdc93ee26c7a42d10efb9b2b703d8849403682168e9,863790400a5037f03610f393659bf53f9f2458251a8e4a0b147f2a031819e831
20260825,13,5,gaussian_blur:2.0,4,4.957465171813965,0.34473979473114014,0.3359518051147461,0.988743782043457,0.1660753254975255,1.986608185688965e-05,1.7543132344144396e-05,0.0006651576841250062,0.0006360277766361833,2.5609660951886326e-05,2.943111979129704,8.612238159163818,4e7b776a45f427f20fc84fa224bde3f1fa2b2c25c82cca9dee728c761e43f168,d74102e09c5a40feb8a792d41fc398450d65d9dbbc077e2520adc4fee5177434,9679dbbf18a0ee0b0ae7b67c31151d0c89651bb8c2badc725d46f66cf051d87d
20260825,13,6,gaussian_noise:0.03,4,4.99129581451416,0.34464287757873535,0.34312212467193604,1.0128893852233887,0.15508404463416642,2.0030434825457633e-05,2.131513974745758e-05,0.00409392174333334,0.0041609094478189945,5.2984491048846394e-05,2.9519792295289227,19.679316300335774,4e7b776a45f427f20fc84fa224bde3f1fa2b2c25c82cca9dee728c761e43f168,85ae927edc7be3bebe987269411bdea66c24a1ee3b95626fb8049bc0ef288082,fe42ee57ff45ea7f13ae423de1477f6dde06e5d5c22604fbaab482759900fc0b
20260825,13,7,gaussian_noise:0.06,4,5.019048690795898,0.34421849250793457,0.35143977403640747,1.000515341758728,0.1558407550100975,1.9649562091217376e-05,2.1349836970330216e-05,0.0012247638078406453,0.0012896640691906214,3.800929698627442e-05,2.8469041231943186,10.852312971769805,4e7b776a45f427f20fc84fa224bde3f1fa2b2c25c82cca9dee728c761e43f168,379f069fd99eb8de8fed79330ea1ad34f917f2df8be1bf5367b6f405a7809563,c7aec40052f91b2d2033bcea0ae4e200fadc4dc2effa00a76d712b5aee7eb25e
20260825,14,0,brightness:0.8,4,5.1871724128723145,0.3841473460197449,0.3839566707611084,0.9897554516792297,0.19125637687386446,2.0251467503840104e-05,2.0059691451024264e-05,0.05936653912067413,0.05923505127429962,2.796626722556539e-05,2.577779023131075,76.89234964034488,cb0af2a99f69c11db75f59d1abdb9abc19ffef5931e2726599e64fc5a8cfbe66,05e43a7305791c84940d14e05f9fe148c7f120a230f0bc19f42c0eb3e410d2b4,772260cd9ce7f7dd7ab4370e05bec029c4c7251f63105329271e08a17670888c
20260825,14,1,brightness:0.6,4,5.17630672454834,0.3832642436027527,0.381693959236145,1.0069035291671753,0.1926455567324489,1.9986302504548803e-05,1.9909493857994676e-05,0.07249102741479874,0.07285026460886002,6.501202733488753e-05,2.6379865460334098,85.44062145499741,cb0af2a99f69c11db75f59d1abdb9abc19ffef5931e2726599e64fc5a8cfbe66,cf42b74ff5b4ee54c0ea1d8c35ac2072e1671d98f3669f632930ae8412d14462,cc70c003a2708b6f731ddee5872560b93d7730368fb4a7abe40e6c39ada414e5
20260825,14,2,contrast:0.75,4,5.149896621704102,0.3833268880844116,0.3785136938095093,1.0088777542114258,0.19865651359678635,1.9866653019562364e-05,1.9666427760967053e-05,0.034697018563747406,0.03461456298828125,2.2894791982253082e-05,2.665366592309216,59.366324790042555,cb0af2a99f69c11db75f59d1abdb9abc19ffef5931e2726599e64fc5a8cfbe66,a38c1163939e309ae3d28b50667ec91694684fbaa9508a9637d34e3b6516ece6,610f0a3abbe9d1ca397f2b4d9cdddf5e5aea23d3dd39bb340b5ae9d57284aa6a
20260825,14,3,contrast:0.5,4,5.152958393096924,0.38398391008377075,0.37435370683670044,0.9964758157730103,0.18806840254349763,2.0139814296271652e-05,1.9940740457968786e-05,0.007440763525664806,0.007245913613587618,2.738145849434659e-05,2.6618564143340784,27.13883080408412,cb0af2a99f69c11db75f59d1abdb9abc19ffef5931e2726599e64fc5a8cfbe66,10360a21eb6f57061c7b195e32162ab344e33dbaa5ab9f62e20bce405b7bc67a,2563520bfa84cb87222579289b67580ca16c237ee92d25167021a73f5ff67ba3
20260825,14,4,gaussian_blur:1.0,4,5.194469928741455,0.38299381732940674,0.38922131061553955,0.9898695945739746,0.20174123690409682,1.9798939320025966e-05,2.172935455746483e-05,0.0030773915350437164,0.003213619813323021,2.1080471924506128e-05,2.5432050290579706,17.01519071005788,cb0af2a99f69c11db75f59d1abdb9abc19ffef5931e2726599e64fc5a8cfbe66,da4465c90964ad3df6e1e940b5c4f8b6134c50a5257cabfe9267a2351bcde344,1f9b484f00cc6ba76d41144f5aa69e607f76ceab175b35f0aa253dc0c7d260c6
20260825,14,5,gaussian_blur:2.0,4,5.183726787567139,0.3841921091079712,0.38437163829803467,0.9905296564102173,0.196832880933997,2.0392977603478357e-05,2.0347419194877148e-05,0.0006767424056306481,0.0006534639978781343,2.7297213819110766e-05,2.577010262245673,8.08546219534577,cb0af2a99f69c11db75f59d1abdb9abc19ffef5931e2726599e64fc5a8cfbe66,032e18fc7f0a93544f815661dc909a6cbe7e6945e75a214851fb91740004188c,0a0a3d52f7256619eed88cb3a9b2f1820cf3fd5f7d5f3c87589d8cca3f1b2e5b
20260825,14,6,gaussian_noise:0.03,4,5.17277717590332,0.38252073526382446,0.3991447687149048,1.0093075037002563,0.19563464300928426,1.9505601812852547e-05,2.246463918709196e-05,0.0049330443143844604,0.00512334518134594,4.0775670640869066e-05,2.5286752647412736,21.1578395360194,cb0af2a99f69c11db75f59d1abdb9abc19ffef5931e2726599e64fc5a8cfbe66,c06c043f15a81df5c746dad644a84569bb1ae0ba70328f51539ea8edf8de4a82,d6385d0e82a0c0dab6bdcf829ace1e1766962584fc7eb64e6d4785eb8a998bca
20260825,14,7,gaussian_noise:0.06,4,5.144176006317139,0.38318872451782227,0.40757691860198975,1.0165672302246094,0.19848403835500814,1.9821945898002014e-05,2.5499315597699024e-05,0.0015245639951899648,0.0016465269727632403,3.303719495306723e-05,2.4941727164322467,11.151674595285813,cb0af2a99f69c11db75f59d1abdb9abc19ffef5931e2726599e64fc5a8cfbe66,a1518cb03d7490119e953cf59e054ff5bf11579f89bb9f0bfd7692f02596510f,28456511b98c895aa09ccbb6e95a47d12112731d6088c9d6dd35ae64a46ef7f8
20260825,15,0,brightness:0.8,4,4.7528605461120605,0.3447291851043701,0.3435739278793335,0.9963690042495728,0.16735686809972564,1.619451359147206e-05,1.60204253916163e-05,0.06668252497911453,0.06647679954767227,5.728077667299658e-05,2.9000134276763494,91.16933139665724,837b7cfcbd4ab9011096fcb65d078fef4b9de5ba43f4c0989b85cadd80699f80,2049f7e4280b5c416c61cf8087e31d061347024d138b0b23a741f9f75e73e1f0,098848ba4fbea26ea37370a3156f6d466901bb8847f124bbb3b9bdc888220125
20260825,15,1,brightness:0.6,4,4.774889945983887,0.34502673149108887,0.34268683195114136,0.9914105534553528,0.16560503169012314,1.6276457245112397e-05,1.5921774320304394e-05,0.05075226351618767,0.050278134644031525,8.63552195369266e-05,2.8930512089145677,79.65816546847083,837b7cfcbd4ab9011096fcb65d078fef4b9de5ba43f4c0989b85cadd80699f80,ecda35058ac8d9947a50c1624cceebc1bf1118b9c87849ae803ca53d7ed9628e,7fca9c1f9bc13585671df22f8ccdf7df9d8e5798847e74ff15f903197df27ab9
20260825,15,2,contrast:0.75,4,4.789216995239258,0.34481918811798096,0.3430105447769165,0.9937888979911804,0.1709439571248954,1.624230935703963e-05,1.610267281648703e-05,0.017649579793214798,0.017561238259077072,5.835087722516619e-05,2.8972546562307877,46.76156883682222,837b7cfcbd4ab9011096fcb65d078fef4b9de5ba43f4c0989b85cadd80699f80,5b260aec6990427d83aa4244342946571e1dc46f1d62c1a536d90d3b8c49c780,c242880772917586d32d4d8ce85bf09e06a9c2788bcd4aad5080d764d9eb483e
20260825,15,3,contrast:0.5,4,4.7475128173828125,0.34465456008911133,0.3398033380508423,1.0135929584503174,0.15729300356816775,1.6157166101038456e-05,1.6342728486051783e-05,0.006702057551592588,0.006713380105793476,4.953379539074376e-05,2.982881110775495,28.65102343900582,837b7cfcbd4ab9011096fcb65d078fef4b9de5ba43f4c0989b85cadd80699f80,145364a60e543b9bd9637dc4c0134cfceb8471253e1e5baa300f2c6057513210,cfe4ef9bdc26568281ca2edd2bed47a08f31f620e7ddf9b5d3e55a5252b54fb3
20260825,15,4,gaussian_blur:1.0,4,4.787735462188721,0.34501534700393677,0.34469497203826904,0.9805954098701477,0.16602762403321572,1.624496144359e-05,1.721262560749892e-05,0.0024069384671747684,0.00257013994269073,2.20631936826976e-05,2.8448207528866396,17.00449270397743,837b7cfcbd4ab9011096fcb65d078fef4b9de5ba43f4c0989b85cadd80699f80,cddae9ca4eba9334ae4b65d75137ffcf89ec59d0b94535b03461edef24ce7516,da4a4a48b6f1f4d921c69beab59f9b8563be26f738cfa62fc05a512cc43e9668
20260825,15,5,gaussian_blur:2.0,4,4.765806198120117,0.34513145685195923,0.35398590564727783,0.9704185724258423,0.16512251329823663,1.632328894629609e-05,1.7874444893095642e-05,0.0007014009170234203,0.0007532609160989523,2.4529241272830404e-05,2.741404550137079,9.021208915154563,837b7cfcbd4ab9011096fcb65d078fef4b9de5ba43f4c0989b85cadd80699f80,fc5f0331a0b0ad8509ecbb72b0e634c688414abcfd6ee2d71e965f2bfc94540d,b8716769ef776edff488592c89e616a8cfd7d7da4cb2bbfc80c783eb1e40c997
20260825,15,6,gaussian_noise:0.03,4,4.716246604919434,0.3447309732437134,0.361865758895874,1.0207831859588623,0.16810142467018174,1.6302285075653344e-05,1.8873535736929625e-05,0.004478590562939644,0.004466572776436806,5.706084630219266e-05,2.82088913047059,21.770454893471577,837b7cfcbd4ab9011096fcb65d078fef4b9de5ba43f4c0989b85cadd80699f80,f3267b8a87fcd7e393f260952324f818d748af6fe300225c06ae9f87b377fc54,313fc268a506f7b893f2fcec5c075fb27f315fc172bea42553e7cdbea96829c0
20260825,15,7,gaussian_noise:0.06,4,4.762179374694824,0.3448960781097412,0.36678361892700195,1.0187950134277344,0.16616884902257856,1.628571408218704e-05,2.227170261903666e-05,0.0011741735506802797,0.001318522379733622,3.5870776628144085e-05,2.7776458948961325,10.579324605188429,837b7cfcbd4ab9011096fcb65d078fef4b9de5ba43f4c0989b85cadd80699f80,6a6097c86b15b75f1d3abebcd04570a30573f9e358f33c1df762f5112931b01a,0c438742953aaea17d6e8403951904a2cef82aaee5df8a8d94ceead9569bbd71
20260826,0,0,brightness:0.8,4,4.79139518737793,0.39098185300827026,0.39357537031173706,1.0118324756622314,0.15479408503149716,4.604217974701896e-05,4.795060522155836e-05,0.06675360351800919,0.06895194202661514,0.0001645894517423585,2.570873464111321,53.198789589338425,589f336944f743804feedc1ea65fc50d3458e02f1f5ad0d8f4b3b46636218e0c,eec6477c86fb0cc3baba4efe15bee4548ab4215adfeab37f087f4482657bcc3d,1f9d5b495ec37cf6fb72427463a9c04b8e28f67af6a54ac16a4067ee5fdb6f31
20260826,0,1,brightness:0.6,4,4.83931827545166,0.3896055221557617,0.39080262184143066,0.9932485222816467,0.1554782524271984,4.680606070905924e-05,4.6785786253167316e-05,0.03288278728723526,0.03316318988800049,0.00016358381253667176,2.541560539183538,37.5721648254757,589f336944f743804feedc1ea65fc50d3458e02f1f5ad0d8f4b3b46636218e0c,522b15e01066dad1cdec67ad086a576e2efb4285e7f07ac0052fbdbccf0fa8dd,8a7406e84bf16e0d2e86b1b54118af01327c9318afcb09c228fc47f33933ec36
20260826,0,2,contrast:0.75,4,4.799225807189941,0.389767587184906,0.38795554637908936,0.9827356338500977,0.1544292582208114,4.590429307427257e-05,4.731703666038811e-05,0.026034105569124222,0.02729650028049946,0.0001574660709593445,2.533114020465172,33.57217587975418,589f336944f743804feedc1ea65fc50d3458e02f1f5ad0d8f4b3b46636218e0c,20f77ed9cf73c3b8365fe13ee8c0a141e59ee32f82c59a705a0957d44bfb2958,3cbb3ffb84af374ffa833ea8e1c2987429506b45d88ded6efa2329e521e8b568
20260826,0,3,contrast:0.5,4,4.786640167236328,0.38910508155822754,0.38084131479263306,1.0006963014602661,0.16040230667154334,4.612332122633234e-05,4.621495827450417e-05,0.010156933218240738,0.01013120450079441,0.000125600810861215,2.6275938628274673,20.952208611140694,589f336944f743804feedc1ea65fc50d3458e02f1f5ad0d8f4b3b46636218e0c,815fbdddbf60b7e1c5c99c6988c85fc90c6e2ae88b2524f73019a5c7e6b92e6d,40dd28c61091b3d9b08ad57b361af8f1a126bcc7c303687dcfeeb67d4b955883
20260826,0,4,gaussian_blur:1.0,4,4.808973789215088,0.3896740674972534,0.3687030076980591,0.9783490896224976,0.15954933075251934,4.607065784512088e-05,3.435724647715688e-05,0.001212787115946412,0.0007914433954283595,1.743559550959617e-05,2.653488225470876,7.637736291780118,589f336944f743804feedc1ea65fc50d3458e02f1f5ad0d8f4b3b46636218e0c,9573acb82103e32bc6ceeb10704a9692d8c3d3e7cc648a131bf9dcaec073502c,40b37b52860f2cc0e4a7d6a86237b141c40e849c8b09161e70f24f4b33eed49c
20260826,0,5,gaussian_blur:2.0,4,4.811305999755859,0.38592052459716797,0.3573110103607178,0.9545341730117798,0.15776551321425608,4.432760761119425e-05,2.8299595214775763e-05,0.0003971483092755079,0.0001871637359727174,3.6506298783933744e-05,2.671437893974061,4.543937066406956,589f336944f743804feedc1ea65fc50d3458e02f1f5ad0d8f4b3b46636218e0c,c79c1b750bf3c88516af1913a92feae0bdeed0aafa7bea986bb9ddc5e9685c0e,aa5451f0a2e7bedd68cf9596c717ce9535b2785a96dbc78b036f784577c2fd14
20260826,0,6,gaussian_noise:0.03,4,4.801641464233398,0.3899221420288086,0.36187297105789185,0.9858659505844116,0.1644323924897857,4.583257396006957e-05,3.686964919324964e-05,0.0015819547697901726,0.0010792809771373868,5.6669567129574716e-05,2.7243425992893355,8.495856562842775,589f336944f743804feedc1ea65fc50d3458e02f1f5ad0d8f4b3b46636218e0c,d3b39fb8a13f72b3f34233de8fc5d38bf651a6f4693b782cacfa169412e59859,927a90c713d8317d0228b6a8095b9093bfb65a323395ea5c0dfd9ad56f66bfd3
20260826,0,7,gaussian_noise:0.06,4,4.8024492263793945,0.3902391195297241,0.3670580983161926,0.9929375052452087,0.15844133480592662,4.591057950165123e-05,3.972234844695777e-05,0.0006215055473148823,0.0003610724816098809,4.3864645704161376e-05,2.7051235480162834,4.973545163672648,589f336944f743804feedc1ea65fc50d3458e02f1f5ad0d8f4b3b46636218e0c,5cd5cfef00fd33dc7fe7e46b95a9f8509809bc213066764da3b07e8bad2e1221,a85adf51eedaadab56a40e12241c6b7fc21e0893fff3f3e626f3be21f069283d
20260826,1,0,brightness:0.8,4,5.135115623474121,0.38041651248931885,0.3790973424911499,0.9903443455696106,0.17998452101816698,2.743042932706885e-05,2.7097003112430684e-05,0.07961323857307434,0.07822693884372711,9.790126205189154e-05,2.612374803425931,76.32172007878187,88a206454ed770368eed248f2dfa6fd770ff835c62650d34a99e1be508628fdf,a96ba61ce726867bcefecbf435f8fd308c8aa1493a3d8cb4c8c14f908ee4a17a,a506823fad86071dc8f2d7cd0153609d17d904489376dbccf80133755b5f7143
20260826,1,1,brightness:0.6,4,5.027510643005371,0.379341721534729,0.3773428201675415,1.0148069858551025,0.1836435879367936,2.7057107217842713e-05,2.6577987227938138e-05,0.07779636979103088,0.0771479457616806,8.640096348244697e-05,2.6893501919674123,76.35311850946329,88a206454ed770368eed248f2dfa6fd770ff835c62650d34a99e1be508628fdf,530a4c40d2c23d4b061d4b419dec254de2c688243b0e42a12652a635d0afe78a,a61799b676c915ccedf9861a59f4867136f67122a65b6b6e4056a6c9e71329df
20260826,1,2,contrast:0.75,4,5.046356201171875,0.38052797317504883,0.3760930299758911,1.0051794052124023,0.18390352412418093,2.8392743843141943e-05,2.779907845251728e-05,0.022121082991361618,0.022074293345212936,7.422528869938105e-05,2.672688205034903,39.87247722159578,88a206454ed770368eed248f2dfa6fd770ff835c62650d34a99e1be508628fdf,c7a890ca9578e5db0a9272bf003af032b470b0781fdea4b5e9c5499224604077,f9f8fc1199e6b7d3b9af297dbdb65942c0b70798ff3a3637c1c4539fa409bdb2
20260826,1,3,contrast:0.5,4,5.073813438415527,0.3796333074569702,0.3705482482910156,0.9978150725364685,0.19229573249307014,2.750539715634659e-05,2.7022739232052118e-05,0.007865551859140396,0.008011646568775177,5.711681296816096e-05,2.6928074201900407,24.239421520285227,88a206454ed770368eed248f2dfa6fd770ff835c62650d34a99e1be508628fdf,101d9380aa5adc43379289ce12a8527475fd5a65ca3a1f7294e25253c928a892,7106de71c32eb3dc89029bf4ddc896e6c4c91970b53890c333bcc3955e053e1e
20260826,1,4,gaussian_blur:1.0,4,5.065977096557617,0.3800240755081177,0.40240609645843506,0.9851246476173401,0.18391789573673006,2.8188947908347473e-05,4.8126916226465255e-05,0.0004641564446501434,0.0008454372873529792,5.883426638320088e-06,2.448085792654224,5.216440721318754,88a206454ed770368eed248f2dfa6fd770ff835c62650d34a99e1be508628fdf,e34c681cc7da07ef78825ec10fdbb999879e48675557a2d0661f7155a70aaa96,853b6323c2e1ee08f0409d7aec8c1d8995255906c68a55bbe79cd2f4109ecd4b
20260826,1,5,gaussian_blur:2.0,4,5.071316719055176,0.3809483051300049,0.3635220527648926,0.9983439445495605,0.18944470888301457,2.8519401894300245e-05,3.0871415219735354e-05,0.0006090753013268113,0.0005936366505920887,2.211013634223491e-05,2.746309163244185,6.241695011405868,88a206454ed770368eed248f2dfa6fd770ff835c62650d34a99e1be508628fdf,f20fa57fe4f007f1b5a920e2660c893a4e392951875e1fd378d4021b8422d171,a4a748e0ed478a7e5331e76cf5d287354e4488c35b27f4ef1d9449673bdb7756
20260826,1,6,gaussian_noise:0.03,4,5.069409370422363,0.3792455196380615,0.3655126094818115,1.0165342092514038,0.1829526950558442,2.6712870749179274e-05,2.727382889133878e-05,0.002023709937930107,0.0019040079787373543,3.633992309914902e-05,2.7811194002104274,12.00043776870161,88a206454ed770368eed248f2dfa6fd770ff835c62650d34a99e1be508628fdf,5f1a24928981c4748328282a4a21e0aee89ea67eb26845efdca99804309bd341,43b746f0a9f3572f44c64c5eefd82dabc47b2fe899d62185d20009ef0a3d93c5
20260826,1,7,gaussian_noise:0.06,4,5.027063369750977,0.37992751598358154,0.3785673975944519,1.0098769664764404,0.18842888263590757,2.7723501261789352e-05,2.836325074895285e-05,0.000824853777885437,0.0007210588082671165,2.9279202863108367e-05,2.6676279386274353,7.382687136943701,88a206454ed770368eed248f2dfa6fd770ff835c62650d34a99e1be508628fdf,b6438933ffbafd76ab6fe5f096b08fb88feeae23a358ffab35bc75fe603e12c1,339d1065d8df2aa95f18b041fa3a9b66a1ca4aa5538719db01bc27f4acd4dc3b
20260826,2,0,brightness:0.8,4,5.614396095275879,0.33967357873916626,0.34029364585876465,1.0053683519363403,0.16334693262923466,2.296413731528446e-05,2.2812997485743836e-05,0.07759794592857361,0.077692911028862,0.00012491352390497923,2.95441411901534,82.50528464901689,3a007e01ece9e051941535b8c676f505ac11c507a84badec7a6663263d950f4d,1b2de9d17a45006c914b0ad105b327c40bde601d78cb74e533b156211e030e01,c3c689a0a5b3a593628f3ce58e2108d0205ad2369c74c334f9f5f16b820b2082
20260826,2,1,brightness:0.6,4,5.602173805236816,0.33978700637817383,0.33868056535720825,0.9787207841873169,0.1534775516869408,2.2821914171800017e-05,2.2582560632145032e-05,0.08736956119537354,0.08732791244983673,0.0001084298564819619,2.8898049793765246,87.95422775218992,3a007e01ece9e051941535b8c676f505ac11c507a84badec7a6663263d950f4d,5b64de3f89c896ff009388fd36e5107e220e8ec3bb461f4b0422fb34e860690a,748d41975c3d8157a31d6972e0a831319aa89dedebfa24aeb4e435d6f221b5d4
20260826,2,2,contrast:0.75,4,5.599943161010742,0.34083467721939087,0.3331381678581238,0.994386613368988,0.16587362387243726,2.275233782711439e-05,2.2686930606141686e-05,0.031447745859622955,0.03160841763019562,9.507013601250947e-05,2.984907492774816,52.720060558300574,3a007e01ece9e051941535b8c676f505ac11c507a84badec7a6663263d950f4d,d4dd9b3405a4de0f79c41efee841c4cc9e33229f30d205d512be3b30ab5d273e,76fbf081780b103a8eb8c68535e86403aa18dbc4a8eba10a67374b8709bfa3f9
20260826,2,3,contrast:0.5,4,5.536654472351074,0.3397788405418396,0.3300902843475342,0.9753567576408386,0.16005343533036034,2.2901534975972027e-05,2.306662645423785e-05,0.009807953611016273,0.009874101728200912,6.46378321107477e-05,2.9548181327686045,29.210781957513625,3a007e01ece9e051941535b8c676f505ac11c507a84badec7a6663263d950f4d,2d2a4203eaff43397c046da38de38f7a2024886c5831a7fc4e847952ddf24b9d,548c8ce50140232e7f3c04a42954342b9bb22ca81772c36a206dfd2875412e50
20260826,2,4,gaussian_blur:1.0,4,5.612724781036377,0.3403242230415344,0.34147655963897705,0.9769773483276367,0.16138992603692437,2.3141059500630945e-05,2.339728962397203e-05,0.003687395714223385,0.0035186070017516613,5.667091318173334e-05,2.8610378099174274,17.549487378736497,3a007e01ece9e051941535b8c676f505ac11c507a84badec7a6663263d950f4d,41773e2b3a9db4ac62f2f753387fd16f6767a45de34e9a5bc42807b2f18b8092,eef4eb8612c5e3cf481502897d03b160a2923c4d31821d3dc2484ff43a8db63a
20260826,2,5,gaussian_blur:2.0,4,5.580818176269531,0.33902859687805176,0.3624345660209656,0.9937313199043274,0.16018364834778134,2.2729924239683896e-05,2.980151111842133e-05,0.000646873377263546,0.0006790960906073451,3.295454735052772e-05,2.741822698684991,6.670334588897335,3a007e01ece9e051941535b8c676f505ac11c507a84badec7a6663263d950f4d,667c1cf455618b0550d33641248cd201256d25ad9ac98b841a80354d29326f32,ba22f4fc809c7ed948d88fdc9dd9902359ed27a9a935d3576ccb94007bd80c73
20260826,2,6,gaussian_noise:0.03,4,5.57600736618042,0.3409547805786133,0.3260883092880249,1.0279276371002197,0.16342304702843297,2.2873149646329693e-05,2.4407549062743783e-05,0.0046332646161317825,0.004365985747426748,3.230323636671528e-05,3.152298343183715,19.201761964789878,3a007e01ece9e051941535b8c676f505ac11c507a84badec7a6663263d950f4d,538a1b63aaff81cc8e7136a7a676efc0108b9ae501fce690d1c09610b3e5d529,7d2c8ef9bde27a230d50109f6c7268fbcc084a1634e02923650b01cd0c5721b6
20260826,2,7,gaussian_noise:0.06,4,5.623635768890381,0.34022969007492065,0.32925575971603394,1.0143027305603027,0.16081474585508643,2.299206971656531e-05,2.5268787794630043e-05,0.0016288046026602387,0.0015080260345712304,3.439417923800647e-05,3.080592216321702,11.141747996741453,3a007e01ece9e051941535b8c676f505ac11c507a84badec7a6663263d950f4d,d0fd2721b248845bb6f3cdf0810faabec981a70ab2c95aba96c171c65a57a2c3,0add062440053b3295f79e8090c36a1544ebc0c6a38026b0f42332b92823fa55
20260826,3,0,brightness:0.8,4,5.223692417144775,0.3332175016403198,0.3318641185760498,0.9987676739692688,0.14043077991044783,2.1532374375965446e-05,2.1633950382238254e-05,0.06368719041347504,0.0645136833190918,-1.3573731848737225e-05,3.0095681276262827,76.9799417039879,52cc3748da8d88b7d2db6dcb30d68e6a9fde57400db118cb0e96aa6b03ff8953,4bd1e28a40c1ba35c1641c44741ef9e3062054d9ff3a80784c4071c04fc52852,9e380877d3094af21fc120e10b5c8c716ae04fae9659cfb1abaa28b2558494c8
20260826,3,1,brightness:0.6,4,5.2582902908325195,0.3330225348472595,0.3311313986778259,0.9929734468460083,0.1392341684650905,2.1525160263990983e-05,2.174670407839585e-05,0.059775274246931076,0.060479991137981415,4.8125715693458915e-05,2.998729358831118,74.36273050699185,52cc3748da8d88b7d2db6dcb30d68e6a9fde57400db118cb0e96aa6b03ff8953,f0dbc5fd4000f9fe0d7e6f3440e0caf2f904955c962fc9052cf3ea8d349a196d,13820f10b4bcc59e522ae67867dfda34370d424fbaf5dc5c1ba017f3ffffa39c
20260826,3,2,contrast:0.75,4,5.307382583618164,0.33362138271331787,0.3321300148963928,0.9801073670387268,0.13787164962792675,2.160750955226831e-05,2.1813142666360363e-05,0.03397493436932564,0.035023242235183716,-1.1052492482122034e-05,2.950974988949641,56.24186155965053,52cc3748da8d88b7d2db6dcb30d68e6a9fde57400db118cb0e96aa6b03ff8953,93e080518905214ee7039690e7b25ee59b2d5360b9caf1457949791c22c5cb3f,682d4cde3d9a10d07800d64ab45b6823448600821c7abe2af28f4a29760a0474
20260826,3,3,contrast:0.5,4,5.272669792175293,0.33334624767303467,0.33231455087661743,0.9858110547065735,0.14434090529630608,2.1685198589693755e-05,2.3671131202718243e-05,0.007366114296019077,0.007933292537927628,1.1100693882326595e-05,2.966499818037122,25.42305812265037,52cc3748da8d88b7d2db6dcb30d68e6a9fde57400db118cb0e96aa6b03ff8953,5d99300d44ed9594e5b6e7c07ebc2684ce55e5a07e5867301d443dbcc5bf9ffe,20939e9d69d5242bed855e57ea61f75b3439e9fc46e351136de9c36c16a68b2b
20260826,3,4,gaussian_blur:1.0,4,5.295855522155762,0.33336901664733887,0.33022862672805786,0.9708008170127869,0.14628183986216473,2.1618121536448598e-05,2.1987299987813458e-05,0.003399696433916688,0.0035513234324753284,3.693757389555685e-05,2.93978395099053,17.780268458660355,52cc3748da8d88b7d2db6dcb30d68e6a9fde57400db118cb0e96aa6b03ff8953,075e141057529ec517a2fbde7aed215d259189033f07bc2b9055cbe45e2c3bcc,88649838b1fc294cd7d98aa382610c041f5c52e6c3156c31cbf02a5294f3af55
20260826,3,5,gaussian_blur:2.0,4,5.273054122924805,0.3329421281814575,0.33104848861694336,0.9879475235939026,0.14682061070984484,2.157975541194901e-05,2.356092954869382e-05,0.0007019171607680619,0.0007491762517020106,3.659440335468389e-05,2.984298547084013,7.847864119910572,52cc3748da8d88b7d2db6dcb30d68e6a9fde57400db118cb0e96aa6b03ff8953,db7027b2da68a82ebf0f94533069bd6332589103e2f3e909e92ab8545420f2e4,0c59a774d4873e2145c84ea6a6f93f31502db4b0dd20c59e4bd8a257e85547a3
20260826,3,6,gaussian_noise:0.03,4,5.273948669433594,0.3335500955581665,0.3334420919418335,1.0110137462615967,0.1356402089561126,2.1796413420815952e-05,2.1995085262460634e-05,0.0049936603754758835,0.004867524839937687,6.681710510747507e-05,3.0320519535306913,21.17394267880685,52cc3748da8d88b7d2db6dcb30d68e6a9fde57400db118cb0e96aa6b03ff8953,815812a2c9fc338e036adf29e941c4c1b85daae40e8bb200aa68b5db79c0ae6f,307547de23a9305ba6f5c24194fad4099437bad011bb37049cd90d1a1cc2fb93
20260826,3,7,gaussian_noise:0.06,4,5.235296249389648,0.33460086584091187,0.33410394191741943,1.0055841207504272,0.14272754495207318,2.200882045144681e-05,2.4586413928773254e-05,0.0017523393034934998,0.001803062972612679,4.816886212211102e-05,3.0097942424126733,12.025323781270856,52cc3748da8d88b7d2db6dcb30d68e6a9fde57400db118cb0e96aa6b03ff8953,362d23a285e26fe3d6034f979bc162c14863a10f3dab26a71975b9993d03fc39,5503f837e6d27427387f518b5ea56ac4935bf69a4fa225b42b675c49ecebbc32
20260826,4,0,brightness:0.8,4,5.072152137756348,0.3543322682380676,0.3540789484977722,1.0193829536437988,0.1321600567848292,2.032609518209938e-05,2.048120222752914e-05,0.09631825983524323,0.0970025509595871,0.00010160500096390024,2.878970800067806,97.15420024448241,d9a4bd0d15089f92a741dfb1e0ddb8119b9319848a0dbf14e9f47ba3827d62c4,590836f4dfebcfee07a47362d4be13b5564f24af208079da09abe139afa7fe5c,24f4a85d22264da68c91c5a75adbadec22a50945952cf6fa2a24a4182318489c
20260826,4,1,brightness:0.6,4,5.063701629638672,0.3543034791946411,0.35338032245635986,0.9986617565155029,0.13205775215019994,2.042840060312301e-05,2.0457864593481645e-05,0.080579474568367,0.08170578628778458,0.00012334570055827498,2.8260253699859903,89.06547513803348,d9a4bd0d15089f92a741dfb1e0ddb8119b9319848a0dbf14e9f47ba3827d62c4,8bf27031aa289920de9a08a80f61c9e2ceb2edaa201dc884208d42d95401b61f,01e7540cacad2c8976f93bc586307a3774d7703a759dbfe3dc99e12257f05028
20260826,4,2,contrast:0.75,4,5.020636558532715,0.35423463582992554,0.3500022292137146,0.9826664924621582,0.132211362565197,2.034294266195502e-05,2.0365572709124535e-05,0.04814905300736427,0.04885076358914375,6.329044117592275e-05,2.8076006677721272,69.01399098200353,d9a4bd0d15089f92a741dfb1e0ddb8119b9319848a0dbf14e9f47ba3827d62c4,5fa868043c02f7ab9b6c9832c295d378a9ef04074e2ca9a661b5b5d257291d71,5ae072e39b8b6943645b0ac7c6b3a4e374e59e906f021d0c2274e650511d2181
20260826,4,3,contrast:0.5,4,5.048094272613525,0.3542325496673584,0.34819352626800537,0.9860597848892212,0.13084608693765745,2.035429497482255e-05,2.0703151676570997e-05,0.011652462184429169,0.01191152073442936,5.1489263569237664e-05,2.831930264350316,33.73697331925385,d9a4bd0d15089f92a741dfb1e0ddb8119b9319848a0dbf14e9f47ba3827d62c4,2c43563329695738ffafb3f048ae74038808ccf11f4cb3cec44a8240a0b2be78,9c374a0dffb1838cc62897da0dc4237f4ea017981d43b3f85bc7146291f71845
20260826,4,4,gaussian_blur:1.0,4,5.063634872436523,0.3543042540550232,0.34981977939605713,0.9905718564987183,0.12936018001980013,2.054216747637838e-05,2.054474680335261e-05,0.003412130754441023,0.003267019521445036,4.062303196405992e-05,2.8316633730913705,18.030601324448877,d9a4bd0d15089f92a741dfb1e0ddb8119b9319848a0dbf14e9f47ba3827d62c4,717e727f71b5f18ddeb8e640d414ced10fc3ca30fe82213a22966efefe2b3415,3d35d19f631197a0c10471b5d431bb671f3e623ab7b37dca100941406399902a
20260826,4,5,gaussian_blur:2.0,4,5.031578540802002,0.35388267040252686,0.3522984981536865,0.9722520709037781,0.12635897472644145,2.0217950805090368e-05,2.2856576833873987e-05,0.0007848554523661733,0.0007511672447435558,2.7166468498762697e-05,2.759739470929119,8.197722682108859,d9a4bd0d15089f92a741dfb1e0ddb8119b9319848a0dbf14e9f47ba3827d62c4,a56147a1490522b2d8eace78947974811825128b25c3acc7a992221a056be135,8ce85fae0ad7db8ed1b506eb34bbebd3340ba0c2b018eb1a63c3831e52bf6b38
20260826,4,6,gaussian_noise:0.03,4,5.0345845222473145,0.3542137145996094,0.35284221172332764,1.0157201290130615,0.1265109357460694,2.0441486412892118e-05,2.118291740771383e-05,0.004385584499686956,0.004170882049947977,3.803944127866998e-05,2.878680881326957,20.098069420615037,d9a4bd0d15089f92a741dfb1e0ddb8119b9319848a0dbf14e9f47ba3827d62c4,55596fef03f4c3b0a7c24c41ebba29fa3e63a8636001f24f331f343a8af30aad,0a3244f33f889215d16d6e9e8dd4e61d3f312e5c7a19c945fc51912c2ec5907d
20260826,4,7,gaussian_noise:0.06,4,5.045971870422363,0.35416483879089355,0.35163605213165283,0.9998846650123596,0.13336501477768703,2.0411054720170796e-05,2.2541948055732064e-05,0.0016697330866008997,0.0015754117630422115,4.1683211748022586e-05,2.8435214732703287,11.998344323485378,d9a4bd0d15089f92a741dfb1e0ddb8119b9319848a0dbf14e9f47ba3827d62c4,f3d292a3a84aa58c536c1510e3a2ae27d8f67477d67d39ee2c620e4bf89bc87b,edbf86b248d9d82a2f192ad385f6917fb4b1538feac2b8d493fc8c0e6d6bba80
20260826,5,0,brightness:0.8,4,4.524100303649902,0.3515514135360718,0.3499511480331421,0.9821417927742004,0.18269424036872464,2.279183354403358e-05,2.3040553060127422e-05,0.05507902055978775,0.05608484894037247,4.159014861215837e-05,2.8065111324658,69.46009581729813,1f91a5197d507cdf0c36603680e037ca7bc76ab3cb29a2933455a5b3fc4134eb,0bd344b8ffeedc47aa01ad31e482f2ccb1941faecea6d22750bbc44f998253f4,c9e0e9f51aa52c57be85aade3484f7255fe3c3f7521e5e0dee5437b65b40ecf9
20260826,5,1,brightness:0.6,4,4.52523946762085,0.35127073526382446,0.34731578826904297,0.9856593608856201,0.1973987545579002,2.2794218239141628e-05,2.25815183512168e-05,0.10827058553695679,0.10932804644107819,0.00015167365199886262,2.8379342206064466,98.16383354791279,1f91a5197d507cdf0c36603680e037ca7bc76ab3cb29a2933455a5b3fc4134eb,779440d0edb91f198f23c588a49a973f83aec75a2e1523b8ca8f977d4645ff00,42bb99b35ab7fe26bfe2785d7ae4646fb97459a2cfda2c14bae62e2d4234d1a5
20260826,5,2,contrast:0.75,4,4.533275604248047,0.35130566358566284,0.34637051820755005,1.009526014328003,0.1935187944530762,2.2711235942551866e-05,2.2128679120214656e-05,0.025946354493498802,0.02515421435236931,8.415029151365161e-05,2.914584126709886,48.05461716183862,1f91a5197d507cdf0c36603680e037ca7bc76ab3cb29a2933455a5b3fc4134eb,b3aa14af3a67f47b9ef4b4c53fac156fd17d2ecb3fc9f12f58290c5b7b6e2bd0,fb18b25f857420a0cd278e9a09e3a7d7dd3becdb55e751f0876273410885f0b5
20260826,5,3,contrast:0.5,4,4.508763313293457,0.3510296940803528,0.33831995725631714,1.0197118520736694,0.18067602169560332,2.2533095034305006e-05,2.1990843379171565e-05,0.007931126281619072,0.007577801588922739,6.183356890687719e-05,3.014045817288626,26.55644548515944,1f91a5197d507cdf0c36603680e037ca7bc76ab3cb29a2933455a5b3fc4134eb,191f4fe642a73e4ee897732cd7dbc14abbb3fa2372176bb630044f3a2eee803c,8c1b9e04135fd85312942d6e7b3d37ca22c1db83fedc9d22940838fdba0adf52
20260826,5,4,gaussian_blur:1.0,4,4.549193382263184,0.3508998155593872,0.343752384185791,1.0092638731002808,0.19164936041099498,2.259235770907253e-05,2.4074333850876428e-05,0.003573147114366293,0.003513587638735771,9.28990266402252e-06,2.9360199944236447,17.157181660175308,1f91a5197d507cdf0c36603680e037ca7bc76ab3cb29a2933455a5b3fc4134eb,271a028c1889324c924e63c1f4e81dbc4929fa4e69f98d688c268ac8ebb58928,d24597b110ab03e4095abfea6b27775fa9d44c2522ce48773896d3a559723873
20260826,5,5,gaussian_blur:2.0,4,4.561896324157715,0.35043221712112427,0.34985142946243286,0.9862529039382935,0.1881621510394928,2.2351065126713365e-05,2.950314956251532e-05,0.0006492785178124905,0.000739098759368062,2.7628055249806494e-05,2.8190620957408368,6.859928010540879,1f91a5197d507cdf0c36603680e037ca7bc76ab3cb29a2933455a5b3fc4134eb,b5b9bc099b98988d615dbc87c053cf67415251ba39b91135e474dd59fe29d0f0,1d05405dee419ec34e8266b01be1b9c7b4a4b2a70c4b4cea72f272888b37eb0a
20260826,5,6,gaussian_noise:0.03,4,4.474118709564209,0.3517400622367859,0.3491314649581909,0.9862750768661499,0.1872238668991481,2.307308022864163e-05,2.3816031898604706e-05,0.0026979949325323105,0.002602211432531476,3.675767220556736e-05,2.8249389581207125,14.918037275884961,1f91a5197d507cdf0c36603680e037ca7bc76ab3cb29a2933455a5b3fc4134eb,8fc379f6959d6271938aaf67c611b232f0cec9497a00ec6628465a8975a8169a,6b6de98820ece64bb4a51d607e413e5b2a3ad9445bc9809d25fe6a4712096773
20260826,5,7,gaussian_noise:0.06,4,4.529596328735352,0.351033091545105,0.36408543586730957,0.9720346331596375,0.18599109678597167,2.254503851872869e-05,2.614853838167619e-05,0.0012801240663975477,0.0013314303942024708,2.9024244213360362e-05,2.6697981775736124,9.993689094680901,1f91a5197d507cdf0c36603680e037ca7bc76ab3cb29a2933455a5b3fc4134eb,877c932b164619fd1aee25865e9a8fc1426f9ed9bbf95972e39c512774f97e0b,f82f1d24cbc23059dd935ec7752485cbad8e925bc7f2c8bfadbd962666723dd4
20260826,6,0,brightness:0.8,4,4.197497367858887,0.3351738452911377,0.33574897050857544,0.9888890981674194,0.18124286621129787,1.8540857126936316e-05,1.8877712136600167e-05,0.06174350902438164,0.06164195388555527,1.9928173060179688e-05,2.945322800750515,80.84577297655109,2540f3fdf9295d26cbf158f6c8551718bfe0381b1841b4c286907d548ee7554e,46b74a46477257153ade06954dd7377687f33220eff159d894a13ff4237c183b,e1ae6681dc7c676de0724858c4698af6bf758a28ef9f469c47ca9dbf97d9ed0f
20260826,6,1,brightness:0.6,4,4.181714057922363,0.33550524711608887,0.33512353897094727,1.001296877861023,0.1778924574357629,1.867522587417625e-05,1.8577120499685407e-05,0.10490930825471878,0.10477255284786224,3.244501931476407e-05,2.9878440677001445,106.24077553003538,2540f3fdf9295d26cbf158f6c8551718bfe0381b1841b4c286907d548ee7554e,b828114cc39009bd889689aba99d67a68fee094a68a7d0fb8c36fa2d03e438ff,2d2e0b898d65146ed156062619d7af6f1074ef27ad004d83da908318dffc810e
20260826,6,2,contrast:0.75,4,4.117972373962402,0.3356214761734009,0.3307664394378662,0.9725791215896606,0.16234900676231384,1.8674101738724858e-05,1.8848044419428334e-05,0.03972386196255684,0.039998628199100494,7.040541731839767e-06,2.940380297476817,65.03651770603095,2540f3fdf9295d26cbf158f6c8551718bfe0381b1841b4c286907d548ee7554e,29d95380995872b9ebacfda97bd31f848d2034fcfe6c8a07f885b07ed61e5ae8,8be3b22c62ad828fc4ce83dc9ae7fd99f56eb1eb7e581623e5aef7039e146c90
20260826,6,3,contrast:0.5,4,4.179117202758789,0.33556067943573,0.32522422075271606,0.9901633262634277,0.1695930873583066,1.8698356143431738e-05,1.901974610518664e-05,0.013799057342112064,0.013665704056620598,2.7450971174403094e-05,3.0445559189034004,38.00017158226385,2540f3fdf9295d26cbf158f6c8551718bfe0381b1841b4c286907d548ee7554e,1766bbad56dc3cca845410da2b05d8f381cedf1949fa290a3ea197f540002cd3,613bdac9138ddc235cecd629c317e5660586419f360cb9364d90e2c91957cf74
20260826,6,4,gaussian_blur:1.0,4,4.178204536437988,0.3352838158607483,0.337149977684021,0.9926447868347168,0.18015026542470386,1.864504156401381e-05,1.9290946511318907e-05,0.003949095029383898,0.003881672862917185,1.723412424325943e-05,2.9442232019514756,20.147696833021012,2540f3fdf9295d26cbf158f6c8551718bfe0381b1841b4c286907d548ee7554e,f471206bb1c7b19d359bbaee5755503b62a22f80fda130d91d5cf77f8f0419e4,c75a4e7ab21e838d38674d6b30c81c3847af2895bae9d388b397b19f197e7b66
20260826,6,5,gaussian_blur:2.0,4,4.123089790344238,0.3355156183242798,0.35167181491851807,0.9723124504089355,0.1713738341528332,1.8649101548362523e-05,2.626527930260636e-05,0.0005079589900560677,0.0006392449140548706,1.5056990378070623e-05,2.764829051296645,6.608901763416986,2540f3fdf9295d26cbf158f6c8551718bfe0381b1841b4c286907d548ee7554e,7ad978ef53786bd041e6a19942f88654a9d210888733be8d49e4658186e6bed6,f05bc976f20a754078c3ad6b5b86d923ac76c73b08cd198d81f77d6cae8731f9
20260826,6,6,gaussian_noise:0.03,4,4.156949996948242,0.335521936416626,0.3246420621871948,1.0074102878570557,0.1728965894598522,1.8792743503581733e-05,2.0605599274858832e-05,0.002956801326945424,0.0029234462417662144,3.719762753462419e-05,3.1031415986883535,16.892937709933822,2540f3fdf9295d26cbf158f6c8551718bfe0381b1841b4c286907d548ee7554e,c15c1c19ae465f2d7fc49a43f10807d82d0ef61efba06fea63a1a49cf4ef504e,91c8e0a56c39d7bd6d91de132b3f82d096d9d45f30997f0cb6053f8b5d72ee92
20260826,6,7,gaussian_noise:0.06,4,4.11473274230957,0.33537817001342773,0.330419659614563,0.9919415712356567,0.1646205403325632,1.874029476311989e-05,2.476986264809966e-05,0.0010501549113541842,0.001134077669121325,2.625372144393623e-05,3.0020658346805513,9.390476738886017,2540f3fdf9295d26cbf158f6c8551718bfe0381b1841b4c286907d548ee7554e,ccc141b0200a6fe3245a4c26b71887220add656baa8b50756d08f0a0f5f5e3eb,3a1e6551467d440b82724c759f80e1bd46a797f81bb11973664efb334105f646
20260826,7,0,brightness:0.8,4,4.818214416503906,0.3479211926460266,0.3461264371871948,0.9841678738594055,0.13240200304346833,3.231541268178262e-05,3.147127426927909e-05,0.08427146077156067,0.08281929045915604,0.00013398154987953603,2.843376778316243,72.86501218879934,9c488b15c9c222ab3e7cb32c9d5d26eb4aede73003640bb997a3c0506dab71d0,944f24f58e28c0c2bc784b9eb1b97148792ab3c1725a38fef32d39674471874c,ec5444facc1aba5ba71e3910b1fa1ce28896557e89991594df54de138bb6c69b
20260826,7,1,brightness:0.6,4,4.826556205749512,0.3466196060180664,0.3447380065917969,1.0165512561798096,0.1353370328428472,3.138869215035811e-05,3.186492176610045e-05,0.07383429259061813,0.07577624917030334,0.00017724087228998542,2.948764675614965,68.52115415540007,9c488b15c9c222ab3e7cb32c9d5d26eb4aede73003640bb997a3c0506dab71d0,629a18466b10d133b793a34538f20fbba8effe402473fa073effb38caabd723a,6a6b943d15b9a5726a972fa7ec48dcd4b98f6bd405e371a59d69e66368fb3607
20260826,7,2,contrast:0.75,4,4.825970649719238,0.34638017416000366,0.3426506519317627,1.0037496089935303,0.14323213892077974,3.1443276384379715e-05,3.355073931743391e-05,0.01622966304421425,0.0176679827272892,6.178785406518728e-05,2.929367282200363,31.785842066524292,9c488b15c9c222ab3e7cb32c9d5d26eb4aede73003640bb997a3c0506dab71d0,35461755ce96929f5b637247efc0e942262acdcbb1dd0266b647347a9e8b5d97,58a18c5b50312a2e39cecb6b65de5bb45d9e0b5e9a82070bdc5d8cf6b4082a06
20260826,7,3,contrast:0.5,4,4.800817012786865,0.3435937762260437,0.3405713438987732,1.0125740766525269,0.1324473156867254,3.0381541364477016e-05,3.4579134080559015e-05,0.004853001795709133,0.0056965965777635574,6.272376049309969e-05,2.97316287700791,17.466701819268888,9c488b15c9c222ab3e7cb32c9d5d26eb4aede73003640bb997a3c0506dab71d0,03efcecc696c116146da221328c3808fc14cbe90b9ea3a23bc419710f62ac84a,0fad4fab4f92b1fed4df029e51c7ea017b4c88a61d614fe6b34a52c66d43a19d
20260826,7,4,gaussian_blur:1.0,4,4.8054656982421875,0.3462451696395874,0.3399553894996643,0.99793940782547,0.1329663451500639,3.1067291274666786e-05,2.9981896659592167e-05,0.003566272556781769,0.0034436704590916634,2.7980002414551564e-05,2.9355010646961825,15.29071143197255,9c488b15c9c222ab3e7cb32c9d5d26eb4aede73003640bb997a3c0506dab71d0,bc7b5234864c0b01b5554fbab6e2ec5047f379ce54179bdfc5b49b6548fb2498,6725f0b99731e1c224d9e0e7551e58c3b3ace251a444f11d8d2d828549e39208
20260826,7,5,gaussian_blur:2.0,4,4.835441589355469,0.3492467403411865,0.37751615047454834,1.0137776136398315,0.13241725199008675,3.311806722194888e-05,5.310045526130125e-05,0.00038360035978257656,0.0005746926763094962,2.3047758077154867e-05,2.6853887240730887,4.248151963521587,9c488b15c9c222ab3e7cb32c9d5d26eb4aede73003640bb997a3c0506dab71d0,ec19aba81205ee562dbae201d074f58936da48f8643fa66c7f693206f9b1326d,2cb8d008458298e713045805f9e843bfa4615158e4683d92b3190512a8f35119
20260826,7,6,gaussian_noise:0.03,4,4.843679428100586,0.3503572940826416,0.34382641315460205,1.012882947921753,0.13731089831613114,3.445721813477576e-05,3.779441976803355e-05,0.0038497895002365112,0.004019136540591717,6.091864634072408e-05,2.945913720323484,14.429254403658277,9c488b15c9c222ab3e7cb32c9d5d26eb4aede73003640bb997a3c0506dab71d0,c7eaf7a88cc148dde0d24737e8d6e8c4c7440dd7e9ed391190abadb7a27d6494,1f0a7e85f85f3f11ed57183728d45c4130505b002cbe8283c577ab6c3bd6ee50
20260826,7,7,gaussian_noise:0.06,4,4.820589065551758,0.34920501708984375,0.35526347160339355,1.0362287759780884,0.13616471429885835,3.339865361340344e-05,4.180375253781676e-05,0.0010949518764391541,0.0011097618844360113,4.0103550418280065e-05,2.9167895345427066,7.262204466938603,9c488b15c9c222ab3e7cb32c9d5d26eb4aede73003640bb997a3c0506dab71d0,e2e49cc7b3cf6bb07c697fc6c8053d0c8f49c7df4cc42c80d867a98c4fe6bbfa,1b5ea9ddb0745aa50aeb90a031c87aae72a58e9504b06686f011fe95a9e654e9
20260826,8,0,brightness:0.8,4,4.144081115722656,0.359173059463501,0.357868492603302,1.0100996494293213,0.1519905973286069,3.0457422326435335e-05,3.0466810130747035e-05,0.050990648567676544,0.051632676273584366,0.00011629975051619112,2.8225442314895792,58.03761370010056,4d5f2a4eb7f56e3f1295b47e6bf7e1f8cb4ec5dce233899592551d4d4a553966,d8d344a2619aac37fee99d347bff203e1db07e051e32716987d4ee6f67223fe9,19372582bf0838255556bd93ded62317d8a77a948cc2e15496ada6ab45dee165
20260826,8,1,brightness:0.6,4,4.151370048522949,0.3585140109062195,0.35929667949676514,1.0258135795593262,0.14834844276763545,3.0061459256103262e-05,3.2512070902157575e-05,0.033194541931152344,0.035925544798374176,9.94601723505184e-05,2.855060004996684,46.10837541318256,4d5f2a4eb7f56e3f1295b47e6bf7e1f8cb4ec5dce233899592551d4d4a553966,086e39ab08a097acf5afd3a8529ba5d9ab6b1e62c6d3adfea3d35262eb4ffe92,eaa04d100d6cc1f8f741c0f61e93136b8175066401e3aea0f489f76c477ca16d
20260826,8,2,contrast:0.75,4,4.13140869140625,0.36112314462661743,0.35200250148773193,1.0082550048828125,0.1452925196621602,3.194594319211319e-05,2.8986998586333357e-05,0.011009798385202885,0.009615523740649223,7.760887092445046e-05,2.864340453892918,26.67465096095774,4d5f2a4eb7f56e3f1295b47e6bf7e1f8cb4ec5dce233899592551d4d4a553966,f09d802af177b95f42c23874a7a92f69078260cde5059cdbd638e3677926dbc5,991990014b14128bb4732e5ede7b133f513bead4b555461910ec936a05b9eefb
20260826,8,3,contrast:0.5,4,4.170093536376953,0.3600881099700928,0.34744423627853394,0.9941228628158569,0.15284767923898682,3.1216724892146885e-05,2.851011959137395e-05,0.004051787778735161,0.00336314644664526,5.722891364712268e-05,2.8612443638837726,16.127020275054708,4d5f2a4eb7f56e3f1295b47e6bf7e1f8cb4ec5dce233899592551d4d4a553966,fa9a8f765b75dd767267ad3c898c919ec85172d53f2a332c3513db2f927b9322,c7fa8ab44ef84f9abfad821500016ea2bceb4bca8ace1321d55b2ccffb736522
20260826,8,4,gaussian_blur:1.0,4,4.166206359863281,0.3587149381637573,0.3531785011291504,0.9919872879981995,0.1494546722874407,2.9804736186633818e-05,3.03142296615988e-05,0.002904269378632307,0.0026290433015674353,2.1401032427093014e-05,2.8087419954122557,13.510435171946625,4d5f2a4eb7f56e3f1295b47e6bf7e1f8cb4ec5dce233899592551d4d4a553966,8d3c90cc5b545406133399e8237320238dc896092b64264a58de37034cec39c2,e6ad8a0ded720348f368aa4110385e737748213ab1a435773cacca96f62bd16e
20260826,8,5,gaussian_blur:2.0,4,4.128372669219971,0.36207497119903564,0.35876643657684326,0.997424840927124,0.14888645966262223,3.2079246011562645e-05,3.1782532460056245e-05,0.0009423550218343735,0.000784429139457643,2.3106720618670806e-05,2.7801509261680564,7.3709722916382105,4d5f2a4eb7f56e3f1295b47e6bf7e1f8cb4ec5dce233899592551d4d4a553966,43e3656aaa591beb5d324f5bfb26cc865dc280bc6656046369931385ec6b92fc,0e9002c4679cc31ba5e703205244adc743b37affa6b0a2faa0bffa7ad0dbe414
20260826,8,6,gaussian_noise:0.03,4,4.13253927230835,0.36055153608322144,0.3753740191459656,0.9998185038566589,0.15623536041342717,3.147530151181854e-05,4.610525138559751e-05,0.0017019903752952814,0.0021170908585190773,3.841337456833571e-05,2.663526117581078,9.101317204222896,4d5f2a4eb7f56e3f1295b47e6bf7e1f8cb4ec5dce233899592551d4d4a553966,22c5546c2d2836a5367fd813d26f7c28df387636c074cffdca8b7619567be486,775dcf90fbf8c9d31abad64fe1f5b66d202c77826fb38f7c908d20a0abd42702
20260826,8,7,gaussian_noise:0.06,4,4.144706726074219,0.359829843044281,0.38976049423217773,0.9790537357330322,0.15008997900643775,3.106264557573013e-05,4.5906890591140836e-05,0.0008191437227651477,0.0009411992505192757,3.5911292798118666e-05,2.5119368181779254,6.192410047959142,4d5f2a4eb7f56e3f1295b47e6bf7e1f8cb4ec5dce233899592551d4d4a553966,6b8f665669aacda36fdfd986b87c8ef7b506dfbe8b6d9b05b48b0796f86ae346,7a3b95a2fbb26353213abfb0cef8db30060dbad6cedaae426577164a18943153
20260826,9,0,brightness:0.8,4,5.793449401855469,0.4246255159378052,0.4245784282684326,0.9945446252822876,0.26596275061787256,2.7481950382934883e-05,2.703883365029469e-05,0.04178725928068161,0.041241761296987534,2.56356561294524e-05,2.3424285339657045,55.414188861006515,c49d39b6c4f2405b079573e1138d2477eae9c8edf9ad03929e8f2280495a972e,83ad72ee34bf2817a32783d7b0a0f219f5eeebf036434a670965d1bfb0c6a5cf,96e6d9d85edefa6a0cdec65ab1fa45bb6e346c39f4de55c3373e1f9aed203f2d
20260826,9,1,brightness:0.6,4,5.8020124435424805,0.42454254627227783,0.42580175399780273,1.0074042081832886,0.25719170533330854,2.7097839847556315e-05,2.7258309273747727e-05,0.09620094299316406,0.0969240665435791,7.872448622947559e-05,2.365899620480396,84.17241771120602,c49d39b6c4f2405b079573e1138d2477eae9c8edf9ad03929e8f2280495a972e,68d862ed9f469f2df9cecf142fc3beaa176c4579edf1fde2498b8b1aa5809650,a16cf7576852f21d1b0ffcbf5a712d68574cb3d2cbbc7e097e179f650032e1a5
20260826,9,2,contrast:0.75,4,5.823986053466797,0.4243725538253784,0.42480480670928955,1.0065219402313232,0.2616205315834832,2.7279493224341422e-05,2.7402704290580004e-05,0.028449084609746933,0.02871364913880825,1.0996560376952402e-05,2.3693751208425597,45.67302568058656,c49d39b6c4f2405b079573e1138d2477eae9c8edf9ad03929e8f2280495a972e,8e0f01c6998bbed6b17a7e7314fb41d3f1b0a62828e20ce62b812e7f089b1c06,7d15a2f6af653c95145ce6ae97a659e6985d664f18daaf47b4489f73d99282f2
20260826,9,3,contrast:0.5,4,5.724815368652344,0.42457640171051025,0.4270099997520447,0.9950341582298279,0.2568949352427412,2.724534715525806e-05,2.7668986149365082e-05,0.008574028499424458,0.008616803213953972,4.186725345789455e-05,2.3302361977649757,24.9259558513398,c49d39b6c4f2405b079573e1138d2477eae9c8edf9ad03929e8f2280495a972e,527e04ef81ae673b2af5daf10bc1a936d1de6f3b3b6666f11307ef43591e059f,46e97f4d7e7d116abfea40811fdce4d6813819571171410509f36150157ac0f1
20260826,9,4,gaussian_blur:1.0,4,5.81001091003418,0.42433255910873413,0.4196997880935669,0.9876554012298584,0.25584270335619724,2.716239760047756e-05,2.7418642275733873e-05,0.0029181865975260735,0.0028013698756694794,2.5633738914621063e-05,2.3532425539601958,14.443026346999897,c49d39b6c4f2405b079573e1138d2477eae9c8edf9ad03929e8f2280495a972e,a4015d00f9940fcb4174c76a446e04e89f3eabf51794209253362f42d3cba51c,c50a1f0ff1861663ebfa0db8efeb5e7045fab154a43a600d3b252f030444db38
20260826,9,5,gaussian_blur:2.0,4,5.822192668914795,0.4246044158935547,0.40199291706085205,0.9761948585510254,0.2652210501917974,2.7300568035570905e-05,2.2659689420834184e-05,0.0006579238688573241,0.0005581790464930236,4.507065750658512e-05,2.4283882056639645,7.325852804237807,c49d39b6c4f2405b079573e1138d2477eae9c8edf9ad03929e8f2280495a972e,affe9ec5f91af822529021b18295dcc879b902c4fe521bddac4f26a4317ffd30,14bd057d5297e47dd6411f4fc8b07864021c2b960bfb17feb363c5ebe9b2ea63
20260826,9,6,gaussian_noise:0.03,4,5.803979873657227,0.4247201681137085,0.41575193405151367,1.0075074434280396,0.2634788371695587,2.7322897949488834e-05,3.083529736613855e-05,0.0025537321344017982,0.002591703087091446,4.079968493897468e-05,2.4233379592726187,12.917753323083693,c49d39b6c4f2405b079573e1138d2477eae9c8edf9ad03929e8f2280495a972e,89b47f0a5c2015d93bc05a8ffc7874ff249d55ef8aabb3dbe6daf75f1336f03d,f33a007eeb7e8ec884426fc3654f28d6b16709957b3ed8f81a9bd8f0cbf8a4e4
20260826,9,7,gaussian_noise:0.06,4,5.78706169128418,0.42423534393310547,0.4215710163116455,1.0050455331802368,0.24993068509017397,2.7073168894276023e-05,3.0436302040470764e-05,0.0012472004164010286,0.0012228863779455423,4.498290945775807e-05,2.3840479878656056,9.008659335712496,c49d39b6c4f2405b079573e1138d2477eae9c8edf9ad03929e8f2280495a972e,ae15feb3cbc7b1e7b69f2c4540c5a18c8fe234ea1d52c3836f18fb786b6fdf55,82a1453fc62041355998d94223a101b1f680df54dfebd3c953ffe5514b31a314
20260826,10,0,brightness:0.8,4,4.544130802154541,0.3868502378463745,0.38865840435028076,1.000677466392517,0.3059558755150867,2.4444445443805307e-05,2.49535842158366e-05,0.07809895277023315,0.07809958606958389,1.2714561307802796e-05,2.574696584949313,79.11740172094167,c49e7441bdf428c261286d128358ecb269f08a87346a77d4311b70b96df44f8a,56e30299fdc84cd07fd7672fd8644c761754740e36a70bd9af171b04b9b9c9d9,6f0892057a9423a1c6c6ba5e9bc58e6fe02aeb76370bd354997365cb3db6f704
20260826,10,1,brightness:0.6,4,4.553525447845459,0.38762420415878296,0.38833147287368774,1.0046085119247437,0.2982918783485424,2.491240593371913e-05,2.5087287212954834e-05,0.06310319155454636,0.06362199038267136,-6.5161784732481465e-06,2.586987102772151,71.07299399541613,c49e7441bdf428c261286d128358ecb269f08a87346a77d4311b70b96df44f8a,801baf05fd13d54632837de9fc263cfd7436981b95ed2104fe11055b56823d35,2bc1d8040d3410fa26cd964e5b2a33c74561bb6b3645584dcaaa8359a149c7c4
20260826,10,2,contrast:0.75,4,4.550138473510742,0.38759171962738037,0.3847097158432007,1.0111453533172607,0.3005759046043929,2.4928538550739177e-05,2.5531844585202634e-05,0.035658638924360275,0.03602646291255951,6.554523133672774e-05,2.628333290468239,52.987491167585866,c49e7441bdf428c261286d128358ecb269f08a87346a77d4311b70b96df44f8a,857edef7023b44b62275c39bcaa9237df21509d144a23e6d3c23feb1f778bf99,c16189198d0c457523aaaee26691674cc546ae59aa689ee40a00c71d44d6815b
20260826,10,3,contrast:0.5,4,4.610332489013672,0.3882486820220947,0.3806806802749634,1.0096755027770996,0.31000172251176655,2.4804136046441272e-05,2.64047303062398e-05,0.005181233864277601,0.005017152987420559,3.5055891203228384e-05,2.6522898457778763,19.65281983948158,c49e7441bdf428c261286d128358ecb269f08a87346a77d4311b70b96df44f8a,5bb5b4bc304f519f251a4976c0e3ffc04537b2472ea8dded28adb2181bcc0c6c,6fb25a9f18d8e8668efe473b8651a806666b72491a0abfb4b99cbb2cb6634ba8
20260826,10,4,gaussian_blur:1.0,4,4.52548885345459,0.3875685930252075,0.3866000175476074,0.9871435761451721,0.2919206053088518,2.463352029735688e-05,2.5206012651324272e-05,0.002811731770634651,0.0028394463006407022,2.8780848879250698e-05,2.55339764960981,14.97329638562622,c49e7441bdf428c261286d128358ecb269f08a87346a77d4311b70b96df44f8a,2886f68f3a371ea9b95cfafd5a1559ad880e5052e19729576c809612bfab89d0,18660da8d5e1713cc0ea8bd126c069e9dedc998823842814e5359e48a1f860b9
20260826,10,5,gaussian_blur:2.0,4,4.533167839050293,0.38739049434661865,0.37552499771118164,0.9732977151870728,0.2982049815135368,2.4965884222183377e-05,2.571141885709949e-05,0.0008330076816491783,0.0008475478389300406,3.061661118408665e-05,2.5918320248167377,8.084690722177413,c49e7441bdf428c261286d128358ecb269f08a87346a77d4311b70b96df44f8a,14401db5e9f9bab7da0f9b253f50ade61f50feb26fd4cce045fd3a2e4c49127d,975d3cc9965e52aefd89b7291c7b9541fdc04217331126abbe62a5b7b659785d
20260826,10,6,gaussian_noise:0.03,4,4.489177703857422,0.3869513273239136,0.3775028586387634,1.016813039779663,0.29803741160076547,2.482125273672864e-05,2.5693287170724943e-05,0.002160010626539588,0.0019853939302265644,4.312851160648279e-05,2.6935240793836277,12.702044349079099,c49e7441bdf428c261286d128358ecb269f08a87346a77d4311b70b96df44f8a,3f5c220da958596aca164472b70fde6988a6a130aad17b4f085a155e233cd20f,0b4766e0df3ccde6204d6e26ee1fa4486283fd98e60d7523c164de807eccc8ce
20260826,10,7,gaussian_noise:0.06,4,4.59298038482666,0.38748908042907715,0.38335418701171875,1.0092068910598755,0.3013156997694339,2.468374623276759e-05,2.606608541100286e-05,0.0007545733824372292,0.0006852515507489443,3.297204602858983e-05,2.632570414651621,7.432192298635692,c49e7441bdf428c261286d128358ecb269f08a87346a77d4311b70b96df44f8a,cb807088d2b78b1a8f357ba0db714c5c94c17062746078aae8a41c6ad189a3a8,179925558175d1bef6343573a4506e0951dca17cddd777af9d7caf75fac78eea
20260826,11,0,brightness:0.8,4,3.881965160369873,0.36077845096588135,0.3611147403717041,1.0204198360443115,0.34363810929013383,3.0296647310024127e-05,3.0125567718641832e-05,0.06653527170419693,0.06552690267562866,8.806451660348102e-05,2.8257496079887763,66.20969721456508,209b584b5710f7cb6125f921db517de7a4b179f77e50da5a750e1ab3f1780387,2b29c10e7c79f658281f005081de64a8f43d86781933e7608af6a72eee95a2f9,86fe52a81ece193c75c8e3f1c0889c424a2df7c19088294fefcff8750baaea75
20260826,11,1,brightness:0.6,4,3.8505425453186035,0.3616265058517456,0.35943424701690674,0.9853475689888,0.34262600197727305,2.9729555535595864e-05,2.9208578780526295e-05,0.043241292238235474,0.04458241164684296,0.00010458142060087994,2.7413847655492107,54.83409267181864,209b584b5710f7cb6125f921db517de7a4b179f77e50da5a750e1ab3f1780387,b69d05660522da6c3a7a648f7f21cfa5204221120f476ad78b8f79832d17453d,b9df0bf554cb095591fe80983115f6124b803ef94df50eb0979785ff5983c97a
20260826,11,2,contrast:0.75,4,3.875894546508789,0.36157798767089844,0.35864174365997314,0.9970309734344482,0.3399955804972357,2.977988333441317e-05,3.0044209779589437e-05,0.021112635731697083,0.020830383524298668,4.136892675887793e-05,2.780019311917381,37.36366349240654,209b584b5710f7cb6125f921db517de7a4b179f77e50da5a750e1ab3f1780387,3c0f35ad321af7d1ea4e076cd0180efa1adc8902de410630b448313d16ab12d8,3805a16751292578af254405e60eb8e9b2fef7f9cab85096238c26de0b9178a0
20260826,11,3,contrast:0.5,4,3.933448076248169,0.36067116260528564,0.3574179410934448,1.007802128791809,0.3376311149050478,2.952776958409231e-05,2.9366101443883963e-05,0.009203430265188217,0.00883470382541418,6.655907782260329e-05,2.819674148725302,24.78407177619598,209b584b5710f7cb6125f921db517de7a4b179f77e50da5a750e1ab3f1780387,dd3169b7d911b7a9758361f89999fa8ccb5d46adf12c703aa815d1e53940bc5d,ac2f727f0598f5dc2fe055124054a7d3d6bb9fa0178217c5ef3bf43b781b6b55
20260826,11,4,gaussian_blur:1.0,4,3.9339828491210938,0.3598785996437073,0.351912260055542,0.9995360970497131,0.33935048490747916,2.9674880352104083e-05,3.046570418518968e-05,0.0026987730525434017,0.0028700651600956917,2.127206971636042e-05,2.840299161194206,13.519999949437029,209b584b5710f7cb6125f921db517de7a4b179f77e50da5a750e1ab3f1780387,1cbcbb5ff2e7fccf859d232cb8854de9c558b13af4a81a7dd5eee389b9605d32,60d0aaaeb87ddf76b7275e751c4fd82d18b06bfa5fa204d9d40f89e462025221
20260826,11,5,gaussian_blur:2.0,4,3.9001331329345703,0.36073029041290283,0.34669625759124756,0.9982645511627197,0.3465585093874732,2.9699813239858486e-05,2.9962850021547638e-05,0.0006971829570829868,0.0006013378733769059,3.6209508834872395e-05,2.8793635042339183,6.583137106436392,209b584b5710f7cb6125f921db517de7a4b179f77e50da5a750e1ab3f1780387,5ceeee77df5b381c3641776c5a4c0dec2975efa801fdfda26a6e1328a86be481,84773b29bf09eccfa80d950c3d8a866c9460323242437fabd6bc29225dea2c0c
20260826,11,6,gaussian_noise:0.03,4,3.8644461631774902,0.3607192039489746,0.36436545848846436,0.990352213382721,0.34503314728029955,2.899335049733054e-05,3.4002507163677365e-05,0.0012222989462316036,0.001511432696133852,4.6187895350158215e-05,2.71801892937685,8.966490020138586,209b584b5710f7cb6125f921db517de7a4b179f77e50da5a750e1ab3f1780387,82d2eccda70023f8db09a5c4980fdd02d7b5721d0dafe2335492e357f73c0b53,bc4241cc46275521b180bb6f442b73630b973998a4a1510e2967430ebcc09b2f
20260826,11,7,gaussian_noise:0.06,4,3.8787713050842285,0.35980600118637085,0.37038731575012207,0.9693703055381775,0.34472994492035824,2.9517030270653777e-05,3.1763658626005054e-05,0.0006638647755607963,0.0006933830445632339,4.767708378494717e-05,2.6171800823550693,6.536786739240881,209b584b5710f7cb6125f921db517de7a4b179f77e50da5a750e1ab3f1780387,2efcd311bff7ed27c9de1da35d4a7b521aee0c49d09df046d569bd2fd616e6c2,2ca972f65a8470f0c1337bd0f32ce93239de47bcfe2c5ce4931dffcbbdab1692
20260826,12,0,brightness:0.8,4,4.979360103607178,0.3191053867340088,0.3166350722312927,1.0114386081695557,0.16550646850025838,2.460313044139184e-05,2.3927874281071126e-05,0.049832865595817566,0.04900876432657242,0.00010681277490220964,3.194335362289649,64.2714192403048,f3571d9b3d5f337f982663432f43c3b44b61ffebe65362397389af101abe7149,65aa26ca4ed514757d5ec6f43f4386479afa2d1c4b0314a8e6157e91a4527185,bf9414aea9a4acc41b0f8bd1006dea054d5765088e9b9b6d21e41086b909300a
20260826,12,1,brightness:0.6,4,4.935710906982422,0.3189805746078491,0.3143965005874634,0.9884636402130127,0.16593239885955735,2.459687675582245e-05,2.373438655922655e-05,0.04830433800816536,0.047152742743492126,0.00015854448429308832,3.144003315450477,63.418369009417354,f3571d9b3d5f337f982663432f43c3b44b61ffebe65362397389af101abe7149,343ec46bc34d89b04a942e97187955b82305a39f5c358b57a62deb1da0aa03e1,6342ad85131606da6e029e55583691e4c31cfb552a1c592d19eb8010ac3a654b
20260826,12,2,contrast:0.75,4,4.995702743530273,0.318576455116272,0.3147205114364624,1.0218454599380493,0.16326358393874527,2.428620427963324e-05,2.4282919184770435e-05,0.030696779489517212,0.031648699194192886,0.0001611949992366135,3.2468346447268193,50.670131879660175,f3571d9b3d5f337f982663432f43c3b44b61ffebe65362397389af101abe7149,d21a402b59149648092a11257e416eaa52a6c13b8b8956004777298d2d0c9cff,f03310cb0a8aed08e3e18ad37218cacd3027530f10044aa9fa56d5d48fc089c0
20260826,12,3,contrast:0.5,4,4.9446611404418945,0.31906044483184814,0.310674250125885,1.0116124153137207,0.16586525221593967,2.455654066579882e-05,2.4705839678063057e-05,0.009718547575175762,0.009753353893756866,0.00010133979958482087,3.2561836550786425,28.074004954302506,f3571d9b3d5f337f982663432f43c3b44b61ffebe65362397389af101abe7149,fa98f7e68f06597d55a532042a6f436db5f229b53b6832f6fe58337d6deaf82e,016466cdde94696e4941efda520a5444e115b54f49cd694384c533c24a7960ff
20260826,12,4,gaussian_blur:1.0,4,4.934500694274902,0.3190685510635376,0.3153449296951294,0.9880915880203247,0.16821008356019432,2.4481045329594053e-05,2.592234523035586e-05,0.0028560212813317776,0.002883604262024164,4.781815368914977e-05,3.1333676078939856,14.880058367430475,f3571d9b3d5f337f982663432f43c3b44b61ffebe65362397389af101abe7149,cabd7bca26503ee324fdd4232066cb8f6ee1cd16883201691fde5601acd6e33c,c2e2c01ca9cb5aefbbc10b452d2036bdc080d9fa5561ccee9ad953d57a006165
20260826,12,5,gaussian_blur:2.0,4,4.953364372253418,0.3192328214645386,0.3441137671470642,0.9832791090011597,0.16169971962233884,2.4671950086485595e-05,3.7550074921455234e-05,0.00047815084690228105,0.0006231482257135212,3.0238381441449746e-05,2.857424499906552,5.415608146038597,f3571d9b3d5f337f982663432f43c3b44b61ffebe65362397389af101abe7149,6333317541a1309ff8fcb726e05c04d5452babb78de5710e3d48cebe03a7fc0e,bf99978a9e9d894dca1859f50f63c33f404ffa6200d304d30b9bdbd93186d52c
20260826,12,6,gaussian_noise:0.03,4,4.937353134155273,0.3186355233192444,0.33042335510253906,1.0115110874176025,0.16701156659922908,2.4503857275703922e-05,2.711266279220581e-05,0.0027372934855520725,0.0028237802907824516,4.7381101467181e-05,3.061257843301373,14.321656134418825,f3571d9b3d5f337f982663432f43c3b44b61ffebe65362397389af101abe7149,dc9c3f4514c2eb266f90e659568ca2266b9a343f5aea076b2d20564d856aca09,69e87aa90f59f07965491c0fd953902b4a47dbf80eb30846de19116e9e7d7d71
20260826,12,7,gaussian_noise:0.06,4,4.932167053222656,0.3190227746963501,0.3421832323074341,1.0212032794952393,0.1673657605578197,2.452148692100309e-05,3.2622010621707886e-05,0.0011726098600775003,0.0013619470410048962,4.0941755287349224e-05,2.9843755715585165,8.814458967699954,f3571d9b3d5f337f982663432f43c3b44b61ffebe65362397389af101abe7149,c1fdbc39f8718a727525192a02363a689ca48ecf42a74a869c2b7c464dce1f7f,35b9dc27e1cb856d0e11330a23a9d6e8648554d6d0d0c4fe0670a5e22e216a36
20260826,13,0,brightness:0.8,4,5.084429740905762,0.34173107147216797,0.3420454263687134,1.013415813446045,0.19080624640794439,2.131726432708092e-05,2.1342999389162287e-05,0.08887840807437897,0.09019304066896439,0.00010912003926932812,2.962810595671047,91.59788536379753,4e7b776a45f427f20fc84fa224bde3f1fa2b2c25c82cca9dee728c761e43f168,ed1014b73f6c2b5b6aeeb64d50eebf26604ee2a6cce016bc4eb980da3cb889de,15575b6c05c457b0f40c6489d54e429dc3b9b0cf4e88cd462bbd169c1b7fe64d
20260826,13,1,brightness:0.6,4,5.05216121673584,0.3430212736129761,0.34108197689056396,0.9989868998527527,0.18097604156623362,2.1589132302324288e-05,2.1255691535770893e-05,0.06889897584915161,0.0683346763253212,8.263750351034105e-05,2.928876245411458,80.351259961545,4e7b776a45f427f20fc84fa224bde3f1fa2b2c25c82cca9dee728c761e43f168,db579065ab6df3541895a56383acc961b57a886dc702db23406cd0c1ed23408d,4ed34bc1b5565c8bda18dfccc96694b2311e6403a7825545b1fed22a1c331dca
20260826,13,2,contrast:0.75,4,5.111328125,0.34265053272247314,0.337685763835907,1.0049680471420288,0.1774239396613866,2.1533840481424704e-05,2.1001465938752517e-05,0.046209998428821564,0.046742670238018036,0.0001537463831482455,2.976045053620848,66.52825407990458,4e7b776a45f427f20fc84fa224bde3f1fa2b2c25c82cca9dee728c761e43f168,7553156a46c4183b07e9364f170f2c7a577cc92b1e6c036952d10fe8f9ad903f,9b3bf06ff83a22fa7a1eec0f7e2b6f92c335a3e5e193d0923279c07d377d5c18
20260826,13,3,contrast:0.5,4,5.154073715209961,0.3416677713394165,0.3358767032623291,0.9994962811470032,0.20251773880157883,2.1513389583560638e-05,2.1910431314609013e-05,0.010175243020057678,0.010465252213180065,7.585463754367083e-05,2.97578329023424,30.69266457154921,4e7b776a45f427f20fc84fa224bde3f1fa2b2c25c82cca9dee728c761e43f168,6f8f518cf63e00956e10e798219855e0800c32b1135fcbaed92349cdf9fc9321,c8e30f5e18e153af903322fdbb08695db6d09e89c60e8c91fbc5ba25f8a306e3
20260826,13,4,gaussian_blur:1.0,4,5.111387252807617,0.343231201171875,0.3358457088470459,0.9854174852371216,0.18998270639972645,2.1442425349960104e-05,2.1988498701830395e-05,0.002543963026255369,0.0022779367864131927,1.9241791960666887e-05,2.9341374901589408,14.808507926614496,4e7b776a45f427f20fc84fa224bde3f1fa2b2c25c82cca9dee728c761e43f168,9b9dd40c2432e68a168e0fdc93ee26c7a42d10efb9b2b703d8849403682168e9,863790400a5037f03610f393659bf53f9f2458251a8e4a0b147f2a031819e831
20260826,13,5,gaussian_blur:2.0,4,5.018491268157959,0.3427075147628784,0.3452509045600891,0.9866106510162354,0.20320298458506636,2.152245542674791e-05,2.8780568754882552e-05,0.0007014558650553226,0.0007618657546117902,2.5978952180594206e-05,2.8576627547822135,7.130503682103125,4e7b776a45f427f20fc84fa224bde3f1fa2b2c25c82cca9dee728c761e43f168,d74102e09c5a40feb8a792d41fc398450d65d9dbbc077e2520adc4fee5177434,9679dbbf18a0ee0b0ae7b67c31151d0c89651bb8c2badc725d46f66cf051d87d
20260826,13,6,gaussian_noise:0.03,4,5.046083450317383,0.3424503803253174,0.3356684446334839,1.0199532508850098,0.18770286394026645,2.1263855160214007e-05,2.301984750374686e-05,0.0034381719306111336,0.003348513040691614,5.1041002734564245e-05,3.0385735304928527,17.170289751005416,4e7b776a45f427f20fc84fa224bde3f1fa2b2c25c82cca9dee728c761e43f168,3d04ef25773299cac0eb2a71fee84554a25926c5d55d2060a433895b96526e70,cc017dc04bc44865a0cfa7f91bd959c8a14a6452e88af136d08d0e3e4ca0ebc0
20260826,13,7,gaussian_noise:0.06,4,5.049319267272949,0.34292715787887573,0.34073716402053833,1.0161396265029907,0.16608684358565418,2.1569889213424176e-05,2.7154197596246377e-05,0.0013051042333245277,0.0013367307838052511,4.158189403824508e-05,2.9821802075036983,9.86357518234527,4e7b776a45f427f20fc84fa224bde3f1fa2b2c25c82cca9dee728c761e43f168,a30060426bf09971d023182ec2c5c80f60568cdf69c4223c12a5c408a6ada930,c9811ff5e7f45c593d3e8bb33c28974628a4de93501f50adde86d4b5a1307921
20260826,14,0,brightness:0.8,4,5.038177490234375,0.3602020740509033,0.3589533567428589,1.0109010934829712,0.17381127950931852,2.5782846932997927e-05,2.5691457267384976e-05,0.06694049388170242,0.066669762134552,3.916402056347579e-05,2.8162463854799493,72.11498684117612,cb0af2a99f69c11db75f59d1abdb9abc19ffef5931e2726599e64fc5a8cfbe66,05e43a7305791c84940d14e05f9fe148c7f120a230f0bc19f42c0eb3e410d2b4,772260cd9ce7f7dd7ab4370e05bec029c4c7251f63105329271e08a17670888c
20260826,14,1,brightness:0.6,4,5.042533874511719,0.36014389991760254,0.35846853256225586,0.9958123564720154,0.1686358401247866,2.6042271201731637e-05,2.5880945031531155e-05,0.22761952877044678,0.22778941690921783,8.24935341370292e-05,2.777963101402969,132.65105655808725,cb0af2a99f69c11db75f59d1abdb9abc19ffef5931e2726599e64fc5a8cfbe66,cf42b74ff5b4ee54c0ea1d8c35ac2072e1671d98f3669f632930ae8412d14462,cc70c003a2708b6f731ddee5872560b93d7730368fb4a7abe40e6c39ada414e5
20260826,14,2,contrast:0.75,4,5.057061672210693,0.36068272590637207,0.355344295501709,1.0113056898117065,0.17116442553155106,2.6015144612756558e-05,2.5773832021513954e-05,0.03756849467754364,0.03771059960126877,3.446974733378738e-05,2.845988250307631,54.044026188188774,cb0af2a99f69c11db75f59d1abdb9abc19ffef5931e2726599e64fc5a8cfbe66,a38c1163939e309ae3d28b50667ec91694684fbaa9508a9637d34e3b6516ece6,610f0a3abbe9d1ca397f2b4d9cdddf5e5aea23d3dd39bb340b5ae9d57284aa6a
20260826,14,3,contrast:0.5,4,5.018285751342773,0.3600118160247803,0.3496342897415161,1.0050182342529297,0.17164703987437718,2.5758658011909574e-05,2.4777109501883388e-05,0.011629113927483559,0.011559192091226578,2.399574987066444e-05,2.8744841788714073,30.592093044764372,cb0af2a99f69c11db75f59d1abdb9abc19ffef5931e2726599e64fc5a8cfbe66,10360a21eb6f57061c7b195e32162ab344e33dbaa5ab9f62e20bce405b7bc67a,2563520bfa84cb87222579289b67580ca16c237ee92d25167021a73f5ff67ba3
20260826,14,4,gaussian_blur:1.0,4,5.031785011291504,0.3601416349411011,0.35400813817977905,1.0154623985290527,0.17167716127518115,2.5975474272854626e-05,2.5947983885998838e-05,0.0038396313320845366,0.0037089120596647263,2.845466588041745e-05,2.8684719050536676,17.05610135625236,cb0af2a99f69c11db75f59d1abdb9abc19ffef5931e2726599e64fc5a8cfbe66,da4465c90964ad3df6e1e940b5c4f8b6134c50a5257cabfe9267a2351bcde344,1f9b484f00cc6ba76d41144f5aa69e607f76ceab175b35f0aa253dc0c7d260c6
20260826,14,5,gaussian_blur:2.0,4,5.0311150550842285,0.35841935873031616,0.364485502243042,0.9934279322624207,0.17030815635181734,2.5315788661828265e-05,3.1228795705828816e-05,0.0006424904568120837,0.0007108421996235847,2.9307902877917513e-05,2.7255622683175873,6.583012238885168,cb0af2a99f69c11db75f59d1abdb9abc19ffef5931e2726599e64fc5a8cfbe66,032e18fc7f0a93544f815661dc909a6cbe7e6945e75a214851fb91740004188c,0a0a3d52f7256619eed88cb3a9b2f1820cf3fd5f7d5f3c87589d8cca3f1b2e5b
20260826,14,6,gaussian_noise:0.03,4,5.039938449859619,0.360790491104126,0.380521297454834,1.0042630434036255,0.17252481148239215,2.5980731152230874e-05,2.7518977731233463e-05,0.006241090130060911,0.006093061529099941,5.086087548988871e-05,2.639176966232295,21.17085968061444,cb0af2a99f69c11db75f59d1abdb9abc19ffef5931e2726599e64fc5a8cfbe66,6c00f97c27a83f6aa814eaa0db97ae85c54c45d945d9173134566d969b53b205,c51c683a4748ebb57fea2562ab2f0ac126566cc3b99ad6ac1b13abaebe52cbd5
20260826,14,7,gaussian_noise:0.06,4,5.041805267333984,0.35979294776916504,0.3952382206916809,1.0087426900863647,0.16847844195097023,2.5870966055663303e-05,3.68640357919503e-05,0.0008955560624599457,0.0012284030672162771,3.5413584555499256e-05,2.5522397310690987,7.590521910977719,cb0af2a99f69c11db75f59d1abdb9abc19ffef5931e2726599e64fc5a8cfbe66,92e889024793552d848157bb70090f632a76f2251049a2586104c3b2b0091cc5,812ce9aaac25c7637b0ae981cce7f3d0113301547f5b94eea8071c56c77ec415
20260826,15,0,brightness:0.8,4,4.701929092407227,0.40166205167770386,0.400634765625,0.998386800289154,0.19795868243576975,2.59601220022887e-05,2.6217221602564678e-05,0.08183139562606812,0.08232735097408295,5.926843004999682e-05,2.4920123912153413,79.12954732047483,837b7cfcbd4ab9011096fcb65d078fef4b9de5ba43f4c0989b85cadd80699f80,2049f7e4280b5c416c61cf8087e31d061347024d138b0b23a741f9f75e73e1f0,098848ba4fbea26ea37370a3156f6d466901bb8847f124bbb3b9bdc888220125
20260826,15,1,brightness:0.6,4,4.639217376708984,0.4014003872871399,0.4002571105957031,1.0270687341690063,0.1998791034944053,2.611935997265391e-05,2.6325775252189487e-05,0.029607906937599182,0.03064819611608982,3.0139264708850533e-05,2.5660224565165595,47.84206710515493,837b7cfcbd4ab9011096fcb65d078fef4b9de5ba43f4c0989b85cadd80699f80,ecda35058ac8d9947a50c1624cceebc1bf1118b9c87849ae803ca53d7ed9628e,7fca9c1f9bc13585671df22f8ccdf7df9d8e5798847e74ff15f903197df27ab9
20260826,15,2,contrast:0.75,4,4.658935070037842,0.4015246033668518,0.40027785301208496,0.9982007145881653,0.1896748572508774,2.5953821022994816e-05,2.6257735953549854e-05,0.04212389141321182,0.04264985769987106,6.162122735986486e-05,2.493769533029918,56.82010824346069,837b7cfcbd4ab9011096fcb65d078fef4b9de5ba43f4c0989b85cadd80699f80,5b260aec6990427d83aa4244342946571e1dc46f1d62c1a536d90d3b8c49c780,c242880772917586d32d4d8ce85bf09e06a9c2788bcd4aad5080d764d9eb483e
20260826,15,3,contrast:0.5,4,4.681488037109375,0.4021211862564087,0.395014226436615,1.0038280487060547,0.19751500899589472,2.611949821584858e-05,2.627362118801102e-05,0.009860657155513763,0.009663466364145279,5.10584213770926e-05,2.5412453059260427,27.259997162408645,837b7cfcbd4ab9011096fcb65d078fef4b9de5ba43f4c0989b85cadd80699f80,145364a60e543b9bd9637dc4c0134cfceb8471253e1e5baa300f2c6057513210,cfe4ef9bdc26568281ca2edd2bed47a08f31f620e7ddf9b5d3e55a5252b54fb3
20260826,15,4,gaussian_blur:1.0,4,4.708610534667969,0.40157651901245117,0.39965301752090454,0.9842231273651123,0.1796860487506145,2.6228515707771294e-05,2.80153144558426e-05,0.002985156374052167,0.0029537519440054893,4.4324151531327516e-05,2.4626940976709397,14.559805039872597,837b7cfcbd4ab9011096fcb65d078fef4b9de5ba43f4c0989b85cadd80699f80,cddae9ca4eba9334ae4b65d75137ffcf89ec59d0b94535b03461edef24ce7516,da4a4a48b6f1f4d921c69beab59f9b8563be26f738cfa62fc05a512cc43e9668
20260826,15,5,gaussian_blur:2.0,4,4.733828544616699,0.4017986059188843,0.39275944232940674,0.9699297547340393,0.21567489074486712,2.640264392539393e-05,2.5668496164144017e-05,0.000725000980310142,0.0006384077714756131,2.8419184673111886e-05,2.4695262550061385,7.2880748784401375,837b7cfcbd4ab9011096fcb65d078fef4b9de5ba43f4c0989b85cadd80699f80,fc5f0331a0b0ad8509ecbb72b0e634c688414abcfd6ee2d71e965f2bfc94540d,b8716769ef776edff488592c89e616a8cfd7d7da4cb2bbfc80c783eb1e40c997
20260826,15,6,gaussian_noise:0.03,4,4.682399749755859,0.40111100673675537,0.3975851535797119,0.9920884966850281,0.18781272320091452,2.5877183361444622e-05,2.7222542485105805e-05,0.00397056620568037,0.003920774906873703,4.7429326514247805e-05,2.4952855702800383,17.025938730484274,837b7cfcbd4ab9011096fcb65d078fef4b9de5ba43f4c0989b85cadd80699f80,e8bffcac7e68ff083fe017a452cedeceb0dce75d40d284d5d98f5c25a6b387f4,aa2a9f9091ee2355a5d23d154fa2dc8b7c59b200dfa603492e40bb959382f9ad
20260826,15,7,gaussian_noise:0.06,4,4.706197261810303,0.40159308910369873,0.4109731912612915,0.9896149039268494,0.2067704627532585,2.6371784770162776e-05,3.08655908156652e-05,0.001317193266004324,0.0013197914231568575,3.005550752277486e-05,2.407979218521981,9.243075635873515,837b7cfcbd4ab9011096fcb65d078fef4b9de5ba43f4c0989b85cadd80699f80,047481f23996df24f13650a46513ed6ad83dbcfbb8b2e4f945106aa185d50bad,2cff65734be6a930b8fcfbf441907744d5fb89085c66415970517ba84fb92c1a
