seed,batch_index,condition,family,token_count,static_clean_loss,static_perturbed_loss,response_loss,predicted_response_grad_Z_single,observed_response_grad_Z_single,static_grad_Z,response_grad_Z,static_grad_P4,response_grad_P4,static_clean_grad_P4,static_2v_grad_P4,static_response_clean_dot,A_Z,A_Z_single,A_P4,projector_transfer_ratio,G_norm,G_angle,branch_factor,dominance_margin,max_derivative_relative_error,factor_relative_error,student_static_clean_norm_mean,student_static_clean_norm_std,student_static_clean_norm_min,student_static_clean_norm_q25,student_static_clean_norm_median,student_static_clean_norm_q75,student_static_clean_norm_max,student_static_norm_mean,student_static_norm_std,student_static_norm_min,student_static_norm_q25,student_static_norm_median,student_static_norm_q75,student_static_norm_max,student_response_norm_mean,student_response_norm_std,student_response_norm_min,student_response_norm_q25,student_response_norm_median,student_response_norm_q75,student_response_norm_max,teacher_response_norm_mean,teacher_response_norm_std,teacher_response_norm_min,teacher_response_norm_q25,teacher_response_norm_median,teacher_response_norm_q75,teacher_response_norm_max,cos_static_mean,cos_static_std,cos_static_min,cos_static_q25,cos_static_median,cos_static_q75,cos_static_max,cos_response_mean,cos_response_std,cos_response_min,cos_response_q25,cos_response_median,cos_response_q75,cos_response_max,sin_static_mean,sin_static_std,sin_static_min,sin_static_q25,sin_static_median,sin_static_q75,sin_static_max,sin_response_mean,sin_response_std,sin_response_min,sin_response_q25,sin_response_median,sin_response_q75,sin_response_max,predicted_token_grad_mean,predicted_token_grad_std,predicted_token_grad_min,predicted_token_grad_q25,predicted_token_grad_median,predicted_token_grad_q75,predicted_token_grad_max,observed_token_grad_mean,observed_token_grad_std,observed_token_grad_min,observed_token_grad_q25,observed_token_grad_median,observed_token_grad_q75,observed_token_grad_max
20260824,0,brightness:0.8,brightness,1024,0.3735194802284241,0.3722047805786133,1.019834041595459,0.3228940877470503,0.3228940867885668,0.005768551352442603,0.45664119674646636,0.004696158487970174,0.36278775248101336,0.004661416210401849,0.006616850129081922,8.209195765795e-05,79.16046314697515,55.97490029309391,77.25202490723893,0.9758915225623066,42.61851237725484,1.3133940468729328,1.414213562373095,3.1331004692899462,1.1501634593422526e-07,2.6757172033597953e-09,5.1529345443302805,6.16697204583598,2.558078113035309,3.699711802298446,4.150112506001534,4.69776354910561,69.10589190948423,5.126084344034888,6.189329416121391,2.594859928943772,3.7073591675435797,4.136888947563315,4.690070914614647,67.824399143005,0.23690918072943157,0.8197727337010867,0.04239174186384453,0.08434117754762402,0.10657394727115792,0.1386919246033495,7.935591221710173,0.06008047678716924,0.015310453963124413,0.03675400949618934,0.05077456842626152,0.0572235875795408,0.06505913154429044,0.2048929637480497,0.6277951945346167,0.13928863939929925,-0.1944272130641169,0.5845359933887582,0.6445428922177258,0.704187823724455,0.8540652309043153,-0.019834041205374412,0.14981647656750324,-0.5303353479100341,-0.1150340728190906,-0.018471366084710984,0.07665183483991274,0.44265577934087164,0.7611863144830048,0.0842207622574506,0.5201659171460183,0.7100137369171171,0.7645681391821308,0.8113677686573959,0.9999391364746726,0.9883828025392887,0.016830488756265468,0.8477879562468101,0.9844204304181402,0.9949947967148007,0.9990042619738015,0.999999994549454,0.009304262667475624,0.003906735896171396,0.00012235485086019383,0.006921346543267636,0.009052945381114019,0.011410468077756936,0.02303600174610133,0.009304262649251882,0.003906735877483011,0.00012235484609846026,0.0069213464157655835,0.009052945300936699,0.011410468956455588,0.02303600125014782
20260824,0,brightness:0.6,brightness,1024,0.37350690364837646,0.37202250957489014,0.9882004261016846,0.34612986385679384,0.34612986394928363,0.005741752526201309,0.4895015479394311,0.004616017643627334,0.3986873515492583,0.004681095725002576,0.006574212962242419,0.00015592784536188307,85.2529860361782,60.28296454258365,86.37041327163645,1.013107191752604,46.02278702683963,1.309850369098878,1.414213562373095,3.199628109264063,1.166274532462283e-07,5.222255961001565e-10,5.155211113837163,6.165066870809169,2.5567796672694385,3.6943555973183138,4.156727004391503,4.700081488159331,69.52605691908028,5.1612886343788995,6.159975309339424,2.608912632082177,3.6930667514172635,4.150836445530353,4.698161461312654,66.07914339601594,0.21837858683737194,0.6275951655917961,0.025512823681409922,0.07888750392398403,0.10747271028334093,0.14892755629884344,6.727416909792299,0.10814307310982021,0.029595609817327815,0.05788490783028541,0.08935467302316272,0.10321319539761592,0.11986614898826871,0.36780047966284446,0.6279775306385997,0.14058698343514828,-0.19899730554518058,0.5859437649837258,0.6460082928275206,0.7040832322977294,0.8449522790979611,0.011799578073401451,0.16898332449757505,-0.49664393129170203,-0.10473467262587144,0.007122619823503299,0.12191682403590834,0.4936357153245587,0.7609252228284373,0.08305639357688155,0.5348417018587478,0.7101174553942406,0.7633303908212823,0.8103516785313252,0.9999982228276895,0.9853472999413517,0.020601093490393064,0.8679543798559478,0.9812190731724516,0.9937150644651414,0.9984820618867122,0.9999999939817366,0.009689169188801718,0.004810460568833075,0.00014475662802635326,0.006430933556010404,0.00901759304228067,0.012267892453073814,0.038266790669570484,0.009689169184653679,0.004810460517692056,0.0001447566319257021,0.0064309334848076105,0.009017592761665583,0.01226789248175919,0.03826678916811943
20260824,0,contrast:0.75,contrast,1024,0.3731498718261719,0.3685091733932495,0.9925649166107178,0.2389226711066776,0.238922671124848,0.005755262356340436,0.3378876818631667,0.004623741988243094,0.26566000637311266,0.0046789906123621055,0.006578141312286847,7.550360418961027e-05,58.709344760091405,41.51377579887953,57.45562945523628,0.9786453875447209,31.475191631745414,1.3189363930912468,1.4142135623730951,2.8258004290241465,1.1595827916955087e-07,1.836726104542663e-09,5.121701135518858,6.19296125713358,2.591171448355285,3.686496011910031,4.134037757195851,4.673408393954001,70.51507433923818,5.11069004616151,6.202062234261236,2.662331376540267,3.6711730217113883,4.146426813436271,4.628458407613441,62.25026274871799,0.3848060597390093,1.3607501390210874,0.045181609349620226,0.11293762002240416,0.15746411618473238,0.22573843832392612,12.405171021370029,0.10487190370084998,0.04288429159075075,0.04496455070264184,0.07630841603507765,0.09369074777960913,0.12117681359496402,0.2855635011905604,0.6314907844381595,0.14157508695694937,-0.20822095674592894,0.5880694345456118,0.6488844147141365,0.7083360909468297,0.854145382492737,0.0074350716065656325,0.1558302993846938,-0.48021809285842276,-0.10091537728729041,0.012739347857963247,0.124018071636571,0.4418126139959905,0.7576026055754668,0.08509301262575517,0.5200342926830269,0.7058751494543345,0.7608869930648305,0.8088104451700574,0.9999589017382953,0.9876352604292865,0.01619258665803498,0.877149122607678,0.9835054471802599,0.9937733119399941,0.9985486034693736,0.9999999470028686,0.006646381845722417,0.003403388819221382,7.774144163096781e-05,0.004268092546967741,0.006130591853661244,0.00858346380128295,0.021361959767506274,0.006646381855091477,0.0034033888051468127,7.77414461481385e-05,0.0042680923361331224,0.006130591733381152,0.00858346396125853,0.021361960098147392
20260824,0,contrast:0.5,contrast,1024,0.373218297958374,0.3663073778152466,1.019572138786316,0.1265595940375299,0.12655959391717145,0.005823284018132835,0.17898229416609532,0.004670772613910885,0.13969209517411244,0.004645457436044089,0.006587593764111236,4.8233075503798584e-05,30.73562848879966,21.733371328460674,29.9077062236063,0.9730631093001706,16.454695214416024,1.320800602709586,1.414213562373095,2.1757991996293735,1.1655538074902667e-07,1.2949001870765642e-09,5.14360984306338,6.174760078614009,2.5861800641278836,3.698908570168829,4.135142370776673,4.682898945095012,69.71091907124475,5.035206948500942,6.263561420975629,2.676123710099922,3.6713850032512108,4.085562536096816,4.591829556669603,62.54593388179902,0.659522951724653,1.9916374642900088,0.08462197639567451,0.21107712120738276,0.27866434746519997,0.4046914586838529,17.298879456548647,0.19083140907300536,0.05400980968850564,0.08755710180991802,0.15307893287601604,0.18399425469644587,0.21867697583905546,0.5030336153993271,0.6336926149841535,0.1395873784536169,-0.2212010325787906,0.5925168467166506,0.6537070020182216,0.7094816672148767,0.8368827831476168,-0.019572144892572405,0.14603672317930202,-0.5844550036985104,-0.12507185463078302,-0.017934589565240397,0.0730951283926112,0.5102110266496349,0.7565448386488292,0.08132913360037537,0.5473821400731844,0.7047238918722266,0.7567477484996158,0.8055579950498037,0.9999987740144026,0.9889664711806571,0.016018831920264116,0.8114261202671346,0.9849533926192946,0.9943582311850614,0.9988762661302382,0.9999999868215156,0.0035619678843451987,0.001719650351153991,5.569623728602132e-05,0.0023909193737323316,0.0034579012773883634,0.004591928403308223,0.0115157764546624,0.003561967884195383,0.0017196503520495667,5.5696229537716135e-05,0.002390919253230095,0.0034579013008624315,0.004591927980072796,0.011515776626765728
20260824,0,gaussian_blur:1.0,gaussian_blur,1024,0.37360262870788574,0.3669421672821045,1.0056482553482056,0.06750851218291748,0.06750851231970571,0.0058377048772770505,0.09547145369815899,0.0046938202747865265,0.07653517947896361,0.004659794212679368,0.00661404799472435,3.81895088053446e-05,16.354278899876636,11.56422151151884,16.30551981082071,0.9970185729768681,8.799881251058666,1.314133810774784,1.414213562373095,1.554986887353636,1.1562292754744963e-07,2.481752692240491e-09,5.162240936872599,6.159176485809349,2.5802629963448354,3.7112499263508685,4.154038228425135,4.677483586773556,68.43983808863587,5.05548331713538,6.2471874129588425,2.442235818052428,3.613709357921672,4.102243762767711,4.604474538091917,74.78037701237076,0.8194705863233612,1.6031287839540396,0.14558969393539498,0.4051164779714828,0.5249664109545589,0.7293806738074878,17.256037446591527,0.28822427642569787,0.08744993110877065,0.13980879622133957,0.23162318316657335,0.2751671503103126,0.32957010374013485,0.7680869789800386,0.6330578025449431,0.13798651862763953,-0.14306850721897035,0.5924434386219505,0.6563920763781294,0.70777958483143,0.8277785480745887,-0.005648313193005289,0.16927901364773784,-0.522987012136637,-0.11857743801526008,-0.01511917980174395,0.09783480058989716,0.6134811712708801,0.7574748008508059,0.08033904717620254,0.5610549664226543,0.7064333364484252,0.7544199374513911,0.805612045941027,0.9999658499784422,0.9852524539808022,0.024877744911668945,0.7897093468461096,0.9832360677182399,0.9939701795095539,0.9989504916542254,0.9999999948788697,0.0019171258150222426,0.0008808924832849614,5.6539201477109385e-05,0.001311683553032089,0.0018419556316564161,0.0023987942719786238,0.006698095008249784,0.0019171258182844042,0.0008808924819051899,5.653920379700139e-05,0.0013116836489643902,0.0018419556436128914,0.0023987944005057216,0.006698095239698887
20260824,0,gaussian_blur:2.0,gaussian_blur,1024,0.3733479380607605,0.36051106452941895,1.012836217880249,0.03228722351040287,0.03228722350429643,0.006169871686157334,0.045661029371147376,0.00542033698384767,0.03554225368346402,0.004649326288809311,0.007141168528908993,3.015542469597322e-05,7.4006448908154825,5.233046187449204,6.557203692201819,0.8860313917155503,3.9906347841093712,1.31133177497487,1.414213562373095,0.7663334788084939,1.1410480396283863e-07,1.3898970863124305e-09,5.116608292541958,6.197175420798158,2.5762083173829327,3.682401889457454,4.134189995434567,4.667307076779149,69.04849233967997,4.662694069367456,6.545852914351165,2.276106840686224,3.47877639289789,3.917713329544959,4.4025082972908525,93.58421108296457,1.7573218931408499,4.383914871529557,0.3149471858932308,0.837368340073793,1.0559139703821039,1.393132352643118,49.996338552864835,0.4842592532674668,0.1227593393457757,0.22652776874097744,0.3921146599195323,0.47277868502892906,0.5722093656610262,1.0535812341291553,0.639488980059705,0.11699020837140826,-0.14270278187981733,0.5980731667800214,0.6542148104465741,0.7056751541857089,0.825582734384179,-0.012836187854781148,0.15826955325405564,-0.46066575190036674,-0.11602765099303569,-0.01316709650398851,0.09970166323648286,0.4397971341603154,0.7561163228174828,0.07532694726400513,0.5642810901374793,0.70853551183446,0.7563087807723337,0.8014415052215651,0.9999995555283885,0.9871699045952427,0.017502044375988773,0.8875736955464992,0.9828600548591765,0.9938351998980123,0.9986291142008161,0.9999999963547067,0.0009370715778387408,0.00037425348910232874,1.9212231183565162e-05,0.000689806612797991,0.0009115222119911727,0.0011544676565309743,0.0031007182797029484,0.0009370715763754589,0.0003742534886922469,1.921222974488046e-05,0.000689806547597982,0.0009115221910178661,0.0011544676672201604,0.003100718604400754
20260824,0,gaussian_noise:0.03,gaussian_noise,1024,0.3733852505683899,0.36886703968048096,1.0146254301071167,0.09332112200583415,0.09332112206985745,0.005791783382114139,0.13197599648706757,0.005011241805957359,0.10182495726620967,0.004667588845592683,0.00684827935099584,6.37457384241701e-05,22.786763209174648,16.11267478649953,20.319306313489058,0.891715340479243,12.250196060788053,1.315299339976979,1.4142135623730951,1.8849040768566723,1.149526476819355e-07,4.247331375495378e-10,5.132339027283255,6.184140501969661,2.542189748803636,3.688516132660266,4.131433428655004,4.680149093288176,71.23460130672926,5.087380789141225,6.221210798977764,2.5193796698975675,3.6200252669612953,4.130282377200106,4.715172229905566,72.23158982805442,1.0622237618824193,4.089530029269468,0.11744790424618384,0.2922259468124789,0.37992499973466265,0.5322666828292255,42.611487608179445,0.49721558652154896,0.2335956576907472,0.1483430493996341,0.31515039592215116,0.39630250201641704,0.707989971431011,1.1324122316527765,0.6311329060641524,0.1418480630647121,-0.13666145803501406,0.5810364587753756,0.6436702611301778,0.7048593464420206,0.8792382522510273,-0.014625381705969843,0.16489892387039576,-0.5896858305148837,-0.11945690011522772,-0.008391212517830232,0.0923082524875477,0.4866552688887172,0.7570900695908238,0.0916125201658706,0.476382300026522,0.7093470911496293,0.765302939188851,0.813877504017972,0.9999969306684877,0.985942943840328,0.02319556816909297,0.8076327267328709,0.9841427138672564,0.9943457745253077,0.9987335885599611,0.9999999810350683,0.002634600464608919,0.0012510505199377006,2.2917443590331653e-05,0.0018133617666043792,0.0025362007105465536,0.0033020976792047492,0.008314721558927651,0.0026346004679336232,0.0012510505285797653,2.291744385729544e-05,0.0018133618286810815,0.002536200452595949,0.003302097786217928,0.008314721286296844
20260824,0,gaussian_noise:0.06,gaussian_noise,1024,0.37319934368133545,0.36853086948394775,1.0402472019195557,0.045348641588553486,0.04534864177669968,0.00594515649732227,0.06413266423580781,0.005925125328613309,0.04920700200291423,0.004663973600075699,0.007540541088143347,4.199996905991104e-05,10.787380326269544,7.6278297799435455,8.304803573569375,0.7698628696112094,5.855164301151608,1.3027524675091349,1.414213562373095,1.1562711591759427,1.1204451154287032e-07,5.105893707835207e-09,5.118042182579776,6.195989308564712,2.5883312192124537,3.688129845258446,4.132279428838788,4.665968123400379,70.04217846315173,4.962495410938578,6.32135728365252,2.387712916049789,3.5553790473394997,4.132845189013037,4.724265498390236,81.4681845137352,1.4312915380116498,3.808339076222303,0.22897108479594241,0.5884679829000431,0.7856330269881666,1.0509572217753882,45.581175873155,0.6970390653759634,0.2526093544021032,0.21408479089575677,0.4982385628200095,0.617978140841745,0.8883615757770611,1.3539002572989904,0.6314691689352918,0.13031327246322164,-0.1252094693808213,0.5859663667682518,0.6499940102100835,0.7002933508271885,0.8573346172539638,-0.04024724136212011,0.15189817531864988,-0.4903183270388406,-0.14016650215317503,-0.04094562228013954,0.05779121677943737,0.43195728321099186,0.7600172058309025,0.08162154141295933,0.5147595108961073,0.7138550846175515,0.759939309976834,0.810335373146981,0.9999982632722355,0.9874260807878635,0.01787969097096765,0.8715434229972897,0.9841602769308117,0.9944269668976082,0.9987195280503851,0.9999999987043221,0.001291754520287228,0.0005830972342773651,2.1424658377568538e-05,0.0009193429147589048,0.0012235634483128428,0.001633965553302125,0.004264720703364209,0.0012917545259529817,0.0005830972381344477,2.1424657461466268e-05,0.0009193429723381996,0.0012235635658726096,0.00163396549760364,0.004264721181243658
20260824,1,brightness:0.8,brightness,1024,0.4302603006362915,0.4463038444519043,0.982180118560791,0.06620140234203818,0.06620140220643099,0.004668269778151449,0.09362292084845085,0.010006373224936494,0.15408726622799593,0.009536438266124029,0.013822849196902954,5.287929151193082e-06,20.055165039224416,14.181143197050956,15.398912549454087,0.7678277650339197,11.708319375451344,1.2112022913815927,1.4142135623730951,1.9221125610459868,9.844743057342335e-08,4.140936260554895e-09,6.220233137403522,5.086948046188659,2.6685222200050136,4.616268885846205,5.528172400779047,6.562179729637295,75.94136813130487,6.567186871984014,4.629792034940946,2.8263936678837043,4.879019517161634,5.884500876167886,6.950799364114003,61.636820905929646,0.7680015198160612,1.5230804060189889,0.22992210397403276,0.3993719384580729,0.49361271195047907,0.6386655854689727,17.105066880102868,0.06768475381208172,0.02033223433211839,0.03845802774905175,0.05549750228534342,0.06333858979518364,0.07322504802867827,0.24086500352157444,0.5536961584759319,0.19452829087139684,-0.3423530236349783,0.5089008717151777,0.5983102471864581,0.6735802815070734,0.8799443968849053,0.017819910757254295,0.1547156989302303,-0.4465608349865938,-0.08241396740368293,0.019306363374656313,0.11979635795662913,0.5324665655027914,0.8043810063419992,0.0927138259139036,0.47507668685261784,0.7391139384049942,0.8012645301023421,0.8608251280078962,0.9999851254243396,0.9876304419109732,0.018850369476220943,0.8464510361631449,0.9847400845008545,0.9946968916277821,0.9990113789081965,0.9999999910539933,0.001947200308720738,0.000699139600224213,5.516103647673282e-05,0.001515787171170034,0.0019512341719249938,0.002416802650289472,0.004233482764259089,0.0019472003056080212,0.0006991395930322242,5.516103919944726e-05,0.0015157873276621103,0.001951234124135226,0.0024168025120161474,0.004233483225107193
20260824,1,brightness:0.6,brightness,1024,0.44556814432144165,0.4456709623336792,1.0115022659301758,0.13045379084137412,0.13045379066024254,0.004702143613441218,0.1844895200146956,0.010013956358227596,0.32554542759669086,0.009932790940809795,0.01410459704558482,9.700175088633071e-05,39.23519466469012,27.74347220857663,32.50917179494382,0.8285716962225393,22.87986973800998,1.2125712542673057,1.414213562373095,2.590940774437774,1.0141080707939593e-07,4.942233067239954e-09,6.478686638445763,4.7529713805396145,2.8330993629969266,4.866181620952101,5.821530290922475,6.910688535361887,61.743757287088165,6.470173031188134,4.7645644102764,2.8687464109791905,4.8645955717548155,5.843131462380041,6.8657735815853345,75.59801792328673,0.47824022314191217,1.471157994882344,0.08297635779514588,0.20847060327784142,0.27488856362370934,0.3702837882545547,20.947897806229005,0.11613435571677415,0.031138558118190836,0.07252587592376793,0.09746382053406893,0.10852123507396808,0.12496965262129733,0.3390556239578536,0.5543290232874141,0.1939203059241897,-0.3737500875695138,0.508564916953051,0.6010172341070763,0.6707308006152161,0.8746555180388724,-0.01150223550734595,0.1422942311774967,-0.40348920387287096,-0.11172609620685242,-0.0152353177352857,0.08340527103962664,0.4194278488121548,0.8041028760023321,0.0926170301918223,0.48474501004564424,0.7417008747140973,0.7992357733446038,0.8610236476992785,0.9999995592381238,0.989669323882616,0.013951447687789621,0.9077886756513369,0.9856186985194273,0.995341480658388,0.9989564536465687,0.9999999808057677,0.0037137681750894222,0.001682265529286334,4.580253751353779e-05,0.0026088894166384135,0.0035283830844705217,0.004635911773277009,0.011523568278793203,0.0037137681741441497,0.0016822655285952328,4.580253516905941e-05,0.0026088893064297736,0.0035283834440633655,0.004635912016965449,0.011523569002747536
20260824,1,contrast:0.75,contrast,1024,0.4381701946258545,0.3880798816680908,1.012429118156433,0.026770734512702794,0.026770734489221282,0.005400400134714802,0.03785953578934591,0.008085627729067625,0.053785104592376905,0.0097120316708141,0.01263728352724443,3.3168041765865157e-06,7.010505674566147,4.957176102032494,6.651939267376957,0.9488529895225596,3.9028382685469794,1.2701464304457184,1.414213562373095,0.775998265944202,1.0920699555039886e-07,1.3375759388978281e-09,6.3299561676070315,4.949558968533025,2.7879844874096666,4.722223565989768,5.726809437646688,6.726449579928795,78.66131233218053,5.398024125539984,5.953244684302286,2.501261637593863,4.089009200212032,4.736470559549275,5.494585571424843,84.34072717210057,1.6175638459873773,1.956346238866034,0.5692665607948972,0.9887533957699697,1.2172977698530811,1.617157423680221,26.648631878704823,0.10359145415249668,0.03807864140323112,0.045047002205058494,0.07977449462126697,0.09329865644559043,0.11448049025424561,0.3754353678275525,0.6119201079296108,0.16264633333540793,-0.29425084069629254,0.5683564137512719,0.6405003568710431,0.7054862074925958,0.8850777347140107,-0.012429101927767253,0.14880472165880806,-0.3911987357388647,-0.12351649385919498,-0.011067275520235231,0.09473273205530772,0.4447165507402298,0.7684759059428142,0.09262259683173713,0.46544323339534704,0.708723617634571,0.7679578633454053,0.8227824285437839,0.999995145018554,0.9886909003202172,0.014656381152132001,0.895671362441444,0.9839149890121431,0.9940591864476696,0.9988990554152134,0.999999999058359,0.0007889017373145597,0.0002785409064102909,3.597740685089065e-05,0.0005974692549116869,0.0007955580605027133,0.000980517739371861,0.001682568254908737,0.0007889017373123863,0.00027854090586559746,3.5977402149001136e-05,0.0005974693194730207,0.0007955580076668411,0.0009805177978705615,0.0016825684579089284
20260824,1,contrast:0.5,contrast,1024,0.45741528272628784,0.35251522064208984,1.0032832622528076,0.013328174888703005,0.013328174884974562,0.005818315197862084,0.018848885684011493,0.006562422454485664,0.027109326289417555,0.010325626563261834,0.012234539320917484,9.672811178294228e-06,3.239577960805121,2.290727544267788,4.130993772107327,1.2751641794354798,1.7453649927591157,1.312463326752003,1.4142135623730951,-0.30459060366872887,1.168646858647741e-07,2.2932722387736248e-10,6.707170159205404,4.424274312409002,2.8615319220057125,5.001238363025543,6.037343332194909,7.224605409239812,66.39989833756887,4.895780972292123,6.373177584591734,2.4205929194785525,3.702424350657528,4.18383649065314,4.8419810542234725,86.75647815355606,3.334681818262431,4.477171086755606,1.163516059506965,1.967117808461892,2.455223682497034,3.280205092446492,57.0787867355518,0.19574527462449742,0.05030525219480243,0.09603717968065005,0.16302309918979319,0.18819057029318603,0.21668356384307189,0.5700988618488805,0.6474847450539989,0.1329191877672225,-0.1324095750375277,0.5991618033074458,0.6635872961068828,0.7230258975427404,0.895576079427333,-0.003283300977814492,0.15671083000744243,-0.3835819813097211,-0.1165045504083643,-0.0033631139838514517,0.1011938685755723,0.43602061395934866,0.7450130460736479,0.08987044259824288,0.4449084017610451,0.690820925561711,0.748098854829543,0.8006279577439358,0.9999915663930473,0.9875194159899765,0.016142363643351035,0.8999366778849013,0.9824212458109121,0.9940162803613315,0.9987425801488901,0.9999999999999526,0.0003919209258929871,0.0001410468659568712,1.6790409563085557e-05,0.000295042184612613,0.0003928172853544023,0.0004906740733996042,0.0008388648310034426,0.0003919209260310197,0.00014104686499625068,1.679040906310547e-05,0.0002950421840068884,0.00039281729550566524,0.0004906740796286613,0.0008388648275285959
20260824,1,gaussian_blur:1.0,gaussian_blur,1024,0.4530327320098877,0.46137070655822754,0.9913020133972168,0.02274749496067217,0.022747494997618547,0.004694543075984941,0.03216981593564629,0.010525648109219521,0.0571386762331958,0.010101799218986091,0.01458888671488762,4.968667735603229e-06,6.852597881189296,4.845518430533518,5.428518571046229,0.792184024973619,4.063483767101189,1.1924542345806632,1.4142135623730951,0.8794535207822507,9.731429143297263e-08,1.0946029638247978e-09,6.618283282515797,4.556336654337111,2.8771079893973304,4.926021769275483,5.951279260394051,7.087966250421932,60.21129544748875,6.538290729197504,4.670484303535184,2.4941431368090887,4.9194509925620284,6.007599887112002,7.045606045783157,72.43212664353025,2.7444584345963925,5.705276143802543,0.5226531026414192,1.1734696461943126,1.6054690660762478,2.4433888512234825,58.356050677704204,0.34025183881912313,0.08949599424504578,0.142076999034049,0.27852033158516143,0.33371134019632326,0.3858607020108117,0.7214875940681857,0.5386292719473063,0.20961353742907474,-0.42749867203093694,0.48471195379550347,0.591896279737675,0.666211234598924,0.8479140953558717,0.00869799838529825,0.15093947511639663,-0.45282152610597576,-0.09209648007999416,0.005552857191914872,0.10864353578901088,0.4615846116276944,0.8104633298792522,0.09561223107558092,0.5301336500325496,0.7457630904588528,0.8060141277494031,0.8746738101617147,0.9999046055945772,0.9883831570392232,0.016212958123421817,0.8870961877431954,0.9851577903417263,0.9947116330982748,0.9988310389226687,0.9999999562780905,0.0006349299383040955,0.00031981977420154835,1.538517375985115e-05,0.0003929553265277008,0.0005980037111280073,0.0008244574583353213,0.0018553692841553778,0.0006349299393964003,0.0003198197759085231,1.5385172446258366e-05,0.00039295534224947914,0.000598003767663613,0.000824457427370362,0.0018553694244474173
20260824,1,gaussian_blur:2.0,gaussian_blur,1024,0.4475898742675781,0.5185826420783997,0.9937042593955994,0.010571265804317534,0.010571265807883154,0.004306107545499153,0.01495002747695933,0.01172655436180742,0.028071367345963057,0.010031835737268492,0.01543210307961821,1.4210972928347512e-05,3.4718193447317542,2.454947001714459,2.3938291231898066,0.6895027896028855,2.1275799906302795,1.153868248538237,1.4142135623730951,0.26529159670425184,9.352308869566877e-08,1.751931932858497e-09,6.488864717250557,4.73903794870813,2.826281806758845,4.851331873470977,5.8634812564490915,6.9529065391320035,74.47460729449129,7.3106651750095715,3.3320877625782153,2.894585475494344,5.472418938530281,6.753831871936724,8.300890431348874,42.8050316707614,4.367142681319811,4.926098819212216,1.2978878751997958,2.482760552491399,3.1824543379452477,4.353088812140722,53.65997711148688,0.5485069572622518,0.12949252474360873,0.3195648054985402,0.45211255574576126,0.5309650194110213,0.6244757568878789,1.0844678563028556,0.48141733106367873,0.238439539133785,-0.4469881316163699,0.4150975643705999,0.5501941183763956,0.6365096369192988,0.7946025692038006,0.006295742866523103,0.1530973785528535,-0.5151413581565107,-0.09131124797316162,0.008155667054668659,0.11132286038232253,0.47801880559604165,0.838545513086602,0.09104382257007244,0.6071299342107249,0.7712687482465689,0.8350367822575867,0.9095064070279834,0.9999991187019618,0.9880562282146925,0.01701818083631479,0.8571052333970817,0.9855117178119962,0.9947054038962421,0.9988425944425833,0.9999999942165286,0.00030619810646888887,0.00012405736686858462,1.6915330285805944e-05,0.0002221553910104015,0.0003022077392906619,0.0003898874351201092,0.0007364484817435509,0.00030619810629417543,0.00012405736691022308,1.6915329979383387e-05,0.0002221554022980854,0.00030220774351619184,0.0003898874201695435,0.0007364485063590109
20260824,1,gaussian_noise:0.03,gaussian_noise,1024,0.4461451768875122,0.38951629400253296,1.0241025686264038,0.017123181766294203,0.017123181796495194,0.005528305972663911,0.0242158359275836,0.007947955007009674,0.03303105696905245,0.009991200182498524,0.012766913091276555,2.984230538654203e-05,4.380335684624702,3.097365066471545,4.155918967825159,0.9487672331626861,2.442992606443107,1.2678569097667158,1.4142135623730951,0.3093221731056195,1.0763898934379764e-07,3.19098747425528e-09,6.435266021442823,4.811657533821482,2.8863876419270764,4.782536224789361,5.83529721619206,6.8807139663584564,80.54317344804669,5.317032590808939,6.025781978185079,2.5191463546820048,3.95236944047847,4.585546473353275,5.350674919896353,113.32367868913342,2.8162112196630176,4.626327909503627,0.8461992874487201,1.5602809570281218,1.8736696865554077,2.5339645890853895,58.2051877141111,0.5826027077818756,0.2506142668810351,0.18209013353649975,0.3866377646303794,0.48669114300683125,0.7619514648970691,1.3369750093544874,0.6104837101232528,0.16250356571431823,-0.23188129151283218,0.5618236339558207,0.6379167860778737,0.705126720833658,0.8621561339753147,-0.0241025471494216,0.15630171171230403,-0.6020304127860868,-0.12150464165132951,-0.023381449999657435,0.0849394572376838,0.41090823013805566,0.7698597808322927,0.09084049612339877,0.5066426755107977,0.709081304911194,0.7701052816735143,0.8272570343705836,0.999985429580235,0.9872292006491293,0.019788571798357284,0.798473156768976,0.9834736726714832,0.9945415757001337,0.9987427836912484,0.9999998768033991,0.000502446192006781,0.00018415303922568094,1.6620007861305333e-05,0.000382872596979081,0.0005159708613438391,0.0006226296969957084,0.00115321092138186,0.0005024461922893408,0.0001841530397059526,1.66200079547707e-05,0.0003828726112260483,0.0005159708380233496,0.0006226297555258498,0.0011532108765095472
20260824,1,gaussian_noise:0.06,gaussian_noise,1024,0.42672038078308105,0.3603794574737549,0.9947093725204468,0.013447190869465341,0.013447190894733774,0.006105505260904889,0.019017199739152498,0.005469979421647462,0.02177779574139175,0.009402676766949516,0.01087800557349457,3.284822337697131e-05,3.1147626488710918,2.202469790803322,3.981330469947665,1.278213115657673,1.692306457552624,1.3014603696329752,1.414213562373095,-0.32943131845550594,1.1327249036888734e-07,1.373282598748915e-09,6.08671148655314,5.246156073703289,2.6843509040060494,4.52200004157145,5.47339684506215,6.389633810858025,80.55062868176512,4.75266398466041,6.480758676796055,2.495531187279253,3.513315309582983,3.9346639396658496,4.495335173967207,78.42661234677423,3.5595484000497684,5.986622788459335,1.0057531703845717,1.9575599889507787,2.434771344963055,3.332114090250109,77.60571316171006,0.7705222272702252,0.25107485083395453,0.30487564836047326,0.5672849860465331,0.7043168801455388,0.9566649050612762,1.705565110598814,0.639620516385907,0.12910684109036757,-0.2505905468694225,0.5940575114727784,0.6508336942961366,0.7112433965507253,0.8545515608735055,0.005290629047014533,0.1649161381234429,-0.6042051529427008,-0.0909213428073536,0.0032746557506117616,0.10706609428526194,0.4856449078614108,0.7538623037863461,0.07701113654860395,0.5193665659326324,0.7029458139519855,0.7592202423329322,0.8044225368000733,0.9999952754123994,0.9860262067885959,0.023539268520291378,0.7968287978966921,0.9839107169496443,0.9950993211774883,0.9990623616123308,0.999999999816234,0.00039287875396948335,0.00014918723365540102,1.2572776994089836e-05,0.00029086805716699185,0.00039804371060025767,0.0004941608777685076,0.0009701168603900749,0.0003928787544360546,0.00014918723493433287,1.2572778359754011e-05,0.00029086806171108037,0.000398043732275255,0.0004941609076922759,0.0009701169328764081
20260824,2,brightness:0.8,brightness,1024,0.2898956537246704,0.28854650259017944,1.0025556087493896,0.3869880372577555,0.3869880378498346,0.0053034235485682,0.5472837316033887,0.004061913944264283,0.40027114268923353,0.004080795162985952,0.005757780306060502,0.00017591674719155424,103.1944227330556,72.96947609517483,98.54249700549303,0.9549207640843516,50.20182799209879,1.453522290966822,1.414213562373095,3.195488072978283,1.3226115797548492e-07,8.41133385165449e-10,4.977374037708547,6.309667386791337,2.815122784853725,3.657050402647249,4.0481226508545385,4.540319909271503,61.74111180792163,4.959452804392722,6.3237766923544605,2.786423561248032,3.648173744103664,4.031098112271861,4.525480795260371,66.78321705740838,0.19787159708307656,0.6606376856272688,0.03156169776194492,0.06867275575446234,0.09077886475181557,0.11933928119990161,5.425036324999012,0.062232441985974316,0.01742978832138116,0.03435951440099996,0.051592530241977345,0.05932891459389255,0.0682431140319105,0.2470062840602054,0.7114534908101431,0.1421521297893988,-0.25402283022600225,0.6728282857775181,0.7292016004046358,0.7854180168119902,0.9085319200509672,-0.0025555907268563893,0.15053406409738504,-0.4340856629453759,-0.1090301800624419,-0.008379810529269775,0.09960130994668423,0.4774948908891563,0.6808538833609091,0.10047031025305495,0.4178154499877942,0.6189656989560222,0.6842989236284703,0.739798598667945,0.9999918226810569,0.988479103651016,0.016260804503199028,0.8786345253714725,0.9846772236102939,0.9944819828176503,0.9988727236207517,0.9999999962752437,0.011155596004099065,0.004671588283224009,0.00017682852046464498,0.008113393000508924,0.01066571147862914,0.014084783855054777,0.030713060963998104,0.011155596036601878,0.004671588300648255,0.0001768285146681592,0.008113392861559987,0.010665711015462875,0.014084784081205726,0.03071305900812149
20260824,2,brightness:0.6,brightness,1024,0.28902894258499146,0.28685784339904785,1.0054057836532593,0.5111647161506099,0.5111647171950469,0.005287360366150442,0.7228960756638428,0.004023404916025426,0.5141813057522983,0.004050446965424865,0.005709107437946589,0.00022658810608837263,136.7215445143113,96.67673126036793,127.79755368501142,0.9347287154998036,66.26033421996227,1.4590438182927457,1.414213562373095,3.469236548457748,1.3435962862032325e-07,2.2623924955667007e-09,4.966076275731162,6.318572603713,2.7957451024600797,3.652299452070758,4.040479213921749,4.529965260657452,63.25676826636355,4.960453783087983,6.322991078723206,2.814541445326311,3.6451819875928213,4.039401645097355,4.535065592285962,66.16644309839192,0.1468758586850949,0.45242224147002325,0.021236463857550982,0.053216717836523,0.07200574322679863,0.10004061889599362,3.8799072414094464,0.11634762602947693,0.030044224147651045,0.057502622117865575,0.0981308351178447,0.10986502107360602,0.12786686321041765,0.3167662990828792,0.7131421128796238,0.14221180123799226,-0.2563327323048727,0.6741829758577788,0.7306562154252467,0.7870795310125474,0.907863356528175,-0.005405756194050355,0.14529783545269223,-0.4797142669596448,-0.10388135666493897,-0.00683408008440574,0.0963461737066861,0.45562816385230476,0.6790096894988784,0.10089431729329906,0.4192661754463339,0.6168515247036284,0.682745556329595,0.7385643536972679,0.9999716941527395,0.9892562152453269,0.015884598800805186,0.8774247671882591,0.9868632198003697,0.9950124722747044,0.998867701157732,0.9999998470351381,0.01439741340211565,0.006922910387434876,0.00025103961733025624,0.009635527414891865,0.013480333378719494,0.018155995260814062,0.045357208250859135,0.014397413402292614,0.006922910360912313,0.0002510396298021078,0.009635527152568102,0.013480334542691708,0.018155996222048998,0.04535720497369766
20260824,2,contrast:0.75,contrast,1024,0.28937602043151855,0.2872335910797119,1.0282400846481323,0.2630437572950936,0.26304375773825406,0.00530384193412094,0.3720000496910217,0.004019454840759507,0.2654753266110039,0.004075672727325217,0.005724257628476169,0.000124104464128342,70.13784617106562,49.59494664537942,66.04759529051962,0.9416826848293872,34.01234785664305,1.4581453416287222,1.4142135623730951,2.802984726424722,1.3037379203880707e-07,1.2170533469912925e-09,4.967860893204044,6.317167683306141,2.786137264941646,3.650745825942164,4.052397381378092,4.529232154467684,63.233138498479704,4.954271400636982,6.327842472548156,2.7803649233166463,3.64457138250951,4.0243742120845525,4.5122885892176745,61.71681097995402,0.2893125921692029,0.8967588767082416,0.05097134010109452,0.10134079272791863,0.1359135622121801,0.19603098922634954,7.276771159093174,0.10057277929496508,0.031189835541552594,0.05065123135320224,0.0779353755260141,0.09208468180342028,0.11540775613021412,0.24319766951148716,0.7127664279181012,0.14426870488693014,-0.27023096757418796,0.6723900359364354,0.7306478572672163,0.7864220948024232,0.9083793228531419,-0.02824010522241718,0.1499449980082715,-0.539209655275727,-0.12216472198343212,-0.020296764046345703,0.06784942978056356,0.37908087839761145,0.6787866962040676,0.10212586337117638,0.41814711025292,0.6176894752353058,0.6827545005544478,0.7401970192302987,0.9999479145139666,0.9881160050322593,0.019185166606429944,0.8421715666403323,0.9853888208441538,0.9955237611468601,0.9990608408181504,0.9999999991630177,0.007455660497079514,0.003463404525971677,0.00013415794100566064,0.004908917039252829,0.007015142145873754,0.009561827534228018,0.01887244176051749,0.00745566050657942,0.0034634045319982417,0.00013415793364401907,0.00490891735535115,0.007015141891315579,0.009561826940625906,0.018872439861297607
20260824,2,contrast:0.5,contrast,1024,0.2899594306945801,0.28578490018844604,1.024610161781311,0.14278262521646243,0.14278262521334115,0.005346777668685004,0.2019251250479417,0.004133981498933826,0.14290331075885201,0.0040657204785016065,0.00579826577890618,7.2158454923961e-05,37.76576053097856,26.70442536812221,34.56796088606286,0.9153254270546836,18.28928166512331,1.4601134125838715,1.4142135623730951,2.1812274840626875,1.3422174176281618e-07,3.6566456529385505e-09,4.975855659920236,6.31086581430766,2.801382773203348,3.661119166916725,4.033294831177636,4.526134339389011,61.19488148563746,4.902581743729478,6.368012978876009,2.7500656433596484,3.5966796789942643,4.010656295802134,4.46429948055077,67.67789266141574,0.5374479455419197,1.4428991338876644,0.07749284619678053,0.18679522895251333,0.25796713069168653,0.3821733238841278,11.596549533602467,0.18283064794322795,0.048854866704648406,0.08322470896676368,0.14943490618598632,0.1699665340713144,0.20424950979671336,0.434928055879365,0.7142150969349912,0.1420908672991086,-0.28035123092519604,0.6749083954547032,0.7326374955907164,0.7856217335118967,0.9030471549821429,-0.024610204639020226,0.14131749148066358,-0.43619850265886945,-0.120357803133243,-0.028575529505193917,0.06865093836725847,0.4119049878483049,0.6780133932639991,0.10017152822082072,0.42954142510200044,0.6187071058780546,0.6806190483049939,0.73790123319886,0.9999954605771522,0.9895645137433013,0.014334601694826428,0.899850468843663,0.9863669177221827,0.9954159964234625,0.9988839347235852,0.9999999842163658,0.003961615616207658,0.0020539674347518216,8.410095683685244e-05,0.0025240805781919177,0.0037720312231906846,0.005175262915183785,0.012571050651410747,0.003961615612773528,0.002053967432139032,8.410095324506983e-05,0.002524080569855869,0.003772031283006072,0.005175262806005776,0.012571049854159355
20260824,2,gaussian_blur:1.0,gaussian_blur,1024,0.2896813750267029,0.2951950430870056,0.9833072423934937,0.08367857598460922,0.08367857607572683,0.005463307234838649,0.11833937716636168,0.004197164259946814,0.08294900567438648,0.004083911849489404,0.0058561526465227024,2.917129461858892e-05,21.660758232985714,15.316469032186536,19.763106835241565,0.9123921989556976,10.684418189949001,1.4335332789121091,1.414213562373095,1.6620706246861356,1.2975854665201477e-07,5.823299620288935e-10,4.968985313755382,6.316282506736401,2.7912410347766885,3.6468235007734675,4.037728006403736,4.53337875455539,63.89321400625943,4.891426476429803,6.37659529120045,2.7590508517128645,3.568196178106704,4.010291305850481,4.4382755212655525,65.27058613630507,0.5742525729389707,0.580698430031258,0.1306941949332307,0.32826929735004273,0.43822296623431417,0.5890578458773557,9.106588057597328,0.31323332942296844,0.09385907985394837,0.16552731396928544,0.24569912883089606,0.2910599803877455,0.3700367396831505,0.847225511459802,0.7048049400792655,0.14056601528090049,-0.2624012721967749,0.662537507755404,0.7251868196254924,0.7827948200330728,0.8930564521492729,0.01669274602538331,0.15242395053281224,-0.4806965687871682,-0.08251326504335643,0.012507508466080728,0.12007741280345065,0.514805074348781,0.6880935763653748,0.10023736679009598,0.44994463356567904,0.6222797932440692,0.6885521053976383,0.7490287293622068,0.999999345216178,0.9880345167247927,0.01729352152900871,0.8573072584696494,0.984267813715071,0.9948186669225756,0.998899812790472,0.9999999994356213,0.0023570214307747812,0.0011330030223085802,0.00010715549844135271,0.0016343209824339925,0.002209559661579389,0.0029540535708989716,0.0074681871789989635,0.0023570214364880826,0.0011330030250204807,0.00010715549433371052,0.0016343210591003299,0.0022095597814768553,0.002954053576104343,0.007468187250196934
20260824,2,gaussian_blur:2.0,gaussian_blur,1024,0.28882455825805664,0.3091641664505005,0.963744580745697,0.03704887935563743,0.03704887946482636,0.0056473025623196855,0.05239502780988349,0.004637747065849719,0.03672104456576715,0.004023384786789233,0.006139733136657059,2.099939534611731e-05,9.277885721844822,6.56045590899032,7.917862713161825,0.8534123991761596,4.677633713185183,1.402515948084411,1.4142135623730951,0.8579510454082682,1.2226184619795717e-07,4.108067996888565e-09,4.969717285453906,6.315706266699099,2.790239430828903,3.642562590401658,4.049409781602588,4.5328609143131455,61.137185054038966,4.823371095655398,6.428275230711773,2.670833007558452,3.5830274540560776,3.9784288671369707,4.3903946446819715,66.78748399226464,1.218653924398319,1.4629405855695505,0.33701101299468184,0.7287337609841248,0.9202268660630092,1.2714575152049896,23.37826922231162,0.5485709588051029,0.15610726559409727,0.29763161783627984,0.4348502018940825,0.5169280232611504,0.6287699124860895,1.193206328980349,0.6908358690344034,0.14196782714337816,-0.30366755285581853,0.6546064028890094,0.7155965111365414,0.7667887418605714,0.8910065555078408,0.036255426857771916,0.1458968777782245,-0.47413463385418086,-0.062225561769366895,0.03618715288991365,0.13565359627392645,0.49347408355684436,0.7026141409580962,0.09461887985208678,0.45399043827161484,0.6418994899599759,0.6985138556857773,0.7559698520555223,0.999863749850015,0.9885185491283677,0.015866819883168067,0.8697605008608592,0.9847407093861628,0.9944376931886474,0.9987783683758962,0.9999999987868505,0.0010673614379557773,0.0004487593103257241,4.076124547063693e-05,0.000755715276737193,0.001052370030855362,0.0013250772224384626,0.002893850415962232,0.0010673614417768817,0.00044875931317455965,4.076124605489895e-05,0.0007557152421213686,0.0010523700038902462,0.001325077231740579,0.00289385044015944
20260824,2,gaussian_noise:0.03,gaussian_noise,1024,0.28935742378234863,0.2978678345680237,1.0146422386169434,0.11494203253304666,0.11494203272925,0.0053558960652275,0.16255258157243752,0.004291194564758185,0.11279864641036969,0.004062005363138782,0.005908827156278851,5.482244996816035e-05,30.350212101349438,21.460840787314204,26.28607132772272,0.8660918493730718,14.961065424425888,1.434446018416597,1.414213562373095,1.9980988731495088,1.294671097478142e-07,2.7014912529210733e-09,4.972072393062717,6.31385041951179,2.7987728923197333,3.648077540626191,4.045257839457648,4.525354408167553,60.44279018506846,4.96580389463005,6.3187846846470315,2.823950282560873,3.6339389097424726,4.04712972587007,4.546134105100331,67.53387837567315,0.541174942157193,1.1958074263053582,0.09461120848747463,0.2417666632267526,0.33248750392620363,0.44561926944095864,14.50897198972951,0.4666932113837974,0.2388618767182965,0.13234818914074115,0.29490957880995544,0.39000533559358,0.6472317334868923,1.4492644040511515,0.7021321647747462,0.15159964004041201,-0.26919663595848337,0.6601096682617413,0.7196478703794569,0.7903328590034603,0.8991230290444755,-0.014642272570946826,0.1733549294225491,-0.6022002668738522,-0.12904228269129026,-0.015320541115914073,0.09555122657139181,0.5635587706565333,0.6874696570772626,0.10699095990310942,0.4376959888345873,0.6126777055557013,0.6943392032097297,0.7511692391278838,0.9999999433024662,0.9844836372425181,0.02356969240717528,0.7983450623490204,0.9809426631465518,0.9935327090146229,0.9985581496956365,0.9999999999715554,0.0031921836786008373,0.001647615453286439,6.727429711970656e-05,0.0021247064697002176,0.0029065180721539064,0.004007323086407274,0.010089512625694543,0.0031921836787418556,0.0016476154537605045,6.727430445607752e-05,0.00212470639962703,0.002906518056988716,0.004007323062978685,0.010089512914419174
20260824,2,gaussian_noise:0.06,gaussian_noise,1024,0.289489209651947,0.2973306179046631,1.021547794342041,0.06753284946354864,0.0675328494664752,0.005407921907935645,0.09550587162118986,0.004350354531962069,0.06644920527479482,0.004057742718483343,0.005949021812295488,5.20471516135413e-05,17.660364414849163,12.487763435965435,15.274434482659355,0.8648991676421086,8.715282748037813,1.4328580977546714,1.414213562373095,1.4588334126552416,1.2818101844453235e-07,1.9044346100116627e-09,4.971868663317957,6.314010689204372,2.79380868654538,3.6545464364892393,4.039336033522789,4.536138192495995,64.02330614600096,4.911391106613469,6.361212108858693,2.801096263320333,3.589394806667383,4.03600777129968,4.497249481815774,69.15850927882492,0.802808150397766,1.820520993939823,0.15363823517383238,0.39957038268198164,0.5258993410590317,0.7102199258751571,27.49317258531873,0.6423984198255126,0.23660467056768195,0.23159523686784916,0.44489148199162787,0.6201782612212892,0.837663960333207,1.5345328805500311,0.702669376077419,0.15079789607064534,-0.2815605031719982,0.6667541966277455,0.7203009128201763,0.7894676625494373,0.8862481786374599,-0.02154779629455827,0.16852677380614392,-0.5803204677334843,-0.12289638770273761,-0.025052767280706684,0.07973421662011163,0.5709481588503105,0.6882466042250228,0.09931865018799609,0.46321071432101524,0.6137921549399695,0.6936617292019991,0.745277686024454,0.99995188576314,0.9851938946593262,0.023573018331268753,0.8143882088596263,0.9813320384757134,0.9946036706182605,0.9988494606014444,0.9999999785634163,0.0019265592540351239,0.0008619104379598116,3.5262170358489965e-05,0.0013455075652727667,0.001845343307604063,0.002413126624775104,0.00607367754829694,0.0019265592562867084,0.000861910433967897,3.52621718775481e-05,0.0013455076259560883,0.0018453432712703943,0.002413126698229462,0.006073677446693182
20260824,3,brightness:0.8,brightness,1024,0.3043966293334961,0.30347734689712524,0.9560551643371582,0.27533561217105174,0.275335612090472,0.0054258566975069695,0.3893833568226431,0.004592937177675447,0.2882148599201366,0.004658993427398989,0.006542269611887016,2.9120401736925192e-05,71.76440118692297,50.745094727065144,62.75175313109908,0.8744133873234884,35.63686869726409,1.4239493156814318,1.4142135623730951,2.873372929802999,1.2539264820752012e-07,1.3288594669091935e-09,4.875878666429654,6.388500155641475,2.470158948367922,3.616542093989742,4.076977660905163,4.596405092294576,76.43977897463148,4.96392332282438,6.32026278164561,2.516266827319825,3.6540533377921616,4.122836515053997,4.616921965614449,74.14323919709035,0.2412985188474374,0.7182457167127304,0.04030759930794091,0.09718116679223793,0.1259058702055717,0.16343049800606085,8.293524363384513,0.07188388399958967,0.027070838694995433,0.03358893571826073,0.053144856551737125,0.06748139276305276,0.08461871374255807,0.3461382413171803,0.6965226366723883,0.1490725425522498,-0.18997120468161835,0.6659247217372921,0.7106660650134592,0.7628134940230141,0.9133755077454857,0.043944818221426776,0.15107001090995548,-0.5915080463943299,-0.05563274811273276,0.038411774855097,0.1468841082755495,0.4947698124019853,0.6951435902950596,0.09715916306301321,0.4071181423747609,0.6466185574178882,0.7035294905248223,0.7460189403371349,0.9999698463229388,0.987377542039969,0.018839535393039324,0.8062990952808787,0.983421485331845,0.9946116115688027,0.9990133160306583,0.9999999988131777,0.007959744141371076,0.0032689169574482272,0.00011266510287723088,0.005905336665948408,0.007669942390162072,0.00999716922404722,0.02379831033328699,0.007959744145949799,0.0032689169336228116,0.00011266510409768671,0.005905336467549205,0.007669942453503609,0.009997168555855751,0.02379830926656723
20260824,3,brightness:0.6,brightness,1024,0.3038085699081421,0.30210208892822266,0.9927602410316467,0.3410507548754575,0.3410507541393238,0.005454508900604974,0.4823186019614037,0.004579741657516975,0.3552169621080231,0.004606185980757263,0.006495458639612839,5.776934275710567e-05,88.42566961581244,62.52639061630222,77.56266372034032,0.8771509908528917,43.779908690460985,1.428198288840424,1.4142135623730951,3.0761877041586088,1.2493294615647797e-07,9.756546681671807e-10,4.901346750514943,6.368961145065318,2.491975019329906,3.6385325903735626,4.094463067326483,4.604016264126944,77.01639322994313,4.922176785129158,6.35286137777769,2.493343278159595,3.6344975906929338,4.102444139127926,4.608297712758133,75.375757878595,0.18295852831424086,0.4652602569421939,0.030284338867996256,0.07961015958518915,0.10719745891786399,0.14701221238687975,5.780981672226673,0.12339492665142052,0.044324767313463916,0.05251124249925577,0.09147653986116377,0.11738295481434238,0.14307887596513413,0.5228528935031916,0.6978979040142481,0.14733210916100595,-0.188009507815983,0.664934707949442,0.7136683050206504,0.7637938487399265,0.9146618623880372,0.007239787638092378,0.14437273567625447,-0.5279481976546361,-0.09647940218887066,0.005237073406635477,0.09922856833220373,0.451541850054665,0.6942080061383615,0.09662983947424622,0.4042198380743423,0.6454602651242078,0.7004837956543871,0.7469014889183337,0.9999713910604496,0.9893756406852238,0.016141551897558223,0.8492765748525162,0.9868080954378476,0.9951800252054792,0.9988698832453561,0.9999999924399631,0.009639579350688073,0.004548426471224453,0.00016625507568650505,0.006590197429107705,0.008995905835606796,0.012193388464626122,0.031134934534370134,0.009639579324414171,0.0045484265070841285,0.0001662550785113126,0.006590197794139385,0.008995905984193087,0.012193388305604458,0.031134936958551407
20260824,3,contrast:0.75,contrast,1024,0.304018497467041,0.30572760105133057,0.9927011728286743,0.2111519753989412,0.21115197522312734,0.0054253775025167525,0.29861398708241443,0.004695131959316588,0.21920778608744892,0.004579211794191799,0.006558463598394162,2.9761303687647338e-05,55.04022290502215,38.91931485416029,46.68831206170322,0.8482580483416455,27.340501775648903,1.4235040461798578,1.4142135623730951,2.6086741238683278,1.309178558950344e-07,1.2349528066835092e-09,4.935575912037239,6.342446843582565,2.53087993111344,3.6408428776159205,4.120591046877325,4.6288784122823685,74.87303947521428,5.013726089262413,6.280788751027529,2.5271778799648295,3.6580448176843623,4.160256625035471,4.647285680620952,70.92303169091394,0.322005071061513,0.7999933279830241,0.061106107837327714,0.12591881265355698,0.16813473244568594,0.23796616607318033,7.85419756752306,0.08903671696735392,0.031110371662956923,0.03970410144539862,0.06927919842095116,0.08356075069246785,0.10273597880885858,0.39216705442944805,0.6942723497264028,0.15082650806799336,-0.2115548714102481,0.6639938119892517,0.7115942307129558,0.7627827904482265,0.8935739964605411,0.007298796378851017,0.14416972424880684,-0.4324115944686511,-0.08770967539335252,0.011286373691283196,0.10883118614187447,0.5376628763764113,0.6973683765842796,0.09458101067250109,0.4489159307148021,0.6466547419532185,0.7025900846294751,0.7477380674222759,0.9997973456320614,0.9894161842175945,0.015426040914671807,0.8431599085384954,0.9866575229823693,0.9949141641364859,0.9989307821166653,0.9999999999263577,0.005974480233276459,0.0028024002977472292,0.00012384500880112078,0.004059856340898003,0.00573256515733339,0.0076677698631263435,0.01597900260741808,0.00597448022827507,0.0028024002689716917,0.0001238450058735907,0.004059856408275664,0.0057325654197484255,0.007667770376428962,0.01597900316119194
20260824,3,contrast:0.5,contrast,1024,0.3046201467514038,0.3070307970046997,0.981537401676178,0.12039648887010752,0.12039648848636567,0.005392106662280562,0.1702663468795145,0.004726261814251495,0.125532391625661,0.004596705278076052,0.006592969751966413,2.8953414371470414e-05,31.576961945241138,22.328283920749563,26.56060890387676,0.8411388324797225,15.727179883008162,1.4197258641604942,1.414213562373095,2.0583530284416076,1.2644133934871753e-07,5.798105329191117e-09,4.939834678996804,6.339126984748158,2.487390114034027,3.644481824591824,4.103968243771311,4.620330491094063,74.4993493120598,5.091697223624836,6.217684114487186,2.5284610407160137,3.6716859205898564,4.171798668549203,4.685504033168374,65.01071094325764,0.7129147424318888,2.134805885852365,0.09704690106234462,0.21303557267639037,0.28961454768913,0.48141832586836225,19.39054998955803,0.16933948149526112,0.056737985725894294,0.08103633712994797,0.13390174271590066,0.15703168596247916,0.1948077026278145,0.6729824828198641,0.6929691888020652,0.15538090408833902,-0.24308832538433522,0.6615538874113012,0.7123507131088751,0.7610072461550541,0.886171944736171,0.018462622066611162,0.15833810548856164,-0.5302375510980647,-0.0771146284597774,0.020804296237994468,0.12338714011529878,0.505888405908054,0.6978741400898028,0.09302790622633167,0.46335654129677806,0.6487433760461082,0.7018236633397279,0.7498976290442656,0.9998367405853384,0.9870309551117158,0.01956851795986283,0.8478491253787594,0.9832574694358069,0.9947153464732243,0.9988960858482114,0.9999999593770867,0.0033621914853719714,0.0016893892855935695,5.0080428667958526e-05,0.0020041655271374878,0.003324372880980234,0.004512290871415149,0.009802501672580531,0.0033621914801855723,0.0016893892698970814,5.0080423534382135e-05,0.002004165609832853,0.0033243726938962936,0.004512291052378714,0.009802501648664474
20260824,3,gaussian_blur:1.0,gaussian_blur,1024,0.3054239749908447,0.30212461948394775,0.968780517578125,0.0768271207851154,0.07682712100964387,0.0055729288260881705,0.10864995648991731,0.004713460738164274,0.08196023963201486,0.0046557102927944636,0.006625130222165328,3.546324293799313e-05,19.49602442100134,13.785771074268581,17.388548284362177,0.8919022621674105,9.714228433483575,1.4191318567064983,1.414213562373095,1.576972753135593,1.2984632978367325e-07,2.973208901302371e-09,4.968256127093745,6.316852952985934,2.502021054115836,3.6547279954677157,4.139216950456101,4.640584630774877,75.1175051560882,4.790212044116907,6.4530473600369795,2.3743498315518727,3.6253187617777907,4.026247741478484,4.4889277994612655,79.22037678929883,0.6840218478373421,1.183842930192313,0.14964248810597267,0.3453034994344171,0.49382716334009125,0.6906362026538547,16.584713726988973,0.3220576427665062,0.10625105148340316,0.1433150318914331,0.24837012927850788,0.29966156850258546,0.376773195787074,1.012222481570606,0.6978753849211444,0.141039105257535,-0.14838805194385044,0.6636377739735404,0.7141182744358013,0.7636554521878463,0.8921396605252926,0.03121948053648,0.1444119319168273,-0.41287587679682336,-0.06686537285558294,0.035780184127979384,0.1345708887520916,0.4221679264302694,0.6956136420942984,0.0960625649571833,0.45175969952820694,0.6456239929642587,0.7000250638900063,0.7480540785022346,0.9999636350633871,0.9889309121626486,0.014379042276494319,0.9065176456603405,0.9846691439139286,0.9944417215399414,0.9987994580234093,0.9999999917375296,0.002162793330585682,0.0010428114948577293,5.840676343421861e-05,0.0013970095709543756,0.001964419932881294,0.0027778604814642296,0.0064494229670026566,0.0021627933404388955,0.0010428115053741746,5.840676749357954e-05,0.0013970097061246634,0.001964419847354293,0.0027778604417108,0.00644942419603467
20260824,3,gaussian_blur:2.0,gaussian_blur,1024,0.3054053783416748,0.33259081840515137,0.9757528901100159,0.025407112255258043,0.02540711226078048,0.005661939794549298,0.0359310827399315,0.007306238018836505,0.031876954927327394,0.004681544305729317,0.008677440352684572,1.891469210414572e-05,6.346072908532523,4.487351187527584,4.362977888914123,0.6875083144802736,3.3505511314565615,1.339287474724431,1.414213562373095,0.5704135216170882,1.1788799088456684e-07,5.291326599099477e-09,4.983601809230921,6.304740392593473,2.515064789491721,3.650872514186694,4.139096314063586,4.669415927970748,74.61257564985928,4.87878560391784,6.386208649610293,2.126064418923854,3.719753129074321,4.3646510285062705,4.874999027930326,93.84342909393253,1.9478548041468047,3.202666064845309,0.5390587571950232,1.0510240206218047,1.3331787447368824,1.7190143349294473,42.95348315897229,0.5497112363461957,0.16043157200422362,0.2587208014374137,0.42521001758027055,0.5294721348254845,0.648949537626534,1.275202992299881,0.6674092354572501,0.14558111550589997,-0.29652988376312384,0.6265026671807652,0.6885853288764505,0.7460797021125519,0.8920329775115147,0.024247097471828582,0.15414244572210262,-0.4610862075377956,-0.07934786761267505,0.022395775515234084,0.12512245971248676,0.4955721719207406,0.7239560189839482,0.09637687349097016,0.45197031653853265,0.665856508571835,0.7251553231775827,0.7794192498459371,0.9997327863735529,0.9875947611546632,0.018229096620923674,0.8685667633623566,0.9842474196977047,0.994516605434962,0.9989221894553529,0.9999999909229872,0.0007412318118411176,0.0002846866602404085,2.2652290857921938e-05,0.0005583008560793433,0.0007208585127942229,0.000918281698661988,0.0018083713915155735,0.0007412318114834449,0.00028468666102281735,2.2652291590929963e-05,0.0005583008896792307,0.0007208584866020828,0.0009182817011605948,0.0018083713948726654
20260824,3,gaussian_noise:0.03,gaussian_noise,1024,0.303661584854126,0.3125227689743042,0.9969093203544617,0.08332455999578096,0.08332456030457591,0.005626801612366568,0.11783872326150609,0.004957791005102711,0.08854481725800885,0.004673180820364468,0.006813098460326232,4.189489478791011e-05,20.94239878699837,14.808512196599475,17.859731716580185,0.8528025799827672,10.679862075140873,1.3865827178150518,1.4142135623730951,1.6949440851208153,1.2508855835843594e-07,9.832684666477576e-10,4.863263441203289,6.398117012936177,2.47902266207373,3.622414185880202,4.096093713376284,4.5898530185588005,77.43522991719466,4.886864157890499,6.380088658622601,2.4663816371933125,3.573624194979458,4.081704814545851,4.608274288809376,73.20411329026324,0.7601911628111532,1.740984592796224,0.15333195823523332,0.3154000370959272,0.4195858714083867,0.597546821102267,19.634084532617536,0.4665655713092274,0.2411257971659736,0.12696510901475183,0.2779139840439806,0.38357947104060347,0.6507410139925964,1.6661642658176543,0.6874771886961425,0.13974986640266981,-0.21771102476024637,0.6515450420040569,0.7043031163838722,0.7531750138094162,0.8983709898139689,0.003090691338910009,0.17623945521418088,-0.6099734579621334,-0.10753701143697254,0.0038361483324868134,0.11551034399403505,0.5989908396284893,0.7067103730559882,0.0918305285255793,0.4392374809378973,0.6578201029410575,0.7098993685944058,0.7586098432754486,0.999986564837321,0.9840376232441075,0.025119846319779385,0.7924218450937085,0.9807765929498444,0.9935945348914399,0.9986503989184115,0.999999995548736,0.0023655516919087478,0.001088843026290841,4.969186739837022e-05,0.001612581356257681,0.0023033051156328838,0.0030502823908875,0.006368202359001407,0.0023655516976930357,0.0010888430338027314,4.96918655699119e-05,0.0016125811671372503,0.0023033050820231438,0.0030502823065035045,0.006368202157318592
20260824,3,gaussian_noise:0.06,gaussian_noise,1024,0.3049308657646179,0.3243124485015869,1.0036591291427612,0.05214310695508984,0.05214310685991119,0.005762850345987373,0.07374148890555597,0.00524439175982116,0.05721516460898202,0.004655005774549505,0.007012326553403608,3.589712209799175e-05,12.796009696295789,9.048145228379566,10.90978081525571,0.8525924154632277,6.662036052310197,1.3581651631242118,1.414213562373095,1.243716917040385,1.216319680646492e-07,5.895759880303331e-09,4.948465318419922,6.332384754851955,2.489576868074218,3.6534090852713805,4.117658502189066,4.62656148384011,74.38402074544035,4.83850356575204,6.416876425879797,2.4336181793272798,3.5437253358335523,4.054339439876017,4.593406695954851,85.2251737198202,1.0431408236318864,2.0710008227173535,0.22901295116995718,0.5191402141947621,0.661077754950785,0.8987348918525343,31.48200678433977,0.6070861947430793,0.22650537465577616,0.213475443699017,0.43961204158284384,0.5590938656659625,0.7554600657956272,1.7435577611547228,0.6756875867785287,0.14003873877407194,-0.20088431382080324,0.642321549142001,0.6957218541799148,0.7457120498868136,0.8630004217000582,-0.0036590818496392893,0.18305109733783181,-0.657196302990411,-0.10749518373224552,0.003453826228733383,0.11864357515200986,0.559278659926444,0.7181135607137081,0.09041839263631125,0.5052031988670719,0.6662682314794384,0.7183112844641404,0.7664351832842549,0.9999589112264927,0.9826767654157894,0.029306017750020907,0.7537194566519666,0.9803844634007581,0.9934536034325093,0.9985988876885241,0.9999999684471342,0.0014928485165752994,0.0006534520625801146,3.0389804915141107e-05,0.0010691622751829656,0.0014578918472881995,0.0018587491197636602,0.004254922227414975,0.0014928485149070525,0.0006534520530629335,3.0389805033337325e-05,0.001069162244675681,0.0014578919508494437,0.001858749135863036,0.004254921805113554
20260824,4,brightness:0.8,brightness,1024,0.3505949378013611,0.35053765773773193,0.9793921113014221,0.4045873812250721,0.4045873793430189,0.006012947661228321,0.5721729590318856,0.004393562490550988,0.44806556466593284,0.004387984016581836,0.006209492337393956,2.816718518355027e-05,95.15681680073072,67.28603043592268,101.98229014144324,1.0717286850295322,50.95886241318901,1.3203989940452792,1.4142135623730951,3.2372382001699744,1.1381651961885693e-07,3.4501050905078046e-09,4.804931922208313,6.442081775075398,2.545269528242577,3.519984770276259,3.9338643377421727,4.450792982914695,76.38571182531639,4.788836592259578,6.454067309228027,2.5462097370236503,3.5107213063918565,3.9308417811316696,4.435364337394426,77.6473295825401,0.13210006077270325,0.2806989054777551,0.024654429013710864,0.06646806326646638,0.08940938970636952,0.11949732543198612,3.476950348778328,0.06164017805447105,0.02305141716856548,0.03379587465417888,0.04962253231838712,0.05694975332704484,0.06726580503964183,0.49856168183049043,0.6494623864091869,0.13589721858717388,-0.15445399897784148,0.5881674512527275,0.656613566380959,0.7328144586583678,0.8772619575517446,0.02060788739132003,0.16271651822415537,-0.4097809703398998,-0.09381329172653101,0.01678828880355517,0.12522993635428875,0.6130941346728416,0.7420776411497964,0.0952797449266841,0.48001193509378604,0.6804285059452029,0.7542267941607241,0.8087391381167424,0.9999995646586114,0.9862402920787229,0.021331583268436687,0.7900098619825957,0.9820905244527733,0.9941124639982686,0.9987901445175974,0.9999999929848591,0.011560206626774084,0.005122664524126695,0.00026414915532064456,0.008096885923084959,0.010757037884526043,0.014518584846454945,0.039562660642030456,0.01156020656515011,0.005122664490425667,0.00026414915919303894,0.00809688656590879,0.010757038369774818,0.014518583891913295,0.039562664926052094
20260824,4,brightness:0.6,brightness,1024,0.35058093070983887,0.3494507670402527,1.0384646654129028,0.36857440298121397,0.36857440227319604,0.005991592075204333,0.5212429184383107,0.004382713169969087,0.40037528888518087,0.0043911990240527235,0.006204095711629704,5.9132840813723065e-05,86.9957286637433,61.515269672397785,91.35329494720386,1.0500894279568997,46.478691290436224,1.323515530625483,1.414213562373095,3.1632535583125283,1.1460100257174114e-07,1.5222549887283776e-09,4.796536526869967,6.448341509709363,2.5483120439160296,3.5141087563739344,3.926874740494367,4.446060382725028,76.90679145905729,4.8057905498244535,6.441440718033999,2.556622109759317,3.5267786751149073,3.928518284050557,4.436320433224052,76.41111517463561,0.1389967327312283,0.2137551024800096,0.030919965498105658,0.07340887173666409,0.09784931905144344,0.1387559304279647,2.7977923888308873,0.11023575246919723,0.042862858474246326,0.06228872813949643,0.08897629055607038,0.10017390656665062,0.11925307438597219,0.7620148547324985,0.650549240617232,0.13701810899330696,-0.1741936611084853,0.5893617348484792,0.6602856600491739,0.733299751095317,0.8816280652219319,-0.038464707841859874,0.16170660658539082,-0.6357282268081703,-0.13999438021321134,-0.026050812982115812,0.07166730437812584,0.40238152841146146,0.7408269736080482,0.09599193169058592,0.4719448639545014,0.6799054897858998,0.7510145221470653,0.8078692490906085,0.9999540169873136,0.9858277096858499,0.02326437529108475,0.7719129624765604,0.9827300128313893,0.9947132517782986,0.9987639185891852,0.9999999979825,0.010428653796495518,0.004891801632502659,0.0003212910723510695,0.006971260457459371,0.009872934895261514,0.01318603369357758,0.031583094080977765,0.010428653784487096,0.0048918015945178,0.00032129103783518076,0.006971260881982744,0.009872935246676207,0.013186032883822918,0.031583093106746674
20260824,4,contrast:0.75,contrast,1024,0.3502793312072754,0.34791290760040283,0.9618995189666748,0.25759662236518266,0.257596622416848,0.006002151793507933,0.3642966370434077,0.004370725576553875,0.2630260269902747,0.004391315541303346,0.00619571579793929,7.858675082323042e-05,60.69433922638202,42.9173788466114,60.17903031964299,0.9915097698845193,32.327938148825645,1.3275631296495263,1.4142135623730951,2.846013195961081,1.1857013282444194e-07,2.391574493998405e-09,4.770814419043118,6.467413906224185,2.545742638109035,3.5109040326192025,3.9178112150836686,4.425188792176498,78.38586554808134,4.787210593223828,6.455274986299688,2.5548019184516533,3.508567556808845,3.907802081423694,4.427049380317199,76.57474009758074,0.23647819138381374,0.5266327052662154,0.03986598776318212,0.1048891081759794,0.13800690260336732,0.20620197653223818,6.30902283585856,0.1002580184541241,0.03849138839025043,0.04171763743468103,0.07210378050883708,0.09141723648182734,0.12199613433020914,0.346469471726972,0.6520871238896999,0.13677558088401795,-0.16551177947417872,0.5882993753958334,0.6625665799372146,0.7359105490786157,0.8826959758428219,0.03810050621237697,0.1547358019255396,-0.5345331690930022,-0.059202432117421794,0.03984508717585876,0.1396257038430519,0.6558358942280533,0.7395745155217986,0.09555912278916796,0.4699444799451192,0.6770787721483448,0.7490030207609342,0.8086431585121812,0.9999922546819843,0.9869949557527076,0.021679052425019475,0.7549034904158873,0.9843702953600689,0.9947002561860017,0.9988325897175669,0.9999999788357127,0.007211739958147639,0.003578283307641858,0.00014033562481658338,0.004684302711682563,0.007023699283953641,0.00925695689973825,0.02433360469283563,0.007211739956659358,0.0035782832997062145,0.00014033561456017196,0.00468430295586586,0.007023698883131146,0.009256956167519093,0.02433360368013382
20260824,4,contrast:0.5,contrast,1024,0.3504077196121216,0.3473142385482788,0.9858971834182739,0.14594843515209957,0.1459484349368993,0.006032795106085701,0.20640225609489024,0.004400845198446553,0.15191800265026453,0.0044026818007994436,0.006225033774991162,6.94429200693579e-05,34.21337082817182,24.192506519850298,34.52018778208554,1.00896774993188,18.166897480814733,1.3316806890501154,1.4142135623730951,2.2576579291074377,1.1640578280363656e-07,1.4592895780651816e-09,4.808433359054941,6.439465640860089,2.5296958426629037,3.5226868206465127,3.9504544056551247,4.446309740032639,75.8466352981112,4.766698416084989,6.470452538563239,2.5565908161169175,3.4976109400402313,3.8925731352785755,4.389118443759028,76.21627526531805,0.3696209851380666,0.3969260577920958,0.0822669124106084,0.18023359267700387,0.24681956877910988,0.3671281910195163,5.462867203610532,0.17822676443621274,0.05657433557671993,0.07874820818842794,0.1410796600348468,0.16936776366745399,0.2045924955719542,0.5582723827791201,0.6526857686223257,0.13551617030289934,-0.17146256164873758,0.5925875372675131,0.6660760860722036,0.7347108148051573,0.864939063526063,0.014102805794574949,0.1423660948471907,-0.41144743312399934,-0.08181707381520416,0.005808297172391376,0.11228397537851205,0.5541698022896913,0.7396647525210032,0.09251487185106856,0.5018768936568581,0.6783804378827554,0.7458838005197674,0.8055060385463908,0.999996960536617,0.9896036431645113,0.015416241558681239,0.8324036462139053,0.9866923356789031,0.9955142291255499,0.9990018405855432,0.999999999606705,0.004058186197158297,0.0020825621268525303,0.00017872544041478816,0.002614627971754535,0.003922810925421239,0.005359219011199385,0.011859659953515017,0.004058186190434299,0.0020825621319093632,0.00017872542957775295,0.002614628174342215,0.0039228107780218124,0.005359218921512365,0.011859660036861897
20260824,4,gaussian_blur:1.0,gaussian_blur,1024,0.3503992557525635,0.3515298366546631,0.9890111684799194,0.07789913277378005,0.07789913287792974,0.006173072785525753,0.11016601021307211,0.0045659885757524,0.07938224922720447,0.004398813482600545,0.00634017442414716,1.7963394931195874e-05,17.84621922349315,12.619182631473729,17.385555813425043,0.9741870586537634,9.5738945153236,1.318082479189344,1.4142135623730951,1.6362884696291506,1.12787900632216e-07,1.0475112999230873e-09,4.781069605306552,6.459828813060747,2.5311119115605747,3.5186324107252647,3.930291267415673,4.4378574132505,78.16479018774737,4.627471217084858,6.570840849483117,2.3633751299610855,3.446196530396858,3.885974625529732,4.352566707099931,84.66489457822257,0.6791271030320158,1.2248217529359509,0.1506553323642648,0.35443562396950135,0.45216759939564105,0.6552186052111717,14.02173444125969,0.30027964469017854,0.09036743085837672,0.14513926918126654,0.2325601534689153,0.2897844693932471,0.35347888911999165,0.8287037037529705,0.6484701514477493,0.1293541071751694,-0.13801545155418615,0.5889159650182351,0.6574803248814938,0.7323126601450444,0.8589695043562564,0.010988807342874506,0.15320197220280715,-0.4027334927702447,-0.09657814179055668,0.002887682594583548,0.10875959753444855,0.5688690150332592,0.744695224773749,0.0905944543010881,0.512026747920426,0.6809685497076149,0.7534715412215334,0.8081942748738167,0.9998132678009988,0.9879684654416907,0.0187076358367576,0.8224281389489843,0.9855358447809287,0.9949530160248083,0.9988316007951454,0.9999999843022994,0.002203010346436492,0.0010362643404597759,6.782644901712141e-05,0.001484672365605036,0.0021322342147203563,0.0027345257694981525,0.006451276499900585,0.002203010348729606,0.0010362643444455286,6.782644777558744e-05,0.001484672335209325,0.002132234163582325,0.002734525711275637,0.00645127659663558
20260824,4,gaussian_blur:2.0,gaussian_blur,1024,0.35041558742523193,0.36740803718566895,0.9820815324783325,0.033007165274225286,0.03300716523649847,0.006217218523287927,0.046679180732945885,0.006039413465821151,0.035001061526866425,0.004395057264418477,0.00746934022311606,1.8539820338128627e-05,7.508048906130449,5.308992295005081,5.795440521657924,0.7718970126747374,4.133738273554278,1.2843077999649828,1.414213562373095,0.8223886621339993,1.0715850056136464e-07,2.3986586050739334e-09,4.7900519903079015,6.453164219208354,2.5557733211428033,3.5168383415990823,3.9386205292685603,4.436109613348133,77.46464123263527,4.667911145341731,6.542113749219103,2.1945221086934428,3.543942981866304,3.9917283294476653,4.527629132657291,95.10659642185536,1.4800544078554045,2.940751576170237,0.39364617357258136,0.8148851387765087,1.0525626887615867,1.3808427568310724,37.70353305291696,0.4837209378498493,0.10193353931583646,0.30034072150374086,0.408251457905826,0.47206228614589696,0.5431475059905188,1.2990006993901617,0.6325919835623912,0.12786190553983007,-0.09381693889212572,0.5729872609616912,0.6403863317002286,0.7194108940587006,0.8525188097181924,0.017918460002001334,0.1554301171886022,-0.45790360550579745,-0.08412691295757911,0.017500966900620547,0.12464431955617566,0.4384454046588592,0.7586548542513228,0.08913614359778267,0.5226965458817157,0.6945847382336137,0.7680529573506847,0.8195642609207676,0.9999631262005196,0.9875255767724936,0.01837293229191016,0.8890018493033582,0.9850179034882588,0.9945686727214859,0.99889746339087,0.9999999662311082,0.0009587197782833518,0.00038070508677788545,2.3350529834091157e-05,0.0007011936338334353,0.0009204726205948512,0.0011887841053614225,0.002480758686848872,0.0009587197758200716,0.00038070508809701846,2.3350528863375075e-05,0.0007011936977505684,0.0009204726084135473,0.0011887841974385083,0.002480758586898446
20260824,4,gaussian_noise:0.03,gaussian_noise,1024,0.3503273129463196,0.3603854775428772,1.0176374912261963,0.10683391412530412,0.10683391393979462,0.006128174318558324,0.1510859700150576,0.004916424463681704,0.11445855306619851,0.0043766167461858855,0.006582249133091413,5.03362634353537e-05,24.654319893857256,17.433236782488866,23.280852560986016,0.9442910070614665,13.400618702048371,1.300927755128496,1.4142135623730951,1.9856496196796503,1.1259486609137045e-07,1.3135745824399692e-09,4.810152682532253,6.438180554710472,2.5510151545662496,3.5239331560323377,3.9327854201424235,4.45700483238643,75.8456567338252,4.777383494868735,6.462555000908106,2.4831923190693934,3.495744492446764,3.903992259733756,4.463582775992533,77.03631197796595,0.5493732910409459,1.2496555011073573,0.09102917844337866,0.2561179596558991,0.34422547667478376,0.48488674313102154,16.484620535298216,0.5279109985055962,0.2827562518575913,0.2381141824213428,0.3334755439609953,0.4138438100303712,0.646376688904893,1.8115799132870856,0.6396144945941882,0.12602387520604297,-0.02443360798016255,0.5799502055168229,0.6426782202042571,0.714611382266308,0.8780406929719184,-0.017637501540673377,0.16660034119862885,-0.4730399155366655,-0.12920740982988665,-0.022293171352695006,0.08715528658911793,0.5707596237807886,0.7527130410277791,0.09196808535281654,0.4785859812879953,0.6995216680974421,0.7661362130625864,0.814651923334659,0.9999980779144574,0.985664887578587,0.02062752818594634,0.8211171973973099,0.9818073924263764,0.9937942484463966,0.9985495019265868,0.9999999933912396,0.0029909596218671126,0.001484012420693399,5.795525052776822e-05,0.001992154904087041,0.0027797954464217935,0.0037555790566742415,0.010295986322677083,0.0029909596172608133,0.001484012411843088,5.795524702989496e-05,0.0019921547500416636,0.0027797954389825463,0.0037555788876488805,0.010295986197888851
20260824,4,gaussian_noise:0.06,gaussian_noise,1024,0.3501986265182495,0.3618032932281494,1.009252905845642,0.05203654204204214,0.052036541902080416,0.006007607218299003,0.07359078329691798,0.00525425786829057,0.05343090900847152,0.0044181309141495375,0.006864918537102767,3.88277158438159e-05,12.249599653046978,8.661774981489897,10.169068657807394,0.8301551843188548,6.627424981962429,1.306959346825763,1.4142135623730951,1.2769394196610966,1.1451181698395792e-07,5.088156340704586e-09,4.764856813438792,6.471807861102728,2.516684957469407,3.5066596774599113,3.9290775295104785,4.426670006584995,79.25567260925074,4.918312041985775,6.3558407410905176,2.3866581180524666,3.54247852860174,4.024876529354354,4.62229431579045,71.85320554336033,1.0747838765616886,2.177192913316314,0.23933185414488722,0.5208663794955638,0.6786958551121065,0.9242932914343318,25.024279887709937,0.681623550849517,0.26360185394858116,0.30279479610259274,0.5041847648440927,0.616653982112468,0.7577895857132058,1.7560263163859138,0.6381966396882031,0.14081175716430208,-0.11978676050376075,0.5827588328322608,0.6484296251588105,0.7202887494189507,0.8913264683887647,-0.009252862651657137,0.15103160267657295,-0.49361307291971057,-0.11123870509837944,-0.003963754658831231,0.08823633256757879,0.5296301950024795,0.7512810896666033,0.09209488781496382,0.45336202614424215,0.6936743435462457,0.7612745289280728,0.8126451512530015,0.9998495799297215,0.9883424308717381,0.017482942447582,0.8482286581704461,0.9860397226501579,0.9949605942648634,0.998937793465078,0.9999999999131491,0.0014843360969558446,0.0006644660439449833,3.9006102877054564e-05,0.0010435822969960084,0.0014207540916724942,0.0018563207127197444,0.004025319505415445,0.0014843360933518568,0.00066446604239157,3.900610317941755e-05,0.0010435821895953268,0.0014207541826181114,0.001856320770457387,0.004025319591164589
20260824,5,brightness:0.8,brightness,1024,0.3378654718399048,0.3365356922149658,0.9800593852996826,0.3886217711726252,0.3886217711209635,0.005513052186095822,0.5495941793527194,0.004325584152763941,0.4337626590822157,0.004364870518746402,0.006145142220328511,0.00010867135641815376,99.68963847990082,70.49121938317326,100.27840027226198,1.005905947712709,51.316765893021895,1.373648912470375,1.414213562373095,3.268084714132325,1.2179878298186508e-07,3.933442016545996e-09,5.084002414927618,6.223979438039969,2.588840604688955,3.688043526399576,4.1050637796678195,4.631019141002889,66.12753935753085,5.118637337089122,6.1954984723952675,2.595022390764979,3.7015666523560444,4.121471202213167,4.64610270665754,63.42844998303561,0.17172711815091507,0.5032593643541822,0.031004548745835657,0.07045894487144409,0.08730379729355081,0.11557094974431087,5.273965548338671,0.06530915411863208,0.02080504491145013,0.034290385685992596,0.05015324166112055,0.06071379882187055,0.07648509629703032,0.18121953943886407,0.663464344469435,0.17253707646429192,-0.25115051919990006,0.6127841679732614,0.6977903194019035,0.7676351110496493,0.9144320877263475,0.019940603476487892,0.1558807279361477,-0.48651265441326424,-0.07974916117121537,0.021027476067314248,0.11711335950127041,0.4893239743156325,0.7189050360056077,0.11516767831353496,0.40473936914566827,0.6408871451337219,0.7163020742110862,0.7902502990335238,0.9999976186942353,0.9874096100862835,0.01870571841865351,0.8721020858591924,0.9845300744092448,0.9951734293967346,0.998755845835274,0.9999999999870541,0.011279015422666353,0.004504532700442272,0.0001843039221024188,0.00828167924105698,0.01106410126786727,0.013739625527228263,0.03142744234355184,0.011279015423781402,0.004504532695997339,0.00018430393538437784,0.008281679125502706,0.011064101476222277,0.013739625923335552,0.03142744302749634
20260824,5,brightness:0.6,brightness,1024,0.3376999497413635,0.3343617916107178,0.9944376349449158,0.35689673135152056,0.3568967307843087,0.005525460599283882,0.5047281970417887,0.004316053021704492,0.38681488431434796,0.004357685369787365,0.006133329884183902,0.00013035330158018898,91.34590464860126,64.59130861064573,89.62236616861286,0.9811317377980032,46.86218517264309,1.3783247250476585,1.4142135623730951,3.179768679293967,1.2250881636653325e-07,1.818046158064135e-09,5.057428994602436,6.245613503382336,2.5737309087449374,3.6752289213653566,4.0828056526413175,4.6283902786816595,67.53157335635527,5.078528545311926,6.228451699464842,2.5887698360962847,3.6859703591376327,4.096860074945045,4.626456404518379,66.32932914639723,0.1525702898432731,0.2895858310281305,0.03086478670510162,0.07484591529550146,0.09720274991532765,0.1316968938546815,2.965512934147317,0.1157190322334413,0.031739761389024033,0.058403466791574536,0.09245128787485091,0.10847585922758915,0.1348580690407913,0.33551164199566846,0.6656382277098198,0.17178750350626512,-0.265011488159756,0.6158434331359862,0.7022662520040364,0.7675018896973251,0.9131486974639837,0.0055623595230754365,0.15210365174289173,-0.4968454804357604,-0.09759098264931684,0.0038141938472191286,0.10003434368121167,0.44780485878928555,0.7171554244161629,0.11464971192875992,0.4076266138512421,0.6410465594107273,0.7119143984795437,0.7878685556571119,0.9999927238451948,0.9882113089114708,0.017170597658594907,0.8678390222677006,0.9849582254128155,0.9950444396717535,0.9988689471471874,0.9999999911196068,0.010288188198261146,0.004308274433598876,0.00032555270275374604,0.007318770078868559,0.009909930649930059,0.012989171944654366,0.03156160314296937,0.010288188198188664,0.004308274390377367,0.0003255526826251298,0.007318770280107856,0.009909930638968945,0.012989172944799066,0.03156160190701485
20260824,5,contrast:0.75,contrast,1024,0.33789241313934326,0.3358451724052429,1.0158694982528687,0.24830788397733689,0.24830788475611695,0.005553339578166977,0.3511603782662761,0.004384764456244966,0.28290118735820036,0.004357737869421915,0.006181912218346607,7.387800209510565e-05,63.23409064463975,44.71325429698959,64.51912986004997,1.020321937143555,32.604251521670164,1.371393367469001,1.4142135623730951,2.801923622681683,1.1865749918493483e-07,1.9859958122481203e-10,5.0962293916382535,6.213961670140867,2.5903376803852485,3.6974367749143013,4.106751796420657,4.64791671787763,64.29325420723029,5.084267219896982,6.2237625977680935,2.5568685477682167,3.689409121597604,4.097843655301103,4.613496861252294,64.88437916129784,0.2171309593299931,0.29795643475940353,0.043025213877660465,0.10622716693146747,0.1433764057598868,0.21861075758504495,3.487191971867091,0.09023593318071779,0.030002905186407896,0.0478660690172267,0.06901446640557075,0.08182891427973739,0.1014762780480242,0.23415966964806506,0.6641548296332311,0.17256423496877835,-0.2616851140004071,0.6128585967412924,0.6991116993230202,0.7667478337471475,0.9084924065056842,-0.015869441424389563,0.16553695828823267,-0.47717526527853904,-0.12220569643400692,-0.01850036169894602,0.09216887795869139,0.4942795303270926,0.718420270270226,0.11416685779289619,0.4179013607557539,0.6419483900455106,0.7150124589019373,0.7901923672809693,0.9999916232110672,0.9858806709833366,0.020301270202497952,0.8693030230590648,0.9818101073038288,0.9942637067652729,0.9987008765384848,0.9999999991906917,0.006945849493330306,0.0034610109125151815,0.0002698379355097224,0.004427256553949658,0.006665942850294098,0.009097961616429558,0.022682595698069595,0.006945849519837566,0.003461010899875484,0.0002698379394132644,0.004427256528288126,0.006665942724794149,0.009097961476072669,0.022682595998048782
20260824,5,contrast:0.5,contrast,1024,0.3378285765647888,0.3314307928085327,1.0406956672668457,0.1467585650705043,0.14675856546470203,0.005596774395295629,0.20754795367460135,0.004438884613715569,0.16035209661502536,0.0044218851946674145,0.006265521948624847,6.5263890452143e-05,37.083494708855135,26.221990578726917,36.12441200196069,0.9741372080915173,19.069979270206787,1.3750403230393917,1.4142135623730951,2.283058685759518,1.2069950879854024e-07,4.678030518512344e-09,5.0608329483919405,6.242851492458702,2.549286037035233,3.6782156523744014,4.089325933431846,4.613751217375755,65.7578008386926,5.012850529216655,6.281485245593914,2.5249043994397553,3.6549789254679848,4.051878956949037,4.547822297033831,68.86651323953659,0.42734415637518103,0.6241732144888915,0.07812377075043388,0.17833908636774434,0.25762593814112245,0.4097536760825697,8.624797340861083,0.1719248626362443,0.05359479827874316,0.09061649958242722,0.1340656589594377,0.157640732651547,0.19428611408310414,0.45077642822717556,0.6685692565179293,0.16948400257936452,-0.2751328493060001,0.6196954011867324,0.7025553790348276,0.7682607742908413,0.897679254322623,-0.04069569014183611,0.1659748467988396,-0.4700927971238941,-0.15534052557980144,-0.053842694927887645,0.06860672287175647,0.45074546894533146,0.7155204117895388,0.11117996800213908,0.4406494710751163,0.6401369932044703,0.7116290735056556,0.7848424053889856,0.9999484405859665,0.9851235453768867,0.018843038984716304,0.8826169962629505,0.9794910009004061,0.9924939883704442,0.9981399383919309,0.9999999999980421,0.003995634206254301,0.002252363044185979,0.00011139141055590652,0.002337605799004187,0.0037366913219170524,0.0053977408806182,0.012312439614203334,0.003995634215108623,0.0022523630551512758,0.0001113913967856206,0.002337605692446232,0.0037366915494203568,0.005397740984335542,0.012312440201640129
20260824,5,gaussian_blur:1.0,gaussian_blur,1024,0.337807297706604,0.32840001583099365,1.0328736305236816,0.07615961372006157,0.07615961387072086,0.005614000441520837,0.10770595884107152,0.0044142979290038575,0.08355817889929439,0.004375488807133855,0.006215378388108112,4.484872860980448e-05,19.185242317489717,13.566014941404092,18.928984912930503,0.9866429935927573,9.823867234480488,1.380924090494406,1.414213562373095,1.6154883607685058,1.2492156816749347e-07,1.1419217793573466e-09,5.06578525908965,6.23882993889352,2.5660961307339654,3.696698287013554,4.098369375122868,4.608490024771857,66.7213996457663,4.9545602572106695,6.3276086892728,2.4473009737530917,3.622011212864955,4.057399882579746,4.528749414996957,69.868456415455,0.6790643944720214,1.0015994872269047,0.13613134474550714,0.35261410475974003,0.476706526603496,0.6824996976367873,13.33418695044292,0.35017796664699025,0.08888338724996418,0.16012257208272718,0.2845892435118802,0.3421509855065735,0.39990437194320316,0.7925302252900348,0.6716000014615834,0.16699223874236419,-0.3027615232027464,0.615405007415916,0.7097284760778908,0.780507759816292,0.893089041401083,-0.032873646298898454,0.15588489534628863,-0.541679650367944,-0.1398955727140843,-0.032368421093593606,0.07660539902015599,0.5377443867815602,0.7131176766852014,0.1121147509048295,0.44987994412875804,0.6251460356523131,0.704475326935176,0.7882109769271739,0.9999791228197635,0.9870784547191234,0.017871471175577063,0.8405850084181028,0.983049789229427,0.9938117706381357,0.9985502653928564,0.9999999999727942,0.00214088901769678,0.0010401891121710571,7.235620157958771e-05,0.0014116458908949663,0.002024053062759522,0.002737624451079381,0.006983331379889619,0.0021408890231953137,0.0010401891183399522,7.235619705170393e-05,0.0014116459642536938,0.002024053130298853,0.0027376245125196874,0.0069833314046263695
20260824,5,gaussian_blur:2.0,gaussian_blur,1024,0.3381727933883667,0.3283783197402954,1.0094491243362427,0.03505837990158943,0.03505837977443677,0.005658399867533823,0.049580036151835094,0.005445376919788837,0.04137944391621798,0.0043358362109902635,0.006960718745007829,2.829507395404965e-05,8.762200854045373,6.195811642014041,7.599004536461473,0.8672483846285183,4.528978311105436,1.3680373944942412,1.4142135623730951,0.8505456314066728,1.203390224470737e-07,7.49402540023425e-09,5.124346717365612,6.190772160456353,2.6112460552597208,3.7049375487565226,4.11577665301891,4.651889397820959,63.27072850100516,4.906499780861533,6.36495897631632,2.2347431199134666,3.6308256450079375,4.08638473258503,4.614588167462632,68.7579431155091,1.5065484037520154,2.9989368951387156,0.3054940748730096,0.7781767555364545,0.9932592733260636,1.330923135861379,33.1001741893922,0.5645238064729151,0.10987303592136166,0.29581873009991033,0.48759960674457964,0.5586872172423631,0.6323142507956165,1.0213009270603253,0.6716216724652564,0.16083577901968377,-0.38422361190292476,0.621998406678859,0.7007160417792093,0.7726249653851625,0.8736028191782679,-0.009449079734629124,0.15318048489172734,-0.46655166522176683,-0.1195817093683905,-0.010493012397476595,0.09752230706388498,0.48373699917919666,0.7155574617602625,0.10521298574316527,0.48663961442096204,0.6348627089894372,0.7134402689981731,0.7830185065802446,0.999724278731516,0.9880308488174925,0.016268635719231105,0.8752134114746563,0.9844461125118091,0.9940175686508861,0.9988054131798346,0.9999999812731097,0.0010116692608414801,0.0004206915074383583,2.9030583618111115e-05,0.0007250184747716592,0.0009697316357939663,0.0012421141702219933,0.003196590475395956,0.0010116692558899132,0.00042069150619585905,2.903058339143172e-05,0.0007250184571603313,0.0009697316272649914,0.0012421142018865794,0.0031965908128768206
20260824,5,gaussian_noise:0.03,gaussian_noise,1024,0.33772027492523193,0.3520543575286865,1.0006107091903687,0.0861266435904258,0.08612664368291591,0.005885519387401815,0.12180146757805473,0.004919289704703259,0.0889912436997332,0.004365899699502088,0.00657727081584086,4.3768726557159676e-05,20.695109396593875,14.633652191728967,18.09026283096318,0.8741322640188887,10.971549297459795,1.3337817430528238,1.414213562373095,1.7607135812297434,1.1699495045338366e-07,3.1279312473486698e-09,5.0693478050824865,6.235933771942677,2.5543239539509828,3.6727576142076996,4.092069574365124,4.623250450455118,64.3361622075626,4.890828598531353,6.377042621550787,2.300949939585654,3.567800225681391,4.04013022011401,4.553725952235015,75.1246858158783,0.7565619314816229,1.719197279691478,0.11339238050478423,0.3235446475499706,0.43362106794486277,0.6008150622939308,21.273603733337932,0.538250418399498,0.2866761522294627,0.14573336003216614,0.3193608243961348,0.4327114408670261,0.7352835290290252,1.520597584307144,0.6479456537293217,0.15814858704771614,-0.18559691397697708,0.5913750976087411,0.6769163761129843,0.7441442497323365,0.868375907031315,-0.000610659877578159,0.15184977687285212,-0.4191161313776339,-0.10370105630229129,-0.007057959305130455,0.09412833743028766,0.4935039601397273,0.7377973029357885,0.10414225946190549,0.49590652757101383,0.668018923710028,0.7360599291990559,0.8063966100835264,0.9999995860240296,0.9882505171596507,0.018028394873188074,0.869743549172057,0.9856934389235701,0.9950430358935369,0.9990064570485095,0.9999998525637388,0.0023960019091847557,0.001226616587986398,4.440406412936557e-05,0.0015989805934284408,0.0022181003116368524,0.002995775578411119,0.00854557715098194,0.002396001911041168,0.0012266166015181428,4.44040670117829e-05,0.0015989805688150227,0.002218100242316723,0.0029957754886709154,0.00854557752609253
20260824,5,gaussian_noise:0.06,gaussian_noise,1024,0.33813536167144775,0.3599969148635864,1.0090563297271729,0.0498753312022994,0.049875331390852984,0.006008228076054802,0.07053437008079685,0.0053061771660181814,0.053421094081896034,0.004402118294779726,0.006894502273435487,3.661697121151235e-05,11.739629253074563,8.301171453464987,10.067717758090588,0.857583961218698,6.3199197015216875,1.3134931804375118,1.4142135623730951,1.224442774114069,1.1229677672778599e-07,2.9638678178400824e-09,5.093656689005986,6.21607242284959,2.5590644742966298,3.6785704143719,4.106037015564888,4.64225597372837,63.855658363933856,4.848853631021384,6.409042120618082,2.166870121921277,3.548037592868969,4.07752895038291,4.5449694024048135,94.34775462985777,1.3070669517479216,3.2623126093125756,0.19230971883238135,0.5433664632928465,0.7024483629471345,1.0120780938806926,35.5513830010388,0.7389648304354807,0.2952924809413018,0.2759426273652341,0.49990921916769365,0.6582946209723992,0.9672839783075384,1.5767871002204057,0.640003065366278,0.16756579153162648,-0.3808308902862835,0.5799817717486992,0.6754658511299783,0.7415461515363824,0.8519179593432588,-0.009056301016636967,0.16352367838376264,-0.6150216026367066,-0.11340554710763491,-0.015219572141992599,0.09207811478768954,0.6161265456300928,0.7436523373425956,0.096620494322794,0.5236752720421479,0.6709018224218218,0.737391269174106,0.8146294204294605,0.9999996694983904,0.9862347010695427,0.023361306907704063,0.7876471797511428,0.9829595683925837,0.9945974720143064,0.999083353045591,0.999999999563064,0.001411262978303787,0.000661824215507786,2.7319741813586026e-05,0.0009581889336526055,0.0013763281605892008,0.0017758794386137629,0.005022319893904801,0.0014112629798592735,0.0006618242199844798,2.731974200287368e-05,0.0009581889025866985,0.0013763282331638038,0.0017758792964741588,0.005022319965064526
20260824,6,brightness:0.8,brightness,1024,0.3106149435043335,0.3100590109825134,0.997016966342926,0.3667069830769768,0.3667069832724221,0.005593275369658772,0.518601989160783,0.004613156312922102,0.39370949591886184,0.004604360558679266,0.006517771653086221,6.0864400215237746e-05,92.71883733348557,65.56211862224006,85.34492855055139,0.9204702194828852,46.401496841858425,1.4129311120839914,1.414213562373095,3.145091778389137,1.2848776781004946e-07,1.3286822753144634e-09,4.8944030991893435,6.374305520374411,2.734406300202205,3.494076962618172,4.032217398152945,4.509021623703542,63.58373077398775,4.894696890351618,6.374079612828549,2.716814754807718,3.5095577091784285,4.041343121800031,4.511924027022103,66.0318849874009,0.15928861968010394,0.33890309038862254,0.032260851026595164,0.07372437701084661,0.10011027913588501,0.13261950198783745,3.384024473093632,0.05766218480249041,0.01947545326448113,0.029117752030530544,0.04705107282993688,0.05447002618671069,0.0628770441905132,0.3242233889330242,0.6899410021644972,0.12926409038774025,-0.0672662795230084,0.6484614468917433,0.7083025300742208,0.7612369831722172,0.8893276328627842,0.0029830133410786363,0.15068837194734783,-0.5552238693773275,-0.09276241936365476,0.00415934869474324,0.10737906605752731,0.6344996055466465,0.7060274898529346,0.09392723340673391,0.4572705560460646,0.6484737303984763,0.705908955276592,0.7612474131122107,0.9999986089481511,0.9884004338761642,0.019267481156977878,0.7729231854208735,0.986377367124162,0.9950088904801971,0.9988718477546272,0.9999999862996978,0.01043306957895666,0.004742921465230054,0.0002843215942016561,0.007286723079089224,0.00965009207701462,0.013151181905062276,0.030086497779506182,0.010433069571291753,0.004742921414089066,0.0002843216061592102,0.007286723353900015,0.009650091174989939,0.013151180697605014,0.030086496844887733
20260824,6,brightness:0.6,brightness,1024,0.3103107213973999,0.30984437465667725,1.0020155906677246,0.40536223793875126,0.4053622366905864,0.0055988827602031265,0.57326877280172,0.004568362471362381,0.42904659786368105,0.0046028949883780285,0.006485104312483167,9.823157448546518e-05,102.38985121755289,72.40055812061333,93.91693425231436,0.9172484688229922,51.387251400509236,1.4089206224787798,1.4142135623730951,3.2499926289292524,1.2870895358978277e-07,1.5202328285113254e-09,4.89774445432346,6.371735941721221,2.7398063721669645,3.5093167438140944,4.026740035020765,4.496852214131139,63.03785448750699,4.894432388514909,6.374283894939333,2.7168968510602203,3.507040227070612,4.023586227467273,4.489827656669808,63.28895091286025,0.1524187389558173,0.36835574128755727,0.026653923691169572,0.06640691337871571,0.08653802309413292,0.12142504500884661,3.5804038665937754,0.10214572651582536,0.028483306516975827,0.0602498069345783,0.08555621854070732,0.09820405579417824,0.1124885928393827,0.45263974150133074,0.6901556861001623,0.1290621110173561,-0.06263467127558056,0.65253104532496,0.7097587900265825,0.7624337454177492,0.891334944965295,-0.0020156372292328348,0.16694186300621938,-0.632468808990625,-0.11820726406167724,-0.007510970581850303,0.09554919661272644,0.6696050842626772,0.7060268123067854,0.09262227158866489,0.4533453604965147,0.647066290141934,0.7044447700680032,0.7577619904918003,0.9999990311710741,0.9856440909911637,0.025689265073601787,0.7427173292239606,0.9839155344605164,0.9943147520152464,0.9984294874190529,0.9999999809813873,0.011545939212600952,0.005213939372815205,0.00026850962366199217,0.007916394423346216,0.011134644496991785,0.014551826662715824,0.03641003654272257,0.011545939172691533,0.005213939316884782,0.00026850964059121907,0.007916395086795092,0.011134644970297813,0.014551826287060976,0.03641003742814064
20260824,6,contrast:0.75,contrast,1024,0.31026142835617065,0.3088030219078064,1.0068557262420654,0.24129702132788705,0.2412970213714169,0.005607460415482242,0.34124552018368837,0.004635362249930338,0.26039419284464893,0.0046094592243279275,0.006537101615304834,7.519238792275842e-05,60.8556271287278,43.03142661608345,56.175586460057616,0.9230960078881366,30.581222721362348,1.4071192344015047,1.4142135623730951,2.73226807551681,1.303093939281397e-07,2.0139196976742824e-09,4.891834419757294,6.376278960496252,2.7232106927818855,3.501240522257687,4.034843182496101,4.516540382364911,65.92495553815402,4.882790297415588,6.383214344744515,2.7393711344663636,3.473884825679087,4.025623399917197,4.492737763487902,62.47883749395977,0.2300153015700619,0.40960879047742715,0.05026927531865156,0.11012954082038204,0.14777991970049614,0.21112592397174895,4.604147778613457,0.08947698399718208,0.03581395609476989,0.039589950616156146,0.06545578542544496,0.07928584234979277,0.10024879142610757,0.248800133687023,0.6911969782440498,0.12883052759009858,-0.08628177355745156,0.6528309297271705,0.7124466335914396,0.7617935569530293,0.8719598633201715,-0.006855731021857737,0.1722235945532173,-0.6364735387705869,-0.11762683791452203,-0.010480399616993319,0.10300726275498283,0.5543785440710052,0.7052819628571003,0.09083529748037637,0.48957736544765634,0.6478198642595521,0.7017262749986717,0.7575036481628854,0.999945040476996,0.9847458511344156,0.024437472986007576,0.7712985378210218,0.9814869813952836,0.9937296168919034,0.9985745917128988,0.9999999925684486,0.006813100922366623,0.003232875489811964,0.0002071686593791622,0.004540871220610849,0.006533210559828049,0.008792495108964158,0.019320404831260726,0.006813100927686833,0.003232875492406087,0.00020716864673886448,0.004540871479548514,0.006533210398629308,0.008792495122179389,0.019320406019687653
20260824,6,contrast:0.5,contrast,1024,0.3101053237915039,0.3043370246887207,1.0125049352645874,0.15186602259774684,0.15186602301362706,0.0056001853915874185,0.21477098940953596,0.004607701438995298,0.17266151043565917,0.004614277908500646,0.006520925790698468,7.99855126312609e-05,38.35069277030798,27.11803492108667,37.47237374679114,0.9770977012390021,19.24261540046655,1.4092697025242533,1.414213562373095,2.26748215255447,1.287411379001202e-07,1.4707024487137232e-09,4.89613985742664,6.372969920774643,2.7350043190824733,3.513030897317741,4.025849786752907,4.5004573802529055,64.66864497499554,4.854688160842962,6.404635695332067,2.7402377354307705,3.4610557380108293,3.9722259459367004,4.4559175949423295,65.86171917735231,0.4382130010958633,0.9641586004366886,0.05729148022018954,0.17504368617511842,0.24972960133745933,0.3605284192873919,8.755795453336873,0.16935188453006886,0.04948176443018315,0.08494713808113356,0.13606001641380933,0.15933428508784891,0.190753999020873,0.49535410854102574,0.6956629473446125,0.12833154328003243,-0.09112825580594042,0.6620788473672946,0.7176443281157043,0.766233738256747,0.8648439595578653,-0.0125049009767002,0.19067837541548513,-0.5586486135758748,-0.1469434967219983,-0.023870425487124286,0.10125284893019358,0.5984830102768955,0.7012414817354876,0.08870304276581883,0.5020407609111768,0.6425619250223247,0.6964097898095662,0.74943408026009,0.9999931447456405,0.9812085425964168,0.027412049209234134,0.8011354981586483,0.9771351007071216,0.9916354602160384,0.9981932127941223,0.9999999492564404,0.004184704548348636,0.0022396180835662313,0.00010910021663102522,0.0026497228097410344,0.003842779537534124,0.005499761508050196,0.01687937095953698,0.004184704546247531,0.002239618086673482,0.00010910021956078708,0.0026497230865061283,0.003842779668048024,0.00549976178444922,0.01687937043607235
20260824,6,gaussian_blur:1.0,gaussian_blur,1024,0.3106447458267212,0.3086588382720947,0.991496205329895,0.08426696812040832,0.08426696823158727,0.005628163275027938,0.11917148933317347,0.004543799834519911,0.08506901347033945,0.0045800224436626175,0.006451567446802092,3.1487944090005566e-05,21.17413506142142,14.972374487690919,18.721998452497342,0.8841918878003291,10.609303011641552,1.4112495858714464,1.414213562373095,1.670682125509011,1.261653968771812e-07,4.0922631949769084e-10,4.889885103033801,6.377776663619524,2.7201807501247712,3.5070843984190354,4.020126143924751,4.495383638946448,62.98189668197112,4.859966715653893,6.400627708822452,2.6892595079120674,3.476001463915427,4.002692461877071,4.479523258677169,67.99495073548644,0.6467471464664085,1.159092636001649,0.13223489886158588,0.3249150478239303,0.4329441604892819,0.5947901445888122,10.535150573608206,0.27354314049579365,0.08859991996049095,0.11304571100832878,0.21492749623926527,0.2653562746627316,0.31595338993578626,1.0374527775564577,0.6913411969604354,0.12803638339302031,-0.06940738926111557,0.6546092015130887,0.7139140117417259,0.7623014003852182,0.8790323958160356,0.008503801005060787,0.15160768539420483,-0.4207862930938084,-0.10015039116035306,0.010343842847656133,0.1134681146927293,0.43450576111128475,0.7053111722692612,0.09063230647270652,0.4767620445315679,0.6472220949995603,0.7002333779964989,0.7559674252590518,0.9999965819222828,0.988296142707603,0.015369003195761068,0.900669053293774,0.9848117614642284,0.9941423843480577,0.9987338444515401,0.9999999984848731,0.0023869527997192955,0.0011127261706610136,8.956193373023154e-05,0.0016218143241502575,0.0022214633823390106,0.002986082494373907,0.007377521480353067,0.002386952807086118,0.0011127261791354156,8.956193778431043e-05,0.0016218143282458186,0.002221463480964303,0.0029860824579373,0.007377521134912968
20260824,6,gaussian_blur:2.0,gaussian_blur,1024,0.31083494424819946,0.3163665533065796,0.9686323404312134,0.041560837744959334,0.04156083767065814,0.005757767857727042,0.05877590029743138,0.00510133968388948,0.039846625533050226,0.004645118475755829,0.00689933273760831,2.3355951503667953e-05,10.208105250119267,7.218220445425331,7.811012009039448,0.7651774563108259,5.210267435313457,1.3853838690461784,1.414213562373095,0.9780803323188498,1.2439122226158921e-07,1.7836161436690645e-09,4.887481581074587,6.379618923546441,2.726156631604643,3.487693045471539,4.027776440068298,4.502098653263208,66.31055382182213,4.798045027119123,6.447217055264606,2.5445906415114408,3.5004822066881855,3.9446866439231787,4.424534436240153,73.6578863136221,1.0880769938924808,1.2088038959050695,0.2370178103402095,0.6801735086084063,0.851084261596555,1.105868212390713,13.225396485645048,0.48294062196547094,0.12647884280354998,0.23944300127423715,0.4014994586737471,0.4752287380988127,0.5512501851409549,1.1872493015354988,0.6836334492110745,0.13085363884857018,-0.1456148934574323,0.6441287624360308,0.7091289094782296,0.7559565138688555,0.8552103703127802,0.03136766514320295,0.15659965928708836,-0.4196451693739697,-0.07588014685390822,0.024719455809360108,0.1353271121655319,0.6070403688842223,0.7127447806779625,0.08684236373031522,0.5182810265767761,0.6546218184173802,0.7050788462353346,0.7649170653110872,0.9999977332273118,0.9869758799980921,0.019888780104088143,0.7946709951576861,0.9840241481987737,0.9946852200642284,0.9987444668663722,0.9999999837559458,0.0011923391426497598,0.0005151758137596246,6.667256112766458e-05,0.0008708271402611374,0.0011360095334557992,0.0014328367065467875,0.004119793893748859,0.0011923391389743188,0.0005151758107913934,6.66725609335117e-05,0.0008708270906936377,0.001136009581387043,0.0014328367251437157,0.00411979341879487
20260824,6,gaussian_noise:0.03,gaussian_noise,1024,0.3113592863082886,0.3225066065788269,1.0104488134384155,0.0889921297264614,0.08899212993036176,0.005698855670361698,0.12585387709198625,0.004876507292100436,0.09345077581628396,0.0046528395661891925,0.006740121616009934,7.02008695595421e-05,22.0840611469633,15.615789393156113,19.163464795319175,0.8677509389143434,11.25498684061488,1.3874551423678552,1.4142135623730951,1.7467664785837003,1.246314375316209e-07,1.5280980925069798e-09,4.891346868525289,6.376653232429782,2.720824100635571,3.5028602750335462,4.025843975097095,4.500452388254256,64.14788278413204,4.870245884135255,6.392794856078366,2.5116273399356834,3.4457854945343076,4.029256588036904,4.578764983078574,71.93302690309316,0.7129056758421696,2.0289083275790305,0.12815840051242547,0.2962120452191038,0.4038776751859444,0.5673242757616692,30.999782653177792,0.5575151345512233,0.24292563112815532,0.13384775513828184,0.3692904033259301,0.4953392074115253,0.7629294861748965,1.2588082714176712,0.6774933867500047,0.14007657400764822,-0.12860191647945923,0.6303416841436821,0.6988865459730771,0.7535476108957841,0.8851630736393427,-0.010448821227381156,0.1706759257064456,-0.5412529699331898,-0.1219584711358211,-0.015590957318551053,0.09157812683758312,0.47564179996342365,0.7157036256315359,0.09580035885789977,0.4652809184410551,0.6573933341266645,0.7152325465827467,0.7763178221818681,0.9999991807149443,0.9850305573639548,0.022456437419701557,0.8408598114659193,0.9811448009109857,0.9943493731682351,0.9987988746640513,0.9999998843004438,0.0025147005520630037,0.001188125935834249,3.076385988104727e-05,0.0016887685640202736,0.002373417759516232,0.00325275322851037,0.007496169718042787,0.0025147005528793898,0.0011881259421247662,3.076385837630369e-05,0.0016887685342226177,0.002373417839407921,0.0032527532312087715,0.007496169302612543
20260824,6,gaussian_noise:0.06,gaussian_noise,1024,0.31055986881256104,0.3353126049041748,0.9997203350067139,0.05370194768108047,0.053701947623662524,0.005875638936844837,0.07594602265523315,0.005066070512896233,0.05386934505757443,0.0046270302142985996,0.006861084392839724,4.7901128252380315e-05,12.925576855819438,9.139763045497817,10.633358718644788,0.8226602833480013,6.734813442832933,1.3570922397180452,1.4142135623730951,1.2553721677393335,1.210118037373429e-07,1.5010812592919365e-09,4.892781967191616,6.375550998466616,2.734595187626449,3.4979834138385653,4.0220092230154725,4.5022344235491625,62.57026425144416,4.820949883572958,6.430087982144668,2.4141863550571645,3.429578219256295,3.975479647037505,4.562256020736272,73.19789199513225,1.0977504347651899,2.5744705650423567,0.15998246613122533,0.5005143366293525,0.6726321599665634,0.9629006070612589,41.358101388260295,0.7114033185755998,0.24303347153241156,0.23874079051288613,0.528944179538327,0.6416693873813943,0.8868143342751449,1.3797520226823334,0.6646874498099845,0.14323727554894478,-0.24107901597352424,0.6200322821779781,0.6830519413450526,0.7412339000582723,0.8819586722615355,0.0002796692802702703,0.17290491395428453,-0.4726416533739599,-0.11636066483431376,-0.004678182115398054,0.12243776974017376,0.5059190853169806,0.7277738736678353,0.08970373448655611,0.4713267448624886,0.6712468016021078,0.7303695533962576,0.7845762981627645,0.9998889943127314,0.9847436563676838,0.02033083454951295,0.8625809406148677,0.9792418666397007,0.9926776073767647,0.9984615196474114,0.9999999549007175,0.0015095566961740494,0.0007335338025039425,2.2967810267216077e-05,0.000994494566076345,0.0014294183486430535,0.0019237103231639265,0.006083688929198835,0.0015095566986822462,0.0007335337967700253,2.296780985489022e-05,0.0009944945923052728,0.001429418451152742,0.0019237103988416493,0.006083688233047724
20260824,7,brightness:0.8,brightness,1024,0.31404995918273926,0.31252312660217285,1.0012141466140747,0.3031603702172208,0.3031603693795856,0.005282841006965144,0.42873350595064713,0.004639968368066235,0.38929551548000374,0.004676357121104412,0.0065876871799410135,-6.716663704973978e-05,81.15586014899651,57.38585904438252,83.90046754612845,1.0338189675039244,40.69344059008779,1.4101992441429854,1.414213562373095,2.98250264103299,1.2827119686590192e-07,2.0446981885413607e-09,5.241632209741633,6.09167506236708,2.418581124690291,3.7371469554647954,4.191715391556295,4.7800699321835385,57.83746013214435,5.251561314603863,6.0831096595011545,2.4165064637048754,3.7447928324390447,4.198440521613851,4.76816461821758,50.966448111821116,0.26725567721533605,0.8631578734004032,0.03489166245501983,0.08988301493864571,0.11773127655559021,0.16068224990431107,7.466185520164753,0.06578764241760435,0.02427038797015914,0.030070585052498152,0.05042761415664586,0.05930931045981606,0.0753102180022348,0.2707197566034647,0.6874768343281282,0.1501675190612561,-0.19341558484121693,0.6413642419581925,0.7197013129911468,0.7657786734513466,0.896186842780731,-0.001214174322668112,0.1572473805322227,-0.4763262514494311,-0.10816836854235817,0.0009657554123297801,0.10696383928955489,0.5063449027110946,0.7038574313898585,0.09716623135913108,0.44367684504231825,0.6431042083908778,0.6942838053140703,0.7672365391717624,0.9999993017549197,0.9874225126750824,0.017117298247936293,0.8623310498285981,0.9819344528722992,0.994184112317605,0.9988167932068928,0.9999996729738502,0.00858776474513526,0.004002261564090638,0.00012996430213173255,0.005984828678167422,0.008211247542842345,0.01074240795995915,0.027430321794400105,0.008587764726897262,0.004002261567898529,0.0001299643045058474,0.005984829738736153,0.008211247622966766,0.010742408223450184,0.027430322021245956
20260824,7,brightness:0.6,brightness,1024,0.3137505054473877,0.31075698137283325,1.0173537731170654,0.3225148549913688,0.3225148545693896,0.005265776087618507,0.45610488139881716,0.004674068264917411,0.40521161754820706,0.0046251086777650595,0.006575602210158832,1.9340854935172516e-05,86.61683934325711,61.24735446456285,86.69355999561273,1.000885747539824,43.3895338619994,1.411569775391061,1.4142135623730951,3.0780569099996287,1.2713565791351535e-07,1.6872974129000795e-09,5.244631291603474,6.089091789209837,2.4210298344270114,3.7472605175084155,4.193905440546163,4.7666628504453135,55.23817592374384,5.255377005914701,6.079808669801883,2.4145962424002274,3.75285259166467,4.21345459928882,4.778200296885882,51.904860780857064,0.18935950082314515,0.4484926767925114,0.03473748408797005,0.08476422561880308,0.1080790709426328,0.14820977265098778,4.395033834136734,0.1238215260753378,0.04015143313985734,0.06300170485821487,0.09357013624609814,0.117904864099079,0.14335272596673437,0.4318018946012242,0.6892430214236973,0.15156159331408778,-0.20828991731132776,0.6451056183740549,0.722336821586675,0.7694698140278061,0.8969343090638152,-0.017353791480162143,0.16109683746751993,-0.48308720516213555,-0.13184274468425672,-0.018424425746229774,0.09251356841259537,0.40448639431132943,0.7018354278476575,0.0971175389031291,0.4421638217043732,0.6386831781398453,0.6915413762019127,0.764093411210934,0.9999495229876749,0.9866331746900214,0.018091352710595837,0.8755722427125228,0.9825437115488154,0.9937793270541391,0.9983851948107829,0.9999999351044933,0.009193128508698625,0.004132920220659928,0.00021329648502456852,0.006453477004307706,0.008921442230654872,0.011397286331509892,0.027879733743726313,0.009193128486018054,0.0041329201740636775,0.00021329648734536022,0.006453477079048753,0.008921442553400993,0.011397285386919975,0.027879733592271805
20260824,7,contrast:0.75,contrast,1024,0.3137773871421814,0.30778616666793823,1.0289185047149658,0.22706430595743718,0.22706430632451252,0.005292793289235084,0.32111742153496453,0.004535590825876454,0.269551763597398,0.004667382091895554,0.006508151790756111,8.567460869333296e-06,60.67069012275227,42.90065640506582,59.43035294532109,0.9795562375354284,30.313238217086347,1.4152449198695165,1.414213562373095,2.7177083273103837,1.2666174648694898e-07,3.156100936152484e-10,5.2382633666995915,6.094574403803281,2.409306484751401,3.7306379335765376,4.205792699502259,4.767723705815794,57.8598056816606,5.194094330668141,6.132302334773157,2.496257690972908,3.7162820014389744,4.174223914256508,4.725595940346084,59.24624238937442,0.2583351305312173,0.5040333011705547,0.05115636219543085,0.11741638843224152,0.15434508201504685,0.22403660435391853,5.44647137016183,0.11955123555424169,0.03880821754463428,0.05688440809907264,0.09081078926508776,0.11301993119557134,0.13936308084045712,0.34952368387858107,0.6922138175232213,0.15070276621451414,-0.20891859255777,0.6471476445549245,0.7253649319097071,0.7736399858489147,0.8914478959820662,-0.02891847202310789,0.17715462769845966,-0.5778615855462358,-0.14232026431360006,-0.03186801694130351,0.08689215450420046,0.6330347840672305,0.6989756685250044,0.09794523648161219,0.4531232158576157,0.6336254195455322,0.6883645191796222,0.762364624065655,0.9999984747005737,0.9834648409407274,0.02465985716707409,0.7741233507400194,0.9799695848589433,0.9933112306988036,0.9983400608835591,0.9999999999841948,0.0063987413199678815,0.0030684047502234977,0.00017842108939994126,0.0042432028654570365,0.006218382801624197,0.008222148044195248,0.0190078693774225,0.006398741344980863,0.003068404771066655,0.0001784211053745821,0.004243202623911202,0.006218382623046637,0.008222148520871997,0.019007869064807892
20260824,7,contrast:0.5,contrast,1024,0.3140585422515869,0.3045676350593567,1.0625139474868774,0.1043181397568256,0.10431813938390491,0.005382851340263325,0.14752812751824523,0.004510751432402173,0.12817333018526197,0.00469372001007539,0.006509829953071,7.983182756773173e-06,27.407059603289785,19.379717697870095,28.415072766934546,1.0367793254086901,13.700973084350661,1.414477470540629,1.4142135623730951,1.8880139783152805,1.2901151585550058e-07,2.8084756742430272e-09,5.236358383064982,6.0962139636088315,2.4056754481352645,3.7265266810992883,4.191792635282432,4.765923734581763,53.80938038229893,5.047255984702035,6.25383947041809,2.5216615853216244,3.6510847657649306,4.081336732005116,4.61205715931621,60.51469879783575,0.6846118872565489,2.0710915792515903,0.11546809331592545,0.25222527549187923,0.3319023385919798,0.48909754956853435,23.154625194217296,0.21909474118077876,0.0567406629827575,0.11006093516737944,0.18062537341453255,0.21305655117307237,0.24769443350498174,0.5417390146075466,0.6954323682095316,0.1497765309623056,-0.2664850499425991,0.6530835765834146,0.7282938716361624,0.777657042670094,0.8725508947044991,-0.06251391477177581,0.18593014578938472,-0.5967078282625835,-0.18482864326637793,-0.06862923855421307,0.06247535176676819,0.5433322009784539,0.6962259041239012,0.09613133893119934,0.4885232196634854,0.6286887296130139,0.685264926471751,0.7572858348196737,0.9999964332588385,0.9801671295801941,0.02879164377887019,0.802458576931016,0.975253596821478,0.9912678126621106,0.9978356951309466,0.9999999996434537,0.002947256451316466,0.001393842764567959,4.2174958579845214e-05,0.0019503451364946667,0.0028772176597505125,0.003801561853393964,0.008225293957376107,0.0029472564410895075,0.0013938427592708426,4.217495734337717e-05,0.0019503453222569078,0.002877217484638095,0.0038015618920326233,0.008225293830037117
20260824,7,gaussian_blur:1.0,gaussian_blur,1024,0.3129911422729492,0.31330883502960205,0.9866310358047485,0.07904046772033826,0.07904046786917768,0.005337315764268384,0.11178010163690592,0.004455433853485714,0.09075093664205655,0.004549503872496553,0.006367799958278188,3.660041999058915e-05,20.943130699749457,14.809029737069004,20.368597004544785,0.9725669622444965,10.484476799175999,1.412471980536568,1.4142135623730951,1.6579808258399034,1.2804622659936327e-07,1.8669139567606408e-09,5.241337864675328,6.091930704887756,2.408927050223989,3.7444732893673107,4.193214397719199,4.7481820935628685,53.44718155532663,5.179191306942546,6.14490937180625,2.4630623670472533,3.758354721559794,4.134612469195148,4.648016671201573,58.24087327314376,0.6611306809941069,0.8424818014909186,0.15429280880593,0.337503686116352,0.4692295053245683,0.732189749261063,11.623488622558474,0.322184380218112,0.11271623795298234,0.13517094442699107,0.2468124951018449,0.3073486590203487,0.3656018112840819,0.8478449998461597,0.6866911848230174,0.14921887191619035,-0.19023254546205334,0.6411364112799068,0.7188271886311013,0.7709262791640049,0.8717943475384058,0.013368978477790054,0.13220134752216556,-0.4080173726520925,-0.07434671085891541,0.01576295203597341,0.09478832915097217,0.48995480404972214,0.7048844365088932,0.09673551033843317,0.489872040026868,0.6369243318488331,0.6951888037664716,0.7674269150901559,0.9999789757826304,0.9910526510950683,0.013264851753255593,0.8717478362396996,0.9878499186669599,0.9964378776729806,0.999170783102669,0.9999999999176811,0.002199532416045757,0.0011243949431163644,8.348713363727241e-05,0.0013238004637864849,0.0020598927642165206,0.002861211612999996,0.006324302460030949,0.0021995324166681485,0.0011243949520575785,8.348713890882209e-05,0.0013238004175946116,0.0020598926348611712,0.0028612114838324487,0.00632430287078023
20260824,7,gaussian_blur:2.0,gaussian_blur,1024,0.31369447708129883,0.32597553730010986,0.9746913313865662,0.03421300118154826,0.0342130010664075,0.005507742235912096,0.04838449011759865,0.005534721112515152,0.039411092569766416,0.004585807948898486,0.007187681986391823,1.8995239995769436e-05,8.784813821191118,6.211801424425547,7.120700712570642,0.8105693367563205,4.517308877423793,1.3751110712891046,1.4142135623730951,0.8428083381781013,1.233222339929901e-07,4.081339266548412e-09,5.236889351418832,6.095759604444695,2.4014266393441552,3.73942222265125,4.180605212895857,4.754724144596192,56.507682545458174,5.0480753815633825,6.253149251124747,2.429036300148411,3.751820288242772,4.202947230211537,4.663230723107332,75.96373908837137,1.519850862034908,2.8693857601527233,0.34730901183623847,0.7929343089067462,1.0676471731693042,1.4514802184175455,33.11132803713187,0.5256649121239625,0.1461394655536758,0.29861010703871,0.41483276247208906,0.5061761242101795,0.6099614132563463,1.1215477602475585,0.6740244069992135,0.14763796035524884,-0.2899085518949944,0.6228698342901239,0.700724560593036,0.7643245146657189,0.8653433675145408,0.025308689044448614,0.14510998462982944,-0.45080581929553953,-0.0779308000364542,0.032528502883102134,0.13239840299554614,0.49805051527719857,0.717470726160127,0.09570851615936812,0.5011794651605294,0.6448317456997411,0.713431879286146,0.7823254480820893,0.9999671645084602,0.9889940789208638,0.014630341608871111,0.8671480174872782,0.9851615474995423,0.9942057623830814,0.9985629098088106,0.9999999977414816,0.0009779752137055175,0.0004322523686964912,2.7854237509821914e-05,0.0006658590361435376,0.0009058071454820867,0.0012178806860532122,0.0028060210638537427,0.000977975211430504,0.00043225237032917547,2.7854235668201e-05,0.0006658590427832678,0.0009058071300387383,0.0012178807810414582,0.0028060213662683964
20260824,7,gaussian_noise:0.03,gaussian_noise,1024,0.3138369917869568,0.31935882568359375,1.0321295261383057,0.08800982406095838,0.08800982400844992,0.005389564520293262,0.12446468673481911,0.0051623637795243016,0.10040288368413537,0.00462670840846341,0.006932274553787555,3.1037718373484675e-05,23.093644443103656,16.329672588029624,19.449013663540626,0.8421803544892019,11.732247003276264,1.39186232535854,1.4142135623730951,1.7851249615972384,1.2686262034006074e-07,4.673232911756031e-10,5.2368294241095485,6.09581029048867,2.429625155401711,3.7495152674578995,4.195556736152268,4.771381904860965,53.83284645560073,5.145823953703464,6.17289674739223,2.6164354987907386,3.6853514287591107,4.156836154460347,4.753711760068005,65.11275225555427,0.7265378032588464,1.7230343301672244,0.1140744841873993,0.3064955474092964,0.4084926869007912,0.5678909677376314,22.307243498547873,0.5257777782878883,0.2586110828329825,0.17275748126429477,0.32804877668122456,0.4270884936629924,0.7288968756304477,1.5125200878956662,0.6806411631091928,0.15287329731299187,-0.17505519385334015,0.6292585015002616,0.710524658486728,0.7665690352295125,0.8703662248393575,-0.032129560711665284,0.16656520111857076,-0.584991117296571,-0.14406861953462702,-0.028380910107890688,0.07858954062096035,0.48156418563524045,0.709580986383654,0.09942163400030657,0.49240494987244504,0.6421615366435551,0.7036722981865196,0.7771960743909279,0.9999957080149875,0.9852498568691811,0.023109736129040218,0.8110396985870109,0.9821362894617817,0.993837263787346,0.9986064390558858,0.9999999991725412,0.0024728290318309695,0.0012044591751783588,4.3508196047244584e-05,0.001686745015482127,0.002338787848505973,0.0031493732831931846,0.008550114463748445,0.002472829028345558,0.0012044591730394694,4.350819654064253e-05,0.001686745003098622,0.0023387877736240625,0.0031493729911744595,0.008550113998353481
20260824,7,gaussian_noise:0.06,gaussian_noise,1024,0.3134607672691345,0.33110594749450684,1.0291697978973389,0.049544433125994145,0.049544433082242455,0.005549851860386225,0.07006640920499352,0.005717233218963923,0.0556054800994882,0.004620575519681462,0.007350950538066774,3.0236499524077226e-05,12.62491521712752,8.927163161936102,9.725942246862727,0.7703768365642633,6.539406793002634,1.365133485440649,1.414213562373095,1.2200206512541367,1.2412821579776183e-07,2.9247630983775252e-09,5.229435853024176,6.102159756291374,2.4142754018442427,3.7320890134206577,4.185708121375713,4.754914802596164,57.26900177680144,5.083368048962123,6.224475452808319,2.458357471969243,3.6270745135786764,4.140074035436034,4.756598858518123,80.44000301932705,1.3278191947859141,3.810530921279885,0.24837538043406973,0.5369993962106063,0.706434478061265,1.008365914994352,45.870594115982165,0.6668259407824741,0.24909695778880106,0.2578844322501668,0.4794248716751553,0.5907039897002752,0.8568912243338023,1.4553756213037445,0.6688940139761075,0.15095899595337098,-0.1500690086383844,0.6129090191864006,0.700327648859171,0.7611028906134071,0.8875659810546036,-0.02916985453653209,0.16605430113657602,-0.615320666394978,-0.13076605684794934,-0.022722770955131404,0.08739764733075674,0.4004805513234323,0.7207727371313513,0.10154390687366904,0.460680615258097,0.6486311581145442,0.7138215301812529,0.7901534867454215,0.9999926068712143,0.9854380855198723,0.022678145344725436,0.7882769040808187,0.9818688475878355,0.9938371268224877,0.9987939687652991,0.9999999754601996,0.001408667639693459,0.0006427899737393845,2.1276921802606795e-05,0.0009562618371799544,0.001362106045505515,0.001799403183976651,0.0039149955088301,0.0014086676405185017,0.0006427899703076535,2.1276920961099677e-05,0.0009562618361087516,0.0013621060061268508,0.0017994031368289143,0.003914995118975639
20260824,8,brightness:0.8,brightness,1024,0.3380969166755676,0.336309015750885,0.9802166223526001,0.3123887156216188,0.3123887139896627,0.005505125624262011,0.4417843560564708,0.004806138057536362,0.37165893156201346,0.004814041600881305,0.0068024965684015766,0.00010776467153814368,80.24964119064843,56.74506547369479,77.33005733766349,0.9636187301317782,41.34016487116491,1.3726376266148133,1.414213562373095,3.058526788365949,1.213684398962506e-07,5.620331533506828e-09,5.181536213033997,6.14292588174633,2.678215907240431,3.7459132959476356,4.108167782047998,4.712668074358433,58.69004025032705,5.146941223580252,6.17197167762557,2.6686385310595138,3.707348686262594,4.101765151225546,4.679696367303138,59.456894748713296,0.17456265021565004,0.3461972500681255,0.03637691662975681,0.08752946102098141,0.11373236212704224,0.1570027486714948,4.834654055863211,0.06201025621001319,0.02300294253705008,0.034420012100779745,0.04954490977739317,0.057259708289213104,0.06798863447238819,0.2814222201695446,0.663690983138826,0.1549696301303683,-0.3643369661775663,0.6206190937420479,0.6760655359519332,0.7401266942112754,0.9097170015024797,0.01978335216851767,0.156348496326311,-0.5399704216524792,-0.08385069453301475,0.023311638701872285,0.1235503056659844,0.48916508853302604,0.7253359444062479,0.0970521069414186,0.41522882508002446,0.6724673751676398,0.7368414915623163,0.7841121977351351,0.9999345612721062,0.9873394861830009,0.01867399712246188,0.841683992802788,0.9841817956681638,0.994269041082698,0.9987641264488754,0.9999999980725591,0.008874312333734084,0.004069677608999559,0.00020023286892919902,0.0061402528000403635,0.00848961303354388,0.011020773207701576,0.026833674375459846,0.008874312313480459,0.004069677575569132,0.00020023285469505936,0.006140252924524248,0.008489612489938736,0.011020773323252797,0.02683367393910885
20260824,8,brightness:0.6,brightness,1024,0.3388286828994751,0.3335704803466797,0.9933357834815979,0.2881626523985469,0.28816265234302485,0.005488750017486343,0.4075235311129089,0.004810667993679108,0.3469921864712775,0.004790259414905781,0.006788896214223785,7.452965594895981e-05,74.24705621764508,52.50059693463565,72.12973061687103,0.9714826996700394,38.20832918857642,1.3740615751969916,1.4142135623730951,2.978708935800849,1.1859237809056843e-07,1.0640803793648956e-09,5.200269895975966,6.12705951263408,2.6845053750746586,3.7449191874544447,4.130998642415158,4.736311596131197,54.83407336213829,5.144194698167196,6.174262975466849,2.652264045887229,3.711132729794133,4.08718336499795,4.688793171694449,60.75432259692459,0.2785264773581573,0.800628258440844,0.03556045238617025,0.0907718362320115,0.12109952244809727,0.17038987326915703,7.130798307696927,0.10345538312788286,0.0336888797758449,0.05880837366591355,0.08446605377018952,0.09824553464598992,0.11401285642933354,0.567060108385294,0.666429482428642,0.1537138250638437,-0.3533819657919965,0.6231324178646522,0.6789064191426547,0.7442109450816786,0.9090165136921229,0.006664197306036223,0.16794456185645718,-0.5219830768160332,-0.11091617701576445,0.005766228436987742,0.11340883315657335,0.5919161019242374,0.7230213912169839,0.0975512180355794,0.41676009626044885,0.6679445211731336,0.7342247963481625,0.7821163497199234,0.9996780895430885,0.9855429582902118,0.021984227819716883,0.8059995833018871,0.9821756194372065,0.9936556940083661,0.9984365849905739,0.9999999937807026,0.008193870720959569,0.003737062848977566,0.00013493366204952892,0.005644040297059138,0.007944211787134647,0.010661306937451959,0.027344465060042254,0.008193870712162266,0.0037370628655991767,0.00013493366714101285,0.005644039949402213,0.007944212295114994,0.010661306791007519,0.027344468981027603
20260824,8,contrast:0.75,contrast,1024,0.3369734287261963,0.33408838510513306,1.0418281555175781,0.18368444002669657,0.1836844396253833,0.005582812550804707,0.259769025715119,0.004862824429845174,0.21092303108368665,0.004823351879141809,0.006849217822899186,4.248101303356151e-05,46.530135724810584,32.90177450054399,43.37459312517318,0.9321828197901683,24.071821811682074,1.366816972245109,1.414213562373095,2.5219836880276736,1.2083399068505134e-07,3.176821472550273e-09,5.1546323849997435,6.165542050800922,2.673567055589177,3.709604061269937,4.102878957325384,4.68520115816187,60.0004758776443,5.0852879374657896,6.222922173207972,2.676095767703506,3.6663088732538345,4.039715691412548,4.590086555887509,57.72158969361565,0.36302941090447033,0.7862821594626794,0.0637450935114651,0.1443927030700158,0.19612778086922694,0.2839885794277738,9.195423865604921,0.1063684886316282,0.04612303768788162,0.05019182266818092,0.0760174481465089,0.09143554217604173,0.127233892302169,0.4647783801599319,0.665911618384949,0.15193048311742632,-0.3690347180333755,0.6266859157090434,0.68017607095543,0.7401547182525867,0.8989217248066574,-0.041828192328526734,0.17504119214573882,-0.5184716434249476,-0.16212773930167282,-0.052251294230583056,0.0751881320151093,0.4918491005645028,0.7247429472292215,0.09086864526722678,0.438109270240455,0.6724365749598247,0.7330487631225524,0.7792719412070874,0.9998874810165342,0.9834393584978625,0.022099995617799902,0.855094822206423,0.9783938229515294,0.9922066750652582,0.998058061775454,0.9999999945791389,0.005128200012406328,0.0025801664172731206,0.0001047157449713059,0.003385994704404138,0.004879371679769028,0.0066489172407465475,0.015224520714934898,0.005128200012158857,0.0025801663950487086,0.00010471574205439538,0.0033859944087453187,0.0048793714959174395,0.006648917100392282,0.0152245182543993
20260824,8,contrast:0.5,contrast,1024,0.3379535675048828,0.3371715545654297,1.0479364395141602,0.1031770968916411,0.1031770971883853,0.005652675894250044,0.14591445017010143,0.005113358127652422,0.12129301692450112,0.0047865638333097075,0.00700411483857722,2.7898510211251045e-05,25.813340955657303,18.252788434825714,23.720813973221073,0.9189362203819019,13.487328657259429,1.3533286535339477,1.4142135623730951,1.9526098094462236,1.2122866016879576e-07,5.660887425484873e-09,5.175775993236315,6.1477867586875,2.6813111567258052,3.7211574270500836,4.110272102483709,4.6989343986784045,57.179804278458896,5.039895698017727,6.2597769428067265,2.651220843691121,3.6243698699560905,4.046200422691248,4.558311198888402,67.27022647932998,0.7680047006287372,2.0986945114014297,0.11167819953160035,0.2589284096637526,0.36363199039741484,0.5408291376279156,24.126847808974667,0.18930550431906562,0.06453674803729315,0.0860338813138877,0.1452421454329815,0.17700763266726238,0.22869393202767516,0.8463283837873933,0.662828449452109,0.15088410793386264,-0.3724931551090511,0.6284898603935085,0.6823078527059059,0.7407151582366933,0.8726641560468045,-0.04793639310189133,0.1901050258431566,-0.5765549582334347,-0.17822623191457093,-0.051430732332127846,0.08043120022620101,0.514635288711595,0.7286852423983396,0.08330221567648903,0.4883208686418372,0.6718192106803589,0.7310649719619948,0.7778176274120091,0.9999645198733462,0.9802094386488174,0.02806599150115542,0.8170583700914166,0.9746306448783477,0.9908874281730364,0.9979480060295447,0.9999999429926101,0.0028311062392333787,0.0015437531813409793,3.89809843088829e-05,0.001758927375212334,0.002626466011326191,0.003718923841241957,0.008743734722525157,0.002831106243849746,0.001543753191673705,3.898098657373339e-05,0.00175892750849016,0.0026264659827575088,0.0037189237773418427,0.00874373596161604
20260824,8,gaussian_blur:1.0,gaussian_blur,1024,0.3376859426498413,0.33547353744506836,0.9978545308113098,0.07356599088775385,0.07356599087589068,0.005583074378509853,0.10403802202609996,0.005102857969984755,0.08637412999121011,0.004785731241781009,0.006995883288077049,2.7754872360035682e-05,18.63453985613356,13.176609496563032,16.926618475228334,0.9083464687568841,9.636598879104506,1.3673506284235837,1.4142135623730951,1.6061196230422634,1.206568889275676e-07,2.781179730959593e-09,5.182239517947918,6.142332772246973,2.6867911424342554,3.725626267063263,4.126896453348429,4.722858439194519,56.53543866179443,5.062481255349145,6.241497807905906,2.56469156803651,3.669876648812811,4.136564939425696,4.666942657795442,74.7407057030961,0.9546963352844267,2.515070520451758,0.15259662356812517,0.36208171503150915,0.4840428742937017,0.6788968046003989,22.737867794959897,0.2718489033885607,0.09018380481892078,0.1335593619308032,0.20696457216301364,0.25083744884141346,0.31773467458302773,0.7971636656044601,0.6645264586884108,0.1528328180907278,-0.34535375862386475,0.6255436829814458,0.6788343336571363,0.7416955394402992,0.8772739492708912,0.002145464110355563,0.15916906037840048,-0.52691960681474,-0.09174464959296336,0.0039200160752268925,0.10574737824242578,0.6424626315052402,0.7257118845939545,0.09176060735346919,0.4799900185739845,0.6707366743399403,0.7342914353341591,0.7801890864222263,0.9999696481426548,0.9870235100437216,0.021688665285580798,0.7663170147656659,0.9845511298675446,0.9951245870546126,0.9989506427197254,0.9999999668455624,0.0020827650397646042,0.0009737186529101084,4.263994798737779e-05,0.0014150888441885603,0.002003183165501315,0.002662406592701335,0.006388246018924702,0.0020827650390415897,0.0009737186561241412,4.263994924258441e-05,0.001415088918292895,0.0020031831227242947,0.0026624066522344947,0.006388245616108179
20260824,8,gaussian_blur:2.0,gaussian_blur,1024,0.33721333742141724,0.333393931388855,0.9950426816940308,0.03699947453340179,0.03699947454536925,0.005676601326400253,0.052325158702739294,0.005679061222316073,0.04315216546456421,0.004803485496335048,0.007438091776814487,2.8241229217665068e-05,9.217691307541699,6.517892030447029,7.598468087471262,0.8243352737636563,4.790128001841076,1.3606926644242396,1.414213562373095,0.9119896613391352,1.2291891514857434e-07,5.080267317936205e-10,5.143438799718314,6.174893961640186,2.6720487797495944,3.7147362844358276,4.099300297495387,4.680030296751973,60.24575655664037,4.946915911681631,6.3335579783034355,2.3481622953703343,3.6274866083449333,4.143294265911033,4.631801473810176,77.96689820646533,1.9468026888360228,5.717733062095887,0.31637545318379423,0.7285669798031609,0.935825276677573,1.2189063824716535,49.649912002724015,0.4509000913158689,0.12622468831731518,0.24305221899752324,0.3527921086445497,0.41888219865340237,0.528684804547189,1.0106135227585396,0.6666060875638976,0.1507526545141613,-0.4312915706411766,0.6271841720129978,0.680985717568182,0.7384119400073053,0.8782824285534011,0.004957301084163498,0.15638510034062883,-0.4540468871916296,-0.09562861660358751,0.009893278104169317,0.10196380823033052,0.588898181241245,0.7249072298541788,0.0863072265307162,0.47814221283457065,0.6743499092031531,0.732296696658854,0.7788709718273688,0.999954893819489,0.987505902662483,0.019376984718221604,0.8082072334066022,0.9846147268923686,0.995066988405932,0.998883266513206,0.9999999922895205,0.001071832047797469,0.000433861700437168,1.9133995215553442e-05,0.000793510357068276,0.0010360085969164758,0.001321318029118854,0.0030715764604658355,0.0010718320477014487,0.0004338616958727749,1.9133995010633953e-05,0.0007935103349154815,0.0010360085871070623,0.0013213179190643132,0.003071576589718461
20260824,8,gaussian_noise:0.03,gaussian_noise,1024,0.33603954315185547,0.35016870498657227,1.0054724216461182,0.07827649876304689,0.07827649879870784,0.005788511443260409,0.1106996862162139,0.005241591199242336,0.08670803790858136,0.004795452513502594,0.007104269357874394,7.151252853113318e-05,19.124033406740875,13.522733705544544,16.542312174424225,0.8650012171905829,10.105772391898,1.338119756375713,1.414213562373095,1.6752677325414123,1.1729659557332993e-07,1.0729770405504269e-09,5.15608478626617,6.1643270965145796,2.6826003895117005,3.7131910814882887,4.090441288986968,4.690617077788347,54.50374229194816,5.0030337432600405,6.289305564487805,2.554189746873543,3.5950533417723642,4.01731004320007,4.623379842404233,74.79610992685807,0.9447847408850325,2.6804257850597106,0.1349204499271126,0.33492059324528506,0.46035291979031556,0.6524523901536742,30.936365271144123,0.5699164707009358,0.26311107770241426,0.20428457764666869,0.3599100863460189,0.4822032456917499,0.7407259683457966,1.4155829385883942,0.6498313214816398,0.14424241852114925,-0.1566757349785109,0.6101199186516671,0.658617034188037,0.7168752837440433,0.8963896862766138,-0.0054724122616515315,0.15999319930339057,-0.5665165987445056,-0.10934460081071413,0.004962104097976858,0.10608510598834378,0.41567931034043387,0.7404357997323232,0.09325779438118852,0.443266883871234,0.6972014078926994,0.7524783015926206,0.7923090748193788,0.9999845196125674,0.986918187385521,0.019750927051167134,0.8240503281638547,0.9827890816606611,0.9942330537673896,0.9988019114040166,0.9999999852674756,0.002199962956205048,0.0010699929023428906,3.1565667783526454e-05,0.0014825955010708798,0.0020991584184445735,0.002881854231586452,0.007237402990570424,0.002199962954520629,0.0010699929129213874,3.15656689053867e-05,0.0014825955731794238,0.0020991582423448563,0.002881854074075818,0.007237403653562069
20260824,8,gaussian_noise:0.06,gaussian_noise,1024,0.33679819107055664,0.3659735918045044,1.030741572380066,0.04289033915563725,0.042890339248588656,0.005870006508100762,0.06065609946013714,0.0061207287229608325,0.04792958271577974,0.004797911237342872,0.007777099224100124,4.1717947249099574e-05,10.333225248801709,7.306693644955738,7.830698742778842,0.7578174823670788,5.5979181763923345,1.3052519516730505,1.4142135623730951,1.109425095571882,1.1217876969543844e-07,2.7253911349944815e-09,5.143700738888361,6.174675197508366,2.681881641595826,3.708649904901167,4.0928678948902135,4.6782009928365085,61.385920090424534,5.063129930745889,6.240959089095974,2.3196475626818467,3.6309334552993686,4.132890858060871,4.728683316808693,67.83933767125791,1.2638912259202424,2.625612092611766,0.23925411775430463,0.6154266269587614,0.8174592812479247,1.133891715444251,46.295241843338495,0.7359255738851587,0.2819842378444491,0.3046213624653342,0.5154128588314193,0.6608270677518571,0.933647328563885,1.6650204743032624,0.6340264111216005,0.1457056089886507,-0.16958293754933956,0.6025337256068062,0.6491821664245976,0.7075423406368577,0.8861180448828043,-0.030741564907103752,0.14514784117388024,-0.6294642989072406,-0.12080989262495603,-0.019735014531431186,0.07265116878222572,0.4315217511411644,0.7544783091000827,0.0870114515336602,0.46345961046576245,0.7066709444595461,0.7606329553351311,0.7980934214825431,0.9999713694699643,0.9887553202134196,0.01925911411420756,0.7770294051071788,0.9860690474358924,0.9955375726957625,0.9989365811045793,0.9999999999594976,0.0012231521927402577,0.0005483232018855876,2.081715329262093e-05,0.0008556268431508406,0.0011847397790203437,0.0015658344107318913,0.004078722799534727,0.0012231521940471168,0.0005483232059858996,2.0817151380470023e-05,0.0008556268585380167,0.0011847397545352578,0.0015658344782423228,0.004078723024576902
20260824,9,brightness:0.8,brightness,1024,0.3288872241973877,0.32807207107543945,1.0089095830917358,0.38984930723767475,0.38984930604779644,0.005840096051765414,0.5513301758945331,0.004312796850383258,0.3984823535070186,0.004322298863053532,0.006105938431906238,6.963162807169347e-05,94.40429934844487,66.75392024245014,92.39534513933975,0.9787196746019999,49.15773472723896,1.357953551233134,1.414213562373095,3.2424817890170123,1.1752715415264364e-07,3.0107649706678785e-09,4.829752046166016,6.423478212636249,2.4591876248006637,3.604133707523589,3.9655363168001205,4.343624227643251,73.09779830056267,4.820638745453611,6.4303275605358605,2.45650273763716,3.602899681271903,3.9543064096347584,4.3447121718214365,73.69647869111328,0.13370737573865027,0.1989798441676954,0.025775695245947392,0.0674814126532083,0.09703378703097486,0.1387374563272367,2.7694575164657493,0.07260115666959013,0.02328587946868745,0.03736521602243268,0.05776446281511126,0.0660465626369347,0.08056658590935079,0.24651376785634854,0.6719279197697818,0.13759000809431263,-0.1626359354926215,0.627599136891868,0.6890267350815924,0.7525556441967026,0.8733926214884082,-0.008909585198352474,0.13835244195467844,-0.472984794776599,-0.10543732850352437,-0.00831726454280931,0.08986519410167228,0.35604243155000337,0.7219083674482103,0.09196148833004059,0.4870167643209073,0.658528663516462,0.7247359225954857,0.7785365244280538,0.9999669157318383,0.9902591833777605,0.0135957389018952,0.8810705896295362,0.9871978571589372,0.995162134067668,0.9987876455983086,0.9999999932843163,0.010911284059457784,0.005421529044155964,0.0003516823852644196,0.006950610862016926,0.010006390446155075,0.014409998940454475,0.03786634413487013,0.0109112840472676,0.005421529010690683,0.0003516823926474899,0.006950610899366438,0.01000639097765088,0.014409999595955014,0.037866342812776566
20260824,9,brightness:0.6,brightness,1024,0.32864129543304443,0.32822608947753906,1.001825213432312,0.3738415048984268,0.3738415038176623,0.0058321876465509785,0.5286917248768912,0.004312725665579522,0.39706794800242545,0.0042966904197877034,0.006087787055247889,7.2194726713617e-05,90.65067122618171,64.09970434314533,92.06890926809496,1.0156450914563513,47.28589250922987,1.3555777615753108,1.4142135623730951,3.1898866806559236,1.2003250976930965e-07,3.3374170094191413e-10,4.847056210880155,6.410418640861571,2.4651978649271693,3.6188473373346413,3.9605185600291772,4.335697118366656,70.8632988937281,4.824629362575301,6.4273303224987774,2.4555173627477953,3.6001215264762574,3.9506948275634666,4.3365633381647655,73.79815128220329,0.1920047161473504,0.5437255750674954,0.029106788890966892,0.07117362308671718,0.09776333365771483,0.14466606264599258,5.755459106266811,0.12130122479364686,0.03390805998455108,0.06645603263661164,0.10111315051867012,0.11497184853447782,0.13277291995289603,0.48689243532055104,0.6717739320485017,0.13730652828242795,-0.17205967491039204,0.6284148252224413,0.6896347376233702,0.7515734814468111,0.868973596727024,-0.0018252222390891075,0.14629603214280965,-0.49340008204513836,-0.10582048694238884,0.0038573258050800772,0.09769782882628324,0.4279854300799236,0.7222142568346439,0.09110315696220685,0.4948584526824812,0.6596492780632804,0.7241573756781479,0.7778783692280462,0.9999710288381087,0.9891380941764856,0.014868994736785244,0.8698024827728711,0.9853154003071275,0.9949079688313955,0.9989640639133597,0.9999999901098956,0.01042758155206849,0.005270158597545708,0.00016854494375589604,0.006710836523981941,0.009868793091393616,0.013582932241571154,0.033460002252900564,0.010427581526030849,0.005270158537857769,0.00016854492423590273,0.006710836314596236,0.009868794120848179,0.013582931831479073,0.03346000239253044
20260824,9,contrast:0.75,contrast,1024,0.3287912607192993,0.3281666040420532,1.0293718576431274,0.2102758050540527,0.21027580574432816,0.005850154953428066,0.29737489632255926,0.004350785165673064,0.22635506643848596,0.004311777756915389,0.006125419086305124,4.12514140890226e-05,50.83196918541515,35.943630112072675,52.026256829316225,1.0234948136584043,26.52997732418285,1.3548307838249414,1.4142135623730951,2.6048021005531643,1.1728820407556256e-07,3.869728870675715e-09,4.827953902230002,6.424832265607115,2.464757499323263,3.6099470704168883,3.9635422571487187,4.33474785008246,72.4785014963298,4.823372018216411,6.428275977830134,2.4328030280321182,3.603572844795415,3.940685846910694,4.32283649988017,71.13420642658045,0.2604193660999883,0.36344516983844377,0.04299154246220925,0.12774112939659196,0.1700608621417733,0.2565459763554842,4.431153618087504,0.09137045298117537,0.024254240535059805,0.0488274187413838,0.07466092579277676,0.08762711849025928,0.10085202241775959,0.3265073613023156,0.6718334015143372,0.13942443117279896,-0.17055371762604074,0.626498833308802,0.6883149515874546,0.7531078832131047,0.8847490994335288,-0.029371798891543517,0.1521165908087149,-0.5345878321507082,-0.12823693228374178,-0.024036775215545307,0.0730763388449143,0.3841245698272799,0.7214132294752758,0.09376155764240163,0.4660676249768481,0.657897034537994,0.725411966920095,0.7794223575190455,0.9999122262781845,0.9877770143463707,0.01781339849087001,0.8451129212811778,0.9843996305217317,0.9944767504373339,0.9989022643158172,0.9999999998503666,0.005856620823051549,0.002981321216255564,0.0002199648404720871,0.0037488550007566514,0.0056623981983751235,0.00756698351933999,0.02267374704119592,0.0058566208306558565,0.0029813212061520515,0.00021996480063535273,0.003748855262529105,0.005662398645654321,0.007566983695141971,0.022673746570944786
20260824,9,contrast:0.5,contrast,1024,0.32855260372161865,0.33014702796936035,1.0227434635162354,0.1288910651123076,0.12889106499154146,0.005896621631361006,0.18227949217974995,0.004365844972092404,0.14567562231599762,0.004291036750054246,0.006121568321162529,4.741586313771985e-05,30.912529847650713,21.85845947890537,33.36710837127599,1.079404000116536,16.19274322404163,1.3498923086737467,1.414213562373095,2.0615557474843316,1.1534352802424363e-07,2.541686638934948e-09,4.818602788063593,6.431854711288844,2.4662731740973536,3.6211684079849644,3.953552992404151,4.342335422473469,74.11826344050662,4.803134122067224,6.443427818459766,2.427090692665044,3.5782830427225196,3.919337580859496,4.286704305195352,68.61708643347681,0.5581302059686348,1.1991247696959804,0.08250306820619181,0.2044778181224569,0.28633577404436306,0.4810248253381516,12.744317118214878,0.17128526297496788,0.04404866868204854,0.08425009702247749,0.1418412144957314,0.1640837409683341,0.19411766241100453,0.541859714266271,0.669852996793908,0.1411290032655668,-0.1833986657052586,0.6269392895163469,0.6899260594212382,0.7524783606286491,0.871221949000438,-0.02274340738979659,0.16338287456427927,-0.556739471784509,-0.1320799210139702,-0.02746337323922754,0.08383170316480168,0.4640599741083287,0.7229862262924112,0.093265367934624,0.49088931092444654,0.6586169473345991,0.7238798320752466,0.7790680955357921,0.9998570190621479,0.9860917133989541,0.020938073863769942,0.8306871616662351,0.9836138636444566,0.9939228998048393,0.9986521283689145,0.999999977204885,0.0035234898441739654,0.0019525070850887369,7.336346543168653e-05,0.001996148369298684,0.003374804862801915,0.004715788029199849,0.011810098963346744,0.0035234898428981865,0.0019525070837219203,7.336346607189626e-05,0.0019961483194492757,0.003374805091880262,0.0047157881781458855,0.011810097843408585
20260824,9,gaussian_blur:1.0,gaussian_blur,1024,0.32892268896102905,0.32640790939331055,1.00017511844635,0.07597522123146641,0.07597522152571261,0.005859198902889625,0.10744518868596308,0.00430092343416779,0.0810305809215672,0.004313353331615992,0.006091219857297587,2.575780130219891e-05,18.337863326840385,12.966827510880938,18.840275155292613,1.0273975118855243,9.540062632196031,1.3591973105049262,1.414213562373095,1.5750032304488224,1.163192206448617e-07,3.0193617606144585e-09,4.830536132838853,6.422888468730309,2.4632419434395443,3.619938034059529,3.954098955412479,4.351709687065989,73.2675526194803,4.801453872776407,6.444679363669969,2.4150059646141866,3.5631676833332397,3.9190268034583338,4.3434610979760055,71.18066744924647,0.6994348663104633,0.966443436283675,0.13497287176566355,0.3573323966727604,0.507097860278899,0.7620799072257896,11.636928459507033,0.34084987104429504,0.09540846051127085,0.16244574583390073,0.26800588015949445,0.3261740357700982,0.39642787974821825,0.8535369488425677,0.6735920969822113,0.13956061667559047,-0.1859579753454696,0.6368378931536139,0.6913796645063257,0.7507341813967259,0.8657754435121112,-0.00017514636424130936,0.15026168680800986,-0.4848194081529865,-0.0973767603088749,5.692353796177968e-06,0.10014002612148365,0.4588599447666639,0.7201090324683863,0.09092082286815494,0.5004326941871473,0.6606044057357991,0.7224915055886905,0.7709975703506811,0.9997919296150959,0.9885303011860964,0.015859806607278173,0.8746142815425482,0.9848456744217307,0.9951578160964136,0.9988638345727489,0.9999998336375685,0.0020955345929653856,0.001116646742061827,8.342705031646517e-05,0.0012631359567793926,0.0019006900084454397,0.002704712452706633,0.00723295647900331,0.002095534600321969,0.001116646745599597,8.342705405084416e-05,0.0012631359277293086,0.001900689967442304,0.002704712504055351,0.007232956122606993
20260824,9,gaussian_blur:2.0,gaussian_blur,1024,0.32861554622650146,0.3190094232559204,0.972038745880127,0.036570955643941624,0.03657095572057785,0.0058177956076452125,0.05171914156898712,0.004724897138518399,0.03783302677213576,0.004306834299994243,0.006393236633911359,2.9707518302618007e-05,8.889817562690338,6.286050282089604,8.007164106010396,0.9007118593316978,4.578902901599516,1.3728289095613246,1.414213562373095,0.8580123296566209,1.1996970134620323e-07,7.47616413221408e-10,4.833683153334799,6.420517894181806,2.468117228908468,3.603840000733598,3.9577603126459024,4.352539966417906,72.69499255438085,4.821615669084004,6.429582088130368,2.4374867412643018,3.5069312897655553,3.9089291621979543,4.471847380347069,66.23882453798048,1.2891253148202595,1.6717072382388105,0.2613539258740493,0.7508507705427424,0.9736127917504949,1.3609817014119123,23.40426099768512,0.6510665456535811,0.15806976499533942,0.27981325706623505,0.5384350935463351,0.6491200803676578,0.7485288413091203,1.3163592016944787,0.6809905595529672,0.13697778363294186,-0.22942589313103132,0.6511827815342639,0.7070867819591832,0.7492891834596438,0.8512790726995643,0.027961263439459302,0.15670935744810213,-0.502962059013564,-0.0716568804862566,0.02397296201548236,0.1320077621264148,0.5184854778385355,0.7146992910795904,0.08196799595029126,0.5247131982176265,0.6622429435729176,0.7071267796249097,0.7589209178530298,0.9988536475930397,0.9870732136270869,0.01926553101568055,0.8550864338010196,0.9836804481559798,0.9944187677744443,0.9987414663956765,0.9999999682423575,0.001043543397304409,0.00046617386379395944,4.0695281653094947e-05,0.0007075840306424533,0.0009946539827200042,0.0012805020387013073,0.0037341321421911385,0.001043543398679958,0.00046617386166092264,4.069528222316876e-05,0.0007075840403558686,0.0009946540230885148,0.0012805021542590111,0.0037341320421546698
20260824,9,gaussian_noise:0.03,gaussian_noise,1024,0.3289123773574829,0.3355295658111572,0.9979075789451599,0.07489541531981345,0.07489541517897877,0.005894642840475101,0.10591811190567554,0.004698699751968465,0.07473167894403569,0.004294941711518297,0.006365870220518812,2.5632062834675263e-05,17.96853766582721,12.705674831512317,15.904757249647147,0.8851447761325071,9.491787421847917,1.3385966500287094,1.4142135623730951,1.6122315634477509,1.1667786872728633e-07,1.1143006517499998e-09,4.829338472390816,6.423790594837889,2.4612743926602003,3.603807592896963,3.9617204048702543,4.335384171074922,72.97994404509531,4.837201704457737,6.417857545370566,2.578519774480453,3.5590013595846233,3.995279473952298,4.427918379718666,69.99187063804202,0.7176446239298322,1.5666994031708046,0.17548286537496363,0.35472580550056254,0.46867098170319677,0.6425052361981127,21.848318436609325,0.5145568054057348,0.25136299923082744,0.2011311132511271,0.3060665329595578,0.4237753769898169,0.6937686075910481,1.360862862950963,0.6644704089898004,0.13726460923097475,-0.15578539758116297,0.6210139264680783,0.6796148560191104,0.7404660877261662,0.8847700148184638,0.0020924261156954303,0.16486449570105927,-0.5824082228186217,-0.10004053107653149,-6.694134021869701e-05,0.10495655778688778,0.561810302512846,0.7290314781693326,0.09042672052526589,0.46602791856082537,0.6720936011350607,0.7335691123614578,0.7837995236020305,0.9995749884205202,0.9860526091714763,0.023294740750465573,0.8128964644979426,0.9836721849170834,0.9948065533083759,0.9989315964406471,0.9999999985923564,0.002150798547526816,0.0009234463152984898,4.467180977756693e-05,0.0014966029317939177,0.0020683527404468964,0.0027300099307084945,0.00551550813390534,0.002150798540888843,0.0009234463147560263,4.467181133804843e-05,0.0014966027811169624,0.0020683528855443,0.002730010251980275,0.0055155083537101746
20260824,9,gaussian_noise:0.06,gaussian_noise,1024,0.32882964611053467,0.335898756980896,0.9932982325553894,0.0510858587314232,0.0510858588734249,0.005993750719489812,0.07224631446427542,0.004982912974244846,0.051118040089504324,0.004313412667418389,0.006590519747967002,2.911535833762724e-05,12.053606805727318,8.523187110086106,10.258666036055184,0.8510868324641832,6.333945519268782,1.3456363126698996,1.4142135623730951,1.2024827603826251,1.1649963938397534e-07,1.9810935114605854e-09,4.831269250918652,6.4223361795943585,2.456844893380529,3.606380375578418,3.9530230800131454,4.35650614746585,72.92048915721686,4.765938165265035,6.47100565344261,2.401072151663096,3.491306468156186,3.9437310592748824,4.447754362862889,81.02495233377218,1.0604463025327737,2.143039527163355,0.24644338123683357,0.517571517507517,0.6810476301752773,0.9831054195572781,32.89529727157334,0.6587082626897094,0.24094336138414846,0.29727629536001804,0.45636243587308,0.585078065650561,0.8736515930528628,1.3754928880748876,0.6641012351720031,0.14664922505873967,-0.24053720954791316,0.6200990826882465,0.6841536708309891,0.7516902210066736,0.884108606930319,0.006701745844914191,0.13616730712083228,-0.39236751619455845,-0.08692518531273785,0.010362585858655845,0.10486009041266692,0.41703766669594255,0.7276710769243697,0.08937091221283945,0.4672814688725958,0.6595163171327789,0.7293378862701101,0.7845234870723383,0.9999690394774554,0.990593202201513,0.012526732845348268,0.9088892036749057,0.9869869516258074,0.9955859164369063,0.9990479537147395,0.9999999999999755,0.001459189220561521,0.0006479007265670699,2.910111151503928e-05,0.0009839694354699957,0.001421946087245046,0.001866694753091671,0.003962529647697092,0.0014591892253399408,0.000647900730583316,2.9101109248586e-05,0.0009839694830588996,0.0014219459844753146,0.0018666947435121983,0.003962529357522726
20260824,10,brightness:0.8,brightness,1024,0.3403722047805786,0.33998191356658936,0.9777289628982544,0.34872582857254936,0.348725828137194,0.0058306876159728415,0.4931727957014088,0.004759392405843854,0.38711270525925456,0.0048133641422483065,0.006769068653713442,0.0001060432411878099,84.58227025409312,59.808696864822444,81.33658085934152,0.9616268352102487,44.56557325942906,1.3420380991426286,1.414213562373095,3.1561986426954056,1.1665494774283499e-07,6.010217656893246e-09,4.890372635878927,6.377390461590007,2.5711614062006944,3.621512257831044,4.04011632796114,4.532152072472436,72.69015728178158,4.893395256688729,6.375070247928599,2.5856634646136465,3.6170887478987215,4.044400691548857,4.54438727302035,66.00066079404247,0.23814967612484345,0.8337211732325298,0.030904397791548667,0.074911704263077,0.10450538486940347,0.15709365821376253,7.654065049759822,0.0697657149568674,0.02065550636975477,0.038768820882631984,0.056970249499910405,0.06572045579926727,0.07801201318119227,0.33489497007869884,0.6600180859169484,0.1313885748157013,-0.15084745804180644,0.6022001681475637,0.6757072045554346,0.7398527031049096,0.9036611836707399,0.022271052685666926,0.14550963363286515,-0.44420976497250864,-0.0729639459462291,0.02255232099688227,0.12424375358762708,0.4935190210835797,0.7342832992706141,0.08925156907785517,0.42824813499511866,0.6727687541853453,0.7371701076540748,0.7983451349521643,0.9999598157709257,0.988995260482253,0.01549944800344451,0.8697350032215015,0.9853171419343774,0.9952598583151389,0.9989370782309129,0.9999999980364614,0.009791835855506262,0.004785581646705781,0.0001270737269824224,0.006145075061435941,0.009257773021089063,0.012972400908601698,0.03144852757872607,0.009791835855082809,0.004785581665670258,0.00012707372661679983,0.006145075778476894,0.00925777293741703,0.012972400989383459,0.03144852817058563
20260824,10,brightness:0.6,brightness,1024,0.3403879404067993,0.3388546109199524,1.0173430442810059,0.2615905859779152,0.26159058619720627,0.005822703012139837,0.36994495478921724,0.0047211217090601925,0.28441717529885174,0.004835825002881175,0.006758268539370876,0.00011248420493750402,63.53491737736129,44.92597091965918,60.24355922725599,0.9481960741279241,33.436279090526845,1.3436294952978294,1.414213562373095,2.8676933895744883,1.1527953826899043e-07,2.684799715879649e-09,4.9016194690825605,6.368740604511964,2.6096926173786166,3.625806738667234,4.060504244467716,4.543178425910253,66.79880996106732,4.889676608120712,6.377926386512103,2.5872024992030442,3.6210496612450753,4.01930772069441,4.511236125038779,66.34482143025976,0.17805933333665244,0.207283913653401,0.04947076388231404,0.10271781323194953,0.13513672790408188,0.1898693873065872,2.8147081529198594,0.11534870211196643,0.033916459967498244,0.060815461160829476,0.09333971570265939,0.10786152573351801,0.12977223924560718,0.4316413776159739,0.6611453511473799,0.13167643931611941,-0.1528324641861207,0.6042763285345508,0.6755000355079561,0.7413514245164757,0.9027626737615886,-0.017343038113118974,0.15046182066340663,-0.46744964161956876,-0.11756280071962139,-0.017454191484460653,0.0893608666110187,0.46608910493306943,0.7332322761838721,0.08912496028120222,0.430138994817754,0.6711169910801764,0.7373598969523294,0.7967748228195473,0.9999989321389453,0.988343094302944,0.016147764484802218,0.8840197014488629,0.9846697674184283,0.9942706599727451,0.998736579347933,0.9999999995627168,0.007480919298361878,0.003297313909990374,0.00033919502713588694,0.005079582376489675,0.007177922155534274,0.009412239506329833,0.01959544153053827,0.007480919316407153,0.003297313920400255,0.00033919504494406283,0.00507958244998008,0.0071779226418584585,0.009412239771336317,0.019595440477132797
20260824,10,contrast:0.75,contrast,1024,0.3391348123550415,0.3375895619392395,1.0177642107009888,0.229243086994109,0.22924308667796855,0.0058186262700302424,0.3241986822602541,0.004871638957859007,0.2626453692302267,0.004756628237564534,0.006808698724875838,4.724270177329619e-05,55.71739225289152,39.3981458920504,53.91314329780595,0.9676178499722959,29.309624990687805,1.3442050484171153,1.414213562373095,2.735539573524569,1.186729608560057e-07,3.1360380958744827e-10,4.889986301590213,6.377687892676585,2.617665672873681,3.6213229881033944,4.04119067040258,4.526999795774426,67.24855484902349,4.877119076163666,6.38754207096596,2.62235744501642,3.6048729464864486,4.037242916513968,4.526430984702154,68.49659295889273,0.2222469155664133,0.29215634419159114,0.045185622180330995,0.11551624761691195,0.16148030534915697,0.23726116174380835,5.938989455178254,0.0979673490745776,0.031617596724360146,0.05237624406964443,0.07510171007427394,0.08823553351417443,0.11118035502725941,0.36662109165051576,0.6624104362180037,0.13151157835969599,-0.1668085343532226,0.6047087253212029,0.678663522393725,0.7396524130789492,0.9109985348445757,-0.017764224377982182,0.15484246507974742,-0.4724392474108915,-0.12290675931475754,-0.01500525336896592,0.08130935372292507,0.5184644519491652,0.7320361012494832,0.08980551852766434,0.4124095894993673,0.6729890827655604,0.7344493310744349,0.7964467057670457,0.9998805371180616,0.9876339070941039,0.017641629121673802,0.8550991825893951,0.982784701479687,0.9949113032802779,0.9989052468404226,0.9999997218541743,0.0063937846089489716,0.0032327109502580916,0.0001635774897275832,0.004065602825789213,0.0059628837791726366,0.008341806782193109,0.021610733253688025,0.006393784600462027,0.0032327109524662337,0.00016357749700546265,0.004065602901391685,0.0059628840535879135,0.008341807872056961,0.02161073498427868
20260824,10,contrast:0.5,contrast,1024,0.3392747640609741,0.33422529697418213,1.0159178972244263,0.12272407985949979,0.12272407986700036,0.005825054011830916,0.1735580581776708,0.004965139907878277,0.1332476286657629,0.004777599912259508,0.006890433602207307,5.422034068286118e-05,29.7950985218622,21.06831621093004,26.83663122046903,0.9007062420276144,15.623855639017108,1.3484709976106308,1.414213562373095,2.103254007339324,1.178382434327818e-07,5.154734417089912e-10,4.8912434296595215,6.376721802383943,2.585839339035951,3.6285678137966912,4.048036672182445,4.541904811565816,72.30887685312447,4.840748108220646,6.41517449927601,2.5753388416682736,3.5735985500685707,4.050908928028271,4.525069001398907,75.33389434729001,0.4559758023106862,0.698525518958014,0.07467685792720023,0.21467123738789512,0.3126780515329981,0.4727948432070489,14.566277784955002,0.18777976344553207,0.04608758389259628,0.09800577657911605,0.1548556448562,0.18256768433428083,0.21576602276000656,0.495070977469232,0.6657746897745485,0.13065574895846788,-0.16510849162439678,0.6088420229192414,0.6846617689134842,0.7388197871235997,0.9116757930721862,-0.015917905579442438,0.1604560074491616,-0.4876643655363935,-0.1343422366403755,-0.022114775342211686,0.09232228139975902,0.4395021102953798,0.7291473656719872,0.08967597771969184,0.41091026797367863,0.673903047142457,0.7288609332105405,0.7932914849297807,0.9999126132587782,0.9867814332582208,0.016979905696160282,0.8730311945091006,0.9818808045595617,0.993344734126197,0.9984299534180333,0.9999999922801966,0.0033707963351606663,0.001830083518072694,6.6218645043019e-05,0.0020196672207708306,0.0031060003845844804,0.0045046651681472805,0.013073769528650123,0.003370796340178117,0.001830083519062329,6.621865031775087e-05,0.0020196670666337013,0.003106000367552042,0.004504664801061153,0.013073769398033619
20260824,10,gaussian_blur:1.0,gaussian_blur,1024,0.339931845664978,0.34793198108673096,0.9934266805648804,0.07036338321176656,0.0703633832161214,0.005992143465220888,0.09950885083869429,0.0049631650882669635,0.07805222414685745,0.004716972638350117,0.006847104392685691,2.3603534760924975e-05,16.606553467261836,11.742606568837816,15.726300205361836,0.9469936213052678,8.863437606996985,1.3248366045423356,1.4142135623730951,1.5540719563406198,1.1699595988720602e-07,1.2764553858346517e-09,4.886897714972575,6.380059402170972,2.610287210587537,3.6168760066175136,4.03995341132905,4.503564332180043,67.09457774989069,4.8085479769292085,6.439373879540602,2.428727978641526,3.5894685026596798,4.01376745008713,4.432387671003089,77.86553379664568,0.859610750870976,1.9334971153564868,0.1389588668312241,0.3994541307012086,0.5175578205320185,0.7370157309998211,18.867075792789116,0.31001150686219725,0.10525022490595355,0.13663998790912793,0.24688074138893015,0.2899958749097003,0.3524654400159507,1.1704857516090639,0.6520679743013543,0.13203272155533474,-0.14812887810868716,0.5899194160110673,0.6739867812484382,0.7330652276631042,0.8709120090667549,0.006573344285931035,0.1428836349768316,-0.4314713861082772,-0.079117853214763,0.013462490686204252,0.10262753085532365,0.4189193247758146,0.7413677485923448,0.08816571753197963,0.49143898142425435,0.6801583415759404,0.7387434048442023,0.8074620266314173,0.9999891831886619,0.9896088434554292,0.01534803688290196,0.9021266224703726,0.9860647592735654,0.9958456057650915,0.9990047305232952,0.9999999557970254,0.001976067730288564,0.0009649000141301864,5.025897291324511e-05,0.0013079589344446836,0.0018658501308568094,0.002428581711583467,0.007010525470335521,0.001976067729867026,0.0009649000152013494,5.0258975534234196e-05,0.0013079589407425374,0.0018658500630408525,0.0024285814724862576,0.0070105260238051414
20260824,10,gaussian_blur:2.0,gaussian_blur,1024,0.33963972330093384,0.3337336778640747,0.9861368536949158,0.03700132865198257,0.037001328624255314,0.005849660023844692,0.05232778076624568,0.005570418799012497,0.040869293736448854,0.004767637527416107,0.007332116555894226,2.470261122762673e-05,8.945439658534758,6.325381043245001,7.336843998819982,0.820177015203492,4.717563651780111,1.3408151992473578,1.4142135623730951,0.9114411139471521,1.1813384348233787e-07,7.080429575978542e-10,4.892780469808111,6.375542521596194,2.5940856844050852,3.618007862406929,4.038398814934589,4.51647392941874,69.48034550430563,4.815012672923965,6.434511318949563,2.1673320503184166,3.574485641418919,4.070618620870384,4.58557741305895,85.09928591178482,1.4393431983416831,2.8632556553948976,0.33204241780115523,0.7589250689979493,0.9684923078152985,1.3036625006023588,38.09960826839054,0.5248220370662598,0.12726009649149417,0.27810730724661364,0.4414752913832853,0.5092295683958203,0.589364299470615,1.314881496455217,0.6662663625250225,0.13266229240079078,-0.18978428695298682,0.6159109730260754,0.6850876683802933,0.7437875676399623,0.8910822691487669,0.013863172885597852,0.1553192260379339,-0.47691114340554497,-0.0941177654617471,0.016285066111794356,0.12384789646345155,0.45287945834180093,0.7285128277332482,0.08822526984470512,0.4538418112169531,0.6684160735138561,0.7284603457100108,0.787815735932607,0.9999640849850353,0.9876472346819631,0.016140115788228486,0.8789515124826942,0.9823929289123375,0.9942488364918344,0.9987498167237634,0.9999999936639146,0.0010547013559152093,0.0004741673702948949,2.4774605198406065e-05,0.0007371318866570887,0.0009986401739999348,0.0012695892135417362,0.002939681285358512,0.0010547013560433527,0.0004741673734925039,2.477460657246411e-05,0.0007371319079538807,0.000998640083707869,0.001269589236471802,0.002939681289717555
20260824,10,gaussian_noise:0.03,gaussian_noise,1024,0.3407769799232483,0.35005319118499756,1.0233774185180664,0.06637257342961983,0.06637257361480543,0.005931273482572578,0.09386499377566448,0.005341965675841096,0.07497624599320461,0.004813948801943968,0.007191015251659684,4.7557425002821536e-05,15.825436822540901,11.19027369245796,14.035329042319155,0.8868841473195853,8.467927478796584,1.3214890719028138,1.414213562373095,1.5109530132445632,1.1507675363907931e-07,6.037629618482754e-09,4.899418735408686,6.370436786826166,2.60394805601266,3.6342550465172163,4.029406470480436,4.5232508413146455,68.79306445850187,4.823774313390487,6.427951871988974,2.3463695121480526,3.5824154550537965,4.066137393579585,4.567189624644808,82.11713753616263,0.8912289090921132,2.446948752354103,0.1689054675138109,0.39812786345964996,0.5378325838868008,0.7711282526085759,41.91512964690546,0.5959537188010513,0.25364233403381886,0.18215430131126836,0.3907800940256728,0.5313855148549228,0.8069119580311944,1.3457931436345705,0.6499467946744506,0.13284543340670787,-0.23682917546136495,0.5993779078955668,0.6633720162891545,0.721232610660727,0.8612814474954749,-0.02337742522043467,0.16946232821738466,-0.6179904274697295,-0.1278496215512831,-0.019152008762587915,0.09289562386843331,0.4772346641850538,0.7435676864232809,0.0839789979018605,0.5081282005558241,0.6926929487948166,0.7482897581273811,0.8004661524551597,0.9998218513615171,0.9849857240470934,0.023827244376682665,0.78618562156515,0.9818529607228338,0.9939183727695371,0.9986884836605481,0.999999840511529,0.001883410377402959,0.0008692364838615282,2.3066916772779665e-05,0.001239335978605087,0.0017953191950311636,0.002416030930690963,0.005761929567679777,0.0018834103842078065,0.0008692364857699524,2.3066917492542416e-05,0.0012393359502311796,0.0017953190836124122,0.0024160307366400957,0.005761930253356695
20260824,10,gaussian_noise:0.06,gaussian_noise,1024,0.3408771753311157,0.35389071702957153,1.01219642162323,0.04043091559628836,0.040430915637087096,0.006264016962925145,0.05717794923313101,0.00557575138198981,0.04315221508382863,0.004869119020854409,0.007402521429418997,3.0471707470044333e-05,9.128000382430365,6.454470969089909,7.739264563196676,0.8478597983073339,4.951887572869385,1.3034364897616793,1.414213562373095,0.9881910111141836,1.1456277510736196e-07,2.078335614719151e-09,4.896886850250264,6.3723836545259545,2.6011230408516446,3.6236163209889938,4.035779331626479,4.551368438273274,70.70017150812019,4.541200549353536,6.6308076962388816,2.4274819671918397,3.4315849713708486,3.8969193701207283,4.350591820820576,90.6314990955507,1.5594110286940093,4.733083659064939,0.3286954978273471,0.6555385948384607,0.8520205597723316,1.1569288706939527,62.33406235659357,0.7701288813178508,0.24360956963659325,0.2715093814706118,0.5780486255596358,0.7523684412539797,0.9595199504408688,1.4209899700027102,0.6461092644875961,0.12615161261517252,-0.2498418766897167,0.593360507716923,0.6542511420514321,0.7171420382813907,0.8519568876316146,-0.012196400825216768,0.1749617869882978,-0.6282748296501564,-0.11221939743695196,0.000763566891443003,0.0997245238888782,0.4718578097081947,0.7483650177310848,0.08124269895612163,0.5236119380008946,0.6969270375041151,0.7562772726733812,0.8049367998531266,0.9967733218867949,0.9840975493319792,0.028676323414883156,0.7779914770921769,0.9819171642247567,0.9943804493577174,0.9986051465727683,0.9999998188643411,0.0011594925876224351,0.0005021651281972014,1.5502315517392132e-05,0.0008247285506060506,0.0011337254053549808,0.0014797919988101644,0.00296784684448417,0.0011594925891298402,0.0005021651311858227,1.550231536384672e-05,0.0008247285441029817,0.0011337253963574767,0.0014797919429838657,0.0029678470455110073
20260824,11,brightness:0.8,brightness,1024,0.3648828864097595,0.36426103115081787,1.0146509408950806,0.27909786658749786,0.2790978666417735,0.006054788402008084,0.3947039882341935,0.005376053230021113,0.3181775976946436,0.005488303874463472,0.007682670613170344,8.795306699789019e-05,65.18873361508209,46.09539559618798,59.184234991920654,0.9078905465687367,34.83397984570536,1.323288228981505,1.4142135623730951,2.923900030891285,1.1422523924612101e-07,2.1214070500263915e-09,4.879009504609792,6.386084866815998,2.182337430171464,3.4701129563199262,4.007025084384712,4.674194284766692,73.25148218764517,4.872323946562734,6.391196159992419,2.2795891166569247,3.4615376080688947,4.014344608079535,4.6512815546761725,71.37447431849638,0.17902519802764688,0.2904314956665682,0.047026475207079026,0.09538029060971505,0.123887103027409,0.16982823512029743,2.868893236517456,0.06088480774756912,0.01686976015524188,0.03650569485746522,0.05212680866566372,0.058202632601036045,0.06568190499952095,0.3962120387457823,0.6357389707591683,0.1310541104614841,-0.15827058582143883,0.5775778565195586,0.6401274757814894,0.7102721841577166,0.8876826438183866,-0.014650901087091437,0.14402450346557566,-0.40481884867973644,-0.10984345150964878,-0.016432131763918216,0.0832410767434536,0.4090542502802601,0.7551665957406589,0.09170157355109014,0.46045577840179114,0.7039269705053155,0.7682686832207917,0.8163356017900679,0.9996202544056153,0.989372352939766,0.014321240183228674,0.9125100658774425,0.985596774804489,0.9952031537348388,0.9987987697816931,0.9999998244961846,0.00803511046128367,0.0033938457045564136,0.0003342813455874232,0.005710323227760862,0.007827788735624383,0.01015363540946068,0.0207646761409921,0.008035110468284756,0.0033938456755257256,0.0003342813579365611,0.0057103229919448495,0.007827788591384888,0.010153634706512094,0.020764676854014397
20260824,11,brightness:0.6,brightness,1024,0.3643491268157959,0.3622246980667114,0.9919251203536987,0.24968229239858794,0.2496822919547489,0.0060389214604350564,0.3531040835668046,0.005371988385565069,0.277661563166414,0.005571498098714557,0.007739499355812746,0.00015344577264538159,58.47138199763344,41.34551071587562,51.68692544319552,0.8839696220159031,31.113432071850898,1.3288637127962275,1.4142135623730951,2.8067418092933636,1.1446104924826823e-07,3.5060003789055827e-09,4.851277653415243,6.407195373478482,2.1787058918101727,3.4641246888304016,3.982874371976746,4.6850530849451975,77.78413126956998,4.857207458847727,6.4027007849819375,2.210440600901039,3.4641903289857146,3.9991700760472666,4.662657737235477,75.6813204756376,0.21270792014096954,0.4191650409768591,0.039079145846219514,0.1097570139205575,0.1429943203438456,0.19410461020500272,5.299549766176766,0.11735437118311338,0.030635492339027768,0.0657942351805815,0.10159254558002936,0.1140060232502655,0.1272724278636493,0.6534122267975943,0.6377752891200477,0.1312137041045883,-0.16096670721892903,0.5789910845338916,0.6416243325822089,0.7156961599934565,0.8851271928674368,0.00807488368977027,0.13494000914365079,-0.46636652893996766,-0.08653396998307179,0.008661010544679073,0.09716114217559789,0.4108813799135044,0.7532955548921831,0.09271817572849626,0.46534917260763586,0.6984116647009064,0.7670190292833671,0.8153338521589808,0.9996551387288347,0.9907493517653818,0.012635272362224581,0.884591578461205,0.9873614456140376,0.9957057090475792,0.9990030339267395,0.9999999662129144,0.007104333953539887,0.0032278069618282943,0.00018159610565378437,0.004965642454247274,0.006745829419878143,0.00882950032014268,0.024978402572056174,0.0071043339457474985,0.0032278069067051595,0.00018159608589485288,0.00496564235072583,0.006745829246938229,0.008829500060528517,0.0249783992767334
20260824,11,contrast:0.75,contrast,1024,0.36467015743255615,0.36265838146209717,1.0022116899490356,0.20963230462828145,0.20963230514905998,0.006080013432009083,0.2964648490533358,0.005392657352648086,0.23539020470832184,0.005380306416658742,0.007617640741083075,0.00010664941074254111,48.760558240308335,34.47892138616361,43.6501318951282,0.8951934405673896,26.15630999971413,1.3181875157719014,1.414213562373095,2.6412591723744905,1.11952049351049e-07,2.490817330169648e-09,4.874071854935691,6.389861718535886,2.2826843029536694,3.4702448894559508,4.012223936520881,4.635927721265743,71.09629752558524,4.832994230584717,6.421018653977413,2.224973930291629,3.458544428737177,3.968762385297608,4.591998961095767,74.69770919524635,0.29426180587818784,0.5684757126703524,0.044650242316376064,0.1311563645706957,0.1808621897287872,0.27549618153005195,5.287208307598414,0.08394350206100129,0.02486149662475176,0.05230147203448052,0.06920650318360606,0.07815856484601152,0.09179487841970536,0.47381254760232433,0.637341657036339,0.1295080161414081,-0.16271547159508426,0.5787650155430178,0.6415213698275215,0.7136026858842556,0.8824127198713149,-0.0022116888236937866,0.1607311740167499,-0.5598948602583952,-0.10960844532974273,0.006183090577270251,0.11358457758136292,0.4981319285288013,0.7542702243671953,0.09013338693151611,0.470476133092114,0.7005506434176318,0.7671048944411503,0.8154943559372207,0.9995615597773567,0.9867953096200235,0.02052450827419527,0.8285636640936122,0.9845361922476055,0.9939384594822144,0.9984968290564693,0.999999972859462,0.005772208800460812,0.003099469768481177,0.00018099265136616388,0.0035038366936239887,0.005328811868826258,0.007378408570067186,0.02170149936753287,0.0057722088020284446,0.0030994697752631866,0.0001809926616260782,0.0035038365167565644,0.005328812170773745,0.007378407986834645,0.021701499819755554
20260824,11,contrast:0.5,contrast,1024,0.3654308319091797,0.3599321246147156,1.0171513557434082,0.11417019453921165,0.1141701950114216,0.006057591755877439,0.1614610382039335,0.005652128266630789,0.12755851377442207,0.005470677481036437,0.007866057846467057,6.489975054437154e-05,26.65432810774584,18.84745615295828,22.568227003535288,0.8467002774298739,14.251241642120418,1.3225132616786535,1.4142135623730951,2.0307365329848555,1.1561440896197209e-07,4.555890997792744e-09,4.870304264412127,6.392733478126862,2.2090432553712485,3.4729728612230093,3.9984873122207603,4.673178304570034,74.23795961380249,4.8284971725583645,6.424397277480574,2.2113849907331464,3.4577178276154723,4.005905865060106,4.624652184753306,77.490828608019,0.49631145439343416,0.5197446698831727,0.07338713242737167,0.242744795990119,0.33971508586129506,0.5412611492937318,6.230887884115434,0.1717998846511143,0.038464942716151994,0.09149070915303202,0.14809725315692562,0.16620984019437007,0.1876692579381537,0.6307302500201626,0.6400678619813631,0.1269434989512184,-0.16883657135285876,0.5842956357036228,0.6455377538555571,0.7121712956498016,0.8746302253359393,-0.01715132465045934,0.1510205338250668,-0.41464275492679536,-0.12339496170593608,-0.01660098308209665,0.08660949392869574,0.5094815386994231,0.7527051817420425,0.0875020207084354,0.4847906444320106,0.7020057301629764,0.7637283584512721,0.811540886275887,0.999655560045376,0.9882671077188392,0.01578829670531221,0.8604815870920587,0.984380348694113,0.9946666616781257,0.9986222587940834,0.9999999991620079,0.0030831956105333235,0.0017962140765944376,0.00015658913818285904,0.0017679796651334596,0.00283488400381957,0.003995946210236561,0.013280598597468938,0.0030831956176768927,0.0017962140725946544,0.00015658914344385266,0.0017679797019809484,0.0028348841005936265,0.003995946026407182,0.013280598446726799
20260824,11,gaussian_blur:1.0,gaussian_blur,1024,0.3654431104660034,0.35496389865875244,1.0014808177947998,0.0611749969283524,0.0611749968490759,0.006114632834201645,0.0865145102220945,0.005654529255466501,0.06864400512602131,0.005527890077513331,0.007907671579548362,4.207480932060973e-05,14.148766175817363,10.004688508343312,12.139649831974943,0.8580005974459921,7.540946234720653,1.326715267689777,1.4142135623730951,1.3910679152928063,1.1515503047029902e-07,5.908914468832904e-10,4.889298984458957,6.378200717078167,2.238378447537239,3.46875901417865,4.008535853119901,4.686982988785609,72.52957708541028,4.732668168011659,6.4953904024307585,2.410170580726136,3.4242435208941124,3.937713104089421,4.588621937657923,83.82247993159916,0.9567546121545616,2.215508374499028,0.20095428356426065,0.4331763430299984,0.6166944812141318,0.8701526005651038,24.601481071697737,0.29764493706389333,0.08644822901575146,0.15657622669876495,0.2356391429460691,0.28063062954325224,0.34545860293910435,0.9439898463264376,0.6450361401035556,0.12205879810790857,-0.12886657297032134,0.5905450414016467,0.6553956868840389,0.7151799075819272,0.8631329647234425,-0.001480767454683344,0.1395450308874449,-0.48854715953375105,-0.09178457124181316,-0.004068273830665693,0.089784167247907,0.45347651213061296,0.7496437826344303,0.08417657463415061,0.5049767174907384,0.6989404117172897,0.7552857032688232,0.8070046047264358,0.999160483392877,0.9901164152610524,0.014618516576862294,0.8725374908343501,0.9867414369462557,0.9959269797523427,0.9991123790512175,0.9999999998657177,0.0017258963672450067,0.00082256348949809,3.7795353277410716e-05,0.0011106683356358236,0.0015665098482707878,0.002248098420096289,0.004852087648573181,0.0017258963667821092,0.0008225634928748152,3.7795351090608165e-05,0.0011106682941317558,0.0015665099490433931,0.002248098375275731,0.004852087702602148
20260824,11,gaussian_blur:2.0,gaussian_blur,1024,0.3645063638687134,0.36515069007873535,1.0227514505386353,0.029486228036326022,0.02948622807615413,0.006154648971131382,0.04169982364852351,0.007036351915510177,0.03463051610408908,0.005439100131985379,0.008893484048710444,3.3475975058169636e-05,6.775337447207491,4.790887053747569,4.921657773789468,0.7264077711462132,3.700443522173078,1.2946791489111542,1.4142135623730951,0.7036161900488656,1.1020108257247454e-07,3.3674902866209777e-09,4.870353502264221,6.392695766101141,2.2219808847208427,3.4804464779818582,4.020227736464914,4.668774628169188,74.11678639888048,4.694107353892102,6.52330305081742,2.2843952074677674,3.4514924626384134,4.013197953572788,4.669549334163733,91.98514757740968,1.779019849771643,4.020189066920556,0.39072260283899235,0.9404172876156364,1.2408084564582524,1.6285216745550481,53.42476378624663,0.5263193663166053,0.14536089411400435,0.2574306562879912,0.43274461331911834,0.5039131713461702,0.6152997874050479,1.1887897725831755,0.6348493119256132,0.12015910085733021,-0.20541580173689455,0.5865179775348783,0.6458716261613646,0.7029873345633166,0.8524324784912536,-0.022751405158140347,0.13868161401731552,-0.47217326551384575,-0.11984693311571826,-0.023443104850159886,0.07629716773498119,0.4284728542099552,0.7591689176121534,0.07880901768525991,0.5228373261476831,0.7112023641439023,0.7634459800325613,0.809936206505625,0.9990463666472019,0.9899892412646994,0.013785974829386075,0.8815057613731128,0.9863724415732409,0.9952396667996006,0.9989587936838122,0.9999999998797489,0.00084237081090863,0.0003736414750172086,1.731251491148894e-05,0.0005924282727696824,0.0007767750380011049,0.0010278480574882184,0.002499371511280338,0.0008423708106679584,0.00037364147850400684,1.7312515410594642e-05,0.0005924282741034403,0.0007767749775666744,0.0010278481349814683,0.0024993715342134237
20260824,11,gaussian_noise:0.03,gaussian_noise,1024,0.3650473356246948,0.35467445850372314,0.9877210259437561,0.05542303164894662,0.055423031388956975,0.006103592976553553,0.07838000265809271,0.005323102653855969,0.05840577702407183,0.005484233595411243,0.0076427900659723595,6.977386582472965e-05,12.841616890114233,9.080394384399478,10.972130507715013,0.8544197044346967,6.842428230538075,1.3270719302889098,1.4142135623730951,1.2935941237475785,1.1644034844941639e-07,6.0970934967485846e-09,4.836877462467168,6.418087565737978,2.250637260658512,3.455233839927474,4.0052572449221095,4.643442425081277,78.02416120059529,4.715476999020501,6.507901840346873,2.3265946137086444,3.41838185509204,3.9484365024634855,4.513372830101391,80.32933149665047,0.9923414492398759,2.1849754352022273,0.20737113865607734,0.4787311537131785,0.6306553908063603,0.9262534601515368,33.93543587188624,0.7454498692882392,0.24745887829401111,0.2485385705709033,0.5492655598796421,0.741839377326003,0.949068588221812,1.3806385311212241,0.6453255528386892,0.13889621170191024,-0.3476800947464999,0.6032080209787686,0.6636606804825922,0.7117804604097132,0.8742848056346801,0.012278987479846598,0.16534910091441926,-0.5164606796192033,-0.08629384066228193,0.02332423442802198,0.122227996920268,0.467127749942402,0.7470124077308593,0.07912135861019506,0.485413307024364,0.702402004652517,0.7480337313138596,0.7975838984023953,0.9998552782302241,0.9859574502754895,0.020589343390015297,0.856310905225007,0.981902589166359,0.994707986051059,0.9987403027914399,0.9999999639982222,0.0015775001909628425,0.0007153405085821708,2.691642574753125e-05,0.0010411602122778446,0.0015348587087701164,0.0020232992848150375,0.004648964011722453,0.0015775001855029558,0.0007153404999444607,2.6916424758383073e-05,0.0010411602561362088,0.0015348586020991206,0.0020232991664670408,0.004648963920772076
20260824,11,gaussian_noise:0.06,gaussian_noise,1024,0.3648240566253662,0.3665306568145752,0.9861314296722412,0.03369672085325818,0.03369672073950425,0.006011042282531745,0.04765435947730566,0.005852863343987136,0.039090564284663294,0.005563017291812203,0.008074848030296908,5.4226155338763356e-05,7.927803072653564,5.605803312584882,6.678878693592339,0.842462739347133,4.290852232788244,1.3064545275799293,1.4142135623730951,0.8425947779801601,1.1586683543744656e-07,2.5184201390970884e-09,4.908525176378836,6.363399963331181,2.2260483912830806,3.502468663416011,4.044588560173333,4.703774451519513,69.9816194945281,4.843573961695445,6.4130179495235815,2.210358548271407,3.4688429695297236,4.074912518170342,4.734450641228389,89.41615579057942,1.7345302898697659,4.151558709396407,0.3132161509814791,0.8003358221139699,1.0596708725514832,1.4295851171395186,56.52041678949565,0.8953846065903908,0.2325310896158187,0.3392301393343271,0.7276916123618516,0.9033742139448723,1.0484310426971821,1.5668683450027978,0.6334693337999378,0.13987468437180153,-0.3321327869563875,0.5944715012519901,0.6532955865396242,0.70344491004592,0.8656296537531175,0.013868583004809,0.18215293644340794,-0.5726370921562955,-0.09257810717769636,0.02518945638207209,0.13208699082250042,0.47671493261237086,0.7571758134644182,0.0765590857137736,0.5006848335462717,0.7107497726423986,0.7571029447712524,0.8041166778772295,0.9989647839592665,0.982861707041979,0.02537451082134242,0.819808978169172,0.9788534506040653,0.9931763364775168,0.9984280402174448,0.9999999945658977,0.0009583583377322915,0.00043656827991477037,1.610394486594334e-05,0.0006683511351162501,0.000910422723110544,0.0012053497015223954,0.00311719483861142,0.0009583583353585112,0.000436568278184332,1.610394610906951e-05,0.0006683511164737865,0.0009104227065108716,0.0012053496611770242,0.00311719486489892
20260824,12,brightness:0.8,brightness,1024,0.28117847442626953,0.28036177158355713,0.9849488139152527,0.345905245808928,0.34590524478969764,0.0050346926293621894,0.48918388847757577,0.004580500600485866,0.3879097028664189,0.0046247086837494,0.006509140969482723,0.0001912030883180367,97.1626123955748,68.70434210271104,84.68718524461546,0.8716025964784834,45.59238895702399,1.5069256931496453,1.414213562373095,3.0630955928408383,1.380371452045481e-07,3.3287645972990276e-09,5.120608093489533,6.1938664304680815,2.4905795605384293,3.644138603455682,4.184777851730242,4.732409572137373,66.81026582395172,5.1644625736572465,6.15731126532934,2.504861671105767,3.664116963318791,4.208526039751152,4.747290786214036,61.974604383838596,0.23194198729513435,0.7196354273688802,0.03575461697801665,0.07843361334560135,0.1008500775251654,0.13343884539474915,6.276187874536398,0.0684867370482565,0.02334253668529701,0.03318781620709347,0.05295763323757531,0.0641523957847432,0.07871857644502273,0.2684498580763953,0.7196382620300265,0.16992964889973958,-0.3699107237385276,0.6808608498045217,0.7486542035521975,0.8089293347941209,0.906084445577827,0.015051175180879625,0.16440860454039594,-0.5127418235630226,-0.0914063741811872,0.01887433413687653,0.12190688057077505,0.6286502595772243,0.6652966646258861,0.10326493744382212,0.4230968890005243,0.5879058492139249,0.6629606773509438,0.732412793101074,0.9999996226760764,0.9860580795218054,0.021437867627656346,0.7776881451671284,0.9826648998092111,0.9938954454848543,0.9988597899188242,0.9999998110839531,0.009934886655658049,0.004261677519161388,0.00014838342025508557,0.007263192821407593,0.009552838970236524,0.012260956825607017,0.02711076922533835,0.009934886615596383,0.0042616774895689385,0.0001483834203099832,0.007263192906975746,0.00955283921211958,0.01226095575839281,0.027110768482089043
20260824,12,brightness:0.6,brightness,1024,0.2821798324584961,0.27845001220703125,1.0333703756332397,0.32825302154139624,0.32825302135191614,0.005049796880021855,0.464219874685825,0.004581783648149379,0.38058067382631755,0.004604776224088721,0.0064958991273250085,0.0002460845114662681,91.92842518525535,65.00321283229425,83.063868364897,0.9035711010767956,43.02114673623247,1.510959559871166,1.4142135623730951,3.002373269976185,1.38070541469362e-07,1.6220185194981696e-09,5.146853728009952,6.1720541877908195,2.5093310557984827,3.6494496571199333,4.1854674351736625,4.7391680842768835,63.71030459559906,5.119868648966937,6.194478209428241,2.547071111314885,3.642639156670654,4.1794982272349355,4.722804061396372,66.96832340791568,0.22039887671348427,0.7464415914003771,0.03776124578350962,0.0810983199561302,0.10531845592585842,0.1435664067279955,9.26467064489532,0.11876619013410669,0.038201329737673075,0.060232054247206575,0.09341681067082587,0.11269327887559671,0.13312156191558527,0.4260453569042622,0.7215500044168761,0.1686716669451897,-0.3598833206422364,0.684004279491764,0.7488626336011808,0.809640893556482,0.9076884157177711,-0.03337035262237051,0.1597361705096323,-0.5791914488424466,-0.14409326798008287,-0.02711929810807748,0.07528264597687828,0.5056793712567507,0.6637083537361903,0.10219914028732963,0.41964477832062047,0.586925535596824,0.6627249002502477,0.7294779928317673,0.9999987953319324,0.9864068293644017,0.01994112157704275,0.8151915514698295,0.9823517380533081,0.9936743426133023,0.9986084777145987,0.9999999857303775,0.00941206120968031,0.004080933952284242,0.00010207594593991745,0.006657395791896108,0.009177559748466893,0.011935782599117688,0.025464662660892926,0.009412061209062017,0.004080933912139005,0.00010207593732047826,0.006657395628280938,0.009177559521049261,0.011935782385990024,0.025464659556746483
20260824,12,contrast:0.75,contrast,1024,0.2822537422180176,0.2762988805770874,1.0440599918365479,0.21029768221352058,0.2102976833948888,0.0050919714439798735,0.297405835992695,0.004574571840540077,0.23084624431806436,0.004620773325240418,0.006502172994277806,9.782558570480504e-05,58.406815368988646,41.29985521492253,50.46291814073041,0.86399023507664,27.28226506527832,1.5137986134695263,1.4142135623730951,2.545041139535215,1.3895034091791907e-07,4.52292425734413e-09,5.139537877448916,6.178153282913207,2.5169937954276085,3.648374191761775,4.193496401914874,4.732234509262867,64.60294145652011,5.0344594674503,6.264159727294602,2.533022074996756,3.5945750492514836,4.128015934914272,4.6893641840641545,72.11985450575177,0.38119904382472614,1.146483893738789,0.05958527073525519,0.12465321502189099,0.1696725935484108,0.2371849687039391,10.082985511133653,0.09597099337840385,0.028870743420068967,0.04713503339719878,0.07576300504539575,0.09329251894501328,0.11284803828468662,0.3954444216902242,0.7237010958699925,0.16584175124982525,-0.3647117686782273,0.683655780833576,0.7490326524316886,0.8100881391960184,0.9042021720238833,-0.044060002676789056,0.1558090480002013,-0.49533337085189894,-0.14720744169544273,-0.04335368699360268,0.06511885189656269,0.4909356006881459,0.6621619409254906,0.10164521553766635,0.4271047085988303,0.5863081158521816,0.6625330817905851,0.729804605721009,0.9999392874539739,0.9866507030063691,0.018074110750465704,0.868702970940295,0.9809693834458353,0.9936993782128838,0.9984908276892847,0.9999999999605916,0.005970163903439162,0.002748291843371233,9.563089170280844e-05,0.004046538541963433,0.0056964458857839285,0.007723401275085102,0.0163732612067627,0.00597016393184191,0.0027482918676526016,9.563088678987697e-05,0.004046538728289306,0.00569644570350647,0.0077234015334397554,0.01637325994670391
20260824,12,contrast:0.5,contrast,1024,0.2808769941329956,0.27335822582244873,1.0280660390853882,0.1243357972166727,0.12433579718239683,0.005090088676130082,0.17583737066381605,0.0046894006172988585,0.14049158748719728,0.00463158916490626,0.00659106185238767,7.74000496253884e-05,34.54505055843203,24.42703950629942,29.95939117867943,0.8672556761207779,16.11724828637497,1.5155837398380567,1.414213562373095,2.0175157588159913,1.369076107374913e-07,2.969525958462782e-09,5.106203497065694,6.205758996741459,2.516332318522268,3.632732676704306,4.18044289866808,4.718130296737962,67.82095048316357,5.011820525467482,6.282303165441156,2.5335519900181223,3.613911087190983,4.097799142840607,4.6638033752507715,74.26732262291434,0.46233662305165846,0.9216340630623037,0.08851414544072052,0.2138626492416842,0.2900394543770041,0.41616181869388663,11.763889970744348,0.18143799553751405,0.041643145061248193,0.10091993654723809,0.15601733486641534,0.17671693956851803,0.1996418775479669,0.49986036326245237,0.7266418253297977,0.1649686446114259,-0.34986355725425344,0.6912731376469494,0.7506433837798718,0.8129114660196135,0.8913856529145415,-0.028066098606786907,0.16003154645575518,-0.49090191601606165,-0.13630664475891752,-0.03507066623039426,0.0917617809380245,0.45099435870759086,0.6594686734416787,0.09957073616347227,0.45324564838298936,0.5823871223363728,0.6607075494559438,0.7225935573780352,0.9999608677042396,0.9865607456602941,0.01803942968571035,0.8712148465515036,0.9826215476792608,0.9933928847963027,0.9982274639698117,0.9999999677668351,0.0034987593959368247,0.0016907203296328511,8.274667366796932e-05,0.002325208186583152,0.0033198290738924046,0.0045060474484828065,0.010998890902186757,0.0034987593963222707,0.0016907203290463572,8.274668653029948e-05,0.0023252079263329506,0.003319829353131354,0.0045060471165925264,0.010998889803886414
20260824,12,gaussian_blur:1.0,gaussian_blur,1024,0.28238630294799805,0.28157472610473633,0.9810982942581177,0.06889449687650333,0.06889449677315991,0.005168329724539861,0.09743153170947218,0.004689960070216995,0.0749729764562075,0.0045809488813240646,0.006555975756020915,3.745462926217648e-05,18.851647805451606,13.330127999775327,15.985845366214097,0.847981329334576,8.881726993648945,1.5008486599463478,1.414213562373095,1.4313917076654896,1.3920194482251586e-07,4.2499213037672234e-09,5.158532381894318,6.162286456576874,2.518896617688759,3.6479561280141404,4.2063760737059335,4.745142626282046,63.837162030981936,5.021898897480632,6.274247844806143,2.525188044673791,3.6739555733618405,4.08559284603889,4.6063926775678485,66.37561769623196,0.8338775169872961,1.9341485450734253,0.1372797452112949,0.39627111750991484,0.5210657012178016,0.6842426258267166,22.658747119120285,0.33206205625207763,0.09537453890418274,0.17500503788435345,0.2616759996672624,0.3159435458300377,0.3806142710920038,0.9887366590393618,0.7184252796370086,0.16566911195352568,-0.37271871324371786,0.6849538144075444,0.7488178492676199,0.8048551602410674,0.8949428012025358,0.0189016873862027,0.14051821269395784,-0.43100718848945846,-0.07860942060103715,0.017436531371902667,0.1112795071500916,0.4237803517691354,0.6681630141752632,0.10006813344492813,0.4461808854890119,0.5934712877330375,0.6627757703951649,0.7285864874235031,0.9999201655467526,0.989804253948196,0.014296123822865851,0.9023484933607484,0.9869974275184322,0.9954454414935379,0.9991485447881162,0.9999999807429025,0.0019683614617200555,0.0008726417076765911,4.240724523555074e-05,0.0014104553148226657,0.001853469710195951,0.002445213064441346,0.007111595916256652,0.001968361460761514,0.0008726417083517466,4.240724229020998e-05,0.0014104552974458784,0.0018534697592258453,0.002445212914608419,0.007111595943570137
20260824,12,gaussian_blur:2.0,gaussian_blur,1024,0.28167688846588135,0.28346240520477295,0.9428306221961975,0.03328699563382273,0.033286995672287434,0.00560268162799766,0.04707492073040341,0.005090108680012771,0.03529071108948532,0.004608524803159675,0.006866418807186122,3.2730686763708165e-05,8.402212343310946,5.941261324924482,6.933194025514751,0.8251629145071905,4.082806980510498,1.45519035222271,1.4142135623730951,0.6850744286655099,1.3468893664096368e-07,5.22099696809164e-10,5.154408634537349,6.165739106761079,2.5084612342304244,3.649408227110036,4.185679559092286,4.769279262032177,62.983032626199225,4.574337801255625,6.60797210673002,2.4708316683866083,3.4759104993426955,3.9335448795501047,4.3126024490449355,86.19274690268159,1.8017085775986506,4.538808435289443,0.3694400099228506,0.8197108016468935,1.0367140170423093,1.3256277680638,38.857639207920656,0.5237164279080632,0.13862522773284625,0.30971933349047964,0.39905067438255815,0.5094673047338805,0.6236990864297498,1.0364091525543218,0.7165375690953389,0.1402581350532797,-0.3364123140765154,0.6797333984520965,0.7349894747591228,0.7903245156974134,0.8854029588184972,0.05716936954761111,0.142868763317315,-0.4160223707144897,-0.03759137964999828,0.06273928880051068,0.1518466920145325,0.49690143355137656,0.6773822271025165,0.08989988806480835,0.46482426842350927,0.612688430521602,0.6780784814218204,0.7334592236808742,0.9998050298445141,0.9879640610204606,0.01635200281756821,0.8678069862213528,0.9837390171323761,0.993836650633023,0.998584080869015,0.9999999994835906,0.0009694116099350911,0.0003774056056612008,2.4388523552213096e-05,0.0007261163959851187,0.0009285320418876635,0.00118145547550431,0.0026395892990130317,0.0009694116124343566,0.00037740560770803367,2.43885260715615e-05,0.0007261163555085659,0.0009285320702474564,0.0011814555036835372,0.0026395893655717373
20260824,12,gaussian_noise:0.03,gaussian_noise,1024,0.281765878200531,0.3049858808517456,1.0112128257751465,0.08650267096534657,0.08650267082808691,0.005293061110017752,0.12233325026657599,0.004997480972672059,0.09417058016335222,0.004625382840036217,0.006809477402056693,5.2652553486138374e-05,23.112004135951814,16.34265485134306,18.843609546151207,0.8153169857234095,11.424821149815111,1.4304517017684473,1.414213562373095,1.7312244223383777,1.327304129353569e-07,2.94329005612326e-10,5.16137881361348,6.159898662154115,2.5356476766709437,3.666104866643455,4.211227388482563,4.767045282870831,63.57616925060604,5.146554607267744,6.172300939733767,2.4729310713520403,3.643983575080144,4.195801957350179,4.719464210926454,62.036554380185294,0.7300072812812565,1.8456449689978685,0.12627533405794958,0.312347910088187,0.4077215191691319,0.5903326618740936,19.315646692644993,0.5600659540847888,0.2633973428768726,0.17217621737604014,0.3447494884945542,0.48240512784463985,0.7616540513767569,1.5704673004261134,0.695014087424217,0.15911494273053656,-0.24880484083764337,0.650505918295154,0.7210004877497773,0.7864512011360727,0.8908378240047621,-0.011212880994885013,0.18907051531695426,-0.5404847716347765,-0.14487840549346456,-0.006241333647678799,0.1291438127858583,0.5734072169847292,0.6933870719509735,0.10434355906460376,0.4543214405269254,0.6176523436830479,0.6929345016402876,0.7595011828856142,0.9999035204646962,0.9816268911897865,0.02388985566028055,0.8192705069205333,0.9751352700715722,0.9904420361390605,0.9972501752627648,0.9999999936658266,0.0024420434613375355,0.0011597729522414544,5.0377869792642976e-05,0.0016293285911943521,0.002342865136420927,0.003085015071537281,0.007733590527791026,0.002442043456742482,0.0011597729453517397,5.037787195760757e-05,0.0016293287044391036,0.0023428653366863728,0.0030850149341858923,0.007733590435236692
20260824,12,gaussian_noise:0.06,gaussian_noise,1024,0.2822606563568115,0.3098989725112915,1.002907156944275,0.04517070397983049,0.04517070391686634,0.005421763395384143,0.06388102210117186,0.005739451253947648,0.0489008861694316,0.004605600337552607,0.007358862355398823,3.6739054539203755e-05,11.782333060781925,8.331367605477348,8.520132675714793,0.7231278076898432,5.9274623640802,1.4055538627403357,1.414213562373095,1.09259116582026,1.2666112995423044e-07,1.992894738123141e-09,5.170998535591029,6.151818610378596,2.5343476812054746,3.6780234247457577,4.206586968575245,4.765206459969177,62.249047057460444,5.035923958286188,6.262959301253239,2.1250372391575234,3.6588800875208114,4.21301967965815,4.780125078987078,78.85443212841933,1.5790743329964478,4.599143425683838,0.2532783796647823,0.5939649022810264,0.7580367162011921,1.0467485148276328,45.36253641578634,0.7132771982077074,0.25999643313535997,0.28721843661087976,0.5031022582895982,0.6630582050502444,0.907015314720664,1.7539223735121665,0.6901010110853547,0.1568018595482691,-0.23788449393377958,0.6450055995500292,0.7167383907989537,0.7818488683786833,0.8784344325054536,-0.0029072015586388104,0.1731916440163077,-0.5210967517466868,-0.11731072131541014,0.012287859838937307,0.11778964157341443,0.5227044624494587,0.6993436925602715,0.10062837734647471,0.47786289643455426,0.6234679922782957,0.6973421223978067,0.7641778310019842,0.9999821093677209,0.9846651840044388,0.021457399424740252,0.8525139558596225,0.9808835216280644,0.9930495776695638,0.9983603331071265,0.9999999849926131,0.0012924574107514447,0.0005678375847025058,2.1496374048985195e-05,0.0009110293866778276,0.0012658421296910108,0.0016265391214983303,0.0038543467087425003,0.0012924574084181017,0.000567837582385337,2.1496372937690467e-05,0.000911029361304827,0.0012658421765081584,0.0016265389567706734,0.0038543464615941048
20260824,13,brightness:0.8,brightness,1024,0.3207998275756836,0.32068777084350586,0.9842283725738525,0.4346185395978386,0.4346185366291546,0.005380546702516592,0.6146434289596983,0.004338762446789079,0.47269446680461036,0.004360648905297058,0.006151432227126914,0.00011188097685758985,114.23438229282853,80.77590636391551,108.94684200893046,0.9537132325857552,57.58946679375877,1.4026159911557856,1.4142135623730951,3.3684270343991627,1.2553357482327559e-07,8.457294642383317e-09,5.140034810841798,6.177742485903939,2.8519737809983434,3.6740239021870558,4.094403749348473,4.660506962933798,59.52978286189878,5.15674761268039,6.163784701628247,2.830225086701485,3.675342969929462,4.109967859018825,4.673507880299464,61.03815812851191,0.22800003474609645,0.8499228124672862,0.017545729766978987,0.06287367118132241,0.08523886555847819,0.11071312927299637,8.073154902423596,0.061379709312044714,0.020169946253213087,0.032878807020291695,0.04932247801649692,0.05682417311212594,0.06819441042814459,0.2990630213125222,0.679312159423983,0.16928736474882128,-0.31167118535686916,0.6375451464205313,0.7090887233340926,0.7707715114739133,0.889022995357284,0.015771605038726634,0.16533343624170072,-0.4665100780771253,-0.09707208967695563,0.007719988268225227,0.11919588288011522,0.6168074939884108,0.7068743206049868,0.1012099944728953,0.4578625489445086,0.6371116645518509,0.7051192657106897,0.7704128964248214,0.9999331038126205,0.9858138487862306,0.024788332213819868,0.7871140421563679,0.983672089911157,0.9940973640430228,0.9988592070134904,0.9999999967687517,0.012239500180107932,0.0058902126975325046,0.00011741649967375104,0.008633450146616036,0.011281556330620795,0.015354977273047576,0.054852419667716375,0.012239500090544198,0.00589021258078617,0.00011741650814656168,0.008633450139313936,0.011281555984169245,0.015354975825175643,0.05485241860151291
20260824,13,brightness:0.6,brightness,1024,0.321111261844635,0.3195628523826599,1.024644136428833,0.42896460714885176,0.42896460888652904,0.005384759994416116,0.6066475676653996,0.0043112679460505406,0.4705654834570724,0.0043637360549597945,0.0061342663505914805,0.00018777291961431583,112.66009409787634,79.6627165057229,109.14781668537843,0.9688241214369435,56.73521464994778,1.4041141256567535,1.414213562373095,3.3524149089533752,1.2479594904276018e-07,2.429784484725417e-09,5.13956626116194,6.178132517421351,2.8444421060395007,3.6781606563611806,4.097569881978268,4.652501395666401,60.932063396793055,5.1430810111289595,6.175204397838147,2.832518357359054,3.6600199684050487,4.095684483855574,4.659528596043192,59.95830553989101,0.12093450779924163,0.1879089700862008,0.024434558268913234,0.06211540496316667,0.08767364647632314,0.12075582410641601,2.457251294764597,0.10864558716203304,0.036439017942395714,0.060480104647219514,0.08791842326165207,0.10133618110855559,0.12069159814660607,0.6952204638316853,0.6804371599082615,0.17011939709438445,-0.32061433913214477,0.6368237341689049,0.7102040156923939,0.7718206098606861,0.8881670228593895,-0.024644114199943334,0.16350928006610924,-0.5161453378268976,-0.1250843396496291,-0.011796696260636941,0.08288275292045057,0.44608747430174595,0.7055907871299057,0.10121546345441466,0.45952077157087123,0.6358403463796306,0.7039959191647188,0.7710094017476363,0.9999982401440956,0.9860272624839543,0.02083634469354755,0.8565010159010658,0.9829528289849856,0.9944726509567738,0.998759886805993,0.9999999994291765,0.012047128929164508,0.005882036804516912,0.00036965834483762756,0.007922944116678054,0.010992084815491823,0.015590146520410242,0.03995995253842997,0.012047128965718912,0.0058820368469104664,0.000369658344425261,0.007922943914309144,0.010992085095494986,0.015590147348120809,0.03995995968580246
20260824,13,contrast:0.75,contrast,1024,0.32083094120025635,0.3202395439147949,0.9855503439903259,0.2913052448606489,0.291305245326217,0.005405787088570923,0.4119678287307577,0.004425368325476343,0.317702200345748,0.004345888428881477,0.00620246975425235,-1.4213855399659784e-05,76.20866711560883,53.88766530263525,71.79113171592351,0.9420336876777559,38.386479045585155,1.4038189092676607,1.414213562373095,2.9619353838395437,1.2183101050640226e-07,2.9364044529245348e-09,5.142384166723675,6.175785351196823,2.85632950784286,3.677232326492573,4.097988995870271,4.663788915095449,60.67647208936029,5.133532356158216,6.183152624242058,2.8780243080248695,3.6675316665675,4.065595056268602,4.6471475144620005,59.745048723150454,0.20094059793130462,0.23908515590949897,0.039652031660895225,0.09008442690244167,0.12776905758530854,0.20429873812824692,2.2499105636022754,0.08800200327821395,0.028073845298135586,0.03752519369593118,0.06765964181184975,0.08232115792574746,0.10305914190030312,0.3385768365358956,0.6797604864305741,0.16926478374715245,-0.3230162951962129,0.6373214680502889,0.7086294315585993,0.7706374894511321,0.8825327147615349,0.014449658133437376,0.1576738522883545,-0.502604386816616,-0.0898907091302116,0.015324515074284083,0.12425740066028179,0.4454397009824162,0.7066812837785016,0.09957077014960523,0.47025100465138314,0.6372737642461718,0.7055808353080335,0.7705980444691635,0.9999785191986535,0.9872527284007862,0.016934354540423767,0.8645165298319596,0.9819219862526419,0.9942351104000275,0.9986750377973022,0.9999999777511726,0.007967648071825071,0.004405156481260218,0.0004340185506959401,0.004707765721165578,0.007568177634734979,0.010766070123657602,0.02460569811531464,0.007967648094194146,0.0044051565119942035,0.0004340185842011124,0.004707765998318791,0.00756817776709795,0.010766069637611508,0.024605700746178627
20260824,13,contrast:0.5,contrast,1024,0.3207942843437195,0.32121801376342773,1.0119820833206177,0.1405453337377314,0.1405453335869631,0.005459694836741354,0.1987611168869341,0.0046039066558109494,0.15468161162070548,0.004352587313697182,0.006335690397958064,2.9616832283045474e-06,36.40516967163785,25.74234234506196,33.597903516455915,0.9228882551433625,18.46597160488984,1.3940421309121036,1.414213562373095,2.2371485404548563,1.223921898616799e-07,2.3455934972105297e-09,5.1545403094528,6.165632319325596,2.8360195935819243,3.672888795825942,4.093023885193077,4.680578685390068,60.83158699685075,5.103804453514198,6.20773798300502,2.8998955269779882,3.634736782416689,4.050272119057885,4.614075304120877,58.68831351608484,0.4555352297406917,0.7180220427709155,0.05813183395391038,0.18657826228591937,0.2556530827689436,0.4234888063862284,6.766251965493571,0.16417976635020676,0.04062919333751546,0.09459714064009056,0.13730367341834152,0.15757212325383177,0.18546004015610623,0.4948308228179674,0.678781957750922,0.16746346469051926,-0.33931496987081133,0.6406591712528482,0.706331875749113,0.7699746180675253,0.8634603625765889,-0.011982035136773763,0.16598023601773712,-0.5018357344432433,-0.12450477610408327,-0.016811500725359127,0.11189479300141707,0.467072297326876,0.7085918977974158,0.09562887367487308,0.5044166950638189,0.6380744536751632,0.7078808302107735,0.767825387312883,0.9999861981137007,0.9859004610692182,0.01828943304743923,0.8649629446605274,0.9802917058309607,0.993002882020453,0.9984017012278993,0.9999999657464453,0.003851476962198076,0.002111992256249772,0.00013829422186627125,0.0022800604033426358,0.0037630410328479236,0.005174317789482995,0.01679840880881835,0.0038514769572373098,0.0021119922553636647,0.00013829422823619097,0.0022800604347139597,0.003763040993362665,0.005174317630007863,0.016798408702015877
20260824,13,gaussian_blur:1.0,gaussian_blur,1024,0.3206091523170471,0.3206009268760681,0.9890456199645996,0.07984986529599676,0.07984986565074571,0.005429418875899062,0.11292476295695414,0.004434818977775531,0.08635034059691499,0.00432792145426799,0.006196654216587461,3.1481107864073026e-05,20.798683162616523,14.706889904036611,19.47099555351583,0.9361648235746447,10.429293249407298,1.4101521010871554,1.4142135623730951,1.6543473434307505,1.2764235483717268e-07,7.855557870861674e-09,5.145792053693301,6.172943326257367,2.847877224961907,3.6739776948131255,4.092111504628776,4.67152592333509,61.099130983308676,5.127844354394712,6.187876161133998,2.801283216835243,3.62548950606128,4.139589012967117,4.648845994268475,55.64249718047562,0.733363432749856,1.1503522262105066,0.11240892432635739,0.34269290795951207,0.4739101778994125,0.7136181606590286,10.724464519973782,0.2843136824273711,0.09619443891083018,0.13648157475301853,0.19921663283495153,0.2740905859105523,0.35226309170732967,0.789314522715506,0.6793990426218588,0.16854349627599205,-0.32165356287551916,0.6361029256011372,0.7135852211868304,0.7709903407864632,0.8976271825219041,0.010954391181081321,0.13500131605442317,-0.4818182047449277,-0.07534868744178971,0.011850263125516864,0.10321598716570435,0.5108475574046686,0.7075312803034082,0.09719302621760245,0.4407555345061342,0.6368468342408063,0.7005683950281606,0.7716040230960626,0.9997860958816527,0.9906940695917861,0.014067619249216633,0.859671316895989,0.9878636520159099,0.9960571362866766,0.9989375843558328,0.9999999972132557,0.002196141321767147,0.0011852842405436978,9.10169746411101e-05,0.0013540277165924046,0.0020313786123837387,0.002823278786601441,0.008674238812010314,0.0021961413303515087,0.0011852842472129105,9.10169692360796e-05,0.001354027772322297,0.002031378564424813,0.0028232787153683603,0.008674238808453083
20260824,13,gaussian_blur:2.0,gaussian_blur,1024,0.3210732936859131,0.31998538970947266,0.9780964255332947,0.0407358108932042,0.04073581094128803,0.005554765063770286,0.057609136307435846,0.004659989336385633,0.04227608161091447,0.00435049400327191,0.006375131268274612,2.4253840654359695e-05,10.371120226700238,7.333489440800702,9.072141277409987,0.8747503721009755,5.246349973546219,1.3978269586488525,1.414213562373095,0.9760401430359265,1.2391569171743685e-07,1.8096573128900673e-09,5.160529374741325,6.160615892201519,2.8389482818339062,3.6794687658346583,4.104723341116969,4.675123290422022,58.56218820565782,4.97206708616836,6.313849451735741,2.588071337334919,3.6025941331437616,4.047899662538356,4.530519963718563,72.80300269492172,1.3422843428268159,2.444587342284213,0.208242643803243,0.6749554568135419,0.9236727673617893,1.2900784955940778,25.30108700193976,0.5116911685724075,0.14790632209540416,0.2414285910693553,0.3881633428229532,0.49356556153141395,0.6234681183830012,1.0455818584993635,0.6800145711192014,0.1667131744196472,-0.3606076114648783,0.6440006494370866,0.7089081918872132,0.7657953870359443,0.8838148981622247,0.021903581388822015,0.1697621776774311,-0.46373654100238526,-0.09943881504145588,0.0209744311980139,0.14198764465234032,0.49220938644935397,0.7082473766353474,0.09059641963192992,0.46783675121402823,0.6430843060235977,0.7053007666245097,0.7650249429233938,0.999972194957023,0.9850517124777924,0.020067309308003135,0.8704768347814608,0.9800967142780026,0.9928737722141248,0.9984802081579602,0.9999999992533003,0.0011429922209998406,0.000560704697864735,3.5330879586747495e-05,0.0007507325548554354,0.0010462564876494995,0.0014343442833363465,0.004648506684754965,0.0011429922252084168,0.000560704701037521,3.5330875107320026e-05,0.0007507326226914302,0.0010462565696798265,0.001434344274457544,0.0046485066413879395
20260824,13,gaussian_noise:0.03,gaussian_noise,1024,0.3209972381591797,0.3313465118408203,1.0342909097671509,0.09274195098430534,0.09274195119130622,0.0054745223048086175,0.1311569251756889,0.0049212724781156235,0.10469946756138748,0.004365815841471326,0.0065786982576722785,2.3151368882680812e-05,23.9576930868444,16.940647243293746,21.274877184097182,0.8880186045867495,12.38589469443127,1.367737060221636,1.4142135623730951,1.856827116930349,1.238743259525275e-07,2.6986902712522465e-09,5.133036638186267,6.1835645799883885,2.860711320964351,3.669276678694869,4.0859292432837435,4.663035650008107,61.634058169908045,5.18096723360929,6.1434172577817785,2.7321415375474603,3.6409311066439494,4.146873208375773,4.75058735829321,59.269956896806974,0.6034133604990349,1.1349441642138436,0.10562316312108423,0.2860081740864137,0.374406286228274,0.531610230046539,14.942388695050985,0.543058797739177,0.27759580932185585,0.16907114660329384,0.3295117989776487,0.43847710266641926,0.7995015122933189,1.3690679075932575,0.6686534981564084,0.1678331080000221,-0.2553814588632417,0.616562644100306,0.6995219569115833,0.7627931874380609,0.9168577808325233,-0.034290913581436946,0.1904715749346885,-0.6550344344951577,-0.15915732955752557,-0.03287545747282782,0.08218397600716588,0.6342531514356987,0.7170029922516412,0.10334018109936452,0.3992139898937166,0.6466425226190189,0.7146111034850253,0.7873057979711161,0.9999937963320924,0.9805956475148038,0.03183248564533697,0.7555990270147315,0.9764024214122142,0.9928169181885675,0.998569884324103,0.9999999992911248,0.0026243362631577613,0.0012303736927343194,6.532349788624807e-05,0.001778045495120002,0.002579622572837557,0.0033779681782535086,0.009187683625869678,0.002624336265220961,0.0012303736916973549,6.532350380439311e-05,0.0017780456109903753,0.002579622669145465,0.003377967979758978,0.009187683463096619
20260824,13,gaussian_noise:0.06,gaussian_noise,1024,0.32079315185546875,0.34048032760620117,1.0325462818145752,0.05704813059983077,0.057048130565374715,0.005700415855802246,0.08067823995358403,0.0050375833036781685,0.05909339220911336,0.004350909193500329,0.006656399653835602,2.9765904291364318e-05,14.153044618922772,10.007713824476069,11.730504221332993,0.828832561274426,7.402668584356974,1.3519062358182845,1.4142135623730951,1.353751341419878,1.1986444793391182e-07,3.584997854133576e-10,5.152816971856741,6.1670742603425195,2.8443509911521363,3.6691542755314637,4.0892411505517465,4.64634334588009,58.72830542268786,4.997851457608489,6.293437149671767,2.5372610341016246,3.5430816516185857,4.049996367004882,4.673690721339094,68.5352850818829,1.0183116943788886,2.0282327547862002,0.20134132006411726,0.4685222529167506,0.6114012739788858,0.8724380129550322,23.6058982653488,0.7007101502499717,0.26469864742961025,0.2816023702713697,0.4910275200198606,0.6190302585836296,0.8945766510368924,1.5517320969365824,0.6595196995083834,0.17259173877996445,-0.39174231458780345,0.6128444624252758,0.6851700754396871,0.7551079436059418,0.869724018406977,-0.032546300323409244,0.16521938921237253,-0.5260383854638071,-0.14405407520065466,-0.032490053752263895,0.07265383280265472,0.5649138615499383,0.7253502357513073,0.0956604377978925,0.49353837926347793,0.6556004693017732,0.7283831081433543,0.7902034375351666,0.9999906001441394,0.9855121387240598,0.0208853975337463,0.8251498827659962,0.980908556502046,0.9935217013175821,0.9985990756151152,0.9999999924861168,0.0016170262660332969,0.0007509919703977662,4.049497149966159e-05,0.0010990732805588228,0.0015729363434247687,0.0020645628679032274,0.004789598093002923,0.0016170262655990086,0.0007509919624430409,4.049496419611387e-05,0.0010990732698701322,0.0015729363076388836,0.002064562984742224,0.004789598286151886
20260824,14,brightness:0.8,brightness,1024,0.34142374992370605,0.34210747480392456,0.990513801574707,0.4090813171034972,0.4090813174426194,0.00584104828079877,0.5785283472408057,0.004403564376583488,0.4283345549246745,0.004396280073622243,0.006222431815973809,4.2399649021267914e-05,99.04529451376,70.03559939529845,97.26996548577733,0.9820755843404956,51.7450490251823,1.3534744061058561,1.4142135623730951,3.2970802458000343,1.1743617313434447e-07,1.4703747108768539e-09,4.914178919765009,6.359056033679967,2.3481506015250293,3.544837865911651,4.0080565355075155,4.601116301776326,67.28625042779613,4.924475814950347,6.351076898985076,2.33561902824841,3.5563669610980417,4.014427226948255,4.615364289157789,65.87354193996296,0.12730929913833872,0.19252743513071627,0.02581819209201877,0.06643268072728863,0.09063565069344413,0.12345126924242134,2.260309609764874,0.06979042362128038,0.02081490275202067,0.03383168717611057,0.05619460833106904,0.06539088990120287,0.07738112891789208,0.25930984539327623,0.6578924761250153,0.14816028847236362,-0.2649350631736442,0.6139647465942775,0.6730739972165706,0.738340295128874,0.9045641137343741,0.009486203212936258,0.15232823815472005,-0.42164565311341307,-0.09348930280107091,0.006542403063486996,0.10468938021358191,0.6041433900773912,0.7323693299244143,0.09429370742930905,0.42633761755672744,0.6744283407844031,0.7395751434751354,0.7893334399631102,0.9999999242280544,0.9881036509605274,0.019501954543328502,0.796875626572803,0.984978681236572,0.9950377046505916,0.9987869113818506,0.9999999866879921,0.011518876576884569,0.005547147778139692,0.0004287179551602194,0.007837900605505481,0.01064375980046262,0.014479184438714748,0.03782148787214362,0.011518876562860214,0.005547147807657079,0.0004287179617676884,0.007837900426238775,0.010643759742379189,0.014479184057563543,0.037821490317583084
20260824,14,brightness:0.6,brightness,1024,0.34339237213134766,0.33939945697784424,0.9828435182571411,0.38738229261223966,0.38738229217004894,0.005823796895341249,0.54784129141006,0.004381596539390789,0.40657658008472375,0.004420705478363232,0.006224228880787726,0.00011618540880005017,94.06943635831567,66.51713635136137,92.7918799527931,0.9864190064809543,48.917854281556224,1.3597721633788464,1.414213562373095,3.236251699007207,1.1902452778562323e-07,2.9003277557393403e-09,4.934502889023918,6.343281382362592,2.3458427701201505,3.5502702510063173,4.016747901685399,4.627516944344128,64.50212007620189,4.9245173783053735,6.351045217820155,2.3474762609645867,3.5518815077642523,4.014704094868418,4.603361943812489,63.949983378104996,0.14878269820411674,0.27361162237375336,0.023274051854143458,0.0684471846099571,0.09088935598245727,0.1264887750110837,2.3400006911604394,0.1182787944089856,0.033779877953403065,0.07036623507805968,0.09621707515165631,0.11053265962125439,0.12963874742411993,0.4146384402519769,0.6606005020519072,0.14788970204436686,-0.2672609409074313,0.6150582167952187,0.6750730347548611,0.741649034312696,0.9068459680403761,0.017156455671520562,0.1457063766960532,-0.5123455611751624,-0.07652269099837235,0.01877465706297256,0.1127094634430834,0.45960011254823047,0.729851022797456,0.09530648681673107,0.4214622050064667,0.6707881258154507,0.7377509040938313,0.7884816565589325,0.9999178588893868,0.9890418175907704,0.017105829091990474,0.8587793814153365,0.9862245607705501,0.9952999694943712,0.9989950745538633,0.9999999797259923,0.011038025428574353,0.004973332908025878,0.0004156308477804048,0.007656088703272532,0.010636061817040514,0.014104632052201475,0.041947949713721046,0.011038025406293173,0.004973332909518818,0.0004156308132223785,0.007656089146621525,0.010636062361299992,0.014104630798101425,0.041947949677705765
20260824,14,contrast:0.75,contrast,1024,0.3421803116798401,0.3380832076072693,1.00583016872406,0.2843304293415662,0.2843304294457334,0.005810201906060187,0.4021039495175226,0.004377352607691818,0.3350366327211086,0.0044287137343312355,0.006226935136382944,7.49717618117322e-05,69.20653636805943,48.93641116828824,76.53864395853952,1.1059453048117582,35.87751005382228,1.3639857121331247,1.4142135623730951,2.8224255148952646,1.2012649848778407e-07,1.3887844207971511e-09,4.9172431209009675,6.35668410639155,2.3349057494966474,3.5467133401967934,4.011592039718307,4.597582521635844,65.9188508349201,4.90826177275639,6.363628253635571,2.330537500345172,3.544713936899398,3.9803247641670207,4.602048419497887,67.37522047666847,0.19299973532068865,0.2551449106884586,0.03915379360816735,0.09337888086849898,0.13174511662459415,0.19690780398918195,3.6303321121671894,0.11264037432632637,0.038448614756354194,0.05804561958308218,0.08430970716008705,0.10173822450659616,0.13013568778831458,0.2743475441110222,0.6619168196300309,0.1505412928943225,-0.25200621360371617,0.6166966308324678,0.6738545985009545,0.7421349934886441,0.9077917656642842,-0.005830221386637259,0.15313303654945215,-0.4865774637017921,-0.11015636520360544,-0.009176523272796801,0.09407585011092848,0.47572449247853316,0.7276666639769782,0.0986727358470003,0.4194211608778478,0.670250414257763,0.7388639743307845,0.7872008039410979,0.9998947545036212,0.9880414880997639,0.017706092487080934,0.8736374372802092,0.9847752083763379,0.9946252151686045,0.9987922941175865,0.999999979611619,0.007874002609959303,0.0041189401043306645,0.0002679778070402669,0.0049174914447786605,0.007312205369830873,0.010353243290827074,0.024786426297662582,0.00787400262072424,0.0041189401070819715,0.0002679777971934527,0.004917491227388382,0.007312205387279391,0.010353242745622993,0.02478642575442791
20260824,14,contrast:0.5,contrast,1024,0.3426162004470825,0.3312072157859802,1.0382659435272217,0.1434965285046884,0.1434965289728301,0.00584725267947679,0.20293473742684012,0.004456688884760737,0.15693994325121585,0.004440295468115529,0.006291128647525594,5.2877417442489256e-05,34.7059975942409,24.540846246731743,35.21447139553727,1.0146508913888919,17.898465729317508,1.3711145120276034,1.4142135623730951,2.207972879941073,1.236814652217414e-07,5.795879443049046e-09,4.923962716525052,6.351474873720415,2.339415126444393,3.5415877461525453,4.004304482656189,4.626435405127073,63.96462234537427,4.846811108642442,6.410601425328982,2.2840794383995573,3.512459643118477,3.9386177657124657,4.525924826576481,71.48424922872707,0.4881644943773262,1.017871270202419,0.05995948781344674,0.1873734164509437,0.26993696407073925,0.4328503965763931,9.403747374173083,0.19242894041548167,0.055044568817607956,0.09800637018100213,0.1532445351367203,0.1824194131549526,0.22322089350486202,0.5295684901508091,0.6687928108968376,0.14514272530740543,-0.25409091836377945,0.6202638592876261,0.6826407714669198,0.7471130349799749,0.9059161947490639,-0.03826594684512905,0.1441368306862751,-0.4835870339057061,-0.1347061177457912,-0.029792361024622745,0.0571585957768216,0.3610225955480637,0.7227199412416849,0.09672311345164608,0.42345702035906346,0.6646968954178191,0.7307541152958184,0.7843932313960251,0.9987481575196608,0.9886862295796655,0.016744942956674395,0.8752962816317007,0.9855003391210286,0.9954006978242804,0.9989293282309408,0.9999999818436247,0.0038955536157761483,0.0022221904968411613,0.00010380768983756643,0.0022364886057884875,0.003581510501567641,0.005137576724277792,0.015748016038322796,0.003895553623721071,0.0022221905056937956,0.00010380767344031483,0.0022364886826835573,0.0035815106239169836,0.005137576721608639,0.01574801653623581
20260824,14,gaussian_blur:1.0,gaussian_blur,1024,0.34362512826919556,0.3523121476173401,1.0312004089355469,0.09712239300997079,0.09712239291328963,0.005869484400551143,0.13735180526810276,0.004610876316016133,0.10274414614857177,0.004396130328375045,0.006370725411258704,3.405560665293671e-05,23.40100013813913,16.547005884225513,22.282997657448394,0.9522241581944779,12.321468955937846,1.342941005128409,1.414213562373095,1.869907605255949,1.1421308915460342e-07,1.2159386830745689e-09,4.936272964703546,6.341902486186323,2.359063680939177,3.5569463070899454,4.02459776682071,4.630499039478288,67.8526730757309,4.9603677503864105,6.323056417254554,2.4545841692064116,3.544575547699621,4.059986206734839,4.62710873541695,65.96982358647756,0.5548770469237013,0.7417451501449472,0.08805078226580541,0.275470532582751,0.396612870492842,0.5989835056286567,9.203745920195445,0.2923776265903074,0.08718043504951394,0.1654877446574442,0.23336510643507463,0.2727299261794664,0.3285167846019083,0.9832469140460541,0.6476878809310098,0.16467286878853724,-0.3168707600199939,0.6012153290911082,0.6664123692863804,0.7333548034664578,0.8901455160429345,-0.03120035154880677,0.14490268396220063,-0.4693125740340555,-0.13806543424957088,-0.031704000302621924,0.06873241097761561,0.5433957140354104,0.7377857438812059,0.09534574267319651,0.455676376684877,0.6798461010387007,0.7455832157390232,0.7990870545141509,0.9992875326097856,0.988849627085371,0.015062918251313853,0.839476681014992,0.984285962747055,0.9947554656850304,0.9988249181431204,0.9999999997578372,0.0026722396084019927,0.0014397356220723363,0.00010352846363936937,0.0016185815188927075,0.0024316644176856387,0.003506032686249126,0.011067648837548825,0.0026722396077758503,0.0014397356128937643,0.00010352846584282815,0.0016185814747586846,0.0024316644994542003,0.0035060328082181513,0.011067649349570274
20260824,14,gaussian_blur:2.0,gaussian_blur,1024,0.3433501720428467,0.3612965941429138,0.9976649880409241,0.042701177133571466,0.0427011771224206,0.005964503885822908,0.06038858381582295,0.004902843441057195,0.043730610154306494,0.004423375154939442,0.006603341697114657,2.6933600234988836e-05,10.124661660353881,7.159216917255678,8.919438419774814,0.8809616280513869,5.382343526245033,1.3301300554377395,1.4142135623730951,1.0512735652251906,1.1595907053903258e-07,3.395122072369361e-09,4.937522818415037,6.340928452801491,2.34634444018208,3.5495362830083494,4.01803149560596,4.62909692073594,64.6861442238786,4.910694924628874,6.361747744635736,2.374689373372458,3.5501045853319573,4.094407971264795,4.515127331266077,74.10830231478488,1.3853913040480297,2.7279292174518077,0.24595577613072567,0.6440378610947617,0.8697719929345723,1.2072487248059083,26.80410993963158,0.4638434701528399,0.11716807809755923,0.2550726165130478,0.3764473831727497,0.4488469435909006,0.5276782114220608,1.1278831930840623,0.6387034183823521,0.1705922949895845,-0.4083676736247813,0.595139065893503,0.6549503942576478,0.7258282695849986,0.8891296237765527,0.002334997513249693,0.13343887818566388,-0.4700280170331708,-0.08512215313613897,0.004224360673107266,0.08796482912547099,0.5244935441464209,0.7443551802410677,0.09449188851245009,0.45765545132005814,0.6878759320523655,0.7556718712000964,0.8036226731328417,0.9999957592862604,0.9909610931563024,0.014223628341043399,0.851414424442484,0.9887536300574343,0.9962133734188029,0.9991009749598458,0.9999999710515268,0.0011961610915155138,0.0005917731355523122,3.594225751049915e-05,0.0008035080682850771,0.0011137763441059379,0.0015063606646069747,0.003965301493371452,0.0011961610932296196,0.0005917731318171146,3.594225563574582e-05,0.0008035081846173853,0.0011137763503938913,0.0015063607424963266,0.003965301439166069
20260824,14,gaussian_noise:0.03,gaussian_noise,1024,0.3431915044784546,0.35968494415283203,1.0133140087127686,0.11718860330131474,0.1171886031297492,0.0059064363894670985,0.16572971190164945,0.004596753081120571,0.12740142065626875,0.0044468340805271945,0.006395660421608515,4.6512840754571775e-05,28.059171550072723,19.84083047753307,27.715524068395588,0.9877527573804564,14.906711758536314,1.3309998095611335,1.4142135623730951,2.069307578507294,1.1536875695688332e-07,1.7268164675954267e-09,4.9297625109143945,6.346969356715082,2.349014245810862,3.548633061648091,4.013653294591591,4.618688271948639,65.13961338097913,4.944504355825934,6.335477557902672,2.4029800678501756,3.52754560603075,4.063205728812539,4.6610711645688365,74.0566222598284,0.5424725243134441,1.5006850938588652,0.09644068170071522,0.2288046569582009,0.3058099733159644,0.4228973253583646,21.863861992974957,0.4882550251771444,0.2244555860680564,0.1875028417755304,0.3146647908693522,0.4103084292738576,0.6164039860811678,1.351878054127633,0.64031507943464,0.16157364802145863,-0.355626600610083,0.5849445746233978,0.6568835907610016,0.7328914297511339,0.8898732664787976,-0.013313976365669397,0.17438757330071292,-0.5721828559595301,-0.13231748601860258,-0.020878076670176184,0.10204239930875394,0.5406869324009032,0.7443316775571296,0.09947897974096309,0.45620781405665894,0.6803455586806916,0.7539920062005443,0.8110732589354702,0.9999891204389124,0.984341755335256,0.022654369872179357,0.8201260752750126,0.9796907336150258,0.993149610083379,0.9984045733713509,0.9999999545280215,0.003314791481144199,0.0015575057003338422,4.401168084933621e-05,0.002262166621021351,0.0031486204348243254,0.004225629193579741,0.010125742390809224,0.003314791473517431,0.0015575056914021866,4.40116818936076e-05,0.0022621668176725507,0.0031486202497035265,0.004225629265420139,0.010125740431249142
20260824,14,gaussian_noise:0.06,gaussian_noise,1024,0.34195613861083984,0.3828994035720825,1.0188909769058228,0.0631312065192795,0.0631312065585783,0.006089675433000642,0.08928100852411873,0.005354078944783095,0.0719206783462963,0.004400639223051915,0.006930496873849134,4.038424233360396e-05,14.661045486972066,10.366924683122376,13.432875960182534,0.9162290623897937,8.024491998074671,1.2919103988574336,1.4142135623730951,1.4798027220858259,1.1052573750174358e-07,2.4367344808595703e-09,4.929659679631405,6.347049789642362,2.34199076794964,3.549215778582065,4.012514865843645,4.605701814549541,65.82923075616165,4.975750049383957,6.310936878524915,2.1652874466285645,3.493171883675905,4.091688985215138,4.739462303109732,76.85713813618585,0.9132492573427041,1.8115093986198174,0.21082396401845363,0.41634681495611847,0.5617887077749482,0.8420151603529876,27.631134895320095,0.6254371741243674,0.2349259149310878,0.287249581523809,0.4447654399904164,0.5669943696199942,0.7520613099140685,1.5461829901832527,0.6171005893195813,0.17038423554392443,-0.39488951811000594,0.5666577364373862,0.6362505327064096,0.7057505414762071,0.8732434584477387,-0.01889099420884061,0.16565781594159698,-0.5703670002928354,-0.11929569533123079,-0.02103642029314963,0.09143280165974034,0.45118922732707323,0.7627525498089942,0.09165793666021976,0.48728416994422513,0.708460419685068,0.7714823682556875,0.8239532791083214,0.9999186799126714,0.9857796227738459,0.021596492406379755,0.8213899713150586,0.9818225903069793,0.9943016650428962,0.9988595468761972,0.999999999893134,0.0017740196014248595,0.0008635511698236318,3.497122580730008e-05,0.0011469225717123384,0.0017232020654143533,0.0023215365259269243,0.004630799509773869,0.001774019602425625,0.0008635511693136718,3.497123179840855e-05,0.001146922673797235,0.0017232020036317408,0.002321536769159138,0.004630799405276775
20260824,15,brightness:0.8,brightness,1024,0.3298937678337097,0.3299218416213989,0.9853326678276062,0.3702744757132913,0.37027447521095885,0.005441962868821496,0.5236471846439184,0.004391426035977248,0.4165240690495988,0.0044343880997119375,0.0062408669628766875,8.417930940420756e-05,96.22395397881843,68.04061037100477,94.84938733732025,0.9857149224838468,49.008198203587746,1.388351604041928,1.414213562373095,3.2172968570747913,1.2711894848025215e-07,3.1767941610638673e-09,5.079790037999995,6.227421047034997,2.4344856726279596,3.6629266349541987,4.17338956302917,4.67795813897176,67.0947901517422,5.118418544387234,6.195679267986423,2.4529694957432397,3.6761751440313586,4.190678856673375,4.69757849161434,64.44840399084404,0.17864299716129173,0.4341755433890104,0.029978860584115488,0.07364728734888748,0.09794113863202986,0.13793127261621785,4.013871810387823,0.06410238616062619,0.014502225020247662,0.035820857057801074,0.05458401601005664,0.06177149837287607,0.07048123462082069,0.1980863852457092,0.6700781674499352,0.1651782979845651,-0.20896953561162185,0.618358231427883,0.6928430402226207,0.7623128079017496,0.8978465645964488,0.014667336234855055,0.17795426613711374,-0.5568018115012516,-0.08672022469176341,0.018406092209149565,0.12113201927011372,0.6150911652242471,0.716190138734863,0.10402055393356571,0.44030846737526513,0.6472086750086697,0.7210883603625862,0.7858961746865226,0.9985706023250251,0.9835625608279448,0.027449930713027367,0.7884559965293421,0.9826122215878499,0.9943211949436344,0.9988194768835781,0.9999999999996376,0.010444922110463897,0.0049817335860749224,0.00021920678938104745,0.006979552436782685,0.009875309164069946,0.013033028725048211,0.03188187390412937,0.010444922077567753,0.004981733600000358,0.00021920677681919187,0.006979552446864545,0.009875309653580189,0.01303302962332964,0.031881872564554214
20260824,15,brightness:0.6,brightness,1024,0.3312711715698242,0.32877999544143677,0.9980510473251343,0.25869758484011945,0.2586975854764954,0.005443134017262485,0.3658536339340328,0.0043608763679998845,0.2813660743707378,0.004401675710555684,0.006196127157981487,0.00010549647467145982,67.21378396595708,47.527322431535886,64.5205345502116,0.959930102773122,34.21057660470737,1.3892581503939323,1.414213562373095,2.8571913635069848,1.2730079978575045e-07,1.13135312229673e-09,5.166686203128804,6.15544464517725,2.452482561435604,3.7065383217189654,4.205416797410929,4.736449452916957,63.39475747304027,5.117395277510719,6.196525609087496,2.4507014195668977,3.691135230768545,4.179611607776517,4.694996263013325,64.46270942384287,0.2969256067653124,1.0530216356640822,0.04406883984254622,0.10623366419995428,0.13471623788927362,0.17571478354604209,10.963364173349026,0.11132078216379165,0.027873817044899586,0.06309858741486223,0.09412767304229591,0.10743246851596766,0.1215953538232,0.4967632756904937,0.6712199930374646,0.1660005365525907,-0.20581154341980934,0.6204130477360551,0.6925687429727825,0.7634810717205043,0.9033614301609425,0.0019489554625002417,0.18565403589372065,-0.5238170134639415,-0.11996069323443918,-0.011852284525335972,0.10489884333343183,0.6092559990498496,0.7149595809874683,0.10381606748099219,0.42888008405331246,0.6458302036259191,0.7213518458548115,0.7842752369815638,0.999726975524066,0.9822321108858274,0.027987236229278154,0.7929735983131908,0.9782905749032351,0.9935318910872533,0.9986188470226871,0.9999999959710519,0.007458266987486117,0.0031208434379115446,8.503618424370278e-05,0.005469108868844643,0.007138407230300655,0.009059864990758948,0.021778334637160987,0.007458267009745612,0.003120843485151032,8.503617573296651e-05,0.005469108931720257,0.007138407789170742,0.009059865260496736,0.02177833579480648
20260824,15,contrast:0.75,contrast,1024,0.3313520550727844,0.32838189601898193,1.0172697305679321,0.22514380732124772,0.22514380745839335,0.005430219399662153,0.3184014259919767,0.004341192792267704,0.24852893810210028,0.00440726509823588,0.006186270322719917,8.833620818040014e-05,58.63509419376064,41.4612727199201,57.24899814280685,0.9763606408412441,29.85028188280824,1.3889742436709354,1.4142135623730951,2.7210551722974086,1.277178152332296e-07,4.433609035459085e-10,5.156636705359031,6.163874403772191,2.4707546122559494,3.677782073647848,4.216980974531403,4.723714323205858,64.67009809944965,5.128720766769867,6.187145509022495,2.4631865984931536,3.683424080147541,4.176559079771913,4.674307993414895,63.46992307437903,0.3486595949714716,1.066476707465742,0.047642376989566707,0.12160431623596529,0.16778291969114523,0.23278769081560988,9.962637399929005,0.09061572113114645,0.03376025524839697,0.04136104182588309,0.06986873252705023,0.08037035691437108,0.09760617103655214,0.28275588700903714,0.67161813385804,0.16701824842219956,-0.2135189349210712,0.6224368724536724,0.6951192871967298,0.7630347583504697,0.8985812723832753,-0.017269692825932617,0.18544825122995115,-0.5237286430000829,-0.14570378764242162,-0.031560888957749306,0.09463052953388348,0.5939751779504678,0.7142334635650177,0.10460627994784788,0.4388071295250958,0.6463574522622422,0.7188942057969573,0.7826699914416577,0.9986204484935634,0.982168307992902,0.026275041587980528,0.8044833671237152,0.9779242279032578,0.9922622097013118,0.9981602935121399,0.9999999861585509,0.006235271183294524,0.0032609003135214087,9.109957391388945e-05,0.004048395188162332,0.005737546872590421,0.007963792792437719,0.020497759007804334,0.00623527119571321,0.003260900305276949,9.109958045883104e-05,0.004048395552672446,0.005737546598538756,0.00796379242092371,0.02049775794148445
20260824,15,contrast:0.5,contrast,1024,0.33042311668395996,0.3241567611694336,1.0272071361541748,0.14322337034685123,0.1432233707967661,0.005444072426120548,0.20254843342957726,0.004370656458538624,0.1591819687557587,0.004412752126076826,0.0062108791008005405,8.401439749818443e-05,37.20531572242758,26.30813104351501,36.42060872681421,0.978908739776119,18.85242135539721,1.395477561637359,1.414213562373095,2.2568310744514704,1.263950041489706e-07,2.26261742675149e-09,5.115717017052149,6.197911672893315,2.44037134524121,3.67348504437666,4.187038811626412,4.692794454657816,67.07080639616281,5.079397494387221,6.227741810155863,2.4675964635991896,3.6910358604760805,4.136648248125626,4.642824665251006,67.95358497889715,0.40995499625289117,0.6299386058463475,0.07100502285591262,0.1832687950825775,0.25756240249530304,0.3845753742342881,10.158102674439583,0.17679067166461881,0.048076265362484,0.08032415816706232,0.1459460445043741,0.16592794954591095,0.19204441957113183,0.5490991596761707,0.675843268788881,0.16545692881927973,-0.20523809682491584,0.6290322340652239,0.7005383342431593,0.7692171246587624,0.8874046358111647,-0.027207105843631355,0.1809681310421238,-0.5349205256836245,-0.1531459297013866,-0.03706047618151618,0.09188994181593939,0.5898539324484431,0.7109412842387673,0.102270815256053,0.4609913365138809,0.6389874899450941,0.7136147715285548,0.7773792167678961,0.9999824533902133,0.9828438366743955,0.023681875675749937,0.8075099617807248,0.9777974762594535,0.9919440844428934,0.9981258702247142,0.9999999169887446,0.003942486478987273,0.0021197524213193045,9.612384270290434e-05,0.0025024019747705854,0.0037026201175257615,0.005227642689603052,0.01373252651292732,0.0039424864953971905,0.002119752433607418,9.61238329182379e-05,0.002502402290701866,0.003702620160765946,0.005227642715908587,0.013732526451349258
20260824,15,gaussian_blur:1.0,gaussian_blur,1024,0.33083677291870117,0.32134050130844116,0.9943851232528687,0.07778699180144363,0.0777869918224043,0.005463558743830443,0.1100074188114492,0.004487781471996307,0.08806367082816766,0.004403379600444095,0.006287283550628247,3.663249045947649e-05,20.134755380029862,14.237422066751435,19.622985516938318,0.9745827623215562,10.1662631461962,1.4004577534378468,1.4142135623730951,1.6357019634189585,1.2709448444258082e-07,1.416796346909166e-09,5.132367827539191,6.184117361975772,2.4414085210881122,3.668432439604343,4.1942188040312605,4.705135441761019,65.6540231437865,5.0565616283991,6.2463141248102,2.5124839055954284,3.666356006759806,4.149653406891572,4.666056582682389,64.47074265231737,0.7871605932803565,1.6144416408667204,0.1417964973453666,0.34703530780108727,0.481213493085478,0.650505664648816,16.01790708206364,0.3252002027346184,0.1037928897175406,0.1433273974920432,0.24539550199256333,0.31736603019660825,0.39168896072110426,0.7431559911868323,0.6786594996634381,0.1634931775193871,-0.23116226367863785,0.6292767298111415,0.7044814571280282,0.772271922274041,0.9003132646478959,0.005614882415350768,0.17422644637497153,-0.4692708605009255,-0.10651510600920228,-0.0019216122565265288,0.12181361384882425,0.5397438631587977,0.7084090661918259,0.10432924986516376,0.43524249045681174,0.6352921187146348,0.7097223587475836,0.7771813137123,0.9995133827046225,0.9844573169293962,0.022080062014653366,0.8418292951557441,0.9795505159561904,0.9935663520650989,0.9985152957013549,0.9999999905504998,0.002176348406561445,0.0010833530592204402,5.890192366602452e-05,0.0014797433116070778,0.0020011331093414747,0.0027913696999092275,0.0067413765688679374,0.0021763484085361995,0.0010833530624169401,5.890192915103398e-05,0.001479743281379342,0.0020011329324916005,0.0027913698577322066,0.006741376128047705
20260824,15,gaussian_blur:2.0,gaussian_blur,1024,0.3305780291557312,0.33009815216064453,0.9907252788543701,0.03783443184753446,0.037834431936620616,0.005717084488533589,0.05350596676945064,0.005008041780515017,0.04135350691786526,0.004390374854289417,0.006660020558268634,2.3246717187677295e-05,9.358960301665004,6.6177842941630205,8.257420510899282,0.8823010510505368,4.818919401925668,1.3732921642227816,1.414213562373095,0.908765225439935,1.2119623483786177e-07,5.965345106773157e-09,5.1249782513188435,6.190249068189535,2.459753816876387,3.6753114501662516,4.185100213726287,4.703279413197517,66.79880780410276,4.891443944798013,6.3765629352629745,2.5117266405329186,3.5396592447163164,4.106344432091695,4.592051610582914,69.78037931857884,1.5049029342849938,3.3242419054782824,0.19229272395812955,0.7056227424866632,0.9365730828588061,1.2970152385529439,36.063979786236665,0.49727319378990015,0.15339866733062715,0.2569331386231651,0.39013560450753254,0.4857591652068446,0.5689511741020599,1.30812009978364,0.6699018888105631,0.15274913190157924,-0.2515567302875709,0.6263793346965849,0.691867215313181,0.7513580342199585,0.8792949865905771,0.009274743664100337,0.1616282792227475,-0.4402795264837318,-0.09703685374304757,0.002398061585568231,0.11125129276975279,0.5894424357595096,0.7203316711985039,0.09514763200841028,0.4762775730145989,0.659894760654506,0.7220247608107502,0.7795183948658596,0.999999761515585,0.9865943648584655,0.021160964836906014,0.8078103830267945,0.9832893145850913,0.994730763262841,0.9987545686192092,0.9999999951107454,0.00107526526588625,0.0004918695276736983,2.7032867798511742e-05,0.0007411547608885656,0.0010295844406176318,0.001366362475181066,0.004916552332263824,0.0010752652656904615,0.0004918695322111713,2.703286736505106e-05,0.0007411547849187627,0.0010295843821950257,0.00136636255774647,0.0049165524542331696
20260824,15,gaussian_noise:0.03,gaussian_noise,1024,0.3306218385696411,0.35019874572753906,1.0018645524978638,0.08933881677590884,0.08933881682849548,0.005628899607714695,0.126344166405224,0.004838461739628193,0.10345737575910707,0.0043908794317986735,0.006533799368701072,2.238698227599483e-05,22.44562440446848,15.871453224365922,21.38228662877825,0.952626055015046,11.77892510045,1.3474449565329218,1.414213562373095,1.8215281615579855,1.235973104982883e-07,2.7631552601548037e-10,5.13606744776778,6.181042051425421,2.475365783776065,3.6880131033502623,4.203626477996394,4.712462876665549,64.69089842649882,5.1106474623199425,6.202094100467747,2.4908702055642378,3.6600887645247515,4.184133784040852,4.735580582173856,62.058481904893,0.6262259578103748,1.38018783753737,0.12963114911982154,0.2981519296706111,0.3950891890268373,0.5411290655255567,20.270320277829484,0.5681753756287322,0.2736830898381491,0.20137703353351855,0.34877843571313666,0.4618193416384997,0.7853768826313385,1.4257893102066657,0.6498012620661517,0.16312975242173033,-0.17797983851891053,0.5851810060923741,0.6653708761688996,0.7524112741388063,0.891404446955416,-0.0018645521743445902,0.18976971144808386,-0.5613214628923346,-0.12616165251555003,0.0016333827128404421,0.12294936608381282,0.5783991342413962,0.734417096629514,0.1087016954949175,0.4532086847668623,0.6586932457164583,0.74651290216081,0.8109026819572126,0.9998541898101172,0.9814768850431665,0.02688826363617154,0.8157539098948917,0.9762183173094834,0.9922432980093061,0.9984533365479967,0.9999999367784896,0.0025408882454648163,0.0011573913065664894,4.792408984658568e-05,0.001759444034771837,0.0024371977209244897,0.0032188127078604475,0.0075333925257294555,0.002540888250557316,0.0011573913035519804,4.792408799403347e-05,0.0017594441305845976,0.0024371978361159563,0.0032188129262067378,0.007533392868936062
20260824,15,gaussian_noise:0.06,gaussian_noise,1024,0.33117103576660156,0.3521465063095093,1.0123841762542725,0.04559947001869947,0.04559947006911138,0.005611009599071564,0.06448738900876333,0.005484118479857291,0.05172185608925619,0.004396663981501651,0.007028955090719117,2.757070193739255e-05,11.493009924530133,8.126785253879547,9.431206907587107,0.8206037382302775,6.0445109412348375,1.344490121440884,1.4142135623730951,1.1565621381776228,1.1839337348838695e-07,5.473220765495057e-10,5.140690464320774,6.177193721513494,2.4669341249350967,3.6819105814900754,4.210366156268457,4.708645854158705,65.42096569673025,5.14457323654273,6.173931173639933,2.463418738185582,3.6847670966182324,4.289219314288481,4.922223579089611,72.9355470200305,1.2810420463209278,3.0617419078774826,0.28206957295189006,0.5833135502640776,0.745004286538594,1.0069170760615032,36.6430666260864,0.7329368456911408,0.26423569245945916,0.30178491530548096,0.5380402583015547,0.6584336761332872,0.8960770621909878,1.7491655058932871,0.6478534915944012,0.15843792228289064,-0.20902686396872439,0.5948379494346623,0.6671671786122805,0.7457128045857303,0.8762543022336452,-0.01238422462694282,0.15721816412507664,-0.5542888275429072,-0.10565453449076437,-0.01672694157259298,0.09015028229016969,0.4957706959252436,0.7387408849260831,0.09735992078390693,0.4818489367187892,0.6662675215087692,0.7449077918137843,0.803845637958072,0.9970852716555819,0.9872899943597382,0.020299939641578953,0.8323243932873223,0.9858565015900734,0.9952046241703005,0.9988098830068737,0.9999999962520429,0.0013158428209389366,0.0005472000360349881,2.66440295161166e-05,0.0009519684083740172,0.0012972292517149622,0.0016586087846522898,0.003431550797107561,0.0013158428247255216,0.0005472000396564679,2.6644029276212677e-05,0.0009519683517282829,0.0012972292606718838,0.001658608700381592,0.003431550692766905
20260825,0,brightness:0.8,brightness,1024,0.37346547842025757,0.37109309434890747,1.0015290975570679,0.4104298574028237,0.41042985473454724,0.006570290486773556,0.580435466968416,0.004500936568642822,0.36971341973174743,0.004527177485203752,0.0063838676347087574,3.7983077334979504e-05,88.34243602118845,62.46753557712107,82.14144191843788,0.9298073000696596,47.823297352004424,1.3062155799214445,1.4142135623730951,3.2538052366973007,1.1129594693699316e-07,8.120747407858175e-09,4.207610634767954,6.844797014983868,2.398995020165422,3.2567685732744245,3.6787315951948996,4.14047481256849,122.60142873301822,4.220633928150614,6.836766803208985,2.3966581885536256,3.260105842142531,3.686433995144969,4.141429244004563,131.251055565096,0.1384329538210779,0.548007861352399,0.014809474260529483,0.06928988015714756,0.09361401817604453,0.12633844996290192,11.806896471499856,0.05984217317052107,0.0159631201964841,0.03171718068757921,0.04983126642708094,0.05679909436594657,0.06623111007263487,0.19141949733961458,0.628906885549356,0.12331523261927455,-0.35074777646683625,0.5627207633661643,0.6325835317182038,0.7046920703941952,0.8565943384526505,-0.0015290735686994718,0.1368929095754687,-0.3900381562802644,-0.09866122372159263,-0.004897474096694927,0.0893617336091778,0.43402393414232954,0.7625281394109782,0.08855974577757628,0.5159904449995815,0.7095130953909801,0.7744920982862618,0.8266470476662572,0.9931776095045551,0.9905116969078109,0.012768367109972048,0.9009013400986896,0.9874290121874814,0.995520135149754,0.9990600224162931,0.9999996661376535,0.011467283653754828,0.0057478889989130266,8.200355477214285e-05,0.007663544829583341,0.010355886334022475,0.013909566360266577,0.06531513372638914,0.011467283585304244,0.00574788894288414,8.200355659937486e-05,0.007663544500246644,0.010355886537581682,0.013909566216170788,0.0653151273727417
20260825,0,brightness:0.6,brightness,1024,0.37322449684143066,0.3693697452545166,0.9983354806900024,0.3079793825844778,0.30797938267736763,0.00657006957399033,0.43554861991362676,0.004556250330168026,0.2828855203444224,0.004504926398932321,0.0064073222902358805,9.746348817625718e-06,66.29284743617966,46.87612196628786,62.087352503739645,0.9365618600635814,35.81483732907814,1.3088464297661517,1.4142135623730951,2.962642506495746,1.129065344976726e-07,9.667067146779118e-11,4.207877868133196,6.844633100854875,2.394504137243637,3.25411667645044,3.682097675511386,4.144652877146431,127.72106664242122,4.212108551775449,6.842026909638875,2.389987668906372,3.2454396830206225,3.6774092864809296,4.168874349280957,127.03642187521157,0.1756172416062644,0.18908596055033428,0.03185099587335766,0.08548727317058544,0.11957715425804827,0.18436079734706443,2.8506661587247932,0.10905656533107003,0.03093062699957599,0.059613757847430796,0.08847446858202503,0.10461009733682144,0.12449216376924363,0.3422923049581754,0.6306301991242796,0.1222421689749063,-0.33616632686835995,0.5638224331839208,0.6354558212214623,0.7042830635829682,0.8657435351601089,0.0016644988286507872,0.13465132276016653,-0.4425942414341676,-0.09240141347246797,0.00031613410466947885,0.09511312181525702,0.38749612836173264,0.7612554090339813,0.08874057433296514,0.500487893288616,0.7099192055725446,0.7721372275707696,0.8258960322497764,0.9875045931276009,0.9908216204188949,0.012515039842706554,0.8967219956314855,0.9873948256901812,0.995547067865836,0.9990047152314483,0.9999999697720707,0.008516269384709754,0.004485646883060687,0.0003424960429391855,0.005252201781862822,0.00809978751050247,0.011313190775158414,0.02959055952060367,0.008516269398484155,0.0044856469224270265,0.0003424960596021265,0.0052522021578624845,0.00809978786855936,0.011313191149383783,0.029590560123324394
20260825,0,contrast:0.75,contrast,1024,0.37383806705474854,0.36601686477661133,0.9944483637809753,0.1612187993796953,0.16121879888268975,0.006628834468813487,0.22799781188940024,0.004415450246949437,0.14455813589980837,0.004559589866030284,0.006347130109718243,2.7499084860301344e-05,34.394856737192015,24.320836436808282,32.739160859004414,0.9518621086042421,18.559373845230667,1.3104341049710782,1.4142135623730951,2.304042939561775,1.1148475783870516e-07,6.944746999693052e-10,4.207588959210541,6.844809178009373,2.3882229289043284,3.2481947421251203,3.6883852296638744,4.146295619251604,123.43311647264788,4.125538370370103,6.8946271427157395,2.429215400066075,3.2312623811685777,3.6276573428219145,4.066766962145667,138.78913117909022,0.32055918046633536,1.0000284632234657,0.08192150817204404,0.16843996866751274,0.21442537760084768,0.28788539940968244,22.0823430192755,0.10136327389858638,0.039647833889184914,0.040786796292279125,0.07525081273037834,0.094216950423472,0.11609222240844268,0.32094532171016654,0.6339831011534699,0.11763483424047039,-0.31365486672256904,0.5654795303390387,0.6370931147906247,0.7071672182407418,0.8813805279235739,0.005551633300418482,0.1390226902131445,-0.40976970792485856,-0.08656906092232242,0.007303657754223669,0.09990673623931398,0.39137823276663336,0.7589780019142122,0.09056151848945569,0.47240699084281357,0.7070462138231088,0.7707868339158306,0.8247623286742948,0.9996855428507845,0.9901969260837096,0.013075160631082822,0.9121890080828513,0.986390048831356,0.9955452366690151,0.9990059037733618,0.9999999983597474,0.004652143575992038,0.0019348233544309462,4.3988840941567995e-05,0.003369803463606905,0.004493137951614221,0.005738481793475015,0.011892741783180028,0.004652143561521882,0.0019348233376593569,4.398883902467787e-05,0.0033698034822009504,0.004493138054385781,0.005738481762818992,0.011892741546034813
20260825,0,contrast:0.5,contrast,1024,0.37347352504730225,0.36155933141708374,0.9957768321037292,0.10870273931758456,0.10870273917873993,0.006602024083248793,0.1537288880136792,0.004380678892240714,0.09383058109569047,0.0045331265571403575,0.006303934005045938,2.5861197223983935e-05,23.28511469743544,16.46506250326314,21.419187163407038,0.9198660793268968,12.498576811864812,1.3173549862626428,1.414213562373095,1.9034152644727977,1.1118096804926148e-07,1.151917117248047e-09,4.198860952057324,6.8501733174135495,2.401661844557167,3.2469602557955124,3.67138340741118,4.151647018430387,126.21416350787764,4.140762754109657,6.885486531418796,2.415757697797497,3.2532068296561496,3.646204214058152,4.052094355202445,139.96415287260697,0.5246155405394286,1.4560991188741046,0.10580384319171872,0.24406512841024008,0.33856817220745883,0.5102890691528792,27.048058935859824,0.18433803353569983,0.049755273348109766,0.08783081771478828,0.15060470982931334,0.18065969063415271,0.2110404524620898,0.5658437954843356,0.6384406561883582,0.11721546776244839,-0.33549749039283366,0.5745783149032833,0.6440509656660689,0.7104952475938093,0.8830552370733525,0.004223187387949291,0.1290032240212954,-0.3806221495410066,-0.077489757433687,0.005853802087649582,0.09333162731359224,0.3764735266879907,0.7555310844184591,0.08858851255355864,0.46926905744713754,0.7037019808260625,0.7649825751902796,0.8184495865619956,0.9996399927563008,0.9915768994542735,0.01148764601560236,0.9247306522868071,0.9886192274522386,0.9963834562982514,0.9992945568441246,0.9999999999999994,0.0030404255249238212,0.001515716834562641,3.595337643684025e-05,0.0019131010857360835,0.002834501339134573,0.003964359682896911,0.008982592495275842,0.0030404255239631084,0.0015157168296945722,3.59533769369591e-05,0.0019131010922137648,0.0028345013270154595,0.003964359872043133,0.008982593193650246
20260825,0,gaussian_blur:1.0,gaussian_blur,1024,0.3737034797668457,0.3666134476661682,0.986596941947937,0.06536105812357083,0.06536105840234835,0.006561656526078435,0.09243449524366097,0.004647521707527315,0.06062923896283552,0.004532837405994465,0.006492000690936519,2.6016934851981064e-05,14.087067019782628,9.961060616717665,13.045498822445076,0.926062096824352,7.620437084466557,1.3071508134992296,1.414213562373095,1.4164103208961618,1.1153260718317293e-07,8.286015873437691e-09,4.222939987058519,6.835340431848613,2.3988026374429925,3.257162807976824,3.67279057391669,4.166699265930178,119.85573962799171,4.185068666191444,6.858613191468659,2.4317514538026606,3.260205786421077,3.676686621867881,4.100234898286276,128.72547112670298,0.6920797363658483,1.5153573024766933,0.16647910797588622,0.424052424942395,0.5414587569819396,0.6945659659018957,36.97294717902599,0.2849857348644547,0.08835502543588186,0.14469937441516267,0.22177522917598452,0.27420096145439676,0.3214060917609132,0.7828415111914706,0.6333865562431837,0.11193776466464563,-0.3188595932480869,0.573490071337295,0.6355052782747345,0.7044897442425714,0.8697112827166854,0.01340304613207882,0.13448770558508735,-0.4568564931979133,-0.08221725686721465,0.010528078641523742,0.10432259902743068,0.43719273886292004,0.7612096554246595,0.08288674974334614,0.49356082169809395,0.7097141491290742,0.7720964674465494,0.8192125103833513,0.999063889063418,0.9907485969232969,0.012979238726854043,0.8895404120234814,0.9873739582118649,0.9958588351300438,0.9990633486299956,0.9999999474417137,0.001894973526743942,0.0007626169509292051,2.6386689553128214e-05,0.001396570660716597,0.0017981134359727905,0.0022896290830724956,0.00584950278594044,0.0018949735357303155,0.0007626169610253162,2.638668956933543e-05,0.0013965706166345626,0.001798113458789885,0.0022896290756762028,0.005849502515047789
20260825,0,gaussian_blur:2.0,gaussian_blur,1024,0.3735511302947998,0.37235140800476074,0.9938752055168152,0.036525881122261634,0.03652588118648675,0.0066645330733612045,0.05165539655155784,0.004746207752788536,0.03393747057510664,0.004530766647354872,0.006561580178997535,2.0883109084357388e-05,7.750790037794178,5.4806361952774,7.15043932814938,0.9225432882690171,4.2418846135746255,1.292028589897762,1.414213562373095,0.8422205310242112,1.0988366608976682e-07,9.276979184846823e-11,4.202507925004321,6.847934006284017,2.424891722525893,3.2518280291898716,3.6635966130026723,4.141075136305221,126.36585876718944,4.148772830841251,6.880652871684782,2.4616532368463013,3.3024956444553784,3.6367661581516746,4.056538388853784,125.87165930097746,1.1039536390658498,1.2266588359168522,0.2565157431143193,0.7627289513077055,0.9489339520725872,1.2222184421739777,28.173574621791413,0.4735191405696568,0.11557946827777403,0.243814606673161,0.38802552019997166,0.4647133562240714,0.5462556404021566,1.108647307110453,0.6276485651486734,0.10538417638982016,-0.3657838577583943,0.5684100865425346,0.6282470403487862,0.6917501537025111,0.8486565045480576,0.006124813070662802,0.14179816837136772,-0.4828275678406897,-0.09168907217975372,0.008667888629378631,0.09832000838055008,0.38936544239704196,0.76757645638415,0.07612057347979884,0.528944361240644,0.7221369148084997,0.7780139056652362,0.8227453808735593,0.9992341769770569,0.9897752775329941,0.014849811907843725,0.875715444498408,0.9866089656806483,0.9955469248155975,0.9989424858979643,0.9999999996002582,0.0010652336833207108,0.00041025925150493835,3.461157566517731e-05,0.0007926088032988153,0.0010156777825141457,0.001263681059633479,0.0037775684449957814,0.0010652336862975176,0.0004102592516818818,3.461157393758185e-05,0.000792608771007508,0.0010156777570955455,0.0012636810133699328,0.0037775684613734484
20260825,0,gaussian_noise:0.03,gaussian_noise,1024,0.3726937770843506,0.3632594347000122,1.0051823854446411,0.08839974695208208,0.08839974693585731,0.006475729366157235,0.12501612102703885,0.004845083383832506,0.08068600286949264,0.004489134772076018,0.006605086221855991,5.5536204839385476e-05,19.30533441999364,13.650932881451565,16.653171158773592,0.8626201855134235,10.402952122688742,1.3122172161362966,1.414213562373095,1.7237977956404804,1.1296290685986505e-07,5.433891114847711e-10,4.215238414315417,6.840097934758428,2.3988787170212187,3.264774128267768,3.688619640235662,4.13087477107263,126.257582964499,4.250563808310451,6.8181712746299965,2.334555573744694,3.30736441567347,3.704570498481562,4.20503028817008,117.80421010234545,0.5216239421843927,1.1873215376081556,0.1458847820194683,0.30215128921938716,0.39342437420653753,0.5438691795868931,25.78022390315376,0.5247143292505552,0.24896849814085126,0.18546950142909072,0.3276131635780992,0.433148749601613,0.7146672047069458,1.2319214522628974,0.6367405436725211,0.11958508808437468,-0.44936598825078655,0.5710019877012237,0.6419040423325704,0.7175163364618692,0.8755280752485239,-0.0051823527822922565,0.14361471029218079,-0.42236427161147283,-0.10576109847534385,0.00014333031445719,0.09014174456748388,0.5118104183339902,0.7572105141352052,0.08314951145864388,0.4831672479086458,0.696541645731982,0.7667849452642376,0.8209486755540752,0.9963075157810507,0.9895194795761528,0.01481600141577384,0.859098420255087,0.9859813187473061,0.9951580709870609,0.9989417636286355,0.9999999951664544,0.0025611984955132105,0.0010356989707141601,3.703524082558482e-05,0.001769300826826656,0.002451288636181929,0.0032130672132871267,0.006691835900591575,0.0025611984959290623,0.0010356989651779233,3.7035239074612036e-05,0.0017693006957415491,0.002451288397423923,0.003213067480828613,0.0066918362863361835
20260825,0,gaussian_noise:0.06,gaussian_noise,1024,0.3730682134628296,0.3736337423324585,1.0237864255905151,0.05381820164660226,0.053818201484598885,0.006651494555173109,0.07611043044204759,0.00485441877890938,0.050578296564311065,0.004524295232256819,0.0066358593286514,4.699440503204057e-05,11.442605840044436,8.09114418394021,10.41902210498499,0.9105462733429721,6.288410876412029,1.2866754992291443,1.4142135623730951,1.2400730461820888,1.1075688345353505e-07,2.450236458173549e-09,4.200103602644296,6.84941060989354,2.374933853713854,3.25172254447809,3.685002574360925,4.1356905493356315,129.28459119111488,4.205318599258626,6.846201108600288,2.371901554879124,3.3031622762414647,3.6522847797019207,4.140173858699582,142.66980704204335,0.9443511817630563,2.6263773044444356,0.21848842362081872,0.5152548510035125,0.6701201763650529,0.8779066576291963,50.37100184121488,0.7093692078846616,0.29542309091771035,0.3024710280964776,0.5022289353350818,0.621725592619182,0.8783932370505819,1.7217899129458767,0.6263662154752712,0.10915232585974763,-0.4316412812401677,0.5789943461965584,0.6382391898633111,0.6909738477630574,0.825905113566022,-0.02378642755750547,0.1470804143007341,-0.5302684277892823,-0.12708136805312553,-0.018640308272769093,0.08582787282744311,0.4144448691890184,0.7689135981510811,0.06737269576664584,0.5638091373731862,0.7228797434731756,0.7698381230794906,0.8153315562713521,0.9998534873624082,0.9887164961798187,0.01620585951593396,0.8478298145794841,0.9849208157437618,0.9943799325664535,0.9987648170306413,0.9999999977922835,0.0015481657739620956,0.0006573577478656858,1.9109501413938523e-05,0.0010943546266995515,0.0014393263450548236,0.001877216282653931,0.004417581055685735,0.001548165766580567,0.0006573577415760741,1.9109500499325804e-05,0.0010943547240458429,0.0014393263263627887,0.0018772162147797644,0.004417581483721733
20260825,1,brightness:0.8,brightness,1024,0.39803922176361084,0.39783376455307007,1.0230045318603516,0.41776101569796215,0.4177610174017355,0.007013289574258899,0.5908032966403169,0.004373392036949912,0.35365121003270994,0.004369430690469725,0.0061821098718540775,4.48036679450738e-05,84.24053939092451,59.56705665413519,80.86428269974012,0.9599212360747523,47.471793908889765,1.2547884010943902,1.4142135623730951,3.28659517827705,1.0249393155343253e-07,4.6689729860105444e-09,4.074946524168393,6.924683230073731,2.4197693807774603,3.1732574208194064,3.5019782656956755,3.991738818202852,115.64318904286498,4.080537963424874,6.921386647808594,2.4132713810450235,3.1786700700561332,3.509533755126138,4.007833710217519,114.84581480882645,0.11115882400870969,0.18526122262683553,0.020291824746193076,0.06604789146699443,0.08933046830273071,0.12490228253571492,3.9184585503822387,0.06615829266489368,0.022063360471328296,0.031610319943973404,0.05350953281746058,0.06111426716567999,0.0713123168593145,0.2911652179800433,0.602166223736684,0.12272044043605815,-0.2597024521923895,0.5223514193550118,0.617311030051207,0.6907074136908156,0.8582589050476339,-0.023004565666337316,0.13896907424567048,-0.4962868832036544,-0.11436335373591719,-0.02113295563985772,0.06749027746677178,0.356043904918624,0.7841067373796984,0.08679989547656998,0.5132169637750065,0.7231343093304853,0.7867191393940678,0.8527303155891945,0.9946583674825554,0.9899218509068799,0.01523817534328494,0.8681585854900027,0.9866488585919295,0.995639236576635,0.999045811706162,0.9999999932053919,0.011814052777737845,0.005558073304239658,0.0002485671459597832,0.007766713467604515,0.010847017097978,0.014697602069561257,0.04811524665200099,0.01181405281795378,0.005558073349022149,0.0002485671720933169,0.00776671280618757,0.010847017168998718,0.014697602717205882,0.04811524599790573
20260825,1,brightness:0.6,brightness,1024,0.3989903926849365,0.3962181806564331,0.994722843170166,0.3987285852809908,0.39872858400505373,0.007012365594770698,0.5638873712057669,0.0043475844800215675,0.3302519598767595,0.004378142265700226,0.00617005838786272,0.00010546135157429157,80.41328758247748,56.86078094707382,75.96217195878874,0.9446470134786696,45.17795850874554,1.258595626863395,1.4142135623730951,3.2340392165089233,1.0595097506385484e-07,1.1018004286711403e-09,4.0790808135029275,6.922246353440786,2.4777162392154928,3.174023606557159,3.5046725605532822,4.004640672528945,115.12968055082851,4.077313771429946,6.923288285938517,2.450960449456368,3.169048791838097,3.514730980961839,4.004827533251309,115.54032450215315,0.11698394036301706,0.14186584335374597,0.028797937164028366,0.06696635241450179,0.09803486935935316,0.13511514177469197,2.8996997578718626,0.1154426659434333,0.03202639816691022,0.0604867930603686,0.09640025862974752,0.11007971560639433,0.12566536367723968,0.34364106715322407,0.6037818330871505,0.1216621708818774,-0.25833182032837887,0.5238235113166081,0.6170464706107106,0.69240058342479,0.8577608994956827,0.005277175662803408,0.13158281418406195,-0.3974973845945343,-0.08187574806935956,0.0015094577389331912,0.09216782731935957,0.4904366445664288,0.7830560744498967,0.08654922559024307,0.514048868587761,0.7215132003023454,0.7869266842575952,0.8518268178605298,0.9948253574318496,0.9912067668391218,0.013577483839712483,0.871476848611839,0.9891139892423234,0.996321911280968,0.9991023000262447,0.9999999885197516,0.01120557249224398,0.005451830593236715,0.00033570221079346017,0.007138295459097294,0.009913819980015379,0.014503618362255798,0.03348571747780959,0.011205572472135827,0.005451830538652834,0.0003357022360432893,0.007138295215554535,0.009913818910717964,0.014503618236631155,0.033485718071460724
20260825,1,contrast:0.75,contrast,1024,0.3985838294029236,0.39162230491638184,1.0181663036346436,0.23251993366511242,0.23251993293823678,0.006990845200800795,0.328832842683337,0.0043510638505275265,0.18532280379053181,0.004357141731159843,0.006157632718568234,5.029824012988165e-05,47.03763754426568,33.260632478545205,42.59252682951622,0.9054988526886304,26.31293998115775,1.2640409103453951,1.4142135623730951,2.6891735814165036,1.0488126727499825e-07,3.881501120517328e-09,4.0803053605291835,6.921523994992355,2.5036600082120426,3.1701483775586077,3.5105882848351975,3.9935856068491087,115.20017287471404,4.06891881566764,6.928230297605186,2.4360474408145874,3.164536326164233,3.4949847349669048,4.001456002164053,119.2760325324535,0.20788255946122008,0.36137197466556625,0.05400030503862628,0.11584095786917574,0.15527191403571966,0.217719942395506,7.056736495750411,0.10388601277171605,0.035845075716276896,0.05391217365704035,0.08084052736279002,0.0937751877234697,0.11790864918036073,0.357670964743452,0.608377696612345,0.12260449985839905,-0.27646556822994206,0.5234369702995728,0.6196001821081774,0.6978077033273716,0.8655183719752821,-0.018166362476646384,0.13359497554813407,-0.42419394264959137,-0.10881936450209896,-0.01825003705070261,0.0729873184158674,0.47672771777913625,0.7790341976827919,0.08929109310802741,0.5008771783314323,0.7162850663150891,0.784917580728415,0.8520643958576796,0.9939513684424572,0.9907898630759677,0.01324438087985007,0.879051012797947,0.9883992566577328,0.9958011248820497,0.9990276100166464,0.9999998928377407,0.006582858793596618,0.0030779182224750495,0.00013637010900341661,0.004455113340523268,0.0062282966681882004,0.00834259664125292,0.018084373672391657,0.0065828587910772285,0.0030779182046090092,0.0001363701157970354,0.004455113899894059,0.006228296784684062,0.00834259670227766,0.01808437518775463
20260825,1,contrast:0.5,contrast,1024,0.3987421989440918,0.3856850862503052,1.0051965713500977,0.13277344338781102,0.1327734433266188,0.006925341136406406,0.18777000427547982,0.004341959561957287,0.10882159807560883,0.004384476951966108,0.006170595674648788,4.579512655081516e-05,27.113466409383932,19.17211595954905,25.06278479170215,0.9243666749681242,15.070425563254844,1.2721681857999008,1.414213562373095,2.125437983342664,1.0495639953762547e-07,6.00386851346002e-10,4.079380855347852,6.92206920961839,2.3933192776693994,3.180320674136197,3.5047430432393583,4.010324458907213,118.42689332410404,4.091342784343148,6.91499815275109,2.4163354050329087,3.1788644891655067,3.532476456518729,4.015708087212068,133.6827562734791,0.41688332794930966,1.086842553040963,0.087035810284665,0.19941070005728206,0.2777988968585462,0.3940627582754482,19.587492593794686,0.19298144020348423,0.04827780390173354,0.10969753335508717,0.161389253816108,0.18522287686441752,0.21683713101748583,0.5627344621398803,0.614314959712756,0.12586271857337178,-0.2807714471477445,0.5280277551835479,0.6270971740226977,0.7066640317249191,0.8764209911876735,-0.0051965704005020145,0.13009309541804787,-0.3997744536065325,-0.09078237199291853,-0.007764808896781897,0.08716364717448898,0.35114570810625195,0.7735927608855276,0.0913978915521115,0.48154568444293616,0.7075491747251985,0.7789410336646688,0.8492270811045151,0.9981263570410467,0.9914316364535152,0.011346616243320824,0.9166135424722888,0.9879673446330276,0.9959955895050967,0.9990978068694067,0.9999999990441969,0.003743140469507067,0.0017909897984822365,4.962746115656035e-05,0.002446669696104598,0.0034658428625553724,0.004862244476989143,0.011087477939805798,0.0037431404618573083,0.0017909897857294247,4.9627458793111145e-05,0.0024466696777381003,0.003465843037702143,0.004862244124524295,0.011087476275861263
20260825,1,gaussian_blur:1.0,gaussian_blur,1024,0.3981750011444092,0.401470422744751,1.000927209854126,0.07203761495385928,0.07203761483342447,0.006978337458430274,0.10187657189843813,0.004404578692885029,0.06268336142331697,0.004376860689914474,0.0062094462684474045,1.9101950533451878e-05,14.598974684917934,10.32303399807621,14.231409129906803,0.9748225089128444,8.276304392481112,1.2472999425592388,1.414213562373095,1.5458417799746391,1.021175963560332e-07,4.5836756612516183e-10,4.078027388735424,6.922867458529968,2.5073473862475355,3.1672107123942044,3.5005936923752303,3.9995903952283762,116.0434157343665,4.166926006074126,6.8696707192561774,2.299973510601942,3.2282679416544076,3.5772609061414813,4.061996672907649,118.22126028749138,0.665913102976443,1.7904200181605516,0.11649682815559519,0.3807230933030866,0.49364124576391605,0.65418156040763,42.87676669946417,0.34658955375284867,0.0949891427073348,0.1328482680161418,0.28230758053639526,0.3429434743580861,0.40975858750672906,0.8136014629184652,0.5985295865814908,0.12511147759584149,-0.29438133422771284,0.5126042865117614,0.6126377967153871,0.6878892299810196,0.8391749308356413,-0.0009272224569918603,0.14303780056405568,-0.381775682184186,-0.0958941228116604,1.1311864785746445e-05,0.09746201649039957,0.4223836813892783,0.7866884695578642,0.08516497590975511,0.5438615958651583,0.7258156727264289,0.7903636310016587,0.8586249683356414,0.9987271821953054,0.9896335127564488,0.013601442809801224,0.9064171366959257,0.9852431104139734,0.9952785982036463,0.9989479973126173,0.99999999960944,0.002071830240630163,0.0008809473978830131,2.2608151600892865e-05,0.0014756319855977174,0.001963159980701695,0.002533977831178725,0.008330206922148906,0.0020718302360460683,0.000880947392609826,2.2608153813052922e-05,0.0014756321033928543,0.0019631600007414818,0.002533977967686951,0.008330206386744976
20260825,1,gaussian_blur:2.0,gaussian_blur,1024,0.3983398675918579,0.38890212774276733,1.0039926767349243,0.041909416300758326,0.041909416308305615,0.006904762004098323,0.05926886493434597,0.004526959766807747,0.03455796737554814,0.004368975288934802,0.006291367880327694,2.01313372367037e-05,8.583766522172223,6.069639515950046,7.63381367533496,0.889331467208073,4.818970004188575,1.2595304643499348,1.4142135623730951,0.9952476186982817,1.0794556416505103e-07,1.8310803984178392e-09,4.080793077050354,6.921235782037586,2.5245564457386713,3.1777253280994344,3.5071390068436674,4.004188887574458,115.81101461050963,4.153565836409869,6.877763346338871,2.372057811267001,3.2528949035118706,3.602557309480462,4.0125230751205,120.99787175963532,1.004293874092769,1.4868590994407713,0.33479464526288344,0.6380613452862363,0.8237311700384833,1.0763860263627079,32.72284305582819,0.5596418187590292,0.13558947017804251,0.2891196204440744,0.47195188152372275,0.5440878164554086,0.6265496289562567,1.1068619362292935,0.6110978756606016,0.12178284251902573,-0.29273334281288566,0.5395233115956496,0.6280500437847886,0.6956478429495416,0.824475165894355,-0.003992636967921852,0.13791535522319293,-0.4074145583067869,-0.09944151974602769,-0.009176387044276793,0.09373420169306726,0.42270198184600527,0.7776717245126441,0.08352431254349892,0.5658981364375357,0.7183829496698073,0.7781729488730622,0.8419706619149613,0.9986803938551967,0.9903632029622029,0.012762200727035565,0.9062687430025707,0.986905326604518,0.9952224432636365,0.9986989971247126,0.9999999984881986,0.001224487242118206,0.00046483929933539397,2.9813599951900887e-05,0.0009020688198094235,0.0011751555382323634,0.0015205843036527318,0.0029165345966055216,0.0012244872435367427,0.0004648392982237126,2.981359648401849e-05,0.0009020688885357231,0.0011751555721275508,0.00152058427920565,0.0029165346641093493
20260825,1,gaussian_noise:0.03,gaussian_noise,1024,0.3981400728225708,0.3921598196029663,1.0099990367889404,0.0715365816276959,0.07153658163626521,0.007007211325649583,0.10116800395581635,0.004454968369157373,0.061593797048146416,0.004366386651681285,0.006237954437327449,4.0608412113660114e-05,14.437698430115187,10.208994464660819,13.8258663012228,0.9576225994846806,8.118551055623135,1.257489713404971,1.414213562373095,1.5184606637818812,1.0363697362318243e-07,2.396088882861136e-09,4.076953449611979,6.923500936464973,2.423149656950462,3.1712869903682943,3.5028047279291927,3.994048859943667,118.06518114400617,4.060055417625277,6.933432342240901,2.565335837677916,3.2113753573199606,3.516965559496727,3.920189330439396,141.55387675908185,0.6328393342700526,1.2075503448358105,0.16454556784062455,0.3781773217760165,0.5140181405234756,0.6859035391943138,27.417708254626795,0.563870463486732,0.25731789523173887,0.17584921367610512,0.36872635376348223,0.4835781819873968,0.7273018328000511,1.4585433523944606,0.6078401794489685,0.12092581648492996,-0.3700616974803491,0.5371545510869267,0.6139568418366265,0.6839287933695815,0.8790751119960709,-0.009999055720114641,0.15176998584331117,-0.4741164297522951,-0.11549089261861956,-0.011741506905491673,0.09668141370595634,0.49208452200030706,0.7800191242437571,0.086596954728091,0.4766832779415441,0.7295484211418823,0.7893395839707339,0.8434838136428794,0.9999976220924015,0.988242067811183,0.016317474554162242,0.8705474273167024,0.9844175440621356,0.9941892421199534,0.9987009141766415,0.9999997204116267,0.002052399215943155,0.0008865475274620601,3.530923638275998e-05,0.0014135798107266437,0.0018884877171674221,0.0025464814198644563,0.0058816400600176,0.002052399218168688,0.0008865475246677627,3.530923277139664e-05,0.0014135798555798829,0.001888487779069692,0.0025464814389124513,0.005881639663130045
20260825,1,gaussian_noise:0.06,gaussian_noise,1024,0.39850914478302,0.407520055770874,1.0196797847747803,0.04650762623261849,0.04650762632512472,0.007000108569077741,0.06577171590277137,0.004669576194991438,0.03985356789269796,0.0043807002666497435,0.006402771014729158,3.158146239907264e-05,9.395813686849252,6.643843572736482,8.534729112128993,0.9083544434341576,5.375230635914041,1.23601088107816,1.414213562373095,1.1233387293624089,1.0261632293493775e-07,2.7758103593455985e-09,4.075856172522881,6.9241473101940105,2.4806610112342127,3.183803848632725,3.5051046749199966,3.9947631636130883,116.18930834323726,4.168172916870271,6.868909481361876,2.324093609707456,3.2750139439001917,3.6237768155522914,4.017586209582386,130.95811974555244,0.9733410832408327,1.6854112906228411,0.2681191157037291,0.5851588555978791,0.7636709505394605,1.0488351628711994,33.11804230092114,0.7681967325410471,0.2501940779890761,0.2754955270137438,0.5747259648225946,0.6877467110311591,0.9539573094523193,1.5465061579665056,0.5924799046353049,0.12416045014085433,-0.37129235017010476,0.5246970664678915,0.6022924483711012,0.673059191080883,0.8466696834635314,-0.019679818715260013,0.16110545063897544,-0.5013535719265132,-0.13271613289304068,-0.025965178972979903,0.09145278915325047,0.5489540980685645,0.791974504842468,0.07968302192527328,0.532118827992173,0.7395886100790087,0.7982754545532795,0.8512889609362846,0.9982071490004681,0.9865855946645902,0.018228385642702672,0.8358524978808934,0.981627974845166,0.9933758610203394,0.9985736420425625,0.9999999882987106,0.0013398097685209454,0.0005634578663437813,2.8818429190970088e-05,0.0009180172328949105,0.0012540265425443706,0.001658216600221119,0.0036212624602984167,0.0013398097700889622,0.000563457872362683,2.8818429200327955e-05,0.0009180171909974888,0.001254026428796351,0.0016582164098508656,0.0036212620325386524
20260825,2,brightness:0.8,brightness,1024,0.34182000160217285,0.3414754867553711,1.0032426118850708,0.37719957732035864,0.37719957643771473,0.006363694054976315,0.5334407567196031,0.004322466811824476,0.35033623778473627,0.0042898584671833,0.006089877257202177,7.807694518209924e-06,83.82564468234615,59.27368179222102,81.0500700263011,0.9668887168531423,44.247646186409824,1.3395894966853232,1.4142135623730951,3.1508653649595266,1.1681384187279988e-07,4.928696339945304e-09,4.230440904943231,6.830699303844425,2.4275610300074373,3.2869753105180894,3.608196924011094,4.119408367809524,127.94289294145581,4.242815486867851,6.823011714090695,2.427568681667474,3.301237078195947,3.6182688715745464,4.132792822139503,129.05793687735414,0.12388169974774593,0.18484830575235914,0.02783532053195561,0.07092360616651155,0.09408700579613472,0.12915285953791047,3.2517840613070113,0.06462609680774965,0.018021458691196417,0.034474056384885404,0.05324629101644689,0.061242635121442124,0.07112605566537097,0.19509322784836103,0.6585244780389861,0.09758127779008682,-0.28683846172469785,0.6066407708899851,0.6667342400825647,0.7198719431825519,0.8786746059393886,-0.003242627992692886,0.13714291475301543,-0.4004766060527757,-0.10265450322714773,-0.003796786150602721,0.0872342774653697,0.4941503839948598,0.7427457075181438,0.0718788175764633,0.4774211315780441,0.6941068976185396,0.7452954573361247,0.7949760831328838,0.9992388801712723,0.9904702075676641,0.01298484634150243,0.8693764420535747,0.9866763339631072,0.9954235549924118,0.999018066130485,0.9999999008534028,0.010810297735042398,0.004701477806759974,0.0002951783238075327,0.007442752549030947,0.010291576866595072,0.013568441612907245,0.03495689451459372,0.010810297713078398,0.004701477796932341,0.0002951783244498074,0.007442752015776932,0.010291576851159334,0.013568441150709987,0.03495689481496811
20260825,2,brightness:0.6,brightness,1024,0.3427397608757019,0.34014707803726196,0.9940009117126465,0.4296472000151051,0.4296471995910282,0.006355515867996684,0.6076128966972522,0.004329950467926695,0.40262365752352874,0.004320760574608715,0.006116979891890412,9.656211821111944e-06,95.60402480574362,67.6022542488682,92.985742101645,0.9726132586005802,50.365685593275046,1.3422284144490635,1.414213562373095,3.2784052829424697,1.1736447955734339e-07,1.0004606032509855e-09,4.233181696601276,6.828998820391077,2.4183496796128123,3.2967606323365617,3.6142517377404584,4.12142472868194,131.93850440697418,4.2320433951997405,6.829705226503391,2.431802273384761,3.301533486405215,3.616973425986019,4.1305316761243525,135.12555980764833,0.12827296011469824,0.2087352947896017,0.020366335727693297,0.06295416670229778,0.08722287463111005,0.12621090880255198,3.7661316016927735,0.12084604883153842,0.03134404542587856,0.0673463084031459,0.10046066068831759,0.11712507133735119,0.13388107261479454,0.2784005274212192,0.6598529182687726,0.09849186961317763,-0.29378026942093877,0.6083520349426721,0.6668404071629654,0.7214758704947574,0.8897369732359819,0.0059991138519437485,0.13636047941688476,-0.3778931906871853,-0.08584694600213101,0.006363626618774614,0.09679154882260999,0.3984241417844476,0.7413136416610713,0.07322753883002368,0.4564735681908357,0.6924395757189515,0.7452005546614473,0.7936672836701721,0.9991129617180243,0.990568441795886,0.012740066274111892,0.9172012882913577,0.9869492790499649,0.9956766913396742,0.9991439800532574,0.9999999572390539,0.011940808246762986,0.006142000436460392,0.0002593009958405666,0.007657485565775751,0.011070613609225758,0.015348404059644997,0.046534741583581306,0.011940808238989575,0.006142000444309436,0.0002593010140117258,0.007657485548406839,0.011070613283663988,0.01534840534441173,0.046534743160009384
20260825,2,contrast:0.75,contrast,1024,0.34221476316452026,0.338329553604126,0.9931362271308899,0.26519192341067577,0.2651919234471646,0.006318578458129081,0.37503801477078774,0.0042739563402649,0.2423990807619902,0.004319788473699974,0.006076781652816044,5.629206345336413e-05,59.35480856272153,41.97018763072975,56.715385339422134,0.9555314339779184,31.191283723116538,1.3455742346023831,1.4142135623730951,2.7967442354905914,1.188128045102678e-07,2.1746044964743305e-09,4.235272100832248,6.8277011639928755,2.4137373240521276,3.301790027215774,3.6255905101839474,4.118594347173364,131.85386025086638,4.2606377405005755,6.811886075909527,2.436050990908839,3.306653116609587,3.6288457657638697,4.118704839898574,110.64535054416693,0.30306287264067233,1.5597161503410903,0.03597092250402252,0.09879909741424922,0.1353852331067235,0.2126480652161868,29.760596309040515,0.09974535849533125,0.03349470060140458,0.05098851275790748,0.07475484844282199,0.09044192595519608,0.1196773272494792,0.30420342210935475,0.6616704267009175,0.09967712663476387,-0.3101485016393584,0.6105001495501192,0.6676567610023303,0.7227484154127813,0.9029793541519775,0.006863792992177646,0.1356244914374239,-0.42758331999956767,-0.08723228809835536,0.0038724363765550718,0.09760505330227516,0.472739451312126,0.7394087428956038,0.07447514350580837,0.4296839373019167,0.6911110997140572,0.7444691618680115,0.7920161268608108,0.9989699863141579,0.9906562570423183,0.013311723895350382,0.8812022532728283,0.9882748332082001,0.9956493706956767,0.9990284801977946,0.9999999968840464,0.007388739770131322,0.003754832330225898,3.257417186252569e-05,0.004519074325071237,0.007152604291172381,0.009735729031558114,0.02711121616475876,0.007388739774729203,0.0037548323226496913,3.257416756241582e-05,0.00451907457318157,0.007152605103328824,0.009735729079693556,0.027111215516924858
20260825,2,contrast:0.5,contrast,1024,0.34291863441467285,0.3375750780105591,1.0013482570648193,0.13203362153213902,0.13203362066973495,0.006275510259870584,0.1867237370403638,0.00425243810904637,0.12121609167958379,0.004313560586813865,0.006057229961573512,3.184866549890091e-05,29.754351328909227,21.039503594478674,28.50508074925683,0.9580138526347705,15.613554971738438,1.3475152710118976,1.4142135623730951,2.1033034985536627,1.1598168493518262e-07,7.829206172260683e-09,4.233155945849475,6.829014905171521,2.43372955684461,3.2934990313886368,3.6109269058428244,4.141710957577794,132.62221788523806,4.307353273463562,6.782414349034257,2.4428634246785923,3.344796891636973,3.6689079765336423,4.110513367663841,129.438083028384,0.643195885165508,3.181333840295617,0.06265956603347579,0.20340652742532422,0.2900083387892132,0.44008679886099933,59.73585586906255,0.18416065110762989,0.05107013214065734,0.08981231532393157,0.14780067535130229,0.17075705508219802,0.20903303941017543,0.4443471699183743,0.6624249528550061,0.10459259426761275,-0.3142835853929252,0.615483803881867,0.6698662683668082,0.7223994533625814,0.9025480554092593,-0.0013482653692168198,0.13728070438952708,-0.47317884841008734,-0.0992707053195908,-0.006337775107269673,0.09073744761856364,0.4047181534279195,0.7380164181965916,0.07484310891018989,0.4305891402218183,0.691475973167343,0.7424817576552453,0.7881494304354579,0.9981996260470587,0.9904489511772583,0.013477654594225234,0.8809663883584342,0.9873636615867765,0.9954419757105226,0.9989226444074507,0.99999999710564,0.0036267343963441085,0.0019684704295397193,1.622038219820757e-05,0.002181980738914041,0.0033419389633914313,0.004789210185566987,0.015579667161697423,0.0036267343874065716,0.001968470396606853,1.6220381439779885e-05,0.002181980642490089,0.003341939067468047,0.004789210390299559,0.015579666011035442
20260825,2,gaussian_blur:1.0,gaussian_blur,1024,0.3422695994377136,0.34700578451156616,0.9928808212280273,0.0816345492784192,0.08163454913214563,0.006384955948441705,0.11544868654089313,0.004407079390946326,0.07489032650658836,0.0043144282667683725,0.0061673851855704445,2.7506454763726443e-05,18.081359914326303,12.785452208494739,16.993187520161115,0.9398180004534392,9.61870329362207,1.3292282580392645,1.4142135623730951,1.6325373558434864,1.1465726788300499e-07,1.1797050003536924e-09,4.240937299245607,6.824180234730131,2.4016265274013,3.304371580717275,3.615987512851284,4.12793518049762,127.67347695811107,4.250388423760661,6.818288741232065,2.4456933384036006,3.3428037700775306,3.6696778201411653,4.091792447298281,113.86494661270751,0.5862756878428076,0.8582862432830709,0.12042320976492149,0.3347324182286267,0.4587731599463173,0.6544724272842889,16.679300695565814,0.31192178345766897,0.08932208882294401,0.15272391427099624,0.24753143891513246,0.29895991883002426,0.3626423625796167,0.9457635311926117,0.6529942566220599,0.0995816226593945,-0.2802331666403343,0.5992631534737269,0.6599545230263684,0.713373755644007,0.8810434363157302,0.0071191586035769805,0.13174642499573064,-0.3933260728609242,-0.08307721222040856,0.010082056297476775,0.09736525685586293,0.4084012691275249,0.7472953903289257,0.07243209487201296,0.4730353721710142,0.700783759065183,0.751305545763275,0.8005521050187241,0.9997129171797042,0.9911889485192975,0.012400237490471151,0.912802499654239,0.9888602051886496,0.9957649337072182,0.9990983469717745,0.999999981040623,0.002291528473839223,0.00112166543869568,5.750152804260879e-05,0.001475150781026067,0.0020925294265209692,0.002874494122398005,0.008070852141945318,0.002291528478377103,0.0011216654357714558,5.7501518313074484e-05,0.0014751507260371,0.002092529321089387,0.002874493773560971,0.008070852607488632
20260825,2,gaussian_blur:2.0,gaussian_blur,1024,0.34236037731170654,0.3490889072418213,0.9781890511512756,0.03932953850460848,0.03932953857841669,0.006404354203526202,0.055620366859472734,0.004447132851563599,0.035409517835313216,0.004314398753945006,0.006196049322552105,2.4126707138026695e-05,8.684773685510471,6.141062366094938,7.962325169319675,0.9168143532172729,4.643723151218017,1.3224436862989986,1.414213562373095,0.9094615548892144,1.152324352121618e-07,6.263057850119935e-10,4.239085182162037,6.825332016568618,2.4101215514474594,3.2948763494852447,3.615133711005137,4.137701298608436,129.0215572147976,4.311753109791521,6.779614300896478,2.478854458104476,3.3035459321628675,3.700545820470068,4.125408489008942,111.42839125013901,1.2518251393716615,2.6353784917731615,0.3060550135842376,0.6914136386253282,0.9086181510150955,1.18987044198705,43.90271980699925,0.5633466168085688,0.16339867979287648,0.3537562778179273,0.444384758761489,0.5183685464858189,0.6283467809412256,1.2056045178287063,0.6509110679001502,0.11349442932419276,-0.29297901433388884,0.5976167611493872,0.6652045360464951,0.7154499359947963,0.8590011261053216,0.02181093267058536,0.13924171052977605,-0.3771447587967003,-0.07419645797507286,0.023554209597228787,0.12184528799304167,0.46778288855777306,0.74663057940622,0.07742743493150143,0.5119736959549676,0.6986639943616897,0.7466611785135439,0.8017816662808417,0.9999551635203627,0.989931462619589,0.013814803587138585,0.8838434076082404,0.986782724478742,0.9946447673132739,0.9989212825236542,0.9999999834809886,0.0011334571528262207,0.0004754522247945632,2.2157443479117437e-05,0.0008142415606937084,0.0010669913035830647,0.0013915307975953487,0.003146043423416062,0.0011334571545571492,0.0004754522214948479,2.2157442799652927e-05,0.0008142415754264221,0.0010669913608580828,0.0013915308809373528,0.0031460432801395655
20260825,2,gaussian_noise:0.03,gaussian_noise,1024,0.342205286026001,0.33856111764907837,1.0041041374206543,0.11165824030511187,0.11165824040522417,0.006370818050472977,0.15790859793178352,0.004374427705426942,0.09907276353410374,0.004322391509562826,0.006149689919983578,5.4530601476680854e-05,24.786235720554004,17.526515358091967,22.648165704325955,0.9137396238649077,13.00957824731036,1.3472008842069905,1.414213562373095,1.9210832633058645,1.1505882933976876e-07,2.2911240682432776e-09,4.241700808356626,6.823704864853825,2.4365157819675116,3.299556808329207,3.6196502244253077,4.1399787964503005,130.68780288463824,4.204098261810523,6.846959219411352,2.357697562783694,3.2837335569054655,3.6306678400569607,4.078223129190318,133.8509408310704,0.45874300599870704,1.2057248701059833,0.09116505066832256,0.24599760125955927,0.3243536375595589,0.44642585205706387,25.704129737313245,0.48685111772371614,0.235878430918978,0.1434783619146348,0.31682452765207836,0.42802747808137276,0.6532151713326582,1.1872954770864936,0.6614388846116745,0.10291075947679611,-0.3967048968020409,0.6055423131839156,0.6717939891882766,0.7241245065132367,0.8553693607514433,-0.004104171400783154,0.1318138538581191,-0.42050535788601906,-0.09097002194009592,-0.0029468036148399407,0.07746619260468562,0.5500214236357621,0.7391549883415096,0.0746569900106411,0.5180185872028794,0.6896692665919966,0.7407380318404395,0.7958131002310738,0.9985826877479494,0.9911849168344915,0.013336630496760808,0.8351505454357852,0.9881398327326393,0.9964829553619281,0.999196781704515,0.999999999912762,0.0031812745023604375,0.0014341740889242663,3.734676753121892e-05,0.0021629548688982384,0.002970992281156779,0.003945740118861852,0.01059504898570948,0.0031812745032837597,0.0014341740833654464,3.7346766475820914e-05,0.002162954828236252,0.002970992587506771,0.003945740056224167,0.01059504970908165
20260825,2,gaussian_noise:0.06,gaussian_noise,1024,0.3424031734466553,0.35119152069091797,1.0127978324890137,0.06238330114176014,0.06238330089732506,0.006482150255256893,0.08822331019459877,0.004432019082481768,0.05436692765400393,0.004311914933147674,0.006183478271829249,4.5170285845713964e-05,13.610192099921079,9.62385912710577,12.266853242779915,0.9012990524102188,7.273564137118397,1.3231283836532775,1.4142135623730951,1.3576739136062477,1.1468686695081929e-07,3.4329408205024947e-09,4.2356940056227925,6.827439504513001,2.4425784468970764,3.2930417603387827,3.6125157372394696,4.127431678351683,128.0446968459054,4.2024668290379665,6.847960985545103,2.494199507451838,3.30182248944857,3.6217196306401878,4.0432416755182565,118.96900047488236,0.7362130026956177,1.3556640923104664,0.19507923436832586,0.42944501474079455,0.566628147789376,0.7600615199275909,31.622455329515947,0.6704913836455024,0.2388789614958782,0.25064286136307357,0.48273431121287785,0.6341776830439732,0.8531646891509999,1.532033268761715,0.6488084524761959,0.10294380879655023,-0.39042446803353525,0.5991018352042196,0.6614808434948347,0.710754186551128,0.8390794812956789,-0.01279782853371728,0.1322192978436499,-0.4012871563932971,-0.10063159404551265,-0.017352323508774175,0.0738832177940677,0.47595860424358405,0.7507461130729044,0.06960976177569916,0.5440088455793478,0.703440461579494,0.7499620614822136,0.8006726502077696,0.9999814339042462,0.991065271849938,0.012693673941815678,0.8794676839125467,0.9880865152075817,0.9960326994843283,0.9991772379937933,0.9999999159876753,0.001799905906072832,0.0007492342915189919,3.051469593399335e-05,0.0012697989474770616,0.0017134463107082048,0.0022530561470581164,0.004970295478481525,0.0017999058967497206,0.0007492342861021446,3.0514696845784783e-05,0.0012697989004664123,0.0017134464578703046,0.0022530562127940357,0.00497029535472393
20260825,3,brightness:0.8,brightness,1024,0.35792046785354614,0.35712194442749023,0.9921238422393799,0.28838760618299014,0.2883876067191785,0.006520033545283826,0.4078416646425806,0.004664020848855293,0.2713198504576544,0.004647807347617742,0.006584466843953755,2.241878052658095e-05,62.55208072320228,44.23100045670465,58.172949746621605,0.9299922412499967,33.60149692536495,1.316340176822199,1.4142135623730951,2.8931417345214046,1.1365604089321392e-07,1.1864795812499551e-09,4.240430327298015,6.824490440232821,2.1343788239110837,3.284643820340483,3.713377013366076,4.182139467536857,124.54870177310816,4.234584303809818,6.828123922733838,2.091529417812924,3.2772440143955515,3.6983407350342854,4.183967328642542,115.699557125215,0.1791584687729151,0.6634855830407761,0.03950229831498533,0.09357679892343065,0.12439484918532429,0.16193185014682138,13.895586817524249,0.07203413166208644,0.026012200671537297,0.030997797834673872,0.055080873216471975,0.06744148835064613,0.08335924335650682,0.3233498458991533,0.6428780519553887,0.10557773191788827,-0.22525342308747107,0.5789966825210091,0.64483216311247,0.7078548517728516,0.8711227460038173,0.007876151912617712,0.13335279146316087,-0.4491151006144095,-0.09011756605608054,0.010238736175896077,0.09514106945660336,0.42921174539364393,0.7540681030921244,0.08342740045650321,0.49106533312255796,0.706357810713039,0.7643241058178251,0.8153298830850408,0.9994051363766963,0.9909671435759213,0.012515539909746022,0.8934739091882364,0.9880092811006713,0.9957933825796126,0.9990356464348318,0.9999999929893062,0.008345316515758972,0.0034037010885928226,7.027498671883396e-05,0.005922743828309381,0.007778810941650687,0.010349549017149151,0.02455596444853649,0.008345316516297885,0.0034037010860923423,7.02749821357429e-05,0.005922743584960699,0.007778811501339078,0.010349549120292068,0.024555964395403862
20260825,3,brightness:0.6,brightness,1024,0.35750412940979004,0.35509538650512695,0.9899628758430481,0.22614277095715313,0.2261427695453282,0.006495372135209056,0.3198141717236164,0.004631710263561339,0.21894407179946657,0.004653464844237291,0.00656562830368365,5.75020539031746e-05,49.23723615310966,34.81598357074728,47.27067526696276,0.9600594785614769,26.411849546555068,1.318195597821028,1.414213562373095,2.650975335538355,1.1360901773239713e-07,6.658807283344004e-09,4.244236394688234,6.822121428626584,2.141990896333177,3.2833614057447233,3.7225173346659095,4.1881198334322445,117.79552731687028,4.233676951202051,6.828687196695098,2.115431625769107,3.269838003807745,3.699082509965588,4.175602223036144,116.85174039876772,0.24338770916977498,0.6208225847384428,0.04715576845542387,0.11645636009200225,0.15830345148159541,0.24126697051604357,14.389289854680042,0.1233654095043731,0.042073871614028466,0.05536188108569265,0.09491446288384905,0.11748477339758487,0.1435335041128767,0.5338234620042678,0.6449045865361804,0.10553315031539878,-0.21993495261260732,0.5803953663451715,0.6481493541525671,0.7091191843336124,0.8698318245421806,0.010037119409318222,0.1402470634966151,-0.4677322971138095,-0.08524321299687473,0.014376959763467523,0.10703843623099403,0.5518955578479129,0.7522787066565673,0.08399608419100507,0.49334835260049376,0.7050885904768269,0.7615132094508779,0.8143348070377265,0.9996829466381155,0.9899684170987739,0.014559045311214951,0.83391324082769,0.9865074678235324,0.9953921216625645,0.9989235658434575,0.9999999937208865,0.006342361577879207,0.0031186365141079963,6.775019685342402e-05,0.0039948379011230835,0.006114484186711382,0.008317787477969085,0.020680110875207377,0.006342361554111164,0.0031186364445009596,6.775018846383318e-05,0.0039948379853740335,0.006114484276622534,0.008317787665873766,0.020680109038949013
20260825,3,contrast:0.75,contrast,1024,0.35813772678375244,0.35400915145874023,0.9880621433258057,0.2024315833247803,0.2024315823566091,0.006547859177423203,0.2862814892213627,0.004467002161667005,0.18872085760299928,0.004633916405583553,0.006436403465156149,4.361169782906386e-05,43.72138762673021,30.915689673746545,42.24776500501447,0.966295154346501,23.417496791360822,1.3201961763543788,1.414213562373095,2.529129534796367,1.1438314097072515e-07,1.6172674310865887e-09,4.236100606053423,6.827182478323029,2.1062210934357943,3.2707663812269887,3.706885680401246,4.175740654676092,112.99094517710647,4.193121173257111,6.853694710201807,2.1395668007057806,3.256328434166368,3.6643445369112975,4.128434248700583,115.7446512466579,0.2712660499545452,0.9701938957905679,0.05844851372310585,0.1299294642073203,0.1776957646167096,0.2463826775996109,20.226517712949633,0.08928864493564447,0.0315434093239006,0.03362351172252522,0.07014468047452262,0.083518458165173,0.10381123099481394,0.4037400336221943,0.6459909001810404,0.10528410750527964,-0.2298304948240951,0.5805210646406608,0.6492360503261696,0.7089360264268273,0.8697822369941606,0.011937868326914573,0.1363460174931675,-0.3902441484075587,-0.08006897263976215,0.010966465888160096,0.11187672552211746,0.3476424008101875,0.7513715908977459,0.08408016835387137,0.4934357711084938,0.7052727913870688,0.7605869747000402,0.8142452089768332,0.9995340935160362,0.9905209039791594,0.012405418541858008,0.9207114122425438,0.9875661153084307,0.9955471523947814,0.9987027320736983,0.9999999030594778,0.005787587297469806,0.0025550576987062525,4.7579959406241673e-05,0.003907391607922395,0.005456651913199969,0.007458200852888494,0.016587074416551096,0.005787587278810236,0.0025550576715305793,4.757995702675544e-05,0.0039073911611922085,0.0054566520266234875,0.007458201609551907,0.01658707484602928
20260825,3,contrast:0.5,contrast,1024,0.35764652490615845,0.35059797763824463,0.9952889680862427,0.10251880096905994,0.10251880055983709,0.0065915402491861135,0.14498347814994406,0.004363512928102065,0.09425496092842194,0.004613296265980954,0.0063500194890588856,3.6320659347043846e-05,21.99538691550064,15.55308724277236,21.60070623863573,0.9820562066772843,11.765700586930022,1.321900656007955,1.4142135623730951,1.8395443866622578,1.1233729142764033e-07,5.23906384941597e-09,4.235974924024261,6.827260976546536,2.1355138455603835,3.269578324367268,3.7063987862903156,4.167446826322619,119.18708201662051,4.128843770971242,6.892650210700445,2.1462061119530014,3.2424406230827643,3.634883886563638,4.060574070047017,127.90003352158318,0.53459082544674,2.087545252841824,0.11729316958248273,0.25939026130738985,0.34912001305449447,0.48594818745565754,56.206518758098326,0.16919675828998615,0.05602706428117949,0.07309796064895625,0.1317000496979954,0.16154734572734142,0.19308113688544543,0.7006114685240104,0.6494019955194767,0.10433217549962631,-0.24107524974314398,0.5854645954570854,0.6514494831209041,0.709673679040701,0.8807373508580717,0.004711021968299681,0.14345024446790758,-0.3934102807380233,-0.09884015633871074,0.00427046870902666,0.10436452838273769,0.40941064542060995,0.7485282861428134,0.08434944202792624,0.4736050240479992,0.7045304788594566,0.7586920132292183,0.810697972496327,0.9995968326037735,0.9895622348382322,0.013663638308547143,0.9123502197162444,0.9859385440919414,0.9948734937996675,0.9989395603567642,0.9999999991365771,0.002926809445007886,0.0013035412704185162,1.7026141511240584e-05,0.001994304937819241,0.002772836355235864,0.0037411594116833723,0.008321563080252573,0.0029268094348484652,0.0013035412617079989,1.70261428138474e-05,0.001994305057451129,0.0027728364802896976,0.0037411595112644136,0.008321563713252544
20260825,3,gaussian_blur:1.0,gaussian_blur,1024,0.3579515814781189,0.3551814556121826,0.9937567114830017,0.07772743940029345,0.07772743960602428,0.006510576270975347,0.1099231992593752,0.004570844994300765,0.07389737077420803,0.004646110145944855,0.0065175887757802035,2.0675001184753116e-05,16.88378949639548,11.938642045027446,16.16711371012323,0.9575524329757099,9.053930717937016,1.3186142463306874,1.4142135623730951,1.580044034837694,1.1157419950150793e-07,1.2618412981169058e-09,4.236142326183808,6.827156489229262,2.1092934999363404,3.2783992270571614,3.704631439526028,4.165687889040421,120.03744435363666,4.188827435915499,6.8563194817032045,2.103163876879332,3.3095954164947385,3.6877525624154845,4.160100437281592,137.82578849068148,0.6784793768116837,2.4066972214949165,0.14632672997113247,0.35365255790064287,0.4717930651533705,0.629096248830289,57.9970086692507,0.31202197113190955,0.10414063459900041,0.15751446251975423,0.2408063873808574,0.2931268659364284,0.3561240244116095,1.0393762647746712,0.6448185014611616,0.10808019368215645,-0.23045241171738168,0.5783039409602222,0.6506969646750921,0.7142070124529085,0.8725017364507315,0.006243314504308313,0.1356813490833494,-0.43604630912676756,-0.082749190119871,0.00350595199486267,0.10522920053544196,0.46543552438361274,0.7518060246861782,0.08563902644782925,0.48861101081582103,0.699933822234269,0.7593375124718222,0.8158212900561967,0.993892921426546,0.9906572416436519,0.012960096406390028,0.8850817886736521,0.986965220508147,0.9957864268670351,0.9990770680903719,0.9999999999456896,0.002215448502110714,0.0009963499763222133,1.6818413411372895e-05,0.0015407126313351377,0.0020452995771996513,0.002743325718012575,0.006664780489823062,0.002215448510177964,0.0009963499945282012,1.681841240497306e-05,0.0015407126629725099,0.0020452995086088777,0.002743325545452535,0.006664779968559742
20260825,3,gaussian_blur:2.0,gaussian_blur,1024,0.3577890396118164,0.36280691623687744,0.9799845218658447,0.039453460639989585,0.039453460825531445,0.006678175280675666,0.055795619382022175,0.004650052924770135,0.034460188024011434,0.004622970312298383,0.006557045577968441,2.196027654869298e-05,8.354919875115504,5.907820499964435,7.410708777194165,0.8869874143576648,4.540509633535947,1.3011359854003062,1.4142135623730951,0.9032279517367359,1.1116565866936018e-07,4.0140111234876485e-09,4.235856364690908,6.827334282547954,2.1154734946952347,3.2752299270376177,3.7109052871602537,4.17506865372033,121.22504352160794,4.123942328879924,6.895582931165697,2.0516301522890443,3.2799589032343834,3.666002482514485,4.1033776905291575,118.60417578189926,1.1561283164804683,2.799478975360418,0.2922516243710331,0.6910424768147285,0.9192892808093096,1.2164133222043398,83.73398304241279,0.544790122315141,0.15192674020308283,0.27118399397201515,0.4274829201606316,0.5211936799755155,0.6374690335162329,1.2705008192200722,0.6371930431566439,0.10273505820700042,-0.2341447186660899,0.575995560836339,0.6422736667814415,0.703440633096506,0.8530200508359587,0.020015476982970886,0.13096566654074202,-0.4001646369457593,-0.06290592466982087,0.020346555200127334,0.10800535209037529,0.44910605837943574,0.759704873403845,0.07934414886443017,0.5218781398677456,0.7107540116709358,0.7664753845726329,0.8174528172224332,0.9943479579726815,0.9911152383194674,0.012444294927349114,0.8934784543159879,0.9878797020784528,0.9958470049688524,0.999135357416624,0.9999999999994837,0.0011340438966550652,0.00048401088132104413,1.1631831142092315e-05,0.0007932025098150691,0.0010551417221491075,0.0014052820453615464,0.003334210506999179,0.0011340439034714933,0.0004840108840227915,1.1631831512204371e-05,0.0007932024745969102,0.0010551416780799627,0.0014052820042707026,0.0033342107199132442
20260825,3,gaussian_noise:0.03,gaussian_noise,1024,0.3575172424316406,0.37358009815216064,1.0138487815856934,0.06185485914798019,0.061854859036100523,0.006383831654932089,0.08747598054752935,0.005409949361027464,0.06328922489952589,0.0046304944991544675,0.007121027411517333,3.534088491214773e-05,13.702739244376255,9.689299840529477,11.69867233054949,0.8537469860524964,7.549921686250103,1.283364288555337,1.4142135623730951,1.4254786199521703,1.0811360070627028e-07,3.405137283252202e-09,4.234995918198635,6.827868707468297,2.111496873739415,3.2837253751459756,3.7055907156858456,4.164876813539486,113.01877316491576,4.439104809818777,6.696807124469445,2.0601077045547895,3.4436719757963488,3.8840895111800036,4.38665850436889,123.4946135871684,0.7602820618058652,2.0925817486533527,0.24346518724301738,0.4364829046420442,0.5477740976325045,0.6957087813043391,37.49891076527346,0.45560168289545155,0.21313797123305275,0.15548284458232497,0.2790715830048355,0.38911967109751744,0.6357849575544171,1.254339195697464,0.6264198575383005,0.10607250057939872,-0.3114808480608602,0.5706986712899449,0.6372892472637861,0.6950392119236677,0.8601012785490703,-0.013848729190102514,0.1370247323863211,-0.49528825512450225,-0.1089420413352473,-0.016522714794686477,0.08245552548663343,0.40035331069780633,0.7685736500440392,0.07521864177269999,0.5101233092481213,0.7189718310143994,0.770624670112606,0.8211595619838638,0.9993503444507033,0.9903914402284746,0.013256616290309595,0.868728694320457,0.9868799564446779,0.9954154114284363,0.9989645161258633,0.9999999999948638,0.0018210641155537136,0.000648449914217996,2.596415743475532e-05,0.0013905473716276393,0.0017655437895873053,0.0022170757256605358,0.003985989367961921,0.0018210641158038499,0.0006484499171448052,2.596415470179636e-05,0.0013905474042985588,0.001765543653164059,0.0022170754964463413,0.003985989838838577
20260825,3,gaussian_noise:0.06,gaussian_noise,1024,0.3582559823989868,0.37679988145828247,1.0209872722625732,0.04958933358838817,0.04958933359212039,0.006429992244673587,0.07012990811502036,0.005220717729713904,0.049429134081119035,0.004685259718841955,0.007014809494658575,4.2409463917825264e-05,10.906686267485606,7.712191820013267,9.467880977320672,0.8680804366350742,6.044420060369465,1.2759192334249414,1.414213562373095,1.2088950658771551,1.0853216364354504e-07,1.30810040577245e-09,4.241615474901318,6.82375312061628,2.115399478312981,3.281441532336162,3.709545840724675,4.193105785832946,116.20640649047512,4.413320521559514,6.713851773246004,2.281785326926874,3.3971986740760958,3.8340902832460584,4.32698949355298,151.92770933401408,1.127505486859595,3.9675795055438843,0.2525476241494334,0.5490297724729434,0.6996622490223029,0.9258915286576586,71.91507720026516,0.5930360287720149,0.20865328950887033,0.23765143115676926,0.4279465105487975,0.5462681520909987,0.7561142725789207,1.4239609922342387,0.6232001020598517,0.10717309371979822,-0.2816727699272918,0.5762812170104865,0.6348670705726811,0.6886853891721837,0.815688601391726,-0.020987246266534094,0.14637159653196458,-0.39891761021675537,-0.12368183187190428,-0.023940508019354375,0.08064900262442364,0.43057060710519757,0.7716176805300579,0.06897520430409343,0.5784912320507628,0.7250602940886052,0.7726213681389698,0.8172513265706997,0.9999999897200323,0.9889145955891278,0.014280599202059163,0.9025568969860359,0.9848162343938014,0.9945089344022002,0.9988061238761818,0.9999999220478698,0.0014359072510170563,0.0005830687524642516,1.333832787374649e-05,0.0010411192431012766,0.0013823062255147209,0.0017693846929336496,0.003759532375640105,0.001435907248863444,0.000583068748374244,1.3338329154066741e-05,0.0010411192197352648,0.0013823062763549387,0.0017693846311885864,0.003759532468393445
20260825,4,brightness:0.8,brightness,1024,0.3791399598121643,0.37953341007232666,0.9909473657608032,0.3782418065726587,0.37824180596943746,0.006815956056743149,0.5349146918584712,0.004368919525088532,0.36071852958989015,0.004370660309893838,0.006179816288627123,-2.9398415210706138e-05,78.4797741366408,55.49358047800733,82.56469992602588,1.0520506822850029,43.35264193910302,1.2800507208467164,1.4142135623730951,3.1251530624348645,1.0476861474452847e-07,1.563263296588957e-09,4.1172627068959695,6.899575119242724,2.3881747799758566,3.233911682453709,3.561917209884071,4.04865068155821,138.93134039893926,4.116414098876502,6.900082663344195,2.447629467631884,3.234590610960831,3.556130941609303,4.042166324799997,140.7130705098381,0.12441275733874749,0.35691291678846315,0.02882062080527228,0.07437387250799554,0.0947039955677208,0.12354355174266171,9.63532136041512,0.060865155281151107,0.02547111206210315,0.03139947772544872,0.05002191957672019,0.056502830688918135,0.06623502301335493,0.6476647724318442,0.6204666080565874,0.1133910393290669,-0.3323337500823597,0.5612356801575865,0.6216652797882469,0.6922796560427183,0.8783630615177316,0.009052635413901255,0.13308457206560548,-0.38970199467224204,-0.08185849878051432,0.0083107548156812,0.10455250049102054,0.4199993458161948,0.7717528990892365,0.08111784820591561,0.4779940712615561,0.721629321519541,0.7832829840515837,0.8276560342645307,0.999702452021044,0.9910007850250686,0.011892226462637807,0.9075244071174992,0.987726413678103,0.99580969285464,0.9990392730409415,0.9999999999678743,0.010901587216410533,0.00457050661350156,0.00010078566179859443,0.00785380970646347,0.010224007782117427,0.013008072523212625,0.03349928009775838,0.010901587203839824,0.0045705066041728335,0.00010078565537696704,0.007853809511289,0.010224007535725832,0.013008072739467025,0.033499278128147125
20260825,4,brightness:0.6,brightness,1024,0.37888747453689575,0.3779623508453369,0.9661400318145752,0.30168907879974804,0.3016890801921455,0.006810728305346392,0.42665278882759644,0.004360857059031771,0.28399757320002456,0.00437977044573878,0.006180571449847829,9.063604408045114e-06,62.64422389198463,44.296155516190666,65.12425639171941,1.0395891647410465,34.62807667946183,1.2791976776610845,1.414213562373095,2.9130325591705253,1.0970635164754952e-07,5.55247159361727e-09,4.106911080161439,6.905748231194784,2.4433053852447597,3.2224958466377056,3.569176977477877,4.059083383456166,133.6105880104965,4.1110496836242785,6.903283323118532,2.386729584651746,3.226827764622235,3.5604904610945196,4.059421322690184,134.99778739414873,0.1586851981838388,0.41649685275130177,0.038489196576541915,0.09014587558839039,0.11771739693865077,0.16012677844932005,10.003451075888815,0.10669929543911069,0.045950416767801414,0.056494623903582425,0.08604706686849889,0.09724522337650214,0.11541982355652844,0.9034740215676317,0.6220376560085966,0.11333853558483424,-0.32496233463037216,0.5639557222137275,0.6251928151849944,0.6912603647986424,0.8807428468752657,0.033859988453598,0.1441013159652365,-0.4216229438714712,-0.05926413721603336,0.031067111564816386,0.13724183909849502,0.3977396499732265,0.7704511433395946,0.08153283350661597,0.473594803263351,0.722605773543633,0.7804703322969899,0.8258050263650737,0.998381001821785,0.9888899785792863,0.014331827405883561,0.9067712463467036,0.9840152094020801,0.9947132075115721,0.9989587666726233,0.9999999931401231,0.008675167509478669,0.0036929517552460197,9.724103722442714e-05,0.006060299640382898,0.008228869610130977,0.010736016987498027,0.02518454007233302,0.008675167523989558,0.003692951809908622,9.724101983010769e-05,0.006060299230739474,0.00822887010872364,0.010736016789451241,0.025184540078043938
20260825,4,contrast:0.75,contrast,1024,0.3797416687011719,0.3755747079849243,0.9974738359451294,0.21111277934346875,0.21111277875568404,0.006799813679860722,0.29855855490655897,0.004292933858706445,0.18980794865204312,0.004383981633092889,0.006135843550362411,7.939231945543267e-06,43.906872888416295,31.046847560094935,44.21403983830219,1.0069958739868932,24.198576600978626,1.2830030548283629,1.414213562373095,2.5835452399803427,1.0831138211589792e-07,4.556300892133436e-09,4.124260560507982,6.895390243721499,2.3976400315216804,3.236689804098569,3.564264184806238,4.055861884033023,132.67416782469476,4.120731588457804,6.897504724005536,2.4370382106486406,3.2429277219872032,3.548822759627721,4.010009169884604,119.70077231436582,0.260761196461543,1.0579079730853402,0.06339842243657223,0.12719821636371514,0.16419141850686136,0.23191877902506716,29.43302901318851,0.0950833218064831,0.034791359385647966,0.04085648205571424,0.07064879197709288,0.08854032020390087,0.11346231101184595,0.38327623995709054,0.6244252911386514,0.11418141499281656,-0.3366054033122584,0.5658166835235915,0.6263007971277197,0.6965073817838208,0.8858414471421191,0.0025261853173186213,0.14294036289469303,-0.4047771074014748,-0.09463315085620237,0.0016341972074739586,0.10260805294072334,0.46912213540422354,0.7683465622568255,0.08196653832257103,0.46398807153326255,0.7175495665639159,0.7795814975012618,0.8245310663455511,0.9935548983310438,0.989638134267423,0.014077672269996932,0.8831332980211885,0.9862629081521566,0.9950558451938318,0.9987227821733159,0.999999850917684,0.006044512514480078,0.0026447548392689747,3.3077862979245256e-05,0.004170263501378404,0.005883628942390751,0.007579764634152179,0.015295922874686854,0.0060445125064525485,0.0026447548164141442,3.30778602801729e-05,0.004170263302512467,0.005883629200980067,0.007579765166155994,0.015295922756195068
20260825,4,contrast:0.5,contrast,1024,0.3794844150543213,0.37775737047195435,0.9779735803604126,0.12048069009687562,0.12048068968543038,0.0068262621968805896,0.17038542535719992,0.004333171322389919,0.10571585391453814,0.004375936372512811,0.006158343352352398,1.5060394069022832e-05,24.960281401886565,17.649584239598454,24.39687841749852,0.9774280195276379,13.810097542908958,1.278020247369609,1.4142135623730951,2.0335142414826954,1.0787746517433682e-07,2.1750359291417e-09,4.109809589975296,6.904022218288175,2.393989647655287,3.2409782379683687,3.558068769639683,4.040324744799817,135.91089812093395,4.108639398779713,6.904722125679829,2.457895259288547,3.247855220820198,3.5359838553016725,4.003497001334932,121.36204913822192,0.465936463354338,1.701868717760141,0.09467968111392891,0.22381148887539865,0.3058561798584318,0.4363673130876168,44.158336419886446,0.1694388253595796,0.05215235160840334,0.0772798298566925,0.1386085064838525,0.16077091176167152,0.18635883280555726,0.6671231779304081,0.6222426384680182,0.11454986531885213,-0.33129041701988027,0.5629946715157121,0.62772528303052,0.6951876955965692,0.8837580927639117,0.02202644006812215,0.14805012790077052,-0.3750679792882813,-0.08022637167142954,0.026751326882104496,0.11994286442916802,0.44021775567211074,0.7700825331946628,0.08175977873266914,0.46794404951264534,0.7188282330503512,0.7784349479361441,0.8264605252685902,0.9998697733805891,0.988629706019037,0.015130387432677998,0.897891044387352,0.9842117331090723,0.9948623410166026,0.9987398836733534,0.9999999259168322,0.0033830517023188096,0.001653184058342052,2.2078225465738325e-05,0.0022257355946171294,0.0031582326887014305,0.004327560304810847,0.010266926290017433,0.0033830517031212537,0.0016531840436873008,2.20782239921391e-05,0.002225735690444708,0.0031582325464114547,0.004327560542151332,0.010266926139593124
20260825,4,gaussian_blur:1.0,gaussian_blur,1024,0.37917858362197876,0.38425368070602417,0.9850202798843384,0.08228643726288225,0.08228643728786811,0.006833435915018749,0.11637059561186625,0.004463710242199546,0.07549330317772082,0.004384209092287275,0.006256676313444027,1.894374079550198e-05,17.029587612887852,12.04173688188343,16.91268005347063,0.9931350328572404,9.486019585381513,1.2694193560423912,1.4142135623730951,1.6646859058789452,1.062331608153293e-07,6.978161382065196e-10,4.112918827718929,6.902168180569584,2.4147945567170406,3.2292043328245783,3.560786934571416,4.053723058936512,138.0206047074075,4.1512311828587265,6.879170678300502,2.330898791603794,3.2718924703010397,3.5772507830682465,4.047858778316025,118.32178351985557,0.5910262613152106,1.3342205850839395,0.13894952833412125,0.33313115984972735,0.4446837343766581,0.6105099611055038,31.363979694857132,0.310241196421183,0.09865071105478906,0.1373514773360328,0.23673808308292882,0.2994226015721987,0.35887538012669234,0.8792551428078592,0.6157463348566439,0.10624779879747338,-0.3078048161499784,0.5630533350441507,0.6219895783749687,0.6805812376732063,0.8589837702661662,0.014979732550725697,0.12891833285805251,-0.36357485834484204,-0.07268516016518811,0.022086400334603695,0.10525895931962276,0.45033085292247604,0.7773653872255155,0.07271243569895311,0.5120028148548815,0.7326726272089761,0.7830255059558664,0.826420558405382,0.9987393629889465,0.9914815357603621,0.011678994859921061,0.8928617602440567,0.9889118909351124,0.9959446616687806,0.9990179788942214,0.999999941235007,0.002342859585068443,0.0010604094347601305,3.071208856529453e-05,0.0015867875452828667,0.0021778010212758067,0.002913106670389626,0.007005903184823648,0.0023428595862142743,0.001060409437219807,3.0712086299899966e-05,0.0015867875481490046,0.0021778009831905365,0.0029131064657121897,0.00700590293854475
20260825,4,gaussian_blur:2.0,gaussian_blur,1024,0.3791086673736572,0.39094579219818115,0.9966813325881958,0.041524402628775194,0.04152440243018195,0.006885810029793288,0.05872437308620162,0.004423936997402807,0.036018401680960425,0.004357170731403014,0.006209360300351755,1.791675184986293e-05,8.528317341331666,6.030431024166449,8.14170764685528,0.9546675294782103,4.79709610420361,1.257100322670946,1.4142135623730951,0.9926294286523147,1.0522451868511372e-07,6.0213685149079765e-09,4.114384683201449,6.901294080036604,2.3556814367815124,3.23437732116235,3.563447983907178,4.043140486657935,131.40174025598367,4.180088406669849,6.861658573449723,2.2174426322901595,3.2585078698252983,3.605454698605861,4.091163973711126,122.52742430319412,1.104387414349379,2.2599521607820394,0.26770430742807355,0.6630236274534604,0.8702254493997992,1.113541862147689,46.52304716404432,0.4904720921083998,0.10724132848625119,0.27310040006991954,0.4215192263690179,0.4730291919313368,0.5453572288375902,1.4511160497900537,0.609054176600539,0.10722662938554427,-0.29144590608780974,0.5585454110815439,0.6215031019813879,0.6710668686905478,0.8202957887891975,0.0033186403436004557,0.1359660123295392,-0.43120203746139085,-0.08608551743709288,0.009615522273150547,0.09614185878573027,0.37728990968780596,0.7829175859878724,0.06790614634818469,0.5719395238088627,0.7413968246573871,0.7834116999998907,0.8294739433669134,0.997164739982658,0.9906369771853982,0.012602306115271529,0.9022553978165746,0.9872326794638775,0.9959216375762043,0.9989351625638531,0.9999999899212458,0.001199258488639155,0.0004958653967094005,2.0588076589617637e-05,0.0008714459831388074,0.0011147289225480854,0.0014636129343087916,0.003584258090717622,0.001199258485950594,0.0004958653958863955,2.0588076949934475e-05,0.0008714460855117068,0.0011147289187647402,0.0014636129199061543,0.003584258258342743
20260825,4,gaussian_noise:0.03,gaussian_noise,1024,0.37903261184692383,0.39795613288879395,0.9918531179428101,0.09693023717637338,0.09693023718027802,0.0069799644586758785,0.13708005602439,0.004867407845153125,0.09018677279198482,0.00436042645394185,0.006534904589303052,4.3259284656201036e-05,19.639076507617993,13.886924174778102,18.528706790369156,0.9434612051733632,11.124635770197838,1.2483037152180319,1.414213562373095,1.8408028955863491,1.063360803709356e-07,8.924027072865215e-10,4.109289643130467,6.904332286432065,2.3971954914304705,3.2361748046156174,3.5610943592714293,4.0327671334601085,140.70792223583527,4.116912084624563,6.89978051039299,2.4362566187073678,3.2331668395869553,3.5903047703472035,4.069439393243658,137.3625444498966,0.4807592986103526,0.6372552895307262,0.11444593932303378,0.28032994372424525,0.3849928842528494,0.5351337216721281,14.545461679680713,0.5184760691157678,0.27405338617919944,0.18570165177852188,0.3244639933465582,0.42083972487121646,0.6499555432113933,1.5266315902950567,0.6020439377321201,0.105417278546076,-0.4308739132089082,0.5529149776409501,0.6094976667730432,0.6657716148052429,0.8214100407363316,0.008146862229072412,0.14829152964299205,-0.46061006488088607,-0.08879058473646567,0.008893466918932384,0.11413161042930539,0.40246336972047575,0.7887206100216364,0.06606972829333844,0.5703380970771091,0.746155559051345,0.7927878131810666,0.8332376751188943,0.9556878960438211,0.9888067287902456,0.015039941744225833,0.8876025958335328,0.9845262048166898,0.9946880514243657,0.9987661656888969,0.9999999833568769,0.0027347331105158964,0.0013031338003898425,6.513947558809579e-05,0.0017971258668684062,0.0025069673334949813,0.0034602518745836365,0.008327762382040148,0.0027347331025211474,0.0013031338061325148,6.513948028441519e-05,0.001797126024030149,0.002506967168301344,0.003460251959040761,0.008327762596309185
20260825,4,gaussian_noise:0.06,gaussian_noise,1024,0.3790363669395447,0.4030219316482544,0.9785434603691101,0.05210290786223291,0.0521029078665823,0.006953410627176777,0.07368463894399652,0.005208521810718728,0.04824283526711665,0.004380083818248638,0.006805426783649668,3.176075452533059e-05,10.5969060213425,7.493144107287838,9.262289190732906,0.8740559906899585,6.031762680423212,1.2422809873660539,1.4142135623730951,1.233516500482314,1.0286363976465735e-07,1.213639633235175e-09,4.117537828209874,6.899410774510566,2.3828457204505313,3.2303110662921277,3.5718770089567218,4.06872400911349,135.02840452977608,4.193565862242162,6.853409896747553,2.236818503907276,3.22384105758955,3.6348998074886287,4.145614365738091,152.66145863292,1.0178088645614838,3.457947151035542,0.25260191427344697,0.5063335165303222,0.6820328305696755,0.9568652593358968,70.88881981395282,0.6837145156221142,0.2692041582951145,0.30014290479592826,0.47656280706138754,0.6179805745119786,0.8358908833568309,1.5093000264550793,0.5969780673851439,0.11206476981061564,-0.3450999201795368,0.5512618783035603,0.6103379271545875,0.6624852199697693,0.8377638463911652,0.02145653827468507,0.1448728137433707,-0.4146120509422734,-0.07795979943483405,0.02570985090071274,0.12908664790832458,0.392020256215029,0.7917547885596218,0.06480273423902211,0.5460327258323262,0.74907498284504,0.7921411574088233,0.8343321579743751,0.9990418091494613,0.9891334505975615,0.013681400834778168,0.9099982676980444,0.9847864888932418,0.9946508067875964,0.9989070567982131,0.9999999909944837,0.0014974039456611785,0.0006397405887563737,1.3749640689910057e-05,0.001007292180829238,0.001413113664695773,0.0019088423285472268,0.003856954933821728,0.0014974039489823454,0.0006397405875372261,1.3749640856985934e-05,0.0010072922159451991,0.001413113670423627,0.001908842328703031,0.003856954863294959
20260825,5,brightness:0.8,brightness,1024,0.3854057788848877,0.3832836151123047,1.0028835535049438,0.38702823039984635,0.387028228849169,0.006563929347673134,0.5473405702597327,0.00441549273279736,0.3666130781901066,0.004417115713448056,0.006245597433342629,4.7322102387623043e-05,83.38611543004512,58.962887677389105,83.02880343726557,0.9957149701609579,46.070223537383065,1.2798480962798842,1.414213562373095,3.2368518446729646,1.0898471188057145e-07,3.597505404684398e-09,4.414313166530357,6.713219627810281,2.26140413808763,3.362960286635011,3.732815313315662,4.241496000014552,88.95823484564026,4.428616151278261,6.703783083878349,2.2759807300513737,3.3660023440055578,3.7477498313254207,4.245126912442157,91.44799083532261,0.1267161190700224,0.2685224692469059,0.028261290533243125,0.07302785371622782,0.09610757731597591,0.12506096182548143,5.1360598621706295,0.06381406830994032,0.018288841913800546,0.031135390366263886,0.05039425176599582,0.06040880631920603,0.07476714018377469,0.15258036103655412,0.6167163880546405,0.13728759626391757,-0.25912847579385156,0.534618785605419,0.6344851827633414,0.7084587642356864,0.8993879976268282,-0.0028834976618816273,0.1414376088212731,-0.43364943207607315,-0.0963668457009341,-0.0022469248320114935,0.09920910151421444,0.4813985481255355,0.7689923003830569,0.09742448243301591,0.437151266411073,0.7057521562184838,0.7729350064966806,0.8450933289809313,0.9999015119363751,0.9898471330165597,0.014473486884173149,0.87650181851644,0.9868525739936809,0.9952165782893799,0.9989679206542581,0.9999999978491168,0.011015251596043999,0.004996873409237455,0.00018821488072947895,0.007715851306626149,0.010044398570958128,0.013222415430504451,0.033981842567276634,0.011015251575216212,0.004996873340641287,0.00018821486446540803,0.007715851650573313,0.010044398251920938,0.013222416630014777,0.033981844782829285
20260825,5,brightness:0.6,brightness,1024,0.38529837131500244,0.3802708387374878,1.0014641284942627,0.3031475342837464,0.30314753377132897,0.006547408765410686,0.4287153536593693,0.004385073273277532,0.2861682291502382,0.004428016604530606,0.006231869596037106,7.699293486248081e-05,65.47862964112309,46.30038304204061,65.25962311602325,0.9966552976703975,36.082676960072334,1.2831748376733259,1.4142135623730951,2.9899019483933325,1.1105576387251298e-07,2.354608286125881e-09,4.431240543377022,6.702046589279374,2.2350643687198875,3.3632116759972277,3.747768101069009,4.248458394869097,88.23356182959752,4.424102307590199,6.706766683799372,2.2919095897064925,3.359193959624077,3.731630705389902,4.241234231459319,88.10417716356135,0.15506532045131,0.3548773676145841,0.04038107664839686,0.08908306063448672,0.11604463124602157,0.14906622663377078,5.6752843713323085,0.11405680649188103,0.02829270930569542,0.05438356975663147,0.09336196442645432,0.10901127084858114,0.12974935838343984,0.3109969808981047,0.6197291702205695,0.13679252056884422,-0.2718418254767722,0.5402227790012197,0.638186797623026,0.7084963186182964,0.9000606704303961,-0.0014640837574944575,0.1460546642122202,-0.37187216256987243,-0.09929521689735159,-0.0019541969628507766,0.0952064884219859,0.4671258444081645,0.7666553331508996,0.09742024398264466,0.43576460336331385,0.7057141937096587,0.7698815504253377,0.8415218476353977,0.9996170293650268,0.989170601247217,0.015115166534648374,0.8841908422314491,0.9853032534469036,0.9951050246661767,0.9990063848115787,0.9999999932741542,0.008829279999373604,0.0034350976951991346,0.00017167673032776997,0.006511793367938129,0.008340042031362259,0.010886906097835887,0.024109357136813822,0.008829279989100769,0.0034350977130958318,0.00017167674377560616,0.006511793821118772,0.00834004208445549,0.010886905249208212,0.024109354242682457
20260825,5,contrast:0.75,contrast,1024,0.3862389922142029,0.3811761140823364,1.007096529006958,0.21689076853855088,0.21689076869326748,0.006648913703667267,0.30672986663954477,0.004351394919120774,0.19769933876536974,0.004416800544010888,0.00620022296274295,6.611592893105371e-05,46.13232782226745,32.62048183504614,45.43355462788381,0.984852852059064,25.468107096982195,1.2808365232849899,1.4142135623730951,2.6433399787369845,1.0730700782299726e-07,2.6455064805475104e-09,4.428744799086332,6.70369829396977,2.215269229883549,3.3673679204316116,3.736696662791816,4.246705698103574,92.02942297873693,4.340184161483226,6.7614312046066845,2.179648481340382,3.338620505996953,3.681834230245874,4.2030825191124315,99.52428659662078,0.34488674397410546,1.6141175466937754,0.05292650157354129,0.12166445698678051,0.16012186292462713,0.22731975489374084,27.679739000664956,0.08665099641364062,0.025308283258637668,0.04254469259224102,0.06918668060850755,0.08042708959760161,0.09573501966065956,0.21082948748607402,0.6188238375697388,0.13500583909753908,-0.2708892384258976,0.5365339845812611,0.6375318930851923,0.7056942057254698,0.890925319921204,-0.007096566835677118,0.13762826232781308,-0.41207516687895906,-0.10506441304212014,-0.009442290432407425,0.08844494884399912,0.4177678767343157,0.7677200662973002,0.09728012275910138,0.454149836863672,0.7085160578251577,0.7704239135926894,0.8438787080316661,0.9999994055415244,0.9903837686383063,0.012913225972186072,0.9085537965188971,0.9867881438459609,0.9952765508883745,0.9990456457078958,0.9999999962196695,0.0061862918388240545,0.002770624041026729,3.494709115883891e-05,0.004268889856282051,0.006022761200939862,0.00798405734038363,0.018425263183074584,0.006186291842404046,0.0027706240398722055,3.494709017104469e-05,0.004268890130333602,0.0060227615758776665,0.007984056835994124,0.018425263464450836
20260825,5,contrast:0.5,contrast,1024,0.3856431245803833,0.37623560428619385,1.0261796712875366,0.11999686806259885,0.1199968683387376,0.006664046995484014,0.16970119864694136,0.0043704373694032584,0.1079049218573434,0.004415999782943925,0.006213032824863979,4.470837694872552e-05,25.465186359271144,18.006605958819794,24.689730737881913,0.969548401867206,14.035784320754052,1.282906996467307,1.414213562373095,2.045907907282981,1.0714417495770797e-07,2.933273179905882e-09,4.425806704288198,6.705640138924677,2.2665686742948425,3.357873264210511,3.7402776911986892,4.239656510465954,87.56258301730024,4.280005612234893,6.799721593546394,2.2086455912829552,3.331733555931322,3.6583450436458507,4.138574445413718,113.30707632002506,0.6371408175741985,2.931472427394678,0.0988269703670274,0.21413509253815421,0.3010351011243053,0.4687645136521993,62.062798997117774,0.16439779985439051,0.04488401450959861,0.08649465696890021,0.13413199913469898,0.1514950210931792,0.18456025150036048,0.40768932189363405,0.6237644288708442,0.13392200213428843,-0.28892939056367245,0.5412107399472886,0.6423530647480613,0.7082521617841642,0.8953358264885214,-0.026179637522103658,0.1495208272748102,-0.47268457430564376,-0.13173156800539473,-0.03367533931014974,0.07634942394417732,0.3854468568601266,0.7638298218756456,0.09784529574865491,0.4453916903200105,0.705959532075542,0.7664083691505683,0.8408869929559302,0.9999857922482275,0.9883004531369606,0.015570239810161876,0.8812316909947646,0.9840062196198904,0.9944626984968372,0.9986633954478141,0.9999999941917959,0.0033580912190688083,0.0016696441839121252,1.531085510863665e-05,0.00206754970731141,0.003197329507387839,0.004501093422843876,0.009698092441468591,0.0033580912220383397,0.0016696441910785198,1.5310853996197693e-05,0.0020675499690696597,0.0031973293516784906,0.004501093178987503,0.009698092006146908
20260825,5,gaussian_blur:1.0,gaussian_blur,1024,0.3849337100982666,0.38687676191329956,1.016700267791748,0.07894782617747277,0.07894782614729251,0.006588574086655739,0.11164908645737433,0.004599814056270495,0.07409023026811039,0.004422319640273193,0.006380846366510453,1.876644696839621e-05,16.94586491536983,11.982535994729208,16.107222892436297,0.9505105211730509,9.437848365282456,1.269625822038396,1.4142135623730951,1.659432207748691,1.072256308316942e-07,4.743351267322282e-10,4.423227761953916,6.707343109422654,2.250367129092855,3.360381326789864,3.7346182495576263,4.243560564569168,88.34627387541191,4.452595851191249,6.687859554664411,1.9480973219558018,3.4169994422457535,3.7810717811267587,4.274064653635516,99.23828957106109,0.785353442574654,3.0746101535650885,0.13620946276648915,0.33792944828617194,0.4659041229520418,0.6551138486562079,64.4855830466761,0.34427543354336887,0.08907910466296295,0.18842017103853617,0.27960476230896364,0.325321042527918,0.3896577515876425,0.7847389981918457,0.6131232374937552,0.13169632653357402,-0.2956905553141528,0.5367682776124741,0.6295198964655633,0.7019193809091031,0.8633283575566744,-0.016700247693075605,0.13547482944699415,-0.4137893125425076,-0.10103623282186072,-0.01254906179089068,0.07471860468432676,0.36056867289129607,0.7735656949010818,0.09141765494277124,0.504642593365339,0.7122564019418851,0.7769843626217154,0.8437297032078386,0.9993842061064271,0.9905615402583868,0.013175738175394894,0.9103726735934021,0.9871357863767367,0.9959502680014536,0.9991307829424287,0.9999999367415245,0.0022361641297084208,0.001042741950325997,1.5071662594082527e-05,0.0014835583293741092,0.002080203678608267,0.002842938009424262,0.007161538435998169,0.002236164132050966,0.001042741946325663,1.5071661437104922e-05,0.0014835582405794412,0.0020802037324756384,0.0028429380618035793,0.007161538116633892
20260825,5,gaussian_blur:2.0,gaussian_blur,1024,0.3857305645942688,0.3775482177734375,1.0087436437606812,0.0415312198342834,0.04153121969575804,0.006663841808852254,0.05873401415563763,0.004657061495717107,0.03788443190224931,0.004423101706106927,0.0064227759168023965,2.4274424582856576e-05,8.813836798709014,6.2323237686386745,8.134836084318394,0.9229619597120207,4.8988289570722,1.2722068528728707,1.414213562373095,1.0016695260419528,1.0560430064419753e-07,2.568281143311424e-10,4.430405168219564,6.702599732206096,2.232742589486924,3.3719662893814304,3.7501901601726577,4.250407115201679,91.08306052303286,4.320040570907845,6.774324412734966,1.871191738722327,3.377003470432596,3.7622839265937387,4.213874983984184,112.18752997531766,1.279173082780436,3.7355770927823313,0.26798144426799264,0.6548963710281258,0.8529816955963048,1.1431457593038163,67.07078960631488,0.561700294621706,0.11380468634965027,0.3110729216693939,0.4797125694778097,0.546576052653068,0.6240159962284058,1.0152972252409365,0.6224517917653078,0.11962612141320114,-0.27892758363112036,0.5687931229140619,0.6432096742010872,0.6959929784800929,0.8506141379581705,-0.008743629137517498,0.1449172809704254,-0.4010375783463578,-0.10809880717316282,-0.008362262869003982,0.08878630014202485,0.4389901965865157,0.7692651597680329,0.0805902571499032,0.5257904414362043,0.7180483980991229,0.7656900898022451,0.8224806259535526,0.9989444486744984,0.989318966799787,0.013827801323893888,0.8984918515495465,0.9853714301590453,0.9949326702795638,0.998852395294185,0.9999999997531216,0.0011974968959005375,0.0005006617650538737,1.441575349397746e-05,0.0008532725700064828,0.0011259069035478577,0.0014795856682288822,0.00361463268537613,0.00119749689229387,0.0005006617583923538,1.4415752957575023e-05,0.0008532725332770497,0.001125906826928258,0.0014795854222029448,0.003614632412791252
20260825,5,gaussian_noise:0.03,gaussian_noise,1024,0.3854181170463562,0.39649975299835205,1.022632360458374,0.0878998589101425,0.08789985871728812,0.00671035975056584,0.12430917232866778,0.004604697669176124,0.08055326866678392,0.0044072426806538445,0.006373933532026586,6.490451680883164e-05,18.524963928824473,13.099127615307971,17.493714995885185,0.944331933012043,10.439688325210803,1.254743174222094,1.4142135623730951,1.772110228234275,1.0382395685266593e-07,3.951130755908139e-09,4.437422375340727,6.697951878402673,2.2653967503500714,3.368408033512491,3.7402246180033574,4.250805059134139,88.80289909835906,4.407413431957469,6.717752389700184,2.2473860048363825,3.334699210566668,3.746698182581623,4.231213195300675,90.8966976902017,0.5721427072892207,1.326861271015226,0.10611661000650191,0.30874867782030535,0.4158213096042471,0.5522220461043115,25.361482892158357,0.542502565818616,0.2963993292341883,0.15745140066496252,0.31321131800707813,0.43947943340471296,0.7309107473214675,1.5169513742005771,0.6035002947822897,0.12777627740531375,-0.3785814175020856,0.5364032310360338,0.6253965966174982,0.6834406425075614,0.8436009715236468,-0.022632326217611833,0.14071104597632697,-0.4204257663530111,-0.11745916537091838,-0.026356835716135923,0.07548514799037023,0.3763470603227459,0.7827386126402283,0.08248314702796387,0.5369705772613237,0.7300060872857814,0.7803070502439847,0.8439618302856328,0.9998316371025667,0.9897038434013535,0.013928629217084714,0.9073269394140591,0.9866557476284097,0.995411521266897,0.9987440214598827,0.9999999989848127,0.0025144980486294924,0.0011062516517028871,3.850510105519293e-05,0.0017500621037172055,0.002327031001109692,0.0031263129337535255,0.009161634838644715,0.002514498046362945,0.0011062516397769796,3.850510256597772e-05,0.001750062219798565,0.0023270309902727604,0.00312631280394271,0.009161634370684624
20260825,5,gaussian_noise:0.06,gaussian_noise,1024,0.38583242893218994,0.4068485498428345,1.004827618598938,0.051225479837142186,0.05122547979578218,0.00682749686849276,0.07244376826626413,0.004765201192140235,0.046871523069600726,0.004414647766490062,0.006495864630959486,4.3483609432562876e-05,10.610589746379016,7.502819962053051,9.836210724304994,0.9270182863927721,6.079728266098413,1.2340715991554077,1.4142135623730951,1.248067465817431,1.0316281338139959e-07,2.8950912778213933e-09,4.428026266044529,6.7041734054373086,2.2334887506841365,3.3680348019481317,3.735379313742161,4.231014001004763,92.028467421246,4.329717825914436,6.768137686059035,2.2347465081063547,3.332182551217187,3.717472327046984,4.190397595360938,130.27356972496102,1.0176099572613602,2.9780183085384944,0.22950036484526065,0.529150828145073,0.6998518701622312,0.9465305837108413,43.82802032733709,0.7425292053747642,0.3047329951791005,0.2555802486604722,0.5183078309996324,0.6586309997799829,0.9559573357201995,1.6770240787585482,0.5931514712797554,0.12117253245183057,-0.3600975275055363,0.5380013545858264,0.615421905166925,0.6682980849359959,0.811154073402877,-0.004827586264803101,0.16116129766983348,-0.3884833600691038,-0.11738096311151068,-0.011981170372051902,0.10335905433641732,0.5486107160312581,0.7926006583064871,0.07274787158771721,0.5848325138036702,0.7438934475750442,0.7881978083327127,0.8429439685353902,0.9998945542499186,0.9867700271195832,0.017728939441014904,0.8360779163784142,0.9819170151155414,0.9937139761576146,0.9987269285365079,0.9999999940272858,0.0014716711667539534,0.0006301749023590557,2.1744412796598008e-05,0.001017680766573861,0.0013777327086055178,0.0018269947923521498,0.004236096572926742,0.0014716711618678602,0.0006301748984933326,2.1744412151747383e-05,0.0010176808864343911,0.0013777328422293067,0.001826994790462777,0.004236096981912851
20260825,6,brightness:0.8,brightness,1024,0.3783043622970581,0.3773308992385864,0.9859330654144287,0.427442764272535,0.42744276393030056,0.00658771582081142,0.6044953538884723,0.004495480198652297,0.39632172586789854,0.004492677087156168,0.006355587276242293,2.5959460845541127e-05,91.76099430075531,64.88482131848421,88.1600426105118,0.9607572725460989,49.74220339019242,1.304421936454755,1.4142135623730951,3.2945201632008296,1.1365455163344878e-07,7.50917439340526e-10,4.295894640746755,6.7896835779131,2.4677026017662085,3.217942492436856,3.6205070465071483,4.1703795505321075,116.93953943479211,4.297657282404767,6.788567075782487,2.4810160821834333,3.225822711392656,3.6319277057928687,4.165535951292368,115.02606135464332,0.10443066016795634,0.18044341378584983,0.03259975414954613,0.06295379828201397,0.08198226390715095,0.10807326356637577,3.9586735384122056,0.05743003366581527,0.020129915971631215,0.02744074576798587,0.04585388132942883,0.05391526252933018,0.06358561480311048,0.3283707578512846,0.622669099821292,0.13640421852495588,-0.22432466332802126,0.5581225116742191,0.6359180079357266,0.7096385717929914,0.8747771841519627,0.014066916832804598,0.1417287040695511,-0.3982587603856968,-0.0831666694658854,0.010244248976493908,0.10853832285784798,0.43931951671230685,0.7638189547542609,0.101419428657783,0.4845254153160216,0.7045658858323081,0.7717566226582836,0.8297585366162374,0.9979293231339547,0.9897161490154984,0.01403029375682975,0.8983308756998533,0.9859522420691614,0.9953205748011857,0.9988812756540235,0.999999970458247,0.012429564431896842,0.004894326820860519,0.00024643476207356947,0.008887546008827815,0.011730255675550309,0.015337764878659585,0.029805275355293637,0.012429564428970252,0.004894326838338161,0.00024643479264341295,0.008887545438483357,0.011730255093425512,0.015337765915319324,0.029805274680256844
20260825,6,brightness:0.6,brightness,1024,0.37820303440093994,0.37520360946655273,1.0101289749145508,0.37540634956375624,0.3754063490680514,0.006570377665884361,0.5309047502530067,0.0044693672604391365,0.3491117047597604,0.004494575171372516,0.006338489542454378,6.482332149552474e-05,80.8027753122389,57.136190361977064,78.1121094813449,0.9667008240682737,43.68420442771407,1.3079370755041668,1.4142135623730951,3.161961847272584,1.1226610543478992e-07,3.9017906683369574e-09,4.292889003963297,6.791586369933538,2.4899023687187127,3.2213635478472478,3.623602618672483,4.168634712214401,115.97339682456575,4.298003659012953,6.788347465751429,2.4517963838371752,3.2276220851432287,3.626657594601391,4.163222235716288,111.06740431155683,0.12491410939317184,0.256963547507254,0.02342586312622386,0.07313679545480989,0.0948833113888822,0.12446533746308006,4.911884815362966,0.10119407304742783,0.030468025813140075,0.05158757400000205,0.0820967225863718,0.09619744097011473,0.11422496698011547,0.4456534455966959,0.6247963534910322,0.13623101874678917,-0.22735887402773883,0.5616406456362152,0.6396123643855159,0.7111519014730524,0.8834144187602091,-0.010128992200009913,0.1403154467273044,-0.47869163267462184,-0.11071991585382665,-0.018578964029825847,0.08647302517302141,0.3850471275051096,0.7620455828648112,0.10190888951246466,0.4685925359270699,0.7030383466942484,0.7686976149782807,0.8273811928586338,0.9976105547228956,0.9899770659418623,0.013182735848806863,0.8779830982469451,0.9859170987645907,0.9951683014816834,0.9988551615513682,0.9999999999873228,0.010773099244538523,0.004646320814427374,0.0001988162202242852,0.007764728212623423,0.010155683132826327,0.013263664818450498,0.0412780979735961,0.01077309923205405,0.00464632078882621,0.00019881622574757785,0.007764728623442352,0.010155683849006891,0.013263665838167071,0.04127809777855873
20260825,6,contrast:0.75,contrast,1024,0.3780350685119629,0.37510794401168823,1.0154837369918823,0.2708687936900198,0.2708687933160394,0.006582535736969988,0.3830663211311777,0.004488736684841936,0.2510680095809214,0.004491529163619813,0.00635000718531035,3.235485399871591e-05,58.1943397556862,41.1496122679196,55.93288874100272,0.9611396739927355,31.536305923452613,1.304832990523627,1.4142135623730951,2.838490804877681,1.1205949420266734e-07,2.436159940444327e-09,4.296562471312063,6.789260539784153,2.468393987985959,3.2218721577467813,3.625436159223841,4.1712393051323815,113.06360364868148,4.2888329703148615,6.794151039212759,2.506353351168716,3.2184108500567845,3.6351466025084314,4.1634124406874395,113.18461025268566,0.22097039130462834,0.8559475880032862,0.03370800355030345,0.10006445670182598,0.13070741377902084,0.18609228103981398,17.535859687197803,0.08667521208776396,0.03321201395909567,0.03930974702030573,0.06505850465392196,0.07766791221335691,0.0960714697866358,0.2742539921213429,0.624892051430116,0.13562016263095544,-0.23071425269912282,0.5602861143104056,0.6365974601754172,0.7124335359395738,0.8846461325110909,-0.015483722697483607,0.14704212888217216,-0.4532647083889043,-0.1128256569561991,-0.020283167134669624,0.08516905410559891,0.4316780892456309,0.7621908519815206,0.10104520415624153,0.4662630376012766,0.7017395895638991,0.7711962611061123,0.8282986233926117,0.9963286411511746,0.9889060934616725,0.014997975972166145,0.8913759611573119,0.9855177225028457,0.9949555135664412,0.998814406015373,0.9999999978864809,0.0076896956034519055,0.003539931528678375,5.538162811934846e-05,0.005165799251806873,0.007330657904298151,0.009674568538881894,0.028456912874009168,0.007689695599690793,0.0035399315185728735,5.538162440643646e-05,0.005165799288079143,0.007330657681450248,0.009674567496404052,0.0284569151699543
20260825,6,contrast:0.5,contrast,1024,0.37817108631134033,0.36897385120391846,1.0174777507781982,0.14158342090434486,0.14158342116900474,0.006524240771469145,0.20022919442438847,0.004534078002429625,0.13432804779727994,0.004492337149744345,0.006382707607206315,3.098442004489763e-05,30.690037574946878,21.701133684114883,29.626320439414386,0.9653399858851645,16.525234801715243,1.3132118190828552,1.414213562373095,2.18583909741502,1.1558376840905089e-07,1.353989143026979e-09,4.298469737406024,6.7880519941621875,2.4782305261800057,3.225329954403747,3.6196657392312037,4.166095136164594,112.78965296007456,4.295091257122012,6.790190456436215,2.5271639227070812,3.2227588392868327,3.6463432993631186,4.147886536965617,108.81957425127605,0.5028846653770749,2.154148834741918,0.0875645433900993,0.18594586860626783,0.2544184330497056,0.3719427098196167,44.91235178874725,0.16373566084462834,0.0479301779946436,0.08166461086217547,0.13164219895802254,0.15375726897360853,0.1817898650303999,0.5667543080093281,0.6310261769792147,0.13673883783522542,-0.25281702036026943,0.5658528869728434,0.6444345858428566,0.7188907697482734,0.8928057891711967,-0.01747770273710961,0.14448503659994572,-0.4602106743097609,-0.11585093690518389,-0.022010501407001795,0.07554930215055702,0.49471109409102776,0.7567849879330742,0.10204589566502303,0.45044180847518683,0.6951228454309553,0.7646594389900605,0.8245061116475051,0.996521932811295,0.9892506811477497,0.014909650845522439,0.869057497167626,0.985244716913803,0.9951663928445731,0.9988956878836581,0.9999999737699362,0.003980196492663837,0.0019333199722829115,2.1665962166321243e-05,0.0025931760206222886,0.0038077559699046196,0.005225100272313496,0.011088264187402327,0.003980196497655797,0.0019333199719642601,2.166595913877245e-05,0.002593176090158522,0.0038077562348917127,0.0052251003216952085,0.011088264174759388
20260825,6,gaussian_blur:1.0,gaussian_blur,1024,0.3778572082519531,0.3812435269355774,1.0202836990356445,0.08584357476420411,0.08584357466037704,0.006634963338209148,0.12140114752729256,0.004496216948799815,0.07538895360171771,0.004479797135545244,0.006347011046651336,1.5392317008583694e-05,18.297184376011955,12.938063148898602,16.76719661444305,0.9163812458721925,9.975903510137856,1.2969314638794531,1.414213562373095,1.6935978839492645,1.084514245678723e-07,4.618418980584238e-10,4.300466129269628,6.7867862582659235,2.4660200635260563,3.2236541358948414,3.633185026416949,4.160407066468826,114.35984476696837,4.26158591813043,6.811292002788298,2.3804807478557213,3.286010745620892,3.6484673628759863,4.149577838949891,157.54508117662823,0.6524298440241366,2.2291140556752107,0.11018806509315279,0.32310264060249816,0.43417726360055153,0.6091395857805497,43.26365341380131,0.2778093290594983,0.09043150876704188,0.1322486306901801,0.2100324582690498,0.2711424581846207,0.32163146537578174,1.057385390016866,0.6187564796159759,0.13859936670337852,-0.21728356021339595,0.5578783472028082,0.6340178461014503,0.7099216079264757,0.8691492109285299,-0.020283641516009,0.13282426095752548,-0.4651927204495527,-0.10233198556742268,-0.022246214220605267,0.06455163580154956,0.4247171138153739,0.7668399382346069,0.09957703729243615,0.49454994605430286,0.704280647308289,0.7733184120414109,0.8299227369436579,0.9968084954804803,0.9908414861257725,0.014030680644984913,0.8852094288024414,0.9890634819573771,0.9963184100402407,0.9991254425952156,0.9999999956336606,0.002416053441897249,0.0011663703935674492,2.257226434720126e-05,0.0015871634801169403,0.002213779323865629,0.0029997141096826897,0.0085110969614529,0.0024160534366046704,0.0011663703931350064,2.257226333313156e-05,0.0015871635696385056,0.0022137792548164725,0.0029997139936313033,0.008511096239089966
20260825,6,gaussian_blur:2.0,gaussian_blur,1024,0.37870126962661743,0.37652677297592163,1.011950969696045,0.04358425508862961,0.043584255107219805,0.006617953245166152,0.061637444678559083,0.004531498481661356,0.037744842590563106,0.004495452848626074,0.006383069387333923,2.2125517852850102e-05,9.313671824983041,6.585760505191596,8.329439531606097,0.8943239238109255,5.096459581733377,1.292222647646553,1.4142135623730951,1.0256087903085565,1.0907533268514367e-07,1.6490799836788028e-09,4.294498673889409,6.79056757829461,2.4912324330525446,3.219591539695788,3.6236698236752236,4.167650188476278,110.60620650482979,4.280171929917199,6.799616443213272,2.0419604286088764,3.307769612597996,3.664948786514214,4.114586524375877,137.171778489283,1.085090525554941,2.1913209371184053,0.20708327865175508,0.6406360067932654,0.8273086821221971,1.1215771360261773,45.38108695412708,0.4765586589934484,0.12249153087574075,0.23621876765150132,0.3812788173022288,0.4746801909412545,0.5532792033014058,1.130355421804314,0.6234731953646717,0.12853850339724138,-0.2499874332990703,0.5646720853241618,0.6351703969223941,0.7030679719095188,0.8828439897213534,-0.011950921139196422,0.1466617728802472,-0.43803897145176274,-0.11655646957171945,-0.011475703732570893,0.09678545573962893,0.5242056655493206,0.7658531043596943,0.09084186309152986,0.46966636010351354,0.7111225313289609,0.7723720246328197,0.8253152747628987,0.9997678673361695,0.9890109600167961,0.015034863416184999,0.8515916980607514,0.985901051479886,0.9944305279047727,0.9985935873041402,0.9999999984023098,0.0012428662016650749,0.0005573622619179877,2.068420699847825e-05,0.0008616012606047646,0.0011624090284345916,0.0015102976569682102,0.004616430967184048,0.0012428662043060257,0.0005573622585231631,2.0684206901933067e-05,0.0008616012491984293,0.001162409083917737,0.0015102975885383785,0.004616430960595608
20260825,6,gaussian_noise:0.03,gaussian_noise,1024,0.37818288803100586,0.3789478540420532,1.0299980640411377,0.0893484810459669,0.0893484812497657,0.006653135527692054,0.12635783396085684,0.00453326500849627,0.07622604496390734,0.0045071976860032404,0.0063925990503057245,5.066658264083817e-05,18.992223055568786,13.42952971240018,16.814822169240948,0.8853530268701539,10.35259179723895,1.2972142593505085,1.4142135623730951,1.7304442254772,1.089786985673435e-07,8.776707138835604e-10,4.302112664687449,6.785741255946641,2.454058908574606,3.224221846670019,3.6235587434882413,4.162181856495943,110.9004961129514,4.266976701440756,6.8079139716372765,2.4609825342664324,3.215264588803165,3.6091583231913527,4.146506407713618,116.75714730964334,0.5021877773041468,0.7733123922780264,0.1228404732737997,0.30889055568529034,0.40503012588276,0.5369077319895792,14.724180580194181,0.5830340829483673,0.2815871915470241,0.15870306448373675,0.37706183503051743,0.47529568427503077,0.8032273924970035,1.396296328806125,0.6210521804740319,0.1300633625000187,-0.3960572800809513,0.5671685830230331,0.6404538600233582,0.7049741253906585,0.8588036419573479,-0.029998050850507205,0.14174714327231622,-0.4791722437269471,-0.12449090374652665,-0.03337941072098492,0.06955948795172431,0.40844132048102155,0.7679642512768451,0.08736471442842617,0.512304894140975,0.7092330235267504,0.7679966450632496,0.8236015793014725,0.9981051471121575,0.9893375999972713,0.015454194443583395,0.8777208900565618,0.9861096798050195,0.9947803602843873,0.9988770863571477,0.9999999784866634,0.0025595562950436993,0.0011162142569038772,6.60873179466187e-05,0.0018010994557509353,0.0023869503741806505,0.0031516592442378745,0.007946697732866192,0.00255955629877036,0.0011162142581453798,6.608731200685725e-05,0.0018010995700024068,0.0023869503056630492,0.0031516593298874795,0.007946697995066643
20260825,6,gaussian_noise:0.06,gaussian_noise,1024,0.3779348134994507,0.3939927816390991,1.019803524017334,0.051667637082887435,0.05166763714032807,0.006767415442100366,0.0730690731796238,0.004819334071162222,0.04570105109981125,0.004478097406497372,0.006578703312321017,3.8289854811329304e-05,10.797190420002611,7.634766563746273,9.482856018070162,0.8782707027656431,6.00525689979535,1.2713472042380696,1.4142135623730951,1.2059845163504144,1.0712466264202211e-07,8.565976816754528e-10,4.293790723423203,6.791015601734514,2.4757344863374113,3.2186792025091995,3.6318660936021594,4.168651507072936,119.40622885403337,4.247839835747006,6.819880586916085,2.321053938668415,3.253049487071253,3.6129791125941146,4.088614363508707,148.96047696356396,1.011455297653673,3.0975998585819635,0.2151484940944893,0.5269218570570098,0.7044673543656607,0.9625542269109234,71.05211090511123,0.7472640878482382,0.30190419118576867,0.2261651879594826,0.5248365968040308,0.6398447430439326,0.9294277452637645,1.6368841912724852,0.6060072174831745,0.12055196201113874,-0.3082862746423374,0.5607828345238224,0.6251328208116607,0.6778085967498921,0.8354448162399515,-0.019803470068664283,0.13663833950664722,-0.4605116423689101,-0.10864061442773537,-0.019077348372416408,0.07181246821005288,0.40329286089145155,0.7824949972255923,0.07709768500671077,0.5495743434857505,0.7352384008978585,0.7805183851102118,0.8279629292062067,0.99982799207091,0.9903288647277508,0.01431639093242232,0.8876536640169346,0.9874183025970344,0.9957770995065018,0.9989878312888274,0.9999999812349063,0.0014796144071482255,0.0006466272499874938,1.3566378793139418e-05,0.001005341237942285,0.0013723161502897084,0.0018420114488517615,0.004521094445106513,0.0014796144095532426,0.0006466272538259415,1.3566380403062794e-05,0.001005341240670532,0.0013723162119276822,0.001842011377448216,0.00452109519392252
20260825,7,brightness:0.8,brightness,1024,0.34781551361083984,0.3445131778717041,1.0016217231750488,0.38644258085399485,0.38644258148478,0.006422392287896772,0.5465123398142457,0.004246123984653743,0.35495368650565456,0.004257549261704363,0.006013010444768174,6.343384685995212e-05,85.09482375347389,60.17112691995548,83.59475318867774,0.9823717765825338,45.16265785091249,1.3323203233704313,1.414213562373095,3.176774975146635,1.1493638757433121e-07,1.2895906564835968e-10,4.260472078445057,6.811989976897207,2.3038424688752492,3.291438695139508,3.668534054103173,4.109817253901997,116.50677565762011,4.254647175482433,6.815633541053011,2.31924070280874,3.2879644556518244,3.6519623441717837,4.094060955791079,113.7824430036982,0.12902780215928988,0.16555416791183664,0.02639929016869547,0.06996469325319471,0.09382580088284545,0.14059171813418533,3.3938397514828225,0.06604371492598105,0.024467611286597152,0.029011759574292355,0.05023100853551528,0.059754345762300445,0.07527173633338373,0.25109974622351455,0.6554867939488209,0.1151670320713257,-0.40393721013678874,0.6088886604358026,0.6708380097819677,0.7247274991532566,0.8343447402135723,-0.001621715929719313,0.13811029741022562,-0.42821247524346295,-0.09279545454679719,-0.000919067015322815,0.08492926479383868,0.5266938971846193,0.7425768992837045,0.07531040860480652,0.5512430085524408,0.6890355953689868,0.7416039132468182,0.7932556959434569,0.9999570980552889,0.990327194308874,0.013920511292560866,0.8500550209653949,0.9870913253853388,0.9960165617942545,0.9990693904801945,0.9999999473308291,0.010817609295941631,0.005370778372710998,0.00028461703097693367,0.0069079261241405225,0.010298236065645791,0.013770559833275811,0.03551323177341258,0.010817609322316457,0.005370778408246596,0.0002846170391421765,0.006907926290296018,0.010298236273229122,0.013770559336990118,0.03551323339343071
20260825,7,brightness:0.6,brightness,1024,0.3477306365966797,0.33914995193481445,1.0091958045959473,0.32864829993856737,0.32864830058273203,0.006385595760965427,0.4647788839349692,0.0042038893233019604,0.3167633604367062,0.004260324461754011,0.005985235998855168,0.00015644973341048942,72.78551623579443,51.46713210249379,75.35007134486197,1.0352344153300976,38.38151224596933,1.3409354884317404,1.414213562373095,2.9730069160544876,1.1395665828672445e-07,4.511540918628043e-09,4.259481121801461,6.812609940687517,2.3209552474512694,3.2912450288979973,3.655917323683978,4.1058210142776534,113.02033180816514,4.2509784957414185,6.817924764821804,2.296949816558599,3.2783115518656,3.656033295415616,4.096460417640084,114.25938708505252,0.16547638692687594,0.2818165314203386,0.03572484308332538,0.08232193534909454,0.11088140290181697,0.15713120663806165,4.607793921232015,0.12596689326505714,0.041365719046254606,0.061850244810678405,0.09656804383873203,0.1205263107672688,0.14337113770166637,0.40176617167202655,0.6608501025658369,0.11358704427122075,-0.4117399705105618,0.6160430606827815,0.6734754514080254,0.7299827753442035,0.8317786807749059,-0.009195852640974587,0.13993577767922083,-0.3820173254008842,-0.10737191784429377,-0.00677933306669359,0.09284622609139526,0.3933923013375089,0.7381295292833074,0.07455166412778293,0.5551074006067269,0.6834655408469777,0.7392092973529527,0.7877124478932807,0.9995682758637907,0.9900443902494362,0.012837591851768275,0.9193707071950784,0.9862852556164099,0.9950578158721604,0.9986772061781224,0.9999999896139676,0.00921171132612306,0.004543430529983789,0.00021167370617507206,0.006132782401709546,0.008691316379339217,0.011803440481817973,0.027208327196082367,0.009211711336391204,0.004543430530760003,0.0002116737305186689,0.006132782553322613,0.00869131600484252,0.011803440051153302,0.027208328247070312
20260825,7,contrast:0.75,contrast,1024,0.34770047664642334,0.3375999927520752,1.0232617855072021,0.25013854766214977,0.2501385481957409,0.006413660254623999,0.35374932733073283,0.004168513976183425,0.22065904856615634,0.004267982182555128,0.005965918259601332,9.023461385501287e-05,55.15560745140708,39.00090404935321,52.934702828605026,0.9597338380370717,29.10904723973289,1.339820694687455,1.414213562373095,2.73193964221185,1.1396832049483407e-07,3.972327244916585e-09,4.250819234695227,6.8180237917903135,2.334097765815133,3.282388480153314,3.648418544399374,4.090497053411639,116.47543332744056,4.214692097374899,6.840439421439972,2.283545503281584,3.2706211295883585,3.6194415389614574,4.070357581157493,117.49214221128523,0.24774254997152687,0.9702243296358368,0.04332103538816068,0.10644059715116802,0.13952581032755718,0.19299141053582586,15.618106965058649,0.11656919532721513,0.036260367344729094,0.058473741233781046,0.08865419960358509,0.10899861901498004,0.1350264558922633,0.31230664295106636,0.6624000096244791,0.1148419966301684,-0.37410795257888,0.6145204009922847,0.6760487179441725,0.7328458954114644,0.8518831294539855,-0.02326172631309212,0.15544886320516935,-0.45579849696477526,-0.1355271304617801,-0.02785884480124912,0.08329281412920564,0.44034219586992573,0.7361004488187175,0.07882016806256785,0.523731929284137,0.6803946594494296,0.7368569237129271,0.7889008809181182,0.9999980260015022,0.9874547187486887,0.015860804024099444,0.8900829906051747,0.9825745000305086,0.9935724037974129,0.9986016706068198,0.9999999999872231,0.007178924760529054,0.003094384478385749,6.180017371766574e-05,0.004987433625533085,0.00688974195790921,0.009043151273133807,0.022342681696767754,0.007178924776980011,0.0030943845005151054,6.180017226142809e-05,0.004987434018403292,0.006889742100611329,0.009043150348588824,0.022342683747410774
20260825,7,contrast:0.5,contrast,1024,0.3475203514099121,0.32921797037124634,1.0163211822509766,0.12373981298839652,0.12373981326215719,0.006372442528003319,0.17499452212085687,0.004113546599817541,0.10740259668415703,0.004260543402372795,0.005922288047061947,5.852134219550587e-05,27.461137758693603,19.417956728270195,26.109488267112603,0.9507795524184682,14.402403892670664,1.348244138292069,1.414213562373095,2.02201843177653,1.1760025917406462e-07,5.286967197370984e-09,4.259167387242417,6.812807047395823,2.3069122372926314,3.286210082080756,3.6463340850504053,4.100513214020485,116.15498064433524,4.177678156575527,6.863131070934531,2.4321784272204923,3.2621040274141206,3.603079743782684,4.03290985459134,119.40461472122526,0.48514797951683697,1.716495085429499,0.09360510386305644,0.21661724731813553,0.2987467699053129,0.4133740727426892,29.30256978193135,0.21572931246577198,0.053069634156403395,0.10512843502788895,0.17821271402703734,0.20553039081603977,0.2440229792193352,0.46294394408114237,0.6707820256645327,0.11024612257494613,-0.31347904791592773,0.6216507362185953,0.6824656200322592,0.7382030041646478,0.861075801835346,-0.016321161984444325,0.17003044192856723,-0.43146991925597417,-0.13195962707291478,-0.024191528005553624,0.09340192033557268,0.5752406169429976,0.7292385212655565,0.07827066922457894,0.508476610566913,0.6745785512525899,0.7309176781297717,0.7832945546852536,0.9965504236509766,0.9850831850082259,0.021519109804180418,0.8179842496155043,0.9807325791732472,0.9932175021077179,0.9983482319308207,0.9999999860507339,0.0034899676172826847,0.0016659872633168367,3.316661599611549e-05,0.0023333208300446483,0.0032167893070782928,0.004424361528205643,0.010208869154818907,0.0034899676198314467,0.0016659872739302262,3.316661241115071e-05,0.002333320735488087,0.003216789336875081,0.004424361512064934,0.010208869352936745
20260825,7,gaussian_blur:1.0,gaussian_blur,1024,0.3478076457977295,0.33784735202789307,0.9947134852409363,0.08680428486113802,0.08680428499358053,0.006336882454356867,0.12275979711002093,0.004202435669880543,0.0794888438203321,0.00427338594576105,0.005993520918534647,2.391908328222998e-05,19.372269881007266,13.698263399836149,18.914946013341737,0.9763928610083068,10.212204807092283,1.3413619887026866,1.4142135623730951,1.6833244571820374,1.1751788927508732e-07,3.7052659829228674e-09,4.253880419877648,6.816112043317712,2.286325514058079,3.2835442314728485,3.6597742802520337,4.108867264976569,114.5126829821167,4.258025934892668,6.813520430227897,2.403578980776183,3.2962780717135676,3.6850120036762157,4.117866818127329,123.46265982933268,0.5957551125513203,1.2371206666859182,0.11124589461345652,0.3251395085433947,0.43718347912191136,0.6127668724383977,18.985137792527592,0.32516468880337457,0.1163839471015689,0.14937272418393258,0.24020681263801885,0.30642120174505105,0.3697567773927702,0.9582159114430696,0.6621526672337569,0.11226144264938206,-0.3654764811173842,0.6158624718379914,0.675059726114597,0.7285534673934584,0.8504980868958474,0.0052865423951578335,0.1448741482924341,-0.4569712247386298,-0.08496472373791929,0.004323213863514856,0.10402676466781052,0.4410916970724712,0.7367902293268553,0.07816422100898611,0.5259781404074734,0.6849889251480878,0.7377630783080114,0.7878536766021571,0.998560644746535,0.989331098854107,0.01510728127137333,0.8894814780313733,0.9858260533588685,0.9953484435606551,0.9989076141331535,0.9999999948416951,0.0024298113831926708,0.0012065740872920427,5.140953556318949e-05,0.0015808668943353653,0.002208375783985864,0.0029806805484163677,0.00877619203069886,0.002429811385585623,0.0012065740936606105,5.140953362570144e-05,0.0015808669268153608,0.002208375954069197,0.002980680495966226,0.008776192553341389
20260825,7,gaussian_blur:2.0,gaussian_blur,1024,0.34783440828323364,0.3295624256134033,0.9864543676376343,0.04199169234406797,0.04199169226882285,0.006345685601857922,0.059385220713566715,0.004168282779246156,0.03682809719180963,0.0042678211109679984,0.005965641487969603,2.742754118351319e-05,9.35836163962797,6.617360976176995,8.835316398200334,0.9441093151163552,4.916287418907695,1.3460077518467612,1.414213562373095,0.9488370753463804,1.1775803957353563e-07,3.1028513092223875e-12,4.254474469977749,6.815741437912055,2.273929453886849,3.273294078368666,3.6561349957771654,4.1078839409511545,114.57101383841646,4.243589504990522,6.822531280793408,2.196370482545974,3.321843455257217,3.6945598921124727,4.106428853074094,112.28973780357543,1.095368674954185,2.123817138659854,0.2412501810612573,0.6621219057637908,0.8690516403544222,1.1704800214879252,55.60096447759613,0.5471953482811196,0.14019736285630036,0.2856111138073068,0.4360044976821087,0.5341540310996649,0.6218009851639343,1.2192798075006122,0.6704375814978453,0.11459455007168544,-0.3385235697448118,0.6220900963456937,0.6859302363258071,0.7422393531768516,0.868591187036496,0.013545604451680997,0.15491659350669423,-0.5841033398424145,-0.09472881836385853,0.008226522330747773,0.11978320479516805,0.42468391396341854,0.7287881124657387,0.0791730454494184,0.4955293632092159,0.6701348686187665,0.7276673056029471,0.7829456631292893,0.9994013592093408,0.9877057991084575,0.01668318134835025,0.8116793014392673,0.9834820642037803,0.9940169218200494,0.9986665496801139,0.9999999407358263,0.0012029814695570685,0.0005244797858658096,1.679027757491388e-05,0.0008253309959116254,0.0011075548891026602,0.001466751112969666,0.004034047402759664,0.0012029814685394769,0.0005244797812032394,1.6790278095868416e-05,0.0008253310370491818,0.0011075548245571554,0.001466751069528982,0.004034047480672598
20260825,7,gaussian_noise:0.03,gaussian_noise,1024,0.34814202785491943,0.34227120876312256,1.0246778726577759,0.10624347023130304,0.10624347010827899,0.006364781170552746,0.15025095634070867,0.0043637579837639065,0.09559391451310036,0.004274570332690372,0.006108546084788091,6.741219591944473e-05,23.60661777907758,16.69239951246467,21.906328185195775,0.9279740278851483,12.492750173738283,1.3361669212530118,1.4142135623730951,1.8887698913027324,1.1617691088723043e-07,1.5074068659970408e-09,4.259081067996508,6.812860433120828,2.335701998613078,3.285341278601652,3.6607231119662624,4.110593263124944,114.44013914403035,4.275172052101171,6.802762392173384,2.4820479497052106,3.277892562963591,3.6637402128066574,4.117428325954549,121.95345888021502,0.44696018066388254,0.8413065007702512,0.09592977872461468,0.2518568496534257,0.3382503692035095,0.46974512373309985,17.623758117175527,0.5200840872516426,0.26353481408892687,0.16326729245078683,0.32157141037105974,0.41026808445582813,0.7267326617425911,1.3352767224583464,0.6577287746211806,0.1252889758775402,-0.3943642940057631,0.5999959672246786,0.6752326710706393,0.729966610096006,0.8783558377031705,-0.024677898382726805,0.15174676825149644,-0.4480066605540529,-0.1271477471518332,-0.02269783595238016,0.07662596307769343,0.3932339638779896,0.7382052643265831,0.08228280791618431,0.47800734552176266,0.6834828063020618,0.7376047699700043,0.8000030241642332,0.9904490965919688,0.9879780617262972,0.016912596506417077,0.8940302187841336,0.9843344504647719,0.9949471255056745,0.9990704439518561,0.9999999999120451,0.003034263674475299,0.0013483840570974817,5.4307970650868384e-05,0.002047352713329019,0.002852598355730331,0.0038383800247897785,0.010176272776878712,0.0030342636692850533,0.0013483840477516238,5.430797318695113e-05,0.0020473527256399393,0.002852598438039422,0.0038383800419978797,0.010176272131502628
20260825,7,gaussian_noise:0.06,gaussian_noise,1024,0.34842997789382935,0.3582035303115845,1.0343164205551147,0.059420430050507976,0.05942043013661025,0.006515918600928698,0.08403317818123719,0.004657798601626828,0.0550474608344209,0.0042938518089257645,0.006335002065534935,4.514490863494584e-05,12.896597291632855,9.119271399145653,11.818342857330606,0.9163923312545545,6.964970655485926,1.3093050728413504,1.4142135623730951,1.3248232860914175,1.111521680873202e-07,1.3458549830147604e-09,4.254904541215389,6.8154722184614185,2.264992729702204,3.284800104645168,3.6613895734495436,4.113543834035482,114.8165230990588,4.2068724521779295,6.845247521278117,2.3031352269957575,3.277466809444719,3.694132637896748,4.137867376259917,154.80917894620708,0.9143247990693939,2.598108119495477,0.1761759035751644,0.45613819684033563,0.6069839749306398,0.8463934084420512,44.89000943538955,0.680163859326441,0.24160137906873747,0.29264815729838073,0.48799739844967377,0.6053865818639717,0.86437134970672,1.3298196610912183,0.6417964773256704,0.12614664193928876,-0.4134667507326655,0.5934739152010918,0.6663788548294295,0.7127447329153971,0.8438956299192613,-0.034316440729944116,0.1461932818830049,-0.5280897197488134,-0.13490295978557518,-0.029843689736766363,0.06780701950014272,0.34062062896888934,0.7524594425453435,0.07752743637761189,0.5365073772122555,0.7014235054434499,0.7456133192441166,0.8048532104024877,0.9994051256790812,0.9885523515786593,0.015338047997940899,0.8491885820567889,0.9841966283331048,0.9944438924663984,0.9989069261212751,0.9999999999994553,0.0016882586719728938,0.0007735642884463855,2.153851431686835e-05,0.0011432227401016483,0.001589415143504828,0.0021196714741611175,0.005525813505611498,0.0016882586776620911,0.000773564287019935,2.1538513465202413e-05,0.0011432228202465922,0.0015894151874817908,0.002119671495165676,0.0055258143693208694
20260825,8,brightness:0.8,brightness,1024,0.35223138332366943,0.3508765697479248,0.9935160875320435,0.3658825984096559,0.3658825979010439,0.00665144496654473,0.517436132187958,0.004295530477957866,0.32183142429814815,0.0043007345892199155,0.006078478435758206,6.78478040936408e-05,77.79304117985569,55.0079869474003,74.92239339229407,0.9630989129101567,41.54857852614131,1.3239438990038856,1.4142135623730951,3.0996746350088795,1.1428574996495249e-07,1.9009667173719436e-09,4.082603529842478,6.920164920886708,2.4696592629179817,3.1517138026591853,3.567799413074363,3.992163454518254,117.65548057529716,4.0805342505047335,6.92138653134959,2.515568654755623,3.1461497673744674,3.57275743203183,3.9968198661548935,118.55575231188598,0.12911118938172966,0.1957503399404045,0.030887493952687847,0.07599579254457212,0.1002220234337973,0.13348318438413612,4.074920270481057,0.06226383912920021,0.023557480832813473,0.03165117311925444,0.04872390317422337,0.05736681514355639,0.06798433409359544,0.25012874681661146,0.6491234199186598,0.10128858395353578,-0.26768221825986127,0.5917198961350557,0.6527080471497932,0.7095986000740009,0.8547295894854858,0.006483886536180133,0.1377981613694829,-0.42820431305788936,-0.08613231483753268,0.009342238441677595,0.09970515712166789,0.3562585423679191,0.749951805356244,0.07724988492015598,0.5190735293366179,0.704606149395731,0.7576093894389658,0.8061436374576709,0.9797736875623416,0.990356937542454,0.01347155238068693,0.9036819497359793,0.9868320516341592,0.9958277925230349,0.9989543598115824,0.9999999970757141,0.010387391302187732,0.00478089103225017,0.00023958906453635772,0.007211061447936396,0.009681025114447678,0.012673288072290276,0.03137232004026202,0.010387391300696436,0.004780891052731677,0.00023958907695487142,0.007211060845293105,0.009681025054305792,0.012673287885263562,0.031372323632240295
20260825,8,brightness:0.6,brightness,1024,0.3522210121154785,0.3498169183731079,1.0116729736328125,0.3409058688230267,0.34090587020220586,0.006639727525439477,0.4821137051325615,0.0042919165796253475,0.2966026454492113,0.0043027597329503625,0.006077358739284856,8.127537124186961e-05,72.61046530680503,51.34335240355238,69.10727176228167,0.9517536001219505,38.7232844647863,1.3259038579818712,1.4142135623730951,3.027773110741914,1.1404887444794131e-07,2.6870617952923226e-09,4.082174471116705,6.920418042955138,2.4728591829156157,3.1597377747694915,3.57512509190523,3.996993049066321,119.12160200370857,4.08113367441875,6.921032946065999,2.427747510447042,3.1514051880663265,3.571908325554719,3.9893667702750775,116.21957291871138,0.14386370991164035,0.2533055485565188,0.03002445419861756,0.08084909976760188,0.10662699399547498,0.15111477442342053,6.469936026872439,0.1034945891406365,0.03724330291735418,0.05513768062356571,0.08362610919250701,0.0965633105308466,0.11431393452732928,0.6864440661130341,0.6501830709960901,0.10136350138337066,-0.26586304701306945,0.5944587917402263,0.6541084694722108,0.7119856133054745,0.8596575505437319,-0.011672935694632878,0.1356144442626783,-0.5582026465326098,-0.09544028163843152,-0.012823877783179019,0.07520424060837419,0.40530804484941046,0.7490115575692906,0.07736265159199332,0.5108707231708933,0.7021940516370476,0.7564007594542845,0.8041257440622243,0.9805876893503258,0.9905949854751853,0.014567336634598744,0.8297046495012489,0.9880274179250549,0.9961023703934102,0.9990463941485508,0.9999999873413553,0.009603128273870883,0.004614509927083671,0.00014955008470675865,0.006436781768809066,0.009032233895205004,0.012006464298333769,0.03201584073510599,0.009603128284624063,0.004614509956663082,0.00014955009100958705,0.006436780910007656,0.009032233618199825,0.012006465112790465,0.0320158414542675
20260825,8,contrast:0.75,contrast,1024,0.35283106565475464,0.3485334515571594,0.9965198636054993,0.22453252851245545,0.2245325289816304,0.006643654991018982,0.3175369476797517,0.004337694339990778,0.19091263769391006,0.004300673467421473,0.00610830454877383,3.245694043958316e-05,47.7955204039048,33.79653658794108,44.01246900543848,0.9208492476596771,25.471478425412805,1.3268384316084412,1.414213562373095,2.6081867494738757,1.1180727965227127e-07,3.0541031925679363e-09,4.081396963910772,6.920877544428251,2.501868368023282,3.1526246445586272,3.574431915477791,3.9982136008319564,117.92500234646981,4.077253574001837,6.9233213439909,2.5283850579595293,3.180509082575864,3.5582683369414756,3.9961522422610325,122.38611447323389,0.265619898829891,0.532895720810536,0.05247854505619337,0.11848035005086124,0.1630345953607995,0.2854145982012344,11.295442225796382,0.10116080368633504,0.04094506625314918,0.04825318551458921,0.07422606854199057,0.08992366684359493,0.11837118760262927,0.4977830314716188,0.6514665458360245,0.10115783191777936,-0.2809612866379507,0.5949484821340075,0.6559777152740736,0.710243426370902,0.8646747955960515,0.0034801543579835764,0.1417468841881568,-0.45625157740293176,-0.09257240250339774,0.0028750013161742156,0.0967251394640058,0.48567288736500225,0.7479014245180353,0.07757423345205733,0.5023320593600678,0.7039561420173741,0.7547802570962028,0.8037638223172413,0.9781647426056177,0.9897945336086615,0.014910699979285102,0.8741406331240654,0.9859845852664342,0.9954914526290841,0.9990851095942413,0.9999999948168871,0.006121833627420381,0.0034304377702417993,8.587382762154409e-05,0.0034014701571002674,0.005972964512683431,0.008181843808149153,0.018583124205106667,0.006121833619104677,0.003430437764529587,8.587382035329938e-05,0.003401470312383026,0.005972964921966195,0.008181843673810363,0.01858312450349331
20260825,8,contrast:0.5,contrast,1024,0.3524487018585205,0.34402036666870117,0.9999166131019592,0.13575344525691924,0.13575344549599147,0.0065952338074076085,0.19198436375930789,0.004374905505361059,0.11892197601225776,0.004298951983713431,0.006133578591581927,2.8713333418405516e-05,29.10956144476268,20.583568294958162,27.182753059815674,0.9338084021429436,15.43962555019773,1.3331649939059678,1.414213562373095,2.102807892181898,1.1203708788230706e-07,3.683335858539749e-10,4.079692873765563,6.921883364497478,2.5152769349323107,3.1427226483634394,3.5635551497294946,3.997622103425248,119.00408559221442,4.089752758193959,6.915936859305928,2.4983036710591033,3.185217518528526,3.557902168211827,4.013363650341942,130.6844748196181,0.40511534994633486,0.6916331375058736,0.08538593491709011,0.1961284498389783,0.2838906264377965,0.450423595971283,15.980805152131857,0.18404078220187647,0.0576314361903446,0.08577452919865947,0.15195709765072915,0.17332840221431844,0.213234454060393,0.8948279477831694,0.6559796406012787,0.10320379608558121,-0.2900237261090226,0.6017653054524643,0.6600694231932192,0.7168136929463439,0.8736773795445356,8.339876757566637e-05,0.14534198658662298,-0.4494505330104957,-0.10111738037372889,-0.007078081884418994,0.1003946557459397,0.45212995813400614,0.7434857549348135,0.07927899494784882,0.48650574145861175,0.6972647401650365,0.7512045946027983,0.7986729090487475,0.9761973337813321,0.9892778749346258,0.015027836831289613,0.8919520732403405,0.9855260009047796,0.9948832288480685,0.9990228714198678,0.9999999999715793,0.003723331912521203,0.00203418501038775,5.8005554219082646e-05,0.0021299878519680563,0.0034002449469348276,0.004938127942646745,0.011321338781848708,0.0037233319233713758,0.0020341850234741315,5.800555300083943e-05,0.0021299877553246915,0.0034002450993284583,0.004938128171488643,0.011321338824927807
20260825,8,gaussian_blur:1.0,gaussian_blur,1024,0.35194945335388184,0.3487757444381714,0.9950380325317383,0.0829134594888833,0.08291345954780638,0.006594517975812341,0.11725733899578077,0.004436127290048119,0.07484576561343419,0.004300816439010092,0.006178693015158555,2.309610293652667e-05,17.781032582800187,12.573088715796963,16.87187060239255,0.9488689998078582,9.511334626534595,1.321905824029821,1.414213562373095,1.6268361143131465,1.1186349760069446e-07,6.258158435912264e-09,4.084132734191557,6.919261255072307,2.4588698040985704,3.168656733693868,3.5736976244834278,4.001600061062457,119.46896139386871,4.119812947632148,6.8980518711658085,2.377518784341874,3.2088255566647845,3.6005839452505732,4.0608255733984056,124.36677624773603,0.519888821040785,0.5625342282237586,0.144630540725303,0.3210749215677816,0.43880117453078515,0.6105843453844277,10.304831234987804,0.2792302037810039,0.09292361040610524,0.13318005837951286,0.20919791287441777,0.2559187675781792,0.3210720141825151,0.737694136418813,0.651224261348186,0.09899713985356473,-0.27855761967656495,0.5997896237846307,0.6556370816502191,0.7108724726035321,0.8452062496678404,0.004961954573763701,0.14967124409705124,-0.4174222880989407,-0.09186327038669842,0.004487830037041174,0.1118503465361253,0.4287707326572343,0.7487839217611474,0.07378382911444631,0.534440263754916,0.7033208989141231,0.755076156405788,0.8001577119947357,0.9877333663546025,0.9886170615299211,0.015241609421413211,0.903413337745563,0.9848979529892141,0.994522819370766,0.9987517829926589,0.999999988324543,0.00237699125866797,0.001031731275672271,9.038375343504748e-05,0.0015827960707111093,0.002201806256857939,0.003002923996186815,0.006721201091693396,0.0023769912557725092,0.0010317312754314037,9.038374992087483e-05,0.0015827961033210158,0.0022018062882125378,0.003002924029715359,0.00672120088711381
20260825,8,gaussian_blur:2.0,gaussian_blur,1024,0.352228045463562,0.34470129013061523,0.9871059656143188,0.046741224570998406,0.04674122461382945,0.006561073938340065,0.06610207377080474,0.004438500575839354,0.04029139314017432,0.004291903029394701,0.006174197840647292,2.2522198003586436e-05,10.074886275024724,7.124020404753258,9.077703709107869,0.9010229456992647,5.366014827542462,1.3276184683447407,1.414213562373095,1.050125213115905,1.0965008176018857e-07,2.5682361792789266e-09,4.0800844854648295,6.921651965922531,2.4650146941915807,3.162926340947664,3.568927259879537,3.981060722363431,120.00935789700344,4.137797191602626,6.8872677503196496,2.281294715220482,3.2167573255799486,3.62827972475671,4.075797387529461,120.43177737298869,0.8422750544155313,0.7161852149396519,0.2744756859566197,0.5782781980855498,0.7395230846058468,0.969804861185876,16.131478261254923,0.46657932124204277,0.13099057363055425,0.22981362255497187,0.36200844436666313,0.437125354078743,0.5618982693077782,1.0814674470822363,0.6552986834441376,0.09998477007545027,-0.28259169689908503,0.609774806100412,0.6611482654980301,0.7139718426955934,0.8497738653684793,0.012894014589616502,0.136569371009636,-0.35772573727630574,-0.07495736090525726,0.01264220364970916,0.10106541459248942,0.37497868423617,0.7452928945748811,0.07169354694055287,0.5271473965948363,0.7001744080366917,0.7502552224252823,0.7925745967040091,0.9999724939193282,0.9904747328403145,0.012677772255340943,0.9270334332528201,0.9865646308623449,0.9960346684519181,0.9990905638238543,0.9999999339646014,0.0013684813386931503,0.0005109314437723165,5.7097942493656733e-05,0.0009993446178143688,0.0013058875835450336,0.001665010910750981,0.003557523052525101,0.001368481340701777,0.0005109314407577793,5.709794277208857e-05,0.0009993445128202438,0.0013058874756097794,0.0016650109027978033,0.0035575230140239
20260825,8,gaussian_noise:0.03,gaussian_noise,1024,0.3521754741668701,0.37528836727142334,1.0146732330322266,0.09006968107847678,0.09006968041642638,0.006887909177150756,0.12737776360352054,0.004407446631481132,0.07758620734005268,0.0042930516762203046,0.006152713101067881,4.5873387593137706e-05,18.492950520612332,13.076490717272273,17.60343659884083,0.9518998376824701,10.210057963410081,1.2807459928614087,1.4142135623730951,1.7293570039134405,1.0716527092493427e-07,8.125108363898903e-09,4.080991744147354,6.921116616087694,2.4814511122580107,3.156882566370084,3.575498014361713,3.9954781881279082,118.8777145988476,4.066209861970919,6.9298191837174805,2.3158671243170827,3.1937777048947833,3.5524268838354467,3.969302071241854,125.67620760782755,0.48099011029563676,0.4089614096595451,0.12496506974852938,0.30334160529644716,0.39843856510254766,0.552420863011418,6.824058921648496,0.5394288759544259,0.26324130972603627,0.17365185465227403,0.3307921732177422,0.4649773255637982,0.6853240489151484,1.4045073037940972,0.624711613941962,0.09828253481689167,-0.37378649730842706,0.5734096469589866,0.6268484912379535,0.681761790291019,0.8283186465754284,-0.014673285870727857,0.13906490121347043,-0.4421780399622476,-0.11362079166828908,-0.013048765445385049,0.07900171503047637,0.43020238140246303,0.7719229486943437,0.0649958656367368,0.5602572799486414,0.7315741003143483,0.7791411732878422,0.8192688061686018,0.9536965091816928,0.9900854766756,0.013981183362411425,0.8969272997156152,0.9870330726969734,0.9954446124871765,0.998891705794307,0.9999999952187136,0.0025735670721399396,0.0011403648964896937,0.00013690732950781355,0.0017414681569861866,0.002421786170854065,0.003197045009665467,0.0076449625193133865,0.0025735670606508165,0.0011403648763375913,0.00013690732885152102,0.0017414680332876742,0.0024217860773205757,0.003197045181877911,0.007644962519407272
20260825,8,gaussian_noise:0.06,gaussian_noise,1024,0.35304296016693115,0.39626073837280273,1.0068455934524536,0.05129672654347416,0.05129672668049203,0.007005798869138387,0.07254452657689762,0.0046356148754646675,0.0454004525147402,0.004310509169589355,0.006330040645583819,3.631850921659167e-05,10.354925673996629,7.322038162765697,9.793836143514689,0.9458142387355852,5.85391963203301,1.2507923911182586,1.414213562373095,1.196760605797721,1.0362862155247619e-07,3.933469217010099e-09,4.081814394080559,6.920630977496132,2.4380256040301918,3.1677693461045773,3.575180202569134,3.983994383263581,118.2900199657509,4.108326594217634,6.904906132164375,2.3452662708607432,3.219490920432922,3.555560508652365,3.989058491893805,140.75532976735525,0.9739978210707402,2.3374473641733573,0.16574475306722541,0.5313825725587957,0.7069855714431248,0.995794211000974,43.14228348355322,0.7274906523769693,0.27007861224881735,0.26861752434555985,0.5172908933662291,0.6731981048208422,0.8852686689119624,1.6338802766073712,0.6037392353832409,0.09833222532721023,-0.386331906138054,0.5704246612445755,0.610919002672755,0.6544109871571538,0.7782701747425573,-0.006845614084825906,0.14181866121813078,-0.3893862415334771,-0.10971482694244639,-0.008988012550922258,0.09363593525465036,0.39603715321410626,0.7892351787455698,0.05431266043168983,0.6279295622171243,0.7561390389064495,0.7916931028278389,0.8213498848189843,0.997582702701958,0.9897885230931218,0.013382843466615165,0.9182344870859876,0.9858854944588333,0.9946811238537467,0.9988095715479611,0.9999999788764137,0.0014590869286540066,0.000664212288034393,2.1982025245296665e-05,0.0009716341193967169,0.0013730898198736144,0.0018144172588806329,0.005840905388161547,0.0014590869324706546,0.0006642122899624215,2.198202673753258e-05,0.0009716341010062024,0.0013730897917412221,0.0018144173081964254,0.005840905476361513
20260825,9,brightness:0.8,brightness,1024,0.41293036937713623,0.4113072156906128,0.9967087507247925,0.33111512844854196,0.33111512829005624,0.007061431677944272,0.46826750513470483,0.005018283000739618,0.29934302412032665,0.005037271851487902,0.0071103637024630875,-1.8218809699753007e-05,66.31339457652689,46.89065098856138,59.65048684504403,0.8995239532822628,37.89305529795418,1.2374470909157818,1.4142135623730951,3.0751438077661994,9.76822959569624e-08,1.190063825262655e-09,4.118155206970593,6.899042646010604,2.2210492430633777,3.2668118654970097,3.5821411715651608,4.025706032838579,161.1615304377239,4.121974959056904,6.896759344190626,2.225316597376248,3.2747439980380926,3.590972811235866,4.026591787329177,156.213516937119,0.15117419908153362,0.2745872485396848,0.03089459534914645,0.08027034732474804,0.10909001966413753,0.15323414327164703,5.928783330358233,0.07049489194571765,0.02220460824693902,0.03546821191208147,0.05667430344702519,0.06483000250515425,0.07721805404833802,0.19360332896025165,0.588692827479118,0.11483346824958449,-0.20262665228723023,0.518152473016011,0.5892869873334416,0.6695335431345895,0.8884712584736958,0.0032912335258962434,0.1317465545985718,-0.3836517197562825,-0.08636824350491755,0.008226897365017638,0.09325615999900758,0.4197427568521352,0.7957922542374217,0.08359676925832443,0.4589322639193797,0.7427817948164452,0.8079237816237136,0.8552882548367677,0.9984851067711468,0.9912157564271536,0.011850098049493232,0.9076431116194124,0.9884110339888157,0.9958926162346193,0.9991468437228448,0.9999999891508834,0.009380184903524155,0.004370170213439824,0.0001622141771002939,0.006296202381273226,0.008866165116108408,0.012053777292475937,0.03150592567039903,0.00938018488577086,0.004370170220860054,0.00016221417172346264,0.006296201725490391,0.008866164833307266,0.012053777929395437,0.031505927443504333
20260825,9,brightness:0.6,brightness,1024,0.41281580924987793,0.411540150642395,0.9878824949264526,0.3916623776184874,0.39166237651179237,0.007070803893642809,0.5538942447342543,0.005038348469705684,0.36000786952273517,0.005027254983043333,0.007117460780834667,-1.0125310541953003e-05,78.33539906717643,55.391491887354796,71.45354706753047,0.9121488869451672,44.827144325747184,1.2356685437420887,1.4142135623730951,3.2446281112074375,1.0060976790868199e-07,4.725593250043403e-09,4.11751240419085,6.89942705520183,2.2315908781753366,3.2691610205432995,3.5887429351992637,4.010195177309282,158.76914716957924,4.118652494086021,6.8987459000201605,2.2576054748568284,3.257915209482594,3.5755282617031208,4.012108772403848,159.89539786519114,0.11639262059896098,0.184976092385935,0.03210494784046027,0.06848210008612927,0.08947413544503678,0.12208178300302525,4.068251737117282,0.1168813428529326,0.033844503125363294,0.059722958528316494,0.09489048032755089,0.11144475893623429,0.13037810201634148,0.4727931246480317,0.5884598351692267,0.11528049775603647,-0.2071235392574475,0.5160483396713476,0.5883619737265839,0.6662056150798359,0.8865820120179357,0.012117519214758213,0.13495871546512156,-0.4024910762137569,-0.07985117264876279,0.006774872455659695,0.10289017648986243,0.4086653793166226,0.7958377411394415,0.08418799575170088,0.46257143877051987,0.7457680973505656,0.808597666653948,0.8565594534698249,0.9987874558406904,0.9907038064869,0.012775955054257247,0.912684287006192,0.9873563655666757,0.9959133700517004,0.99895415230561,0.9999999948169871,0.011278873897954018,0.004755334476609754,0.00023715388867441683,0.007947814049063688,0.010769799921560746,0.014104472068980845,0.03039834046291757,0.011278873852390348,0.004755334412023519,0.00023715388670098037,0.007947814650833607,0.010769800748676062,0.014104472706094384,0.030398337170481682
20260825,9,contrast:0.75,contrast,1024,0.41256117820739746,0.4112975001335144,1.0039637088775635,0.22827944901556252,0.22827944893399904,0.007062055787738382,0.3228358926935178,0.004992312881997503,0.20713720667140834,0.005010843906425675,0.007073312135507773,2.696668843535777e-05,45.714152138821575,32.32478697355425,41.49123093193018,0.9076233286780094,26.132940499784542,1.2369364638754186,1.414213562373095,2.703985287383729,1.0096826230745223e-07,1.203904309576842e-09,4.124206467014416,6.895423753503215,2.223933207726352,3.269446985208743,3.5936295510548586,4.028583289047571,158.69629442338092,4.126600301565238,6.89399115778454,2.233583118012643,3.279060061791716,3.5842683949298886,4.030184415273772,145.31586486449172,0.2458846383131597,0.7225214664519478,0.05387914450047968,0.11662678235587429,0.15546547556869827,0.2333532711091473,15.607430460816195,0.08715966103275768,0.025174829872970022,0.04450797441659997,0.0709835366508249,0.08249015516467982,0.09654384446698831,0.31475721342543206,0.5887025119693315,0.1167610596882441,-0.20345973830862707,0.5161414843236521,0.5867766927087192,0.6667653962387301,0.8840627119980343,-0.0039637635064281125,0.13425214294637525,-0.43420289822120567,-0.09354770692136263,-0.003069242742948161,0.08195656227014497,0.4498401365595931,0.7952792295671234,0.08571839599433542,0.4673682929496613,0.7452676703958481,0.8097486227585378,0.8565033360153546,0.9990015924444144,0.9908542827956395,0.01364639245310386,0.8931090927429003,0.9887942380006325,0.9960411814302408,0.9991111586232523,0.9999999954368324,0.006439559376363234,0.003071063141522519,6.221653370258766e-05,0.004157935437779877,0.006231929170553659,0.008293024356107317,0.01807645625431622,0.006439559356614666,0.0030710631349694455,6.221653165994212e-05,0.004157935385592282,0.006231929175555706,0.008293024264276028,0.01807645708322525
20260825,9,contrast:0.5,contrast,1024,0.41270607709884644,0.41275620460510254,1.001492977142334,0.11375744195246494,0.11375744189148876,0.007065094269665592,0.16087731714381268,0.005058971421170774,0.10605300334799225,0.005026705645090141,0.007131687141385532,2.385574869628463e-05,22.770724777806453,16.10133390291948,20.963352926680283,0.9206273902670095,13.060048459830776,1.2328693834032092,1.4142135623730951,2.0136399595238337,1.0340351139416778e-07,6.851532674545524e-10,4.119657661369709,6.898145023368654,2.209030561277033,3.2729025504736287,3.5891553908389,4.016201829020471,160.63017661881452,4.154544986379081,6.877170184514966,2.2591724531340147,3.275859890784615,3.601459728448186,4.006065956611858,127.072747150201,0.546724781033678,1.6325735720964762,0.10145011149263282,0.22962085986729058,0.322908821604816,0.4904461362243703,33.5776189780965,0.1654274447403624,0.04485155320833445,0.07838025939627824,0.1371223687946531,0.15659348615905927,0.1893781772984407,0.5163531000609479,0.5872437786494087,0.11726711892021055,-0.22468885501871355,0.5174863907735527,0.5846300578555665,0.6640106376686408,0.8835890017633066,-0.0014929990304141045,0.1444820178936782,-0.37579480210402716,-0.09647163624342564,-0.010603432021361837,0.09051641120539226,0.5419347152826457,0.7962974051387745,0.08558149117918376,0.46826325497835447,0.7477228430034183,0.8113000022879722,0.8556913959714746,0.9989025663698681,0.9893996347495728,0.015221441229125374,0.8404205877841866,0.986617963486651,0.9955231184876294,0.9988555216444666,0.9999999434484917,0.0031719706059236056,0.0016057948988625317,2.773323127978546e-05,0.001971321208129328,0.003001674862432218,0.004218529775623202,0.00951583884067391,0.003171970606437924,0.001605794895361633,2.7733229217119515e-05,0.0019713211222551763,0.003001674893312156,0.004218529793433845,0.009515837766230106
20260825,9,gaussian_blur:1.0,gaussian_blur,1024,0.4127926826477051,0.40408599376678467,0.9951618909835815,0.07251118744650828,0.07251118755584574,0.00704261155490853,0.10254630486525623,0.005022693366342742,0.06698050548510814,0.005024296441705882,0.007104294714216308,3.817388284136344e-05,14.560835006409508,10.296065172770628,13.335575277986717,0.9158523719358508,8.283025258300096,1.2430319606004516,1.414213562373095,1.5500811560777712,1.0591332711936053e-07,4.491307881160367e-09,4.123866278482327,6.895627424935091,2.242623962207882,3.2572328032561106,3.5833355283612223,4.015812252199751,161.14802963961236,4.1127902867666215,6.902243909037861,2.2694244767803573,3.239417209435012,3.565016763837729,3.9884259528559793,152.67744432940322,0.615667296889632,0.6509011111366305,0.16381680488757766,0.36985691682842226,0.5218953158373103,0.7170434973361809,13.60837441538603,0.35071246041718185,0.09231836793503356,0.17214296120070485,0.28201734136897294,0.33616492322182845,0.4065459788857331,0.8100244874881474,0.5959139820785347,0.11457627306398022,-0.15899629200830262,0.5303170495148944,0.5953314961426708,0.6739810329881513,0.8475890870491426,0.004838080126028734,0.13056551485268697,-0.5090180109109641,-0.0851194105937213,0.0063873883167184856,0.09207542271335174,0.42584764314005635,0.7903392916658424,0.08451273695252691,0.5306531254173493,0.7387486450844746,0.8034801844372907,0.8477993985666461,0.999406507700671,0.9913515770244218,0.012965415981630314,0.8607558681578916,0.988049852510302,0.9959619375024098,0.9990028280289167,0.9999998711952574,0.0020568926471677684,0.0009511661650578268,7.167902469693054e-05,0.0013516304353928786,0.0018513872191927407,0.002615896640150872,0.005960650257623276,0.0020568926469906046,0.0009511661698509605,7.167902367655188e-05,0.0013516305480152369,0.0018513873219490051,0.0026158966938965023,0.005960649810731411
20260825,9,gaussian_blur:2.0,gaussian_blur,1024,0.4125862717628479,0.4075216054916382,0.999496340751648,0.038153344441333135,0.038153344243503653,0.0069881917910518225,0.05395697687905232,0.004784326700685157,0.033236899494779905,0.0050268473420055524,0.006939666863669841,3.789502583814936e-05,7.7211642857516685,5.45968762511039,6.9470380210490426,0.8997396977899864,4.405877262740797,1.2391828724831182,1.4142135623730951,0.9219136122728009,1.0013655301492827e-07,3.1395219757257564e-09,4.123663394496665,6.8957488267209985,2.2220369298564977,3.2632628868759097,3.5938805284404705,4.00743309676043,159.56185277634245,4.212850037232611,6.841570441684897,2.301913096975857,3.2468930961480553,3.595631779591913,4.05841385142692,143.26375061558113,1.139455773407227,1.5150645930467417,0.24723219954843104,0.7190238019917193,0.933310589960733,1.2415207851301038,30.74731893450278,0.6541159138765433,0.16019305022281388,0.26270911883243403,0.5452442073610405,0.6412635591024751,0.738817988516705,1.3228717442678628,0.5924784066616291,0.11634318824397656,-0.18686099132184766,0.526961543344344,0.6016706353174843,0.671805422103047,0.8384056270509732,0.0005036808964379727,0.13765233301140548,-0.4139010980295662,-0.09570432839823396,0.006559611740791622,0.09340544040900496,0.48584902144213277,0.7932600814312349,0.07868486569566524,0.5450467911374808,0.7407276648033111,0.7987437698576257,0.8498891255868484,0.9999334778538762,0.9904017841770058,0.013212189784808908,0.8740427497346582,0.9874249527905928,0.9954543571223211,0.9990342136124467,0.9999999963807629,0.0010977482137507623,0.0004655327557891015,3.17583137105814e-05,0.0007754846200667619,0.001039318026700372,0.001340096722460517,0.003937719494342485,0.0010977482127820792,0.0004655327493444458,3.1758314435137436e-05,0.0007754845573799685,0.0010393181000836194,0.0013400967582128942,0.003937719389796257
20260825,9,gaussian_noise:0.03,gaussian_noise,1024,0.4120081663131714,0.43238574266433716,1.0013209581375122,0.07701851890169076,0.07701851896850573,0.007236556978059597,0.10892063407915029,0.0051480595390841835,0.06625017422877036,0.005027108410266646,0.007195438554148684,3.757664199161693e-05,15.05144427237774,10.64297831164972,12.86896037736113,0.8549983738755302,8.775489307737017,1.2128073920868614,1.4142135623730951,1.632451108136987,9.947992924172356e-08,9.440075388056357e-10,4.116692309786361,6.899916564809894,2.2277364817153082,3.274060290605025,3.5880963469301577,4.008230594356669,158.98878119607127,4.0804538143284725,6.9214290605652495,2.346039259753043,3.2501311539138715,3.569357490777935,3.974153881542305,158.56411815158052,0.5924401269889037,1.032192776493602,0.14965557279170616,0.35239699808301767,0.4570186437862076,0.6247587512416986,21.43606650094889,0.5194838724073425,0.28284050128935856,0.19167995213177794,0.2788146952113282,0.43085767885340376,0.6816011295245759,1.3433439990024538,0.5676142504455581,0.12072041766754354,-0.25452618876756666,0.4965721617214047,0.5632076324813797,0.6414886707364333,0.8358415176071409,-0.0013209899957372677,0.1328884451905977,-0.3577170044646951,-0.0919199818547347,0.0004005945242166794,0.08547997915685702,0.47300195521357336,0.810026318215016,0.08437530111616845,0.5489708165687784,0.767132508317017,0.8263154129982089,0.8679954409555224,0.9980440623779783,0.9910621132265722,0.012336852355254906,0.881061377183302,0.988453902331295,0.9961194706318321,0.9991344299856486,0.9999999915883284,0.002217623216383146,0.0009358563119466227,4.521645759452899e-05,0.0015516128485257082,0.0021161031576572677,0.0027503939784685036,0.006524632280938148,0.0022176232193480416,0.0009358563141005033,4.521645314525813e-05,0.0015516128623858094,0.0021161031909286976,0.0027503937599249184,0.0065246326848864555
20260825,9,gaussian_noise:0.06,gaussian_noise,1024,0.413071870803833,0.4260862469673157,1.006278395652771,0.05492327729010568,0.05492327726979268,0.007189370269361492,0.07767324360491874,0.005061581893582561,0.04875310269972399,0.0050490152958591415,0.007149277356716719,4.9216450327332205e-05,10.80390085567496,7.639511558314908,9.631989311787425,0.8915288505936292,6.2665210966605365,1.2190993165165696,1.414213562373095,1.2905354404188254,1.0057901788508615e-07,3.607641074765411e-09,4.121575440525153,6.896997849654183,2.211275070186503,3.268782387631238,3.594127496123393,4.031580120795397,157.88280726964126,4.077205065628654,6.9233444341230195,2.255336907205886,3.257755525190319,3.5669045837841007,3.974480102149042,187.84963938909166,0.8679842659980126,1.9498371032933093,0.2083784473692934,0.48809847558871716,0.6455828660558853,0.8846359929368031,39.42445862704208,0.6968812487735392,0.2928758855895059,0.3025216837661149,0.42753618767597557,0.6053399058904301,0.9685311519690093,1.4072443319253465,0.5739137599419151,0.11635245322615072,-0.2993057340746452,0.5044434482675826,0.5766011609195241,0.6485473098046739,0.8170554325529598,-0.006278421763628729,0.13353806121759906,-0.40337291664514097,-0.09795592345987977,-0.010411053116961924,0.08320124076199739,0.449465460018504,0.8067550753517837,0.07906121644936194,0.5765591211104859,0.761174304251556,0.8170257021421204,0.8634446200597186,0.9999824042250919,0.9909537646768752,0.012504841936274588,0.8932977108726713,0.9880155773939023,0.9959462793449468,0.9989357488936481,0.9999999986070484,0.001579581612763203,0.0006717352117573483,2.464913469624588e-05,0.0010938484528477308,0.0015055808757804736,0.0019826325641478294,0.004657315680104787,0.0015795816125443451,0.0006717352089212582,2.464913450239692e-05,0.0010938484338112175,0.0015055809053592384,0.0019826325005851686,0.004657316021621227
20260825,10,brightness:0.8,brightness,1024,0.37879806756973267,0.3781518340110779,0.9755129218101501,0.35686923076234367,0.3568692313657151,0.006773753796987694,0.5046893069910562,0.0044221715240520335,0.3141540201677589,0.0044135192085538195,0.006247779829060097,2.692974740383442e-05,74.50659148779408,52.68411608411509,71.04066824615155,0.9534816561537334,41.31191889698332,1.2752764169749868,1.4142135623730951,3.1314145084586977,1.0641209810515791e-07,3.31805793951645e-09,4.212471459886834,6.841806403372411,2.1023907468255683,3.2723618483748873,3.650688592831249,4.096585985643369,122.15739747237029,4.207585093564861,6.844815094147753,2.0673369144277847,3.2730289568630653,3.655480265869067,4.1172011184654504,123.233886876186,0.12661566796248047,0.2613275389875973,0.027057614107351764,0.07815936278933382,0.09971296445421052,0.13111518089953528,6.2182296623282385,0.06987140961365368,0.022123553795115037,0.037810318114457946,0.05565072991343635,0.0646420274032484,0.07883025184754183,0.35121079829024454,0.621848175507365,0.12483581887304147,-0.23058064105507442,0.5630664741596301,0.6397839696996842,0.7097571064807455,0.8442886337312558,0.024487071316200454,0.13292940874875914,-0.378254282274241,-0.06314089162787775,0.024032634002326865,0.11924170268746748,0.44311034514635717,0.768342130990405,0.08598647455420808,0.5358887038856198,0.7044458783982872,0.7685547735703804,0.8264115296919418,0.999999814985516,0.9907475025901977,0.012921333863755189,0.8964670780481993,0.9874973066504391,0.9958524546702054,0.9990230776136274,0.9999999999913013,0.010292006348843223,0.004296904215091622,0.00015704826359935802,0.007376509234934067,0.00966139519985694,0.012425252524853587,0.035271708045437035,0.010292006354291061,0.004296904203331976,0.00015704825636930764,0.007376508670859039,0.009661395102739334,0.012425252236425877,0.03527170792222023
20260825,10,brightness:0.6,brightness,1024,0.37870919704437256,0.37890470027923584,0.9756585359573364,0.32475524652563753,0.32475524679256995,0.006792140051431575,0.459273274465874,0.004398879736650345,0.28654764398867777,0.00441649268675085,0.006233422060925825,3.90922759095265e-05,67.61834576262504,47.81339082136881,65.14104979984694,0.9633635526743781,37.49513619737192,1.2751891499455863,1.4142135623730951,3.0345431123753372,1.0605814606473122e-07,6.954508080525557e-10,4.203104475969951,6.847570424213268,2.099091077639056,3.2661647730332213,3.644524147741083,4.101107785179947,120.98993381396299,4.193671905738744,6.853357384408846,2.107735753409037,3.2642130361123574,3.6421620118622764,4.096095742759082,125.96267734155805,0.1451924680486549,0.298163939154998,0.033856842045939084,0.08385902084513758,0.11368944371924711,0.14780043295774276,5.948961157662546,0.11706688136934297,0.035423460973725396,0.05840105681790085,0.0946027586427948,0.10842025905744643,0.12990450475733967,0.4633037279985813,0.6210952767515627,0.12471238423822396,-0.22951257277489537,0.5616228004451828,0.6401367206132924,0.7098541457692296,0.8381645319418651,0.02434145165880987,0.12972370120238302,-0.3680865038906782,-0.06304239960143473,0.02030481975970595,0.11379478911588013,0.41438153022301705,0.7689946163771857,0.08577372410912894,0.5454174707457347,0.7043486989844492,0.7682609892533245,0.8273933471832247,0.9995550631823683,0.9911853084266659,0.012145670970684396,0.9101032619489016,0.9879767717834785,0.9964469521294693,0.9991154132650252,0.9999999905091218,0.009307722170754724,0.004046777984096541,0.00016386488665954613,0.00654746775721702,0.008472007612168386,0.011561183730623785,0.028766409754728144,0.009307722174426658,0.004046777977521232,0.00016386488277930766,0.006547467666678131,0.008472007233649492,0.011561183026060462,0.028766406700015068
20260825,10,contrast:0.75,contrast,1024,0.3780970573425293,0.37546461820602417,0.990005612373352,0.24166560715748084,0.24166560680193946,0.006773000072544721,0.3417667786984265,0.0043553636538322385,0.22212318517118457,0.004409983698687309,0.00619815688570487,8.103132773890676e-05,50.46017644143025,35.680732941604994,50.9999170736847,1.0106963683109775,27.911251600994586,1.2783637751045525,1.4142135623730951,2.7262357740809446,1.0586126301174332e-07,6.427958165744485e-10,4.210381538134529,6.843094121329369,2.114777906552619,3.275463949258583,3.6513103424169575,4.105506603307944,123.57835789809104,4.188574261996019,6.856478447772745,2.217821994748148,3.269087321219861,3.6276047484143574,4.086368256283065,128.8486639336196,0.2702303060079595,1.079809433359298,0.03879123249545749,0.11319616797232479,0.1530193721435394,0.2184603399893205,18.605727583876753,0.09787911941967195,0.02889024737585113,0.046853666372421485,0.07682469408318668,0.08946292164481962,0.11428760829656844,0.38585307273993896,0.624535383556573,0.12414488788154064,-0.2508574112333267,0.5644392193925448,0.6408205839308814,0.7096589504824854,0.8610290958170997,0.009994380947578724,0.13689676629996744,-0.36514687104134513,-0.08273632627286234,0.01257856755914333,0.10560539626403331,0.3980825507028108,0.7662017202114579,0.0866077437540402,0.5085556962186031,0.7045452988673375,0.7676906783068046,0.8254746203963955,0.9994946381591228,0.9904594575318776,0.01295824761615089,0.9173495968418716,0.9875035980885722,0.9953270808644918,0.9989947226580396,0.9999999421417416,0.006754015733711946,0.0033805168395467725,5.027557531930388e-05,0.004445240686218129,0.006325277451629001,0.008585410659549354,0.025147072716214202,0.006754015708377636,0.003380516833979953,5.0275575631530955e-05,0.004445240832865238,0.006325277267023921,0.008585410891100764,0.025147074833512306
20260825,10,contrast:0.5,contrast,1024,0.37865012884140015,0.37152910232543945,0.9892586469650269,0.13675700878788882,0.13675700899658522,0.006771695504323731,0.1934036168725502,0.004340691832921021,0.12579798582998894,0.0044058708240486775,0.006184925489170474,5.337202407542422e-05,28.560589700033308,20.195386651580215,28.981091188252947,1.0147231374644603,15.749550132837976,1.28228339751413,1.4142135623730951,2.146980014303381,1.0633328897251127e-07,1.0271583583687516e-10,4.200381572493013,6.849243167712385,2.11326306902764,3.253752918922566,3.641385518651606,4.09107863764395,123.29386083680902,4.181524798238617,6.860785219284137,2.216568457982818,3.2815126733623265,3.6040777177942083,4.0603259640202145,119.67620534834371,0.43607714113201823,1.4136683374963834,0.07174348388716369,0.2060316311277884,0.2882206453713452,0.41708245855259657,34.32611476835462,0.18838467460437902,0.044143178094961585,0.09805291737153186,0.15781291701440053,0.18616185791021939,0.21154350222170318,0.47680860229108785,0.6284709046798937,0.1213313625599359,-0.2635141197306129,0.5691551524876279,0.6484038825296052,0.708467059405284,0.8628224786601604,0.010741323813371034,0.1352690835454449,-0.41448484265309987,-0.07569344273545675,0.014848208410551747,0.10080465962064007,0.44512602900206366,0.7636200190356377,0.08490527176647547,0.5055070427983541,0.7057438776655282,0.7612965105043792,0.8222301374429694,0.9990770205040105,0.9906763720821942,0.012855156611045348,0.8954679325943805,0.9871731610744718,0.9959565568525317,0.9991111985758016,0.9999999844263551,0.003741134971760372,0.0020669352444209425,2.6797317891034674e-05,0.002309475490147557,0.003338945516327108,0.004721619453066586,0.01353158898716679,0.003741134970356441,0.0020669352446462757,2.679731733223889e-05,0.0023094755015335977,0.0033389454474672675,0.00472161965444684,0.013531590811908245
20260825,10,gaussian_blur:1.0,gaussian_blur,1024,0.3790223002433777,0.3886181116104126,1.000991702079773,0.08147084460982582,0.08147084436001355,0.006812852902114283,0.11521717303191874,0.0045483916171945625,0.07784437546924512,0.004420137696094775,0.006342356309432938,3.6693745903107024e-05,16.911736490914482,11.958403554365617,17.114703838377785,1.012001567525153,9.501113774330882,1.2586317665823972,1.4142135623730951,1.6628800896462663,1.0874821484967063e-07,5.010770243174534e-09,4.209726373566647,6.843497319017381,2.0841171119424353,3.276624864254318,3.6447665794200605,4.10021285027719,119.0998734447508,4.215605728757836,6.839868787276852,2.1701120093181903,3.319951893357993,3.6665429242107743,4.115642108907187,128.74136341392216,0.6158063351943247,1.7099180919241024,0.12420106219997808,0.33993702092900074,0.47843245203802354,0.652004524584933,50.42767328016721,0.32234836881554985,0.10323327762846968,0.14097095250863823,0.2617814486902033,0.3030667227130459,0.36738638724202116,1.1294361468635543,0.6113818665157756,0.12687510841045593,-0.23896067947991245,0.5434487131002245,0.6351657941020997,0.7016355958245053,0.8450804724044151,-0.0009917379145042583,0.13623710016607687,-0.37989956996867413,-0.09412853279154687,-0.007021308350858959,0.08699878937630713,0.38824195766678987,0.7763473995287182,0.08615453589984672,0.5346391261035155,0.7125359477505288,0.7723757781250571,0.8394423708949879,0.9988680225850461,0.9906088604311627,0.012281183028900126,0.9215574763990896,0.9867521458833646,0.9957428440119644,0.9989421135350383,0.9999999779529427,0.0022781756037857257,0.0011371503294390771,1.87579970769007e-05,0.0014884454089404693,0.002017407233168388,0.002835610498276692,0.007383344481912,0.002278175601176713,0.0011371503171012723,1.87579971679952e-05,0.0014884453848935664,0.0020174073288217187,0.002835610357578844,0.007383344229310751
20260825,10,gaussian_blur:2.0,gaussian_blur,1024,0.3787630796432495,0.3818959593772888,0.9892640113830566,0.042628527108170625,0.0426285270896107,0.0067508148464349455,0.06028584115411633,0.004421070438891241,0.03850630733507247,0.004415373648035746,0.006248310833929958,2.8811704826553413e-05,8.930157695845091,6.314575063797298,8.709724911039748,0.9753159135243599,4.976648937611961,1.2688407697621882,1.414213562373095,1.0200794662424197,1.0875623179766035e-07,7.979064076124587e-10,4.212277249539939,6.841925918064251,2.072745387668459,3.273824963888802,3.6496606442197,4.112143327902961,123.84632027441899,4.210821935104956,6.842819840575284,2.3341921038697606,3.3117098273241234,3.6647708635511957,4.1267759837671365,127.62160164473366,1.085554840037572,2.0380813992854363,0.2834560880543399,0.6294459221470432,0.8390770913578318,1.1473720145635575,49.02565699574385,0.5460425776394398,0.13065365749544913,0.2859976136124343,0.46022130090185354,0.5319837536568783,0.6147434808551334,1.332321333474315,0.618104032801666,0.12323393489497544,-0.22237335911805595,0.5612626065472743,0.6352017631891176,0.7019420026240486,0.8521889972573917,0.010735972644237406,0.13764676702943363,-0.42429298114828934,-0.08251086744214105,0.014396785240002069,0.10141855635932634,0.41937373728697197,0.7720762215387198,0.08173410926319567,0.5232340900146331,0.7122341045179437,0.7723462436202557,0.8276377479342005,0.9993363688351894,0.9903427061910981,0.013345681527070259,0.9055249671589941,0.9863032059983217,0.9957076010426573,0.9990259826572307,0.9999999755878132,0.0012255776622762322,0.0005223281802186343,1.9919197469972727e-05,0.0008460625551114723,0.0011466256888250296,0.0015337813107212574,0.0033426119909636103,0.0012255776622129844,0.0005223281759883858,1.9919198166462593e-05,0.0008460626122541726,0.0011466257274150848,0.001533781352918595,0.003342611948028207
20260825,10,gaussian_noise:0.03,gaussian_noise,1024,0.37852853536605835,0.39477014541625977,1.0327026844024658,0.07849579473354897,0.07849579467065808,0.006837075271698356,0.11100981741249837,0.004598961178091928,0.0700198102483118,0.004404715492333575,0.006368042280481506,3.5032648172443404e-05,16.236448042632578,11.480902513328541,15.22513618550754,0.9377134792985755,9.147277336064727,1.2551169155387023,1.414213562373095,1.6396539577915559,1.0563251194330957e-07,1.9946999607611815e-10,4.206311418310236,6.845599403440221,2.132581777216287,3.2684695837459596,3.6399097581602264,4.103555176844639,125.16860423938842,4.22630157661981,6.833261028351146,1.9644916453553058,3.276309082403432,3.6769600774380677,4.140406938915568,121.26194745702641,0.6471552049226091,1.7058140215720834,0.15856710003890037,0.3469418442349288,0.4642929424712191,0.6479729430795913,29.38832093778973,0.6038295787542911,0.26156553828664625,0.21505007582408422,0.394150063204247,0.5189532645721573,0.7980523442227367,1.3572263250212286,0.6052298671039464,0.1405144266350466,-0.38177595352439625,0.533500979381468,0.6194647847216972,0.7016455996943494,0.8554771346317857,-0.032702719452541426,0.15019575836396465,-0.5094733848684817,-0.1379310081525032,-0.02812398889024637,0.07052829114394864,0.498880049475059,0.7778954987106332,0.09412241976199198,0.5178405856266867,0.7125260752412415,0.7850244353795544,0.8457994452034292,0.9999975957140154,0.9879770885973929,0.017185959269694125,0.8604864148321296,0.984246167136463,0.9949537508901578,0.9989675576060102,0.9999999993516792,0.0022389526066050503,0.0010026217858160194,3.198490583366768e-05,0.0014872355119919588,0.0020816539259437584,0.002791278705235055,0.00599562693717534,0.002238952607562794,0.001002621788804172,3.198490594513714e-05,0.0014872355677653104,0.002081653685308993,0.002791278879158199,0.005995627027004957
20260825,10,gaussian_noise:0.06,gaussian_noise,1024,0.3786042332649231,0.4046962261199951,1.0024831295013428,0.04519851080411271,0.0451985106773809,0.006909774075143822,0.06392034679901722,0.004956460531981825,0.04124803485672897,0.004418798145273628,0.006640201657613059,3.208272651322262e-05,9.250714437821436,6.541242909803838,8.322074712503778,0.8996142696264705,5.275943277550442,1.2398243454240665,1.4142135623730951,1.1016141808178255,1.020334112969836e-07,1.6479502207289443e-09,4.203519483331412,6.847315820647284,2.1278553873730632,3.262445948512421,3.6386267755391124,4.104202945350262,117.94542941671831,4.188254961034168,6.856664583422056,2.1941425460549335,3.2978466802029107,3.6766498891821566,4.086012726342287,145.662979463207,1.0773133577474485,2.83821803935622,0.24907206874992316,0.5981381431066252,0.7993355036016818,1.103594743425002,55.580847084714144,0.7969346871679,0.28445105585937375,0.34999379700646366,0.5569022670917773,0.7261479491104,1.0021437390244488,1.5743028431526864,0.5953038318094259,0.13272743869480472,-0.37788223996022174,0.5276200773591045,0.6211636053815426,0.6821466476347245,0.857163693462274,-0.0024831296778228358,0.15218827508416705,-0.4998154037950797,-0.11162776371257421,0.002892154068364223,0.10384164388855747,0.43953494049796643,0.7881239554052715,0.0829537792977155,0.5150440783176844,0.7312153134999254,0.7836808448058432,0.8494804006988372,0.9999998784087691,0.9882347012539254,0.015735261536530383,0.8661319542247367,0.9838098148424137,0.9943329188869028,0.9986156367377128,0.9999999995714636,0.0012966803140888722,0.0005603137874859973,1.7215441685299223e-05,0.0008721593593336528,0.001205517301806684,0.0016184790844660504,0.003916017504431952,0.0012966803100447066,0.0005603137820908838,1.7215439584106207e-05,0.0008721593912923709,0.0012055172701366246,0.0016184791456907988,0.003916017711162567
20260825,11,brightness:0.8,brightness,1024,0.37596845626831055,0.3757650852203369,1.0144290924072266,0.40448447559265177,0.4044844729174942,0.006822081081643831,0.5720274273692532,0.004579786842987079,0.3843523262590347,0.004582506202936889,0.0064787198293453484,1.5523090612708414e-05,83.84940321339876,59.29048161063935,83.92362776612288,1.0008852126536334,45.73062288576089,1.2965159528248118,1.4142135623730951,3.2156291167049025,1.0774957688804756e-07,8.321151101498003e-09,4.106170974924053,6.906190717324218,2.2575248852658105,3.1246188215002038,3.5236295701334672,4.070356716543602,120.79041630395766,4.115242645322588,6.900783327150634,2.2666149059602585,3.138163008991045,3.524680338370393,4.075666494366826,120.20191446124738,0.12425644975819633,0.2462328178772514,0.027126058004309405,0.0678773930051316,0.08605269113001528,0.1255496377758718,7.0604018758646365,0.06145591757571553,0.01626181086720969,0.034735273501715215,0.05235964149653898,0.06036930029596392,0.06718441665502936,0.3557493755548732,0.6242348850038731,0.1175082532177329,-0.28247521578219853,0.5657675277787302,0.6297500416661403,0.7017303601885669,0.8494485155895598,-0.014429049838779458,0.13882695578238508,-0.4333121425112565,-0.11078934415355916,-0.019226451814706242,0.08577694239976985,0.4381122165370467,0.7679305399774173,0.082616309425155,0.5276715070597365,0.7124426285855546,0.776797809693973,0.8245647941228613,0.9812800811711461,0.9901347712876447,0.013076764298698097,0.898920288858248,0.9869989712529053,0.9950387852860081,0.9987023287642146,0.9999999833224867,0.011427602360689449,0.005404772608035014,0.00013795904399446917,0.007689190524669764,0.011214527876844169,0.014224564218797255,0.03584203853766374,0.011427602291306016,0.005404772516336163,0.00013795903942082077,0.007689190679229796,0.011214527767151594,0.014224563259631395,0.035842038691043854
20260825,11,brightness:0.6,brightness,1024,0.3756629228591919,0.37399542331695557,1.0105756521224976,0.3413450978162109,0.3413450972852739,0.006820853264998949,0.4827348660303979,0.004585333916124948,0.30565333795187816,0.004588181233988534,0.006486655082420392,4.2209754890746364e-05,70.77338380925752,50.0443396190442,66.65890500951453,0.9418640373218271,38.60144113526507,1.2964370851256999,1.414213562373095,3.047096222491223,1.1179835454080542e-07,4.1565166863932745e-09,4.107541574976256,6.905374777684321,2.2630304449575114,3.1268883057139867,3.5138277923145935,4.068397867295767,124.41663659455133,4.11254539942457,6.902392946320487,2.289794309541859,3.136128557589712,3.5181285322687756,4.081385160754627,119.59692969298085,0.13906883463817132,0.24248187956503187,0.02323587511475175,0.08290254065012577,0.11203269791241821,0.15229785477445698,5.416517005377517,0.11653692335324461,0.030872935043777014,0.06602001907512478,0.09904717150616087,0.11160441545687677,0.12927873218857983,0.6497220530757621,0.6260045334195303,0.11558525121045365,-0.2725640834340154,0.5709306218674702,0.630816462370499,0.700923729880175,0.8508646638392319,-0.010575669348384746,0.14530806073218702,-0.5296204005564316,-0.10559392040959704,-0.011813451657886588,0.09081316612691223,0.37768666304637033,0.7669061485886615,0.08144235583473182,0.5253849291992975,0.7132362328421098,0.7759320672621576,0.8209982936940785,0.9826400157949219,0.9892243091333647,0.015160241849233267,0.8482347737003268,0.9851900244968436,0.9952915006642256,0.9988015286241672,0.9999999410132506,0.00958390757173045,0.00468569928049764,0.00017957334580688083,0.006359526927986682,0.008669941270985205,0.011666691763087074,0.04067862972435787,0.009583907556191207,0.0046856992621309495,0.00017957334057427943,0.006359526887536049,0.008669941686093807,0.011666692327708006,0.04067862778902054
20260825,11,contrast:0.75,contrast,1024,0.37529802322387695,0.3734854459762573,0.9888401031494141,0.2146408804725506,0.21464088056655184,0.006811335230156786,0.3035480443369213,0.0045523112032638145,0.18982337171465422,0.00459806007736735,0.006470370450479684,7.763132847815558e-05,44.565130635911174,31.512306077117145,41.698241451190526,0.9356696784276792,24.198933737776834,1.3022187825949856,1.414213562373095,2.575665416032349,1.0750683115384372e-07,1.428415719040288e-09,4.116721141935782,6.899899975298817,2.2757344879411465,3.136880323750132,3.5261940136836287,4.081336998407478,118.35413489223339,4.107844846603194,6.905194594493712,2.2356396141999433,3.149295452255667,3.5173308812138036,4.061315185423986,121.06712244307518,0.24149794122329943,0.45781023694679907,0.035653475670357364,0.13044083893484254,0.18083143446097266,0.25710422138934774,9.959868177022855,0.0824338497514502,0.024268043921344018,0.04129314033897543,0.06651351932364886,0.07738059645217643,0.09308066827250576,0.44192988826620716,0.6265145500682823,0.12006277690625258,-0.30138718448993906,0.5684587831243898,0.632845251749092,0.6999790097550127,0.8607573317423022,0.011159901716353452,0.1229602692745105,-0.4072010884434346,-0.06918201543850469,0.007726403643803614,0.09512753183568531,0.4410417051047375,0.765360209791196,0.08549510359217666,0.5090155359631694,0.7141632757118128,0.7742782745968505,0.8227117421651755,0.9923313566321128,0.9922903094813509,0.011448290068495993,0.8974866095704748,0.9899153465372306,0.996689382539981,0.9993699510413345,0.9999999998129616,0.005939503645264138,0.0031181271060897096,9.800781720111658e-05,0.003770102237394756,0.005337847317994061,0.007443334054829057,0.027176709318351904,0.0059395036369380705,0.0031181270911323574,9.800781117519364e-05,0.0037701022811233997,0.00533784762956202,0.007443333161063492,0.027176707983016968
20260825,11,contrast:0.5,contrast,1024,0.3763127326965332,0.3695957660675049,0.9909501671791077,0.1184519749281218,0.11845197517720969,0.006754319764356675,0.16751638978549113,0.004523384943621002,0.10057052275841868,0.004614247719221974,0.006461601454943067,4.904691878118937e-05,24.801370919614207,17.537217559982047,22.233465427311447,0.8964611472234413,13.419269698068536,1.3068682539742564,1.414213562373095,1.9824844916252822,1.1282244953096537e-07,3.2825964169092003e-12,4.10384391372666,6.907574600938061,2.243890570869811,3.126324499517069,3.52240876524346,4.073752013431527,125.64411889371824,4.142859675771558,6.88422320658773,2.3061569750618967,3.187219291102852,3.537508783115759,4.06540194312539,119.34335167170629,0.4570826200071115,0.8899335511408082,0.0674311847756074,0.23440032514695014,0.33672760414276365,0.4961825050471548,24.295313182072448,0.16635404818635058,0.03669041176266827,0.10595615522499593,0.14385799517494932,0.16261175390146937,0.1792521759627174,0.631777572487037,0.6304041713133888,0.12263536115811294,-0.31221209319614623,0.5729441558111896,0.6355542501303093,0.7060246164601766,0.8647369905963276,0.00904983457816374,0.12747829972548755,-0.37511184658213886,-0.06987879130079883,0.011217701900937455,0.09139187457670242,0.3990758872823768,0.7615667198640059,0.08711703982325796,0.5022249865293513,0.7081872921950161,0.7720562121982308,0.8195943149375762,0.9999929893821878,0.9917314696128908,0.012332645410549242,0.916917900463168,0.989497197162887,0.9967137548067331,0.9992641763269381,0.999999997393389,0.003225101732750272,0.0018176818159600452,4.0049813896236406e-05,0.001959432588315131,0.002881678602556904,0.004149907437236272,0.01447278451663279,0.0032251017435669382,0.0018176818355220543,4.0049810195341706e-05,0.001959432731382549,0.0028816787526011467,0.004149907734245062,0.014472785405814648
20260825,11,gaussian_blur:1.0,gaussian_blur,1024,0.3756682276725769,0.3718568682670593,1.0215390920639038,0.07835598490970339,0.07835598477639401,0.006662862285149947,0.11081209636387618,0.00459258470570252,0.07234316838360492,0.004610052533868955,0.006507258919397958,2.8836465934896513e-05,16.63130522911331,11.760108707489307,15.752168554186461,0.9471396464188566,9.021197350740183,1.3036084119781772,1.4142135623730951,1.5878673581259837,1.1373897766974777e-07,3.830818329220165e-09,4.1150637202555025,6.900889542000524,2.2334422700381116,3.137615249146676,3.5346982800051867,4.07421768261122,122.82722105622253,4.227527286758619,6.832501490788675,2.3945708157238355,3.205510154165922,3.6029920115387046,4.14952525200682,121.23624934374084,0.6987478313317661,1.9163731774727937,0.16033479528858977,0.3445477794969982,0.4878363366875268,0.7142144907634058,45.76569159122656,0.299281695750451,0.09000999809257779,0.16013667020455352,0.2299541363954334,0.28265645052105565,0.35294870232858955,0.8167710682264573,0.6281431325952975,0.12552046384024118,-0.3051695919822357,0.5682118629961893,0.6369690903642675,0.7061238785304234,0.8636915643088602,-0.021539110884726247,0.13932829019314935,-0.4044406052780496,-0.11973985824277705,-0.02472886100491184,0.07440311469486979,0.4631474787089721,0.7630022432197259,0.08678211634346447,0.5040207155878754,0.708088319397882,0.7708893384489314,0.8228822975070862,0.999911892808113,0.9899316424595671,0.013347992339217891,0.8862812267928968,0.9864074476153017,0.9950670312114784,0.9988138181315427,0.9999999611450625,0.0021912599096882957,0.0010933020551216713,2.1030444218300175e-05,0.001353025677205235,0.0019640362637035067,0.00281797354698013,0.00607164567992421,0.0021912599079918493,0.0010933020530907802,2.103044607792981e-05,0.0013530256401281804,0.001964036375284195,0.0028179733199067414,0.006071645766496658
20260825,11,gaussian_blur:2.0,gaussian_blur,1024,0.3757874369621277,0.3607597351074219,1.0040466785430908,0.04383894723104717,0.043838947397780124,0.006602042744192097,0.06199763397010136,0.004628491395844228,0.03857431364016608,0.004594476163974491,0.006521667257897616,3.117860983678302e-05,9.390674427947545,6.640209567916811,8.334100755766922,0.8874869232995494,5.034061504260536,1.3190560999873777,1.4142135623730951,0.9927371190872587,1.1340389371951422e-07,4.9712763905418456e-09,4.110730390704515,6.90347470930641,2.2440718273050364,3.135264053802023,3.5203204382198656,4.074965434362617,124.10053515401401,4.220903519498885,6.83659819331574,2.2582460847385617,3.2162046786737104,3.6041906773398606,4.133547040113817,121.07746722659353,1.0837254846209317,2.265933789703095,0.26082800565232966,0.619870472915358,0.8361634146091101,1.159523716914684,48.210720597371505,0.5165686537973787,0.14827402185709723,0.25199887612649213,0.40321103581961204,0.4925900684555908,0.6007783338497281,1.0054049955520186,0.6392402304242082,0.12924624493678585,-0.3408505314587521,0.5775954988193384,0.6429111516180357,0.7201881883831283,0.8778647003313197,-0.004046686648030818,0.13236158598239442,-0.41148189712741323,-0.09863285015916251,-0.0065590511297973116,0.08226762021104474,0.37046597555866806,0.7524305895251981,0.09241318649325657,0.47890872607648566,0.6937787524711527,0.7659407601762974,0.8163231220568934,0.989400856050105,0.9911302517895784,0.011920848165635666,0.9114179328586995,0.9877680486535216,0.9957976626659539,0.9991102655782291,0.9999999924151655,0.0012503700256032816,0.0005600812402469615,1.9503207344969532e-05,0.0008365528021004302,0.0011569911855371956,0.0015690260266683317,0.003716795146389804,0.0012503700287904707,0.0005600812421246578,1.950320802279748e-05,0.0008365528046851978,0.0011569911730475724,0.0015690259460825473,0.0037167947739362717
20260825,11,gaussian_noise:0.03,gaussian_noise,1024,0.37547582387924194,0.3956700563430786,0.9890266060829163,0.0625392805152478,0.0625392806306695,0.0070545245269702786,0.08844389884894982,0.004879004680860068,0.05519568646540195,0.0045886356631610215,0.006697780522313914,3.734394768372895e-05,12.537187802072042,8.865130511854407,11.31289885454098,0.9023474030333405,7.060433146230222,1.2556071721672537,1.414213562373095,1.3803135533877189,1.0510557818803335e-07,1.6740117070312976e-09,4.121288806323188,6.897170222803244,2.23382564516943,3.1423225477681354,3.5214977869915423,4.083453161331536,122.41835769196514,4.067874597081128,6.928836926396773,2.159133234389252,3.178271959159727,3.5501483887903316,4.035944301378525,143.764432499586,0.7355267093181475,1.5393928131609302,0.19490648628177987,0.44273928593762546,0.5719717300785057,0.7685700769183101,34.54773994177071,0.7130223057701743,0.2504207939638863,0.19730449165684272,0.5315549415383629,0.6644041543999488,0.8986448838832496,1.4115191567863676,0.6043299426012934,0.10552378780219561,-0.3468810024677975,0.5562476084243467,0.6183530932755709,0.6721916935774392,0.7992707739257108,0.010973389886035807,0.14263068640686835,-0.43954558705707625,-0.09119755056221406,0.008226882000807872,0.11275996954700468,0.4565211769854426,0.7869840096732105,0.06573669843940415,0.6009710724720412,0.7403769757649377,0.7859004077456435,0.8310165905287173,0.9938244327379946,0.9896180357517115,0.01457015270623753,0.8897125462551522,0.9868883021701005,0.9948041706436306,0.9987687718342819,0.9999999997374502,0.0017961869367524906,0.0007705751843166031,2.77838602801418e-05,0.0012645117464662884,0.0016869344067625576,0.002183108384694872,0.004994247204950429,0.0017961869400231478,0.0007705751776321921,2.778385896817781e-05,0.0012645117240026593,0.001686934381723404,0.0021831083577126265,0.004994247108697891
20260825,11,gaussian_noise:0.06,gaussian_noise,1024,0.37540966272354126,0.41261613368988037,0.9899537563323975,0.03955779161356828,0.03955779157077135,0.007131037916269829,0.05594316533691294,0.005044751760991177,0.033012854207338044,0.004588743645537452,0.00681953726982146,3.045551586971126e-05,7.8450242438447475,5.5472698413954875,6.5439997390182345,0.8341592754353431,4.50832733219594,1.2304496599870327,1.414213562373095,0.9519729348600445,1.0176116127362871e-07,1.5115088070061233e-09,4.112069218977494,6.9026766628697365,2.2660711157491233,3.131323939429004,3.5269087706951074,4.075003851529953,119.0794052474013,4.1133806096894086,6.901890606686566,2.0494680472183253,3.226458453762353,3.5550734878574684,4.01898942006192,152.7694800030113,1.1361288227457078,2.2396247177649102,0.26196607544953937,0.7015046239679469,0.9073396947463851,1.1750677434272119,37.99704165107159,0.8896026282606563,0.22412761506179515,0.33425801114845527,0.7436951827439199,0.8875898895119194,1.0432490013676174,1.4506233701085702,0.5873838532484268,0.10109136379247932,-0.39636960336738297,0.5417614157313521,0.6033749446290991,0.6470573563000509,0.7836140823087249,0.010046238046257473,0.1456283722496469,-0.3598270656582989,-0.09214077136819418,0.005941929626712406,0.11478039316763972,0.4524048956977695,0.8008542087740482,0.05836598401322255,0.6212479134833814,0.7624413107897317,0.7974576041413547,0.8405323106743525,0.9879874653062435,0.9892009819127631,0.013920038615467164,0.8918126542882705,0.9851834391826783,0.9947193501575636,0.9988087271995774,0.9999999997220225,0.001144428589269819,0.00046758972908179475,2.569850813439841e-05,0.0008180107945220139,0.0010658763992644374,0.0013804399013751622,0.003720880244077068,0.0011444285872421744,0.00046758972833927054,2.5698509489302523e-05,0.0008180107979569584,0.0010658763931132853,0.0013804399350192398,0.003720880253240466
20260825,12,brightness:0.8,brightness,1024,0.31029486656188965,0.3084326982498169,1.0086437463760376,0.34967508682096865,0.3496750853824464,0.006115140370739352,0.4945152481718257,0.00409525594240832,0.3138438029128231,0.004125575017427597,0.005813044852592604,1.9644818420482132e-05,80.86735842370143,57.18185751804236,76.63594347372077,0.9476746238227503,40.393087971749466,1.4156347243555323,1.414213562373095,3.00450709127383,1.2283071310139256e-07,7.672257940072313e-09,4.144615855600405,6.883164004288629,2.4554183852491502,3.219961139542776,3.6288357191028022,4.127518122294343,120.85602517157373,4.142915677945634,6.884188833013168,2.455411716003142,3.226766889222748,3.628021804950613,4.135474128108141,121.54890744298996,0.11444940024006377,0.0850604147874883,0.03419010163564961,0.07756636714038849,0.09752556286020642,0.13193040968525327,1.6357897980974518,0.06898903207420636,0.02227110986599014,0.03699210975417567,0.05404009028647433,0.06371309603801906,0.07809060039195427,0.2598644073218995,0.6915673184593638,0.10579770697734407,-0.35040864997682075,0.6315271162569203,0.700153736201826,0.7642790135477464,0.8785147476237322,-0.008643741384853236,0.13461809161620236,-0.42019468971087737,-0.10817756646729727,-0.013494246122626001,0.08614078081932816,0.3913383709774154,0.7094980816192561,0.08468704762721886,0.4777152271046113,0.6448857175719659,0.7139921003087573,0.7753537857911925,0.9684065717409822,0.9907918412799932,0.012354300647592117,0.907433977068734,0.9874718511272942,0.995183348113611,0.9990163289971198,0.9999999918236901,0.01021868958911492,0.0038729745904684666,0.0005967305586257827,0.007364988425259529,0.009899422474753977,0.012484511792070739,0.028478917207976028,0.010218689542114134,0.00387297453776054,0.0005967306206002831,0.007364988559857011,0.00989942206069827,0.012484511127695441,0.028478918597102165
20260825,12,brightness:0.6,brightness,1024,0.31023311614990234,0.3065337538719177,1.0036327838897705,0.33636653381055026,0.33636653342625344,0.006085859808421581,0.47569411349983065,0.004106325940642075,0.30214468401191186,0.004109513655050514,0.005809476328537423,5.980945512637137e-05,78.16383033364778,55.270174472437105,73.58029741902753,0.9413599244681956,38.89577648792152,1.420981388774314,1.4142135623730951,2.962964329118945,1.2821371930811133e-07,3.4059821629739417e-10,4.145658711490071,6.882535510524832,2.4666415844752385,3.2331511566484177,3.631599901485947,4.135143556244393,126.31278921475152,4.1491281236344,6.880441877195161,2.54664842598952,3.2272670609918537,3.6403949461638874,4.137252717498347,126.48641509892694,0.14490116944305115,0.4050193582721021,0.03507096364512339,0.078787086342482,0.10786356472544215,0.14770232216021487,10.819232663441992,0.1181222413340196,0.037922046601040475,0.0650989573307692,0.09348542570699309,0.11020092195318269,0.13109756876093132,0.42772461728051,0.6934662132555631,0.10649987967884464,-0.3521873641833826,0.6348287693019159,0.7028567101868293,0.7668868262451181,0.8781523542013132,-0.0036327519765952335,0.13058259604577832,-0.3688507374234494,-0.08936297754716147,-0.0056873626671511725,0.0791696849110583,0.4611932060041263,0.7074179191014635,0.08567683060434642,0.4783810644357608,0.6417823151194733,0.7113314073193753,0.7726528212363551,0.9687290682810412,0.9913562623981473,0.012828195319169542,0.8872997389471247,0.989262579688431,0.9963555833635367,0.999265971839682,0.9999999930787675,0.009616820070676449,0.004245591044960893,9.026123898058674e-05,0.006548777866233065,0.008956567714904665,0.012231548907592243,0.027569916481582964,0.009616820048385932,0.004245591053935237,9.026124462252483e-05,0.006548777571879327,0.008956567849963903,0.012231549015268683,0.02756991609930992
20260825,12,contrast:0.75,contrast,1024,0.3099954128265381,0.30767881870269775,0.9829020500183105,0.21683186679089814,0.21683186623224704,0.006146395434061718,0.3066465659803125,0.0040413113331625025,0.19302467956501002,0.004113502667043212,0.0057665502237749825,6.441664567231111e-05,49.89047145924867,35.277890685428645,47.762882800212225,0.9573548095095815,24.94244900224386,1.4143715714371667,1.414213562373095,2.5233122275911914,1.2134996335385266e-07,2.98675462140352e-09,4.145645119926503,6.882543202943129,2.5154332923996234,3.2278841560668567,3.6433946628126304,4.149706124362331,121.66323275488783,4.123000314603572,6.896148248782225,2.5712926001645657,3.2058922479831304,3.610309194141525,4.099876337732425,126.13662148098052,0.23797776493755182,0.5510719398614988,0.05425315303388136,0.12033012985540853,0.16475483224405751,0.24613315207612868,13.508056134499876,0.0946566948295671,0.02823924434248358,0.047994080310026624,0.07461897148792948,0.09102860342916638,0.10975412251659042,0.4779521697219048,0.692321169708767,0.1053926426619626,-0.36234880259570484,0.633369592892069,0.7012269342307086,0.7662395696928468,0.8693383153714453,0.017097951535637135,0.1374911943598245,-0.4149931745527341,-0.07535905987951186,0.01079240942433038,0.11698768895559127,0.4283528854605705,0.7088834124422893,0.08417757108086574,0.49421745560748626,0.6425549829504911,0.7129380965979626,0.773849215618873,0.9686666374289112,0.9902732265575912,0.013468712431535676,0.9036115346306749,0.9870793277881111,0.9956599597538478,0.9990430322399843,0.9999999998635349,0.006132783686666412,0.0028829152337538954,7.213493557820108e-05,0.003913751492414253,0.005856244256594787,0.008055637242425426,0.017568914848837457,0.006132783672271103,0.002882915239257988,7.2134927904699e-05,0.003913751686923206,0.005856243893504143,0.008055637357756495,0.017568914219737053
20260825,12,contrast:0.5,contrast,1024,0.310147225856781,0.3067436218261719,0.9963056445121765,0.11046434796097514,0.11046434813437458,0.00615327160705236,0.15622017929033563,0.004086493864632166,0.09692465943453328,0.0041202301265167,0.005803079217202895,4.4507671761175934e-05,25.38814947015979,17.952132652127638,23.718293149390956,0.9342269383307549,12.720128065797445,1.4113169684514588,1.414213562373095,1.8520887470041671,1.2393450377721022e-07,4.010223819683745e-09,4.147525526017296,6.881409106055802,2.481762354023862,3.222605656271319,3.634305816940695,4.138579997665385,125.49280469971002,4.118390474944473,6.898905060978139,2.5218645514055544,3.225233443863179,3.6261362228617946,4.083250645841119,124.35346096441967,0.4625409018364318,0.8028377132554219,0.10297587409294053,0.23626922555742355,0.33775782759516293,0.492121652806138,20.05385449613849,0.17758339322241373,0.041195544091729805,0.09276059572084505,0.1519223097664759,0.17072273145143857,0.1964488874859574,0.5703953385037083,0.6932563535938098,0.10452217316357076,-0.37045104132855616,0.6382279398083037,0.7024534663213526,0.763910768057739,0.8882303216500091,0.0036943803022998754,0.14102040248624156,-0.4178207327846496,-0.0869731200111489,0.005948357496010489,0.09609861145853643,0.4763245055184959,0.7082595984784749,0.08280367906091651,0.4593984062897055,0.645321886613013,0.7117296598913823,0.7698474252656573,0.9664814894964665,0.989898925573167,0.014810457543829328,0.8792695635825003,0.9863710293527537,0.9958536515181391,0.9991268952663649,0.9999999872805676,0.003084175165261266,0.0015513196997963502,4.8428467675421106e-05,0.0019755426731239353,0.002880816317147501,0.004072195448059844,0.009481064415019393,0.0030841751710717347,0.001551319711188361,4.8428471927763894e-05,0.0019755426910705864,0.0028808163478970528,0.004072195733897388,0.009481064975261688
20260825,12,gaussian_blur:1.0,gaussian_blur,1024,0.31020820140838623,0.3090152144432068,0.9824098348617554,0.07361333588082815,0.07361333604407547,0.006139132831077238,0.10410497820505972,0.004186751595575872,0.06927572423872479,0.004125946727578157,0.005878122601806636,3.580742672669922e-05,16.957603145197357,11.990836176639377,16.54641376668447,0.9757519164122354,8.522353536399109,1.406986474651444,1.414213562373095,1.4546687838942032,1.2347026669461783e-07,1.561853313347683e-09,4.151411858559189,6.879062773813703,2.552336626719922,3.2281316374986475,3.6297063780385255,4.149737579733219,122.4734324227813,4.153204618704833,6.877977770301469,2.4848348086096665,3.2691708915699866,3.6622113858078644,4.130490911728488,125.14401886743507,0.5574438904531653,0.40030802636728036,0.15621142610924396,0.36150368592177345,0.48250387469285483,0.6495574716002982,8.064450385304076,0.33571411656859473,0.10623985632930334,0.16664231277796987,0.2546107180145752,0.3237519144525298,0.3903453771896459,1.0440567373937448,0.690984776801937,0.1019210570239129,-0.3606090702343576,0.6433226738389664,0.6996164334038255,0.7566806326431594,0.8655994687190943,0.017590182301430314,0.13034620775729502,-0.3910776275065844,-0.07326704653431526,0.02501282168025896,0.10567585171713771,0.41120366764129934,0.7112391154279294,0.07941889583757238,0.5007370165598125,0.6537846884472532,0.7145186063443493,0.7655951289201874,0.9646004043487585,0.9912478298552292,0.012038474695883613,0.9115434952421874,0.9887305551962711,0.9956502837898411,0.9989012838772898,0.9999999840168478,0.0021286968287025382,0.0008725310798413147,0.00011670241723465543,0.001493596840638877,0.0020102144119206267,0.0026853254194026603,0.006234048565417,0.002128696835370647,0.0008725310793772929,0.00011670241656247526,0.0014935968501958996,0.002010214375331998,0.0026853252784349024,0.006234048865735531
20260825,12,gaussian_blur:2.0,gaussian_blur,1024,0.3097952604293823,0.3139886260032654,0.9715616703033447,0.03880352632581816,0.038803526165368814,0.006243574077114081,0.05487647297096383,0.004270663990336363,0.034665977804264114,0.004120967659908255,0.005934723698064252,2.407119800671042e-05,8.789272345164353,6.214954076961103,8.11723373290573,0.9235387656831043,4.491457768913431,1.3837276040296165,1.414213562373095,0.8308227089902505,1.203095625847761e-07,3.253070923747714e-09,4.150539846831162,6.879589176458809,2.4482794287641774,3.2307570011390574,3.629424014108982,4.141496301196295,123.56651147642266,4.121810991206362,6.896859100677687,2.416359127221248,3.2682409306199776,3.6461237850077275,4.062546748040498,123.47867500010952,1.0113893928227835,0.6904493374662721,0.3525212485826469,0.6819412708460982,0.8905781302215552,1.1791871653707588,14.541262031439752,0.5133747256623364,0.12383594816365684,0.2956846605392711,0.41289393119885864,0.49758983236229515,0.5909853619946359,1.0801715220253842,0.6860113830826029,0.0983532029427185,-0.31258819903126644,0.6458896525739151,0.6973384421078448,0.7427922322625522,0.849051644672569,0.02843833358370483,0.1344834592488988,-0.35991882508146833,-0.06891849212811826,0.03075451578778561,0.12336208717737444,0.45278014259260735,0.717231155856916,0.0728637780443554,0.5283098566928369,0.6695219901760369,0.7167419994432291,0.7634307554583655,0.9661542046290562,0.9904319925446858,0.012951998022025435,0.8916221971630238,0.9871187022021344,0.9952537159541605,0.9987858943809089,0.9999999732231842,0.001136209695140642,0.0004238235914061057,6.684485177107559e-05,0.0008173400291767299,0.0010860893218680022,0.0014215118995474713,0.0027382851016922788,0.0011362096929872223,0.0004238235898097565,6.684484833385795e-05,0.0008173400565283373,0.0010860893526114523,0.001421511871740222,0.0027382851112633944
20260825,12,gaussian_noise:0.03,gaussian_noise,1024,0.31030118465423584,0.33151400089263916,1.0055404901504517,0.07271302577117926,0.07271302579807129,0.006200500818165884,0.10283174724481717,0.004702597429232189,0.06412039317223557,0.004146073432307469,0.006269317944362611,2.5746790283546307e-05,16.584426042416833,11.726960116679718,13.635101481077607,0.8221630007697617,8.581548871806637,1.3665318838460567,1.4142135623730951,1.490764769514825,1.2141875582838241e-07,2.509363605796011e-09,4.150339360064832,6.8797103797098345,2.5356446263922368,3.232287897812557,3.6373858954571148,4.1601179266290575,122.73502488060693,4.226284340642086,6.8332605646965705,2.309964492147633,3.3182057893630956,3.7074021599715277,4.20002551105874,135.14626337199644,0.5966113050873163,1.0595955648074449,0.16654030545352233,0.3751662780545479,0.48390544669210184,0.6327185856196821,28.6533730819332,0.5595699752830512,0.26125029083532975,0.1608408153636119,0.3440090796656067,0.48950574505438205,0.7653692319897674,1.4012561750482433,0.6684859715361966,0.11064929068479186,-0.41816668167014837,0.6177694814915378,0.6791933042890934,0.737847249482487,0.8510732065454198,-0.005540473871835328,0.1297966970527244,-0.4841288484945505,-0.09041673055196825,-0.004659758068173689,0.08135785154990346,0.34660648995096316,0.7313166544564784,0.07795564257596582,0.5250470427499779,0.6749677292819811,0.7339594333404097,0.7863591578271085,0.9999289244990374,0.9914581021411493,0.012229090499074837,0.8749967188826143,0.9887965161498912,0.9964467360095348,0.9991820472900763,0.9999999711939629,0.0021090068357276412,0.0008462004363932112,3.338193761886588e-05,0.0015338046174686387,0.001998553903749916,0.002588911649378971,0.005839560112810054,0.002109006832910154,0.0008462004360811927,3.338193710078485e-05,0.0015338045777752995,0.0019985538674518466,0.0025889116805046797,0.005839559715241194
20260825,12,gaussian_noise:0.06,gaussian_noise,1024,0.3104732036590576,0.3541373014450073,1.0297693014144897,0.03667491494192318,0.03667491504124011,0.006087770352693816,0.05186616225020278,0.005621518870275612,0.035419476468193746,0.004128376997759743,0.006974594686753958,1.7966605692051633e-05,8.519730417763245,6.024359152281688,6.300695112041348,0.7395416055541721,4.550920217767818,1.3237672493893884,1.414213562373095,0.8882742193484665,1.1335243762661854e-07,2.2270630894993815e-09,4.144495553199615,6.883236402576272,2.4883388551990606,3.224857600324357,3.6319208851939306,4.137393657467001,126.50778082027078,4.4469215993827405,6.691604436081572,2.430816970558844,3.500259382008615,3.9312315072648207,4.4074789536452785,130.77985461466318,1.137222295213814,1.7307371456896516,0.4156208831082276,0.7228934374557485,0.9109182944155376,1.1564419910721737,38.23891142345537,0.6987950563066796,0.2697522112273285,0.27006813174777045,0.4888848722938453,0.6453467176806716,0.8722660245778996,1.5726109810040698,0.6458626929838615,0.119756959327134,-0.42474191780019,0.596435917684781,0.6608677389337999,0.7174453795761592,0.8328012796795531,-0.029769344990610413,0.1256310328451951,-0.46929760935639364,-0.10838569209943355,-0.02494144585804492,0.0556019450068916,0.31609401245391755,0.7501991355132007,0.07576622699009268,0.5535720626658274,0.6966147614858471,0.7505023220226252,0.8026606976547369,0.9992069769067929,0.9915632919634084,0.012183016934358906,0.8830400635601838,0.9892854907996826,0.9964334870650224,0.9992281346361505,0.9999999814827565,0.0010850200302389113,0.0003693095150167358,2.5485964462099374e-05,0.0008351437497058737,0.0010648733059973473,0.0013389530764151515,0.0023495115466500172,0.0010850200346670391,0.00036930951694567925,2.5485964215476997e-05,0.0008351437718374655,0.0010648734169080853,0.0013389532396104187,0.0023495114874094725
20260825,13,brightness:0.8,brightness,1024,0.34436923265457153,0.3434686064720154,0.9987393021583557,0.399503925382818,0.3995039242604839,0.006471599997757231,0.5649838679104501,0.004445429113200803,0.3855577396337373,0.00445167478237852,0.006291204047601549,5.827537755003919e-05,87.30203784323018,61.73186297035265,86.73127606259986,0.9934622169799147,46.121658135465125,1.3384571521391198,1.414213562373095,3.1931914854921435,1.1689287651047673e-07,3.7189236135048986e-09,4.198204891252954,6.850573179607293,2.369936189904612,3.2220678354193195,3.636622527557721,4.158173214551935,130.4012932562681,4.187745069875363,6.856979097928867,2.3527678958662936,3.2128252117482328,3.6230533233575004,4.155986250122488,133.5243524518162,0.11212303241327079,0.2614626098074,0.03426230377432466,0.06888896294851278,0.08611582792964315,0.11360805249441738,6.316868288110174,0.06016404334177172,0.020143215782493545,0.03189549888380198,0.04828207683955864,0.055228088772446435,0.06579913038360014,0.27635595046099753,0.6565313724330955,0.11654142567784606,-0.28929547946639717,0.6064935989801532,0.6751399161759573,0.729494597179861,0.8544143727422353,0.0012606784988512727,0.13952806396826126,-0.3936423417944519,-0.09664668039435192,-0.0066496105010718926,0.09424860973211616,0.43941928263047136,0.7405254717476573,0.08382603710538769,0.519592224394758,0.6839865734686139,0.7376896255008288,0.7950868294407174,0.9872797306099825,0.9901377675451719,0.01329344601982819,0.8982820793339483,0.986665079942636,0.9954311820330134,0.9989286045368647,0.9999999602404621,0.011658665765231939,0.004467402436374355,0.00015360956970530984,0.008493321215862989,0.011266000685076508,0.014097518550074113,0.028493663582514664,0.01165866574167751,0.00446740241235985,0.0001536095660412684,0.008493321714922786,0.011265999637544155,0.014097517356276512,0.028493665158748627
20260825,13,brightness:0.6,brightness,1024,0.3446998596191406,0.34061694145202637,0.9869446754455566,0.3128900775114522,0.3128900772848412,0.0064532851648675185,0.4424933908281883,0.004427769261586392,0.300016725113477,0.004466254500207056,0.00628908339064359,7.563591772370487e-05,68.56870253265375,48.48539453800266,67.75798542988807,0.9881765722141294,36.07751758151096,1.3439226905141075,1.414213562373095,2.943503580866604,1.1664648683820414e-07,8.82501405286007e-10,4.195018993588617,6.8525260879161864,2.3056875908721643,3.2253931295763714,3.6302070675854536,4.162041422577693,126.22864438739937,4.186068019666344,6.858003946947081,2.3446032196991773,3.2115109402899487,3.626126627590862,4.156677791498453,136.30855666636015,0.15213553439041771,0.411997632028022,0.034050185874945106,0.0874279262084906,0.11286384573265554,0.1518119954634813,10.087902553797528,0.10519161731099988,0.036436015114625894,0.06173107525928396,0.08370074406556724,0.0969272258568785,0.11659640839411034,0.6506822153252573,0.6593830628792878,0.1168221623988101,-0.2777483200092044,0.60722250177076,0.6769365714676787,0.7325732003025098,0.8569734266670852,0.013055296442330576,0.13659916814795034,-0.4689575634266347,-0.07768571137201366,0.015473399073417052,0.10580289935457068,0.39348912713205064,0.7378658662919004,0.08450339128148225,0.5153605980150928,0.6806882531616318,0.7360413562709003,0.7945318293022599,0.9879831884814891,0.9904557715998266,0.01363798521417416,0.8832206993186663,0.987686553877644,0.9958368025842191,0.9989744742201436,0.9999999860277046,0.009022259616340109,0.0037707268804165095,9.659257311898916e-05,0.00637452596193232,0.008581667278440803,0.011110924454498908,0.028563068067081508,0.009022259605842464,0.0037707268867181462,9.659257193561643e-05,0.006374525954015553,0.008581667207181454,0.01111092371866107,0.02856306917965412
20260825,13,contrast:0.75,contrast,1024,0.3448728322982788,0.34011757373809814,0.9779568314552307,0.2053586591678432,0.20535865859204483,0.006495028658743236,0.2904210001316159,0.004316848742501603,0.18747082194627887,0.004446401764689746,0.006197230971867497,5.1106727790587034e-05,44.71435237482252,31.617821780601805,43.42770227284823,0.9712251204895284,23.549533552730413,1.342609268847738,1.4142135623730951,2.5179174871541026,1.1566430971386394e-07,7.727757100894905e-09,4.20162268816187,6.848475558854359,2.40242494349162,3.213067186906821,3.6191858867681206,4.155084124394689,130.3670613435035,4.141384663554233,6.885109023555551,2.359462330982193,3.193166580742866,3.605633222658842,4.103248575194283,128.33276982629866,0.2761767695999534,0.9871782296713112,0.060802006455626785,0.12885476064823542,0.1702517696200893,0.24299545416380863,26.089992543423897,0.08730190790084091,0.028173729404886848,0.03599096033767953,0.06710518393459232,0.08299612163329864,0.10435269884486925,0.33204405500216816,0.6598824642709584,0.11706681530871371,-0.2606344451392024,0.6059950749588001,0.6759049508379859,0.7330972774733419,0.8613267996418617,0.02204315515083756,0.14078347257193516,-0.47945739360371736,-0.06678817873773643,0.022759075676546434,0.11971702979220628,0.4597582149010701,0.7371888275874299,0.08616124293213984,0.5080513204575975,0.6801237957411703,0.7369887938006887,0.795468371546671,0.9868654483277792,0.9896974959675786,0.01457884266659388,0.877565158674118,0.9865768446862326,0.9951077618564266,0.9990741064899805,0.9999999966235217,0.005854739981574058,0.002629170729834069,3.695550166483954e-05,0.003956431312768512,0.005702309332543906,0.007506398061040809,0.016056546569686775,0.005854739974122225,0.0026291707072442177,3.69555018551182e-05,0.003956431173719466,0.005702309776097536,0.007506397785618901,0.016056546941399574
20260825,13,contrast:0.5,contrast,1024,0.3448854088783264,0.3373064398765564,0.9864277243614197,0.12048488381044602,0.1204848839315054,0.006463671506406701,0.17039135691688312,0.00426533493423759,0.10501228226832637,0.00444201259905621,0.006158291811160112,3.871038022235253e-05,26.36138868567092,18.640316701132235,24.61993814961611,0.9339393475503285,13.840325372098363,1.3468120269306916,1.414213562373095,1.9832725309080068,1.1720236270711945e-07,1.7894632442505554e-09,4.19234574163097,6.85416467609973,2.343104309879374,3.212437306964188,3.6362725922852746,4.1547832257704735,128.25895355333094,4.145185752168425,6.882820860051925,2.331815393862966,3.192263960978676,3.5986591888419186,4.077726275918112,128.5919412601923,0.4637803640906571,1.1865744190470466,0.09641853587972206,0.21869454535474722,0.30091164066165105,0.42774455725139826,25.250343554756412,0.16513649649969048,0.04195637411350128,0.0886363607491118,0.13675791427971562,0.1571366609052708,0.18523861301551814,0.48716752180360867,0.6626936120923881,0.11971289105393856,-0.2665563502973863,0.6127640373798484,0.6787097010422545,0.7350314088657128,0.8615869709074755,0.013572269071499264,0.14533396939737192,-0.46417101709855946,-0.08642077778780906,0.01474415748010579,0.12040897591520273,0.38837873124692346,0.7341280759507562,0.08708254263425932,0.5076099797703753,0.6780330567590335,0.73440665778097,0.7902655077741274,0.9999982915276647,0.989202663649007,0.013882946977736881,0.8857455994164967,0.9848132229164251,0.9948652750841198,0.9986099818302032,0.9999999999466412,0.0033896098144285966,0.0016399835550066923,3.8380226484140106e-05,0.0022360184034670833,0.003195476054842574,0.004431191003522896,0.009973731293343948,0.003389609817258332,0.0016399835647794242,3.8380221667466685e-05,0.0022360183647833765,0.003195476485416293,0.004431191133335233,0.009973731823265553
20260825,13,gaussian_blur:1.0,gaussian_blur,1024,0.34473031759262085,0.3447653651237488,0.9949009418487549,0.07672489443915503,0.07672489454162038,0.0064485612034319755,0.10850538643240498,0.004450611065000041,0.07514257502471547,0.004455685666730502,0.006297703836527123,2.882590633805224e-05,16.82629396068344,11.897986561837511,16.883653486516188,1.0034089221290663,8.916722257879425,1.3343453132679302,1.414213562373095,1.549510934458624,1.1704323219270884e-07,6.155886911329844e-10,4.199407189875899,6.849835691681027,2.3536152333971216,3.2193464351017442,3.6312259754407408,4.14992985397577,128.51140023594633,4.216964748285323,6.839029668757548,2.287397964131534,3.247201164031056,3.6734728016953277,4.167981778824437,132.66399894009282,0.6678131872508137,1.9229974945649162,0.1501199626491057,0.35844236383642963,0.47733850094652175,0.6418653762346426,41.50991926028044,0.28213521168075945,0.10011742182400052,0.13409547900572846,0.19680509484459702,0.268035935204152,0.3534545553971469,0.7342805474465869,0.6552346584130566,0.11774238835265456,-0.2750821350520639,0.6031355096446666,0.6712019009510037,0.7289444933103246,0.860957270306959,0.005099041117921248,0.13884916775629294,-0.4142792487023426,-0.08584224939629446,0.0006501416452282562,0.10267588713268322,0.3820548434982243,0.7413279207948078,0.0851927949203408,0.50867728345739,0.6845728028511333,0.7412745769462528,0.7976383783354096,0.9968204217784339,0.9902298381709174,0.012599931115327525,0.9101498250808064,0.9859310204126513,0.9954010295288827,0.998839531962898,0.9999999782229773,0.00218416456026707,0.000989505442661482,2.3453026189312848e-05,0.001503146160536521,0.002027388941288456,0.0027090717722627463,0.0064881197591833625,0.0021841645622338035,0.0009895054403649779,2.345302709727548e-05,0.0015031461662147194,0.0020273890113458037,0.0027090719086118042,0.006488119717687368
20260825,13,gaussian_blur:2.0,gaussian_blur,1024,0.34473979473114014,0.3359518051147461,0.988743782043457,0.03960385758960127,0.039603857466564196,0.00636253373730318,0.05600831235150605,0.00418845226130048,0.03607194808966857,0.004457138107706087,0.006116307093038977,2.5609661666028372e-05,8.802831491978178,6.224541841620263,8.612238086836527,0.9783486250628182,4.633747064602712,1.3433063512659889,1.4142135623730951,0.8916582505380708,1.1361701047796574e-07,3.2806741767643643e-09,4.192973040922965,6.853779889815992,2.326847735773423,3.2196251169805095,3.6219159062279442,4.169802744059273,134.2974576879331,4.22894321603869,6.831625759654448,2.427425668927689,3.2890624844032685,3.718543871117758,4.122460776112207,122.43992860868083,1.1585568607469519,2.087143389002948,0.2829269109978726,0.6844390672450691,0.9133712944622433,1.2747400950735646,50.278219803649996,0.5137266742157248,0.14749230636560673,0.2128227509199174,0.406225023430602,0.5046482021978383,0.6137806271700063,1.088730475433434,0.6640481725595604,0.10852077411353885,-0.273116923428455,0.6227022110745802,0.6773162957298821,0.7260315837184976,0.8479800148976623,0.011256195548044126,0.1460876322128624,-0.4306931723123089,-0.08564484439246231,0.013933333868306322,0.11625754946677785,0.4109492966092407,0.7360434397457951,0.07429813245586883,0.5300282014517347,0.6876613497941392,0.7356919426288149,0.7824589092061943,0.9999223413867188,0.9891161953861123,0.014208883286884195,0.9024984162443499,0.983962685066043,0.9946341241323351,0.9987205099822708,0.99999995869425,0.0011330393166992063,0.0004981655188968189,1.9373239606399797e-05,0.0007531164770425184,0.0010639854165693876,0.0014130025142947732,0.003375676378193717,0.0011330393139790118,0.0004981655201188103,1.9373239410924725e-05,0.0007531164592364803,0.0010639854590408504,0.0014130024937912822,0.003375676227733493
20260825,13,gaussian_noise:0.03,gaussian_noise,1024,0.34464287757873535,0.34312212467193604,1.0128893852233887,0.09618934908913675,0.09618934931404177,0.006485399453693957,0.13603228235576104,0.004616832092305569,0.09085610276929103,0.0044755374079210085,0.006430052383786847,5.298449122784015e-05,20.97515863549156,14.831676907619652,19.67931710592468,0.9382201797809425,11.112317636361468,1.3347059866693691,1.414213562373095,1.772769566856864,1.1535616966031477e-07,2.197754755961512e-09,4.197050924235809,6.851280098559902,2.37357557701864,3.2146597870657554,3.6337428557041047,4.169686505050834,133.9745927297741,4.196413925979606,6.851669574526306,2.1877544783594574,3.2244608443609235,3.6215990571088508,4.178500142735541,119.27056887763719,0.47632301779200126,0.8614010379192224,0.12699143770382235,0.27777127016555125,0.374843502618898,0.5119473376956469,21.463860342857927,0.5460093053370082,0.28803537008186025,0.16444404198350757,0.32571302194709245,0.439078312543769,0.7491770130129928,1.4382070730588878,0.6568778466196625,0.11473972831805858,-0.4196488636672112,0.606476105254752,0.671788475929904,0.7238652345445402,0.8558647958196616,-0.01288940444642879,0.14382443008579643,-0.41913225502568985,-0.11247849179557437,-0.016371855666334992,0.08799771984357514,0.38707025354132507,0.7411974705726603,0.07740353036862824,0.5171996242038164,0.6899413898192703,0.7407430324639499,0.7951017121029543,0.9937905059396398,0.9894323944353034,0.013868016113543472,0.907925191189825,0.9856387146288551,0.9953123440696834,0.9988863077383984,0.9999999941232558,0.0027534935669406247,0.0012063300829638407,4.345505744148304e-05,0.0018778275710677798,0.0025887560323606864,0.003494975300264493,0.0076836620466921805,0.0027534935727828724,0.001206330097564889,4.345506022218615e-05,0.0018778277153614908,0.002588756149634719,0.0034949753317050636,0.007683662232011557
20260825,13,gaussian_noise:0.06,gaussian_noise,1024,0.34421849250793457,0.35143977403640747,1.000515341758728,0.05483261610592224,0.05483261619732343,0.006519569655200524,0.07754502948665344,0.004620588365319016,0.0501440713266448,0.004432782748749794,0.0064030773647782225,3.800929663735039e-05,11.894194492545592,8.410465582430675,10.852313030741648,0.9124042016921012,6.3819638392373,1.317849145930985,1.4142135623730951,1.230901298780459,1.0998467347059507e-07,1.4827514771553751e-09,4.191650641834222,6.8545898408301875,2.3476067450714986,3.2175857962080623,3.624370593416801,4.164445193655691,127.63115491816365,4.2345297407607205,6.828154480477726,2.103490501315901,3.2708716095302584,3.6341133593599384,4.1639963774144215,158.1045030246546,0.9007573350541817,2.359776468406702,0.17581756477270954,0.5037022935611803,0.6498543857047825,0.8948032012394307,45.69294101076015,0.7036566708756692,0.2798632513931917,0.26320036503561867,0.4884532798523276,0.5956448418406701,0.8945563802449548,1.6021555523815665,0.6485601899926212,0.11605372765737432,-0.39942637532297165,0.5987655713585398,0.6690129004872609,0.7167733672398753,0.835419641264644,-0.0005152854785112195,0.1401944764764825,-0.41101619866184136,-0.09377925586054066,-0.0011978320490828379,0.09044653168291922,0.45903432014244727,0.7484701453880038,0.07558032163142132,0.5496126117450851,0.697306183310992,0.7432507649758427,0.8009243345642052,0.9789576504716104,0.9900399158683018,0.013622896411584241,0.8884185347747768,0.986495067828022,0.9957099955508982,0.9991353814678683,0.99999998914603,0.0015688121617161294,0.0006895222480091234,2.0188051746924495e-05,0.0010716241073436103,0.001489048991775379,0.0019172268181880808,0.005549566426493758,0.001568812165526623,0.0006895222491633203,2.0188052076264285e-05,0.001071624137694016,0.001489048998337239,0.00191722676390782,0.005549566354602575
20260825,14,brightness:0.8,brightness,1024,0.3841473460197449,0.3839566707611084,0.9897554516792297,0.36195802519167647,0.3619580245013712,0.006644829438086034,0.5118859472596122,0.004478804699708754,0.34438581122471823,0.004500163073050335,0.006349106962571906,2.7966266635086443e-05,77.03522746959402,54.47213173399813,76.8923483640876,0.9981452757368333,42.48996285137095,1.2819999898482854,1.4142135623730951,3.154272938975436,1.0723786818491561e-07,3.857264951889761e-09,4.323161512555555,6.772330557540821,2.219209310282765,3.2565367772424074,3.6682009251411625,4.29313642903333,126.43241388652488,4.324416390850123,6.771528782398738,2.2072204618209836,3.249315471288958,3.6566188473404626,4.29489299235635,130.22385047208112,0.14308375819168384,0.3027570655043442,0.02895000753827906,0.07554270711522941,0.10042585386906633,0.1389029598569349,5.05121263695334,0.06797239030290375,0.02127305096365601,0.029662669206277196,0.05371292616669483,0.06460745611301469,0.07805880735516793,0.2888705475426066,0.6160433362181108,0.1349896832512159,-0.31375140683645364,0.5375126798142862,0.6268621851944789,0.7173925587145473,0.8433307877191877,0.010244563083116758,0.1295396766308583,-0.3765567676672867,-0.0755744044665935,0.007749366686133491,0.09773415463792823,0.4713752365635169,0.770378395492735,0.09387183602471702,0.5373948106233764,0.6966691528883472,0.7791301520277725,0.8432556561442109,0.997680445072396,0.9914542862654536,0.012225078135175614,0.8819327561411292,0.9889809797586921,0.9960839387779228,0.9991685501022767,0.9999999942101248,0.01025218299260489,0.004781008959072748,0.00019264851573977252,0.006984464451248811,0.009682282345362205,0.012833725073474477,0.03334527850457882,0.010252182970646118,0.004781008978311079,0.00019264851289335638,0.006984464940614998,0.00968228280544281,0.012833724729716778,0.03334527835249901
20260825,14,brightness:0.6,brightness,1024,0.3832642436027527,0.381693959236145,1.0069035291671753,0.3896995001306032,0.389699499042711,0.00661698336331927,0.5511183167962028,0.0044620054440254065,0.3812365307916192,0.00447060426996227,0.006316311828996194,6.501202937681422e-05,83.28845435085783,58.89383086603778,85.44062430539886,1.0258399555054158,45.78228964178459,1.2863889422357906,1.414213562373095,3.1999729677109316,1.1076730627288949e-07,4.743961889985826e-09,4.3188863049742405,6.77506061233991,2.402117120663319,3.239725536320944,3.664366780115363,4.286710854979924,125.02240568383613,4.328350866909377,6.7690115984552435,2.4244795675836146,3.2538114868456454,3.6731455525176204,4.314375240609857,128.20642665815842,0.1233690022967058,0.23749231669099058,0.024788097629482614,0.0691038723096328,0.09221503977427897,0.12678260573145891,3.9368437484366408,0.11646366763391647,0.03395651397314776,0.06452531624830007,0.0942941207702944,0.10959833005069272,0.1307143262626657,0.4504128734242851,0.6183060646697695,0.13507464887571938,-0.31624329937780876,0.5404437854564278,0.6285557900969703,0.7195947966669517,0.8452166327809467,-0.0069034867211299426,0.12939993890298146,-0.39648707808013806,-0.0934961271522198,-0.004404410295177099,0.07799857430349869,0.4416829600691797,0.7684601338284645,0.09459401772106794,0.5344238427226452,0.6943942127869496,0.7777644871114332,0.8413801056057764,0.9981842515404005,0.9914962116571349,0.012639931743562803,0.8971712003762312,0.9894577791472644,0.9962424155441998,0.9992814705474685,0.9999999967921229,0.01114160968543874,0.004918791428442142,0.00023810710130703675,0.0075880536447190715,0.010528109463972743,0.014041476735572227,0.03802375407670864,0.011141609654117701,0.004918791396769208,0.00023810708080418408,0.007588053937070072,0.0105281095020473,0.014041478047147393,0.038023751229047775
20260825,14,contrast:0.75,contrast,1024,0.3833268880844116,0.3785136938095093,1.0088777542114258,0.27307331318083355,0.27307331314770134,0.006598856982077914,0.38618398297563444,0.004434684628999041,0.26327093210003605,0.0044572021968901365,0.0062875336327245695,2.28947923068698e-05,58.52285994748578,41.38191112329779,59.36632570859032,1.0144125861562714,32.06687814962527,1.2904876780509578,1.4142135623730951,2.851920169758883,1.1014713266055198e-07,5.691158655452e-11,4.3121473397393135,6.779356597867048,2.394480512868247,3.2441092173099024,3.6607486252025265,4.297963334810048,127.84941718756369,4.322848662045922,6.772531248061149,2.3901217530503645,3.253225989680291,3.672533987470901,4.297839268904815,119.36921589295676,0.25006469895369765,1.1589642021653606,0.02721078287116341,0.10094019031825423,0.13725863864236476,0.1885870386876043,24.562690616536244,0.10620713975965246,0.03212894825918694,0.05685975768771807,0.08142567114737088,0.0997962211713532,0.1233617920021975,0.3038469872661837,0.6214862991064586,0.13715802680909953,-0.3514846280300899,0.5420929830930369,0.6305575426688637,0.7243485332851666,0.8588175863650509,-0.008877711204634297,0.13405501430609437,-0.4040783236669899,-0.10024290955985832,-0.003915088764343953,0.08689559563744595,0.38539057083157313,0.765074385897244,0.09813978214629045,0.5122815176737379,0.6894339519193046,0.7761424988351491,0.840318478801976,0.9988492560918025,0.9908649276675963,0.012443281932197382,0.9147243892793474,0.9874328531162673,0.995547337766006,0.9989883588162395,0.9999999974853082,0.007663944360816683,0.0037548699131136056,3.9414822976026905e-05,0.005145578289597375,0.007053136198017559,0.0095976659704558,0.03574578185709797,0.00766394437066964,0.0037548698992673026,3.941482282243669e-05,0.005145578179508448,0.007053135894238949,0.009597666095942259,0.0357457771897316
20260825,14,contrast:0.5,contrast,1024,0.38398391008377075,0.37435370683670044,0.9964758157730103,0.12802613029009002,0.12802613073823946,0.006637751305029055,0.18105629042816923,0.004465505649563531,0.12118860210273728,0.004487740585235503,0.00633092064921475,2.7381459542340786e-05,27.276751132720648,19.28757569468461,27.138830764794246,0.9949436658619891,14.910476389761811,1.2935586455037713,1.4142135623730951,2.098093428774591,1.1204634246574834e-07,2.7026912929883906e-09,4.317412690628348,6.776001064282282,2.290304917485575,3.257284168464019,3.6704623065348274,4.28134663395591,128.06474374114876,4.266676693808689,6.808095531932195,2.3780649062810633,3.2440936640430538,3.6569437714069846,4.272232523087885,121.42372059066743,0.5954194392078291,3.242111109353173,0.08961187477029928,0.20463154291199082,0.293001053419896,0.41554740004401414,61.45593511515445,0.1828877962909511,0.0503546441313939,0.09145870563736812,0.1467288411987138,0.17477121653123676,0.21224529400974018,0.5734087010152853,0.6256463249113519,0.13644986120776967,-0.3734126309551298,0.5448139090835145,0.6311663065525661,0.7270687369313609,0.8539910255888714,0.0035241605428701257,0.13046613143462552,-0.36501540379038455,-0.08095539471839842,0.0012912205329534306,0.09314461724418316,0.3822249933483969,0.7615749714888385,0.09989795893992766,0.5202877359823769,0.6865641193268827,0.7756475315134903,0.8385569631087384,0.9999013883205632,0.9913882480535547,0.011500525926178166,0.924069290940792,0.9884417638045114,0.9962121856314218,0.9991617920646865,0.999999996286549,0.0035971154961943422,0.001752224779549423,1.571268871532418e-05,0.002326069137602956,0.0032991908585720863,0.004720889278745781,0.010671291711018313,0.003597115509000659,0.0017522247879017793,1.5712688764324412e-05,0.002326069283299148,0.003299191012047231,0.004720889264717698,0.010671291500329971
20260825,14,gaussian_blur:1.0,gaussian_blur,1024,0.38299381732940674,0.38922131061553955,0.9898695945739746,0.07944230663861296,0.07944230627971362,0.006658049511246399,0.11234838696696829,0.004661475473739337,0.07931589528159486,0.004449599898764142,0.006444244940359983,2.1080470215137045e-05,16.87406901633816,11.931768627662528,17.01519094724944,1.008363242486127,9.388088074133954,1.270947672129475,1.414213562373095,1.6447767841555376,1.0718219845112565e-07,4.68534944175758e-09,4.3188522102977,6.77508271967724,2.3868730433459677,3.2463010894072104,3.6647711404418235,4.312587087807388,118.88456477686077,4.356298759901825,6.751039059035481,2.263640730816415,3.309314248017958,3.7440396833429483,4.31980792177345,114.76968171611423,0.6861601907430684,1.979290300963144,0.13257336701985187,0.3449945242874071,0.46832403772637765,0.6623740082563649,44.71762903942129,0.2889459131862854,0.09184485980433717,0.1289780021876476,0.22604540455170682,0.28004623010931673,0.33645788904402985,0.9193294506193228,0.6107787157024713,0.13532316790087934,-0.3571727131024579,0.5247396334655834,0.6223867677680528,0.7125968729672139,0.8366011824436377,0.0101304143052667,0.13291437811264284,-0.38288262768151987,-0.08175153228453064,0.006385045265977775,0.09392699799489779,0.4426472978375009,0.7743264410314143,0.0953011857575638,0.547812432803334,0.7015737285594594,0.7827098492247686,0.8512627457407038,0.9990162124113031,0.9909977562814034,0.013115258299852639,0.8966958066798121,0.9883056272227528,0.995976246079917,0.9991934786603783,0.9999999969287832,0.0022425501271989513,0.0010654772198746092,2.182256344845093e-05,0.001464645640845706,0.002060740185579206,0.0028152347732778886,0.007304178923855962,0.0022425501175913354,0.00106547720632777,2.1822566850460134e-05,0.0014646456693299115,0.0020607401384040713,0.002815234591253102,0.0073041790165007114
20260825,14,gaussian_blur:2.0,gaussian_blur,1024,0.3841921091079712,0.38437163829803467,0.9905296564102173,0.038117908243447594,0.03811790836615669,0.00670543206028503,0.05390686298071365,0.004510811395974143,0.036471995954961034,0.004515858500377014,0.00638282049296998,2.7297212187114355e-05,8.039282554213548,5.684631209959107,8.085462404283174,1.0057442750342718,4.470348316902256,1.2716304801808074,1.414213562373095,0.9048649792465648,1.0658735223797832e-07,5.833488025963618e-09,4.335941035241543,6.764147015806941,2.218042096356144,3.2754093853863613,3.6791691274947373,4.316360317820951,123.90235830022955,4.229607015628402,6.831209178447644,2.147349601510163,3.306810251756115,3.6778112128459184,4.144447131332396,125.53540630237606,1.4060231085125254,4.829717850342609,0.29681217886466,0.7343001392046989,0.9328679607636496,1.222113354774899,116.01882959642215,0.4676962544153638,0.10964023688813601,0.2993831920777888,0.3832931986370709,0.4478801102906756,0.5286079738990838,1.0627403804987237,0.6156283411858917,0.12531680341260404,-0.32944910548309314,0.5332055800930986,0.6257024666418382,0.7070857570113995,0.8302445902125613,0.009470330862503581,0.1364657572895734,-0.3713882354108093,-0.08893260421846108,0.0030485180311791323,0.09872717895526303,0.4710444822373555,0.7730553618369065,0.08778219175070336,0.5573992468803456,0.7071277894405643,0.780061778154818,0.8459856899966482,0.9999085589519049,0.9905184748077656,0.013376178173012085,0.8821094579210348,0.9874420753969522,0.9955613958885284,0.9989474987606481,0.9999999857979079,0.001096857497526371,0.0004647961178643608,8.413162279358033e-06,0.0007902331188606984,0.0010315734478667305,0.0013182723018812675,0.0032787090767697332,0.001096857501043047,0.00046479612387751053,8.413162504439242e-06,0.0007902330689830706,0.0010315733961760998,0.0013182723487261683,0.003278709016740322
20260825,14,gaussian_noise:0.03,gaussian_noise,1024,0.38252073526382446,0.3991447687149048,1.0093075037002563,0.11325258017035722,0.11325258033263659,0.006754423175805202,0.16016333508016312,0.004739687649823474,0.10028155134307724,0.004416514886046388,0.006478444470438757,4.077566941727713e-05,23.712363130263878,16.767172767367455,21.15783966203177,0.8922703969149413,13.249892087345225,1.2654573046983038,1.4142135623730951,2.0019822552253856,1.0702126505735269e-07,2.3243146296536565e-09,4.307724339545493,6.782171392490857,2.423230089411681,3.2293546032129345,3.6551324981566644,4.265399063818402,124.53816963062759,4.301180449454991,6.7863245288332426,2.396190046703653,3.2546102026528727,3.668839966505804,4.286215224030461,155.1136809845898,0.4646157128765117,1.462522997161014,0.08830176130893343,0.24207719687877471,0.31806659315617575,0.41983305172535024,30.61949827453876,0.49342890378513904,0.22357731825337135,0.20698239012306308,0.3206004911119045,0.4220373813212531,0.5900673094763049,1.2133537335567348,0.6008552137091033,0.13925428275207655,-0.3946113981303645,0.5217802828451914,0.612522223024557,0.6998133792846344,0.842837414611825,-0.009307529365145107,0.12768699329459984,-0.3621524828743553,-0.0999904089034717,-0.018737237390869122,0.07989255360530467,0.4117652268642145,0.7818121199303443,0.09153242652856479,0.5381682752917107,0.7143257167627742,0.7904532539981259,0.8530799058158223,0.999834288602793,0.9917190148439212,0.010901152757296103,0.9112899637028063,0.9887173229654582,0.9956490893964602,0.9990392420593835,0.9999999838708868,0.0032515187788838195,0.001398237810434438,3.1685242141575324e-05,0.0022937047946971515,0.003049598726213434,0.004001737021702889,0.010819547272357571,0.0032515187835642223,0.001398237815559092,3.168524199281819e-05,0.0022937049507163465,0.003049598657526076,0.004001736640930176,0.01081954687833786
20260825,14,gaussian_noise:0.06,gaussian_noise,1024,0.38318872451782227,0.40757691860198975,1.0165672302246094,0.06142411059388337,0.06142411042317215,0.006863245369519603,0.08686681001715264,0.005049684615740221,0.05631244046495266,0.0044521843784388,0.006732106687958677,3.3037192943259496e-05,12.656812534043635,8.949717971029143,11.15167475794881,0.8810808193574501,7.170884880991956,1.2480632666559772,1.4142135623730951,1.401862507982724,1.0433558456065918e-07,4.28568069921198e-09,4.312457706611695,6.779158982707411,2.3688761386014203,3.2436927998616434,3.6670571069334272,4.291337368382985,125.70700191955213,4.211284987239546,6.842523583232669,2.204001651063859,3.2354788869309457,3.6398765383685125,4.26869592873695,179.9436375271854,0.90598684410411,3.2988252906909925,0.17877205414865177,0.4505881986544009,0.5904201016104854,0.7986805660618007,62.223963352751895,0.6362263172704938,0.21418082560513463,0.2940558207180554,0.47486701260631253,0.6012789095220095,0.7293967942165858,1.374425556130182,0.5924231361429408,0.1314279434046578,-0.289580530319809,0.5259782140398424,0.6077744479004488,0.6842350984369849,0.8250771122766747,-0.016567235320849513,0.12876770133221513,-0.36051125497988445,-0.11432962799533707,-0.021305676313515494,0.07414845544973088,0.41857643139190537,0.790378842519327,0.08418193226350353,0.5650201401695194,0.7292614674309622,0.7941091998858781,0.8504980409246783,0.9999868914962871,0.9914867211019085,0.010714116331136427,0.9081815738514063,0.9872872169892963,0.9958020006043408,0.998965909601899,0.9999999771058168,0.0017582575318450533,0.0007704567869821398,1.540246542952811e-05,0.0012095790167127292,0.0016422874584289004,0.0021536155233978726,0.005311497667907485,0.001758257529118623,0.0007704567788640508,1.5402463759528473e-05,0.001209578913403675,0.001642287417780608,0.002153615525458008,0.005311497021466494
20260825,15,brightness:0.8,brightness,1024,0.3447291851043701,0.3435739278793335,0.9963690042495728,0.410634708153655,0.4106347068356075,0.006428873715332385,0.580725171588016,0.004002552463981431,0.3649100185233233,0.004024240705577306,0.005675820599996899,5.728077893502671e-05,90.33077912279248,63.87350646759077,91.16932802433247,1.0092830916514082,47.473853496410996,1.34544600722237,1.414213562373095,3.2076396859581138,1.1525430345134097e-07,2.608517402080679e-09,4.198344443805006,6.85049511758221,2.297790431754812,3.3069191710723973,3.6553644949788024,4.067695348513115,140.84178030261836,4.193690341987799,6.853348194055069,2.3104882084042835,3.2997052410663996,3.6509261907273043,4.069721930448397,141.96187819755227,0.1141966000659592,0.1455821104330779,0.02511872190662137,0.06622260210063341,0.09085435422645884,0.1269579878178549,3.040409685938427,0.06543037082497521,0.015976908480510955,0.03718309326146855,0.055060323402569084,0.06194727272775111,0.07217024339004291,0.23044445898849783,0.6564260700767013,0.11270724454322498,-0.31397288878315754,0.6010022823803642,0.6663693323448877,0.7256139229542572,0.8625173158247785,0.0036310179040077812,0.12807999607384704,-0.433087201986177,-0.08753570402319563,0.0004990470306059473,0.09218922058024459,0.3811982850780333,0.7413842982583352,0.08228141101525646,0.5060275485607668,0.6881020197607783,0.7456218146815066,0.7992473009113001,0.9966396458175354,0.9917011716099238,0.011280993999930745,0.9013520263891264,0.9887305385344243,0.9959394023024786,0.9991511995013515,0.9999999913893148,0.011589527720790353,0.005511926026932819,0.0003207408631757814,0.007644976798067345,0.010638452555932983,0.014656252470479724,0.038775539456532136,0.01158952768173549,0.005511925934072308,0.0003207408881280571,0.007644976838491857,0.01063845306634903,0.014656252227723598,0.03877553716301918
20260825,15,brightness:0.6,brightness,1024,0.34502673149108887,0.34268683195114136,0.9914105534553528,0.3617131340580776,0.3617131345241278,0.006432995458051887,0.5115396205325053,0.003990209845661807,0.3178527903349046,0.004034409152726691,0.005674348581469182,8.635522160621535e-05,79.5181069018531,56.22779261741713,79.65816401372402,1.001761323518979,41.866671354869816,1.3430203712964046,1.4142135623730951,3.091235626930982,1.1432460946970364e-07,1.9466408485158126e-09,4.19946552454029,6.849807050995628,2.3376833177298555,3.29721964929595,3.6558318919323263,4.070531416741277,142.20679239376292,4.195289496861326,6.852368607821017,2.3091616050622226,3.2958904796076722,3.653101518066519,4.074298424924457,140.7707661344084,0.11742757476271079,0.22775589545349487,0.03326724624818837,0.07535293785039714,0.09868638428321092,0.12634305747636987,6.458669561055684,0.11355833642206428,0.030908092174997927,0.061691507466814816,0.09561899542438798,0.10906498034537962,0.12520171930856255,0.5614515945972125,0.657313157721416,0.11160589106612177,-0.3009276584671867,0.6036499280046753,0.6670726406674181,0.7238472437339032,0.865170442265838,0.008589444162049237,0.14276565409160982,-0.3962109573100919,-0.0922303602175066,0.012677509611015015,0.10584075743005181,0.484732085236092,0.7408373204148746,0.08162274506532234,0.5014779215773459,0.6899602541503016,0.7449926702196614,0.7972494989741908,0.9964605309198009,0.9896082116754994,0.015489204813749123,0.8746626810048946,0.9871069496207624,0.9952593909715278,0.9989439176418382,0.999999970090249,0.010556631652088368,0.0040426973598619576,0.00014924497157646255,0.007633815954010238,0.009806266132614856,0.012799911272601074,0.02893901171965827,0.010556631665323835,0.0040426973442283945,0.00014924498100299388,0.0076338155195117,0.009806266520172358,0.012799912132322788,0.028939010575413704
20260825,15,contrast:0.75,contrast,1024,0.34481918811798096,0.3430105447769165,0.9937888979911804,0.21284015430381445,0.21284015381106228,0.006445368849509633,0.3010014321371799,0.004012813597897978,0.1876454567783825,0.0040301750082800064,0.0056872650341653385,5.835088046552477e-05,46.7004199705468,33.02218364543331,46.761568211560174,1.001309372400761,24.56960925247815,1.3440255945176744,1.4142135623730951,2.557958891306771,1.1806383068682229e-07,1.1263820987039708e-09,4.198208469660645,6.850578690432997,2.329156107879473,3.3003481351574284,3.656816711228696,4.075161693272442,142.29494322407714,4.181249955225255,6.860952825210321,2.327992769306197,3.31332155930432,3.6458245298209575,4.061719929548755,113.77111884274152,0.30916581397882303,1.3924771951352963,0.052501805020087375,0.12501770303751075,0.16925673643964642,0.24491572825488672,29.64479459512822,0.09032996906712781,0.033910891808554014,0.038164289116872516,0.06875062317308323,0.08182716554509198,0.10004008681484386,0.2624923111303452,0.6569894779897034,0.11113034902813634,-0.31691985630060476,0.6030849533174767,0.6661266737433872,0.7252836077931143,0.8603852237318365,0.006211094315981278,0.1291432652680117,-0.38562565676482663,-0.07624776022312386,0.00953402874100058,0.09626404625467434,0.4294333618013252,0.7411170367052821,0.08233522908408111,0.5096442551269641,0.6884501654544721,0.7458386234079017,0.7976769141593165,0.9778280388793368,0.9915390256722405,0.012256986481636088,0.9030985482061259,0.9892786183120287,0.9961731819509526,0.9991598764877712,0.999999999995311,0.006001613767059648,0.002868424291424992,3.281564635146158e-05,0.0039790208660372625,0.005713073061751594,0.007751876534635631,0.01829651592349198,0.006001613760734159,0.0028684242782414607,3.281564568169415e-05,0.003979021101258695,0.005713073303923011,0.0077518768375739455,0.018296515569090843
20260825,15,contrast:0.5,contrast,1024,0.34465456008911133,0.3398033380508423,1.0135929584503174,0.13300772360950658,0.13300772318869847,0.006434699727146699,0.1881013260338238,0.004042614001249253,0.11582503026073573,0.004019597657497551,0.005700867766512068,4.9533794295615224e-05,29.232339349148223,20.670385383729055,28.651023873400565,0.9801139597893798,15.373756606543543,1.3445240469943018,1.4142135623730951,2.0900482670013645,1.1506418516512268e-07,3.212627719406669e-09,4.198808561217126,6.850210527775639,2.2989174399404866,3.300961452145326,3.6509306295906363,4.076678169692527,142.13478626517144,4.170091286863842,6.867746851107008,2.307816070538881,3.3110819823886635,3.6516266251629093,4.047295596009584,124.75944820511198,0.5165442447657884,2.5662996313375173,0.07620402702310085,0.20079272873947582,0.2619833334104226,0.38958242787267133,65.67508420504639,0.17801758771282,0.04766629152551063,0.08399941053941223,0.14615271594307078,0.1678770656634268,0.19825815332239605,0.5517537411634696,0.6601966970012426,0.1087039126306639,-0.3153901328870665,0.6085445968841297,0.6688107625618932,0.7251803714352548,0.8555653824609308,-0.013592911435049803,0.13742939901726067,-0.4026455055278821,-0.11009451399331122,-0.011613389506458906,0.07855442128998641,0.375697499853722,0.7388851514155841,0.0799393130863689,0.5176947713995971,0.6885589235451721,0.7434326883093152,0.79351967319199,0.9738478335933572,0.9903428742277647,0.012961201548746507,0.915355994615317,0.9863403591522144,0.995383012492103,0.9991736295172069,0.9999999986684607,0.003752922509468532,0.0017874879901072387,1.4718141197054173e-05,0.0024871478496513817,0.0036852202172979187,0.004815553463125581,0.012691500214494247,0.0037529225015040524,0.0017874879787041903,1.4718140846525785e-05,0.0024871478672139347,0.003685220261104405,0.004815553431399167,0.012691499665379524
20260825,15,gaussian_blur:1.0,gaussian_blur,1024,0.34501534700393677,0.34469497203826904,0.9805954098701477,0.08014525195913788,0.08014525198533574,0.006409023805494702,0.11334250231747103,0.004148810106583402,0.07054841117872596,0.004030503869295952,0.005784253343422832,2.206319423865259e-05,17.684830912985245,12.505063862709347,17.00449270184204,0.9615298435992589,9.348027835316737,1.3377221480393173,1.4142135623730951,1.597623526080075,1.1644394045893436e-07,1.0461271848782872e-09,4.191590667719195,6.854634167599558,2.34158441839923,3.2949534157032847,3.6492464708388384,4.069673329275783,140.4814631582823,4.228368175395462,6.831982117304921,2.2796704860466783,3.3077338014296402,3.6813750456797036,4.100980881865095,109.51433567141112,0.5689206804019665,1.2000378333351647,0.09686697527792884,0.3436284819519593,0.44980709335781077,0.5940369707476536,31.348559049369584,0.31822641371330845,0.11176310332190084,0.14408861419597596,0.22454939822623265,0.3101977636869815,0.3894627404170197,0.8141587410788033,0.6553050159457207,0.11185707962359422,-0.2610526547162591,0.6010579966253646,0.6649877996076473,0.7224934042870392,0.8502680180513966,0.019404562483333908,0.13205582758237655,-0.3493339599274311,-0.06940328106366109,0.017532467655823607,0.1129954069422074,0.40227316990686,0.7425749053323193,0.08163679873312203,0.5263499762315469,0.6913777522575655,0.7468542199474475,0.7992053605636916,0.9981357846022479,0.9909891060998215,0.01193658710101664,0.9155196867206552,0.9878719875836716,0.9958739912394092,0.9991800602704481,0.9999999331201734,0.0022968318675740287,0.0009991268449097749,3.114619815282846e-05,0.0016289751623423411,0.0021385721284250528,0.0028107783144306606,0.009765928803801392,0.0022968318691560796,0.0009991268408785685,3.11461953970138e-05,0.0016289750928990543,0.002138572162948549,0.0028107783873565495,0.009765928611159325
20260825,15,gaussian_blur:2.0,gaussian_blur,1024,0.34513145685195923,0.35398590564727783,0.9704185724258423,0.043929490713329265,0.04392949084472686,0.006506694249369351,0.06212568174075744,0.0042278178986074515,0.03814003017880814,0.004040208950514258,0.00584788274058236,2.4529241274666365e-05,9.54796389069286,6.751430013633212,9.021209307849,0.9448306896764317,5.128213465397266,1.3165267102895597,1.4142135623730951,1.0131867672770734,1.130970226527559e-07,1.5361376615175004e-09,4.2003357680249875,6.849272998104435,2.29020237009236,3.3108875667088653,3.6555399429271995,4.0726431880232985,139.80791490366707,4.208546752861687,6.844221032871134,1.9478373460130247,3.2951605160266326,3.678616586727406,4.103780561692832,126.81132876236234,1.1533091426775894,3.8601551369140132,0.2852325309374827,0.6286701570253156,0.8051596716718371,1.042377389541969,107.31519614035362,0.5155128840582293,0.14914123366408963,0.2782432588541389,0.40191730666759534,0.5054368335122812,0.5944898536756542,1.1899870712153742,0.646014055221406,0.1114087145872694,-0.26830837504454724,0.5918625530229162,0.6534305576312078,0.7171935157251048,0.8416809661670439,0.029581419416333993,0.1400549011114604,-0.41286673105822685,-0.07299323805931279,0.027837867745811873,0.12745944580649354,0.45476405770449846,0.7511445823002034,0.07780609328125733,0.5399751394204285,0.6968740636322279,0.7569864550428886,0.80603890439761,0.9982115727147431,0.9896126702566872,0.013988348550050923,0.8906119535578553,0.9861716299644149,0.9947970076928278,0.998871537637932,0.999999997568068,0.0012678042186501529,0.0005267959150291547,9.00720425843742e-06,0.0009270236078299409,0.0012001017035449411,0.001533532386432177,0.0033996821399988474,0.0012678042228175812,0.0005267959170944098,9.007205335365143e-06,0.0009270236187148839,0.0012001018039882183,0.001533532456960529,0.003399682231247425
20260825,15,gaussian_noise:0.03,gaussian_noise,1024,0.3447309732437134,0.361865758895874,1.0207831859588623,0.10528152673722979,0.1052815268031942,0.006568051399111133,0.14889056307242376,0.004344368174842445,0.09457887133763992,0.004037608640483553,0.00593092053329762,5.7060847365113e-05,22.668909547902352,16.029339663426224,21.77045488117958,0.9603662159035828,12.169115909664436,1.3172148058049447,1.414213562373095,1.8768081572053612,1.111388297712666e-07,8.521700012309452e-10,4.200315106804867,6.849285442441037,2.3456851093968183,3.301629928490626,3.6502727188083055,4.0722553433818325,142.54719651613985,4.16601619175556,6.8702220233936915,2.3119893087501047,3.2883912035375387,3.6247370858298713,4.049053999410175,140.12217128640333,0.4822962326318979,1.5500277459969143,0.09720804295458135,0.26175443510655266,0.343144276353941,0.47149973347440405,34.14313574661818,0.5756738895095241,0.2971023712744901,0.20122334408936057,0.3316539201870281,0.4479286447474346,0.8287589418953532,1.5560183174790962,0.6381342044503093,0.12400552156291518,-0.3627662881229914,0.5790143170826214,0.6611329350159929,0.7144139872883002,0.8682110969871513,-0.020783162353871905,0.1455783146903546,-0.5339369852641972,-0.11965781599852507,-0.02098329334906998,0.07930125837888843,0.44772697952784757,0.7550580465464529,0.08553874225959977,0.49619501314338865,0.6997232698928597,0.7502686911449565,0.8153173608218907,0.9965495522328852,0.9890151308789499,0.015653145337661475,0.8455242727249055,0.9859611518874215,0.9950083183151073,0.9987325522540971,0.9999999981230577,0.0029997120875286743,0.001352008289154378,2.7790163113328982e-05,0.0020403323843200577,0.0028089768329581403,0.0036943914623920474,0.009292427337051164,0.0029997120940556954,0.0013520082898268032,2.7790161766461097e-05,0.002040332416072488,0.0028089768020436168,0.003694391460157931,0.009292426519095898
20260825,15,gaussian_noise:0.06,gaussian_noise,1024,0.3448960781097412,0.36678361892700195,1.0187950134277344,0.054899056597267626,0.054899056549542524,0.006543608977841767,0.07763899033385054,0.0047192904667865045,0.04992690557045856,0.004035556141235714,0.006209461802682038,3.587077982869692e-05,11.864857847825997,8.389721442012188,10.579324566231918,0.8916520283612477,6.431702054872278,1.304432543686992,1.4142135623730951,1.248897504425285,1.1140766230873708e-07,3.535482129279899e-09,4.196687133818033,6.851511589507232,2.359680385897557,3.298490834445212,3.6473777366822864,4.058087384173899,142.8124373264451,4.237495087578461,6.8263156183887075,1.8069170228226112,3.3518873761354158,3.7243622987325793,4.127014610247489,149.93899608606478,0.9217548193711967,3.911789956920856,0.22028210396116987,0.4951564350019406,0.6354162875852576,0.8597700332559626,96.15965959128992,0.7328608411611006,0.2885583506066176,0.2914131706902326,0.49841949910082145,0.6320867256616802,0.9563787341017211,1.6297768452579562,0.6332163708011038,0.124098178658523,-0.38850819165921585,0.5759855178012971,0.6497078381494754,0.707816392535019,0.869574785299011,-0.01879504996029526,0.1344909431963945,-0.4414056825396022,-0.10639049918537852,-0.019426077215784827,0.06856024328138939,0.40509368295508236,0.7595324957723721,0.08227215292270887,0.4938012684999696,0.7063964568249972,0.7601840055178231,0.8174598959700219,0.9945147760116659,0.9906499323077191,0.013765640054823187,0.8973076526040263,0.9881837982579234,0.9961690358542301,0.999075780490252,0.9999999923978179,0.0015871969246044376,0.0006515277781384762,1.0120341843895572e-05,0.0011229668132178442,0.00151841477450325,0.001958671159411906,0.004429372447378718,0.001587196924206502,0.0006515277756492775,1.0120340448338538e-05,0.0011229667288716882,0.0015184147050604224,0.001958671200554818,0.004429372493177652
20260826,0,brightness:0.8,brightness,1024,0.39098185300827026,0.39357537031173706,1.0118324756622314,0.227536376037262,0.22753637511057676,0.005363246623188634,0.3217850276145896,0.006924637351848761,0.36838233924344005,0.006785439031351622,0.0096949876380947,0.0001645894512948575,59.998178383838216,42.42511879405213,53.19879157932916,0.8866734459668093,33.517489552965024,1.2657606371667742,1.4142135623730951,2.929820552847048,1.0805071380958739e-07,3.270222537210543e-09,5.484518054023115,5.876156766950266,2.4865808351822007,4.062625775214547,4.741921397393552,5.504967767954331,100.5630831282418,5.500583820187557,5.86109883085314,2.523816260570698,4.055899083087459,4.788953495397632,5.604357486018288,103.18641459192833,0.39837729910430225,1.6842450023340878,0.05091390332735013,0.11606498497603081,0.15902642703064368,0.21816074644880185,23.325536423206998,0.06203860447881035,0.014779815632533394,0.03619457676462061,0.05287385478947065,0.0595540745349674,0.06788624839396966,0.21002758331024032,0.6064246238089364,0.13101483645649906,-0.20623046595166725,0.5648984326523616,0.6221849449766139,0.679879702307386,0.847914316422138,-0.011832429303571819,0.15740394024325027,-0.529919985943795,-0.10661069864025971,-0.0019027036098283236,0.08594632527344555,0.4922657626241508,0.7803371638633456,0.07861932126420185,0.5301332964513532,0.7333236354039844,0.7828702843300119,0.8251604449439944,0.9999966480911743,0.987276260546834,0.019853433127289665,0.8480476451811703,0.9845535242095429,0.9954749842311023,0.9989432821705648,0.9999999990805307,0.006436289998526572,0.003023652860057978,3.837608751556868e-05,0.0043608671022000445,0.006073015103241012,0.008324769513708965,0.019111451623630264,0.006436289981280652,0.0030236528320868586,3.837608528556302e-05,0.00436086708214134,0.00607301527634263,0.008324768394231796,0.019111450761556625
20260826,0,brightness:0.6,brightness,1024,0.3896055221557617,0.39080262184143066,0.9932485222816467,0.1598477358894635,0.1598477356464204,0.005399157551794378,0.226058835665797,0.006840013474046234,0.25699411847386217,0.006841495403607596,0.009674287761004315,0.00016358382171684094,41.869279326858624,29.606051335415458,37.57216552993665,0.8973683362597208,23.352896899306064,1.267767834285282,1.4142135623730951,2.5668897070883236,1.0869473128670488e-07,6.448184208807106e-09,5.424553216548488,5.931614430156429,2.4883675354552994,4.028641006688246,4.732554419098431,5.480502780002479,93.73384596783713,5.459404234852959,5.89952015190401,2.483892990266039,4.029409679606999,4.730553014711408,5.501532221238028,100.1697113808377,0.39099248524736047,1.1976374099606872,0.07419316995911969,0.16552272751315375,0.21511706115516485,0.30894423619368516,22.733064897864892,0.10771123232535554,0.03027933180693954,0.05562922542203867,0.08641868201794035,0.10384141185769623,0.12067104840113291,0.4011749734209163,0.6091974288568718,0.1288437126731891,-0.21240017259437524,0.566407494699535,0.6246594248852104,0.6826502073478484,0.8467639959688243,0.006751458602591726,0.15978857691209572,-0.5128881466143633,-0.10349697843460748,0.007084493245932202,0.11822768389632261,0.4530289978046304,0.7785467704803058,0.07851718687292257,0.531968735106593,0.7307452967537583,0.7808973049285703,0.8241253241260277,0.999996120110872,0.9869834209971837,0.017634989360155767,0.8584554438423019,0.9826363111148148,0.9935057651239776,0.9984775153324537,0.9999999999362086,0.0045661145460964775,0.0020265855146650753,4.0645961682850305e-05,0.0030921221969001005,0.004474638088045282,0.005856373628967626,0.013155513806760756,0.004566114546584288,0.0020265854963331708,4.064595850650221e-05,0.0030921223224140704,0.004474638495594263,0.005856374162249267,0.013155513443052769
20260826,0,contrast:0.75,contrast,1024,0.389767587184906,0.38795554637908936,0.9827356338500977,0.1443036008413311,0.14430360078256046,0.005289252283922956,0.20407610932596978,0.006878737931467288,0.23093420382719973,0.006775270733613467,0.009655119317935229,0.00015746606581723633,38.58316797371778,27.282419713875463,33.57217648469705,0.8701249339495883,21.367670604807316,1.2768083262921033,1.4142135623730951,2.470942001148259,1.051217888601732e-07,1.0193208499487127e-09,5.436463913714903,5.92068931317688,2.518578014032846,4.018664049787544,4.730540753728556,5.496814691383544,104.07292951288424,5.539625622566321,5.82417540028109,2.4838726999523777,4.085123709467344,4.804299409485599,5.6128525365009745,91.47524658798316,0.4699900733255985,1.4410949375242907,0.07108723477967938,0.18206009581282037,0.24362514941344293,0.37437744478939683,22.47076999817198,0.10551541630991844,0.04655541048576526,0.039653022688686125,0.07430063945477479,0.09309606195064682,0.12009284023422816,0.31998923887671293,0.6120444344297147,0.13259457389120496,-0.20707258710015602,0.569484958590237,0.6273235766974334,0.6844064356727058,0.8491109691520464,0.01726439357303812,0.14712419299499438,-0.44335378012722143,-0.07792716743158953,0.011933808809162194,0.10999775286017154,0.44548052176264125,0.775485232685154,0.08041409873070948,0.5282145038388026,0.7291006355589488,0.7787586882643431,0.8220017511594659,0.9998898951771438,0.9888344985704891,0.01685712611069408,0.8952916311069175,0.9861676636568295,0.9953920050943721,0.9989957587698514,0.9999999999277411,0.00405685775815414,0.00197006931045022,3.984626594158643e-05,0.0025541356204526887,0.003958116140119797,0.005281171392561401,0.012974699450409305,0.004056857747379183,0.001970069315972634,3.984626891906373e-05,0.0025541356881149113,0.003958116518333554,0.005281171179376543,0.012974699959158897
20260826,0,contrast:0.5,contrast,1024,0.38910508155822754,0.38084131479263306,1.0006963014602661,0.09369627257132096,0.09369627248006389,0.005362284761003337,0.13250653928511133,0.006798158307394287,0.14243643172252168,0.006791415150903677,0.009609280728770389,0.0001256008181131516,24.710835994528203,17.473199700519515,20.952208713291515,0.8478955838617126,13.574243604341127,1.28723192661946,1.414213562373095,2.0091064346915903,1.093982407806055e-07,2.672572829709452e-09,5.418012044228329,5.937598248211421,2.4803880258372177,3.9979404806412333,4.7089456138062875,5.466695946746599,99.56915046154779,5.425494921623523,5.930755609126775,2.4729442922041933,4.015699225922538,4.713216108128028,5.453749222366032,92.187287797102,0.7698473907749825,2.4078521613380977,0.11415028092656637,0.28752275472185684,0.4076422182963759,0.5793572100100255,40.40770418399299,0.1900283025781651,0.055393738081610154,0.09067286348348558,0.14986458893295984,0.18373592855374754,0.2157142352597605,0.5828177122646929,0.6191586866273974,0.13295106152923977,-0.1964334500161392,0.577333097008416,0.6323135481700304,0.6894008865539798,0.8612486536231896,-0.0006962432304892091,0.1423840663854745,-0.45495857914492915,-0.0990458988789486,-0.005579382851014749,0.09562251555227207,0.5593222356100598,0.7697439248025972,0.08052589886012787,0.5081837823388731,0.724380016163948,0.7747125754882332,0.8165087231949182,0.9999984666363295,0.9897060780696741,0.015106052764269936,0.8289503222462519,0.9871099618075814,0.9950939121018973,0.9986942233954994,0.9999999921375147,0.0025846588983622107,0.0013764528604365762,2.3579664445486247e-05,0.0016549697562791657,0.002349874593859779,0.0033633424073175326,0.008455464443459454,0.002584658898982184,0.0013764528672929046,2.357966877752915e-05,0.0016549699066672474,0.002349874237552285,0.003363342199008912,0.00845546554774046
20260826,0,gaussian_blur:1.0,gaussian_blur,1024,0.3896740674972534,0.3687030076980591,0.9783490896224976,0.032360312392957974,0.0323603122807478,0.005895566586525263,0.04576439251006217,0.005861505299878671,0.044768633249520864,0.006787536972505778,0.008968160487727606,1.74355964244422e-05,7.7625096482940155,5.4889232113347,7.637736547034692,0.9839261905089232,4.2269985685649125,1.2985391783776723,1.4142135623730951,0.8336786689707507,1.1456103878242545e-07,6.72138722457305e-09,5.4162751525181125,5.939183771423322,2.49525097442165,4.001842922911555,4.725846528439078,5.447120465430616,98.72974835773782,4.840273002386292,6.417813940644176,2.5627957308351257,3.644325580875945,4.168813799659266,4.725579553874972,92.15440642922326,1.9328822683821407,5.836535081522132,0.4033101563365144,0.8189695463474445,1.042861879680587,1.412381768568722,80.93750607916425,0.2826244205182364,0.08594478945909406,0.14135763673688673,0.22758183012483507,0.2699616997762042,0.31603173122859735,0.73193211091717,0.6312969595821027,0.1189800720096564,-0.1493562430195267,0.5782171430722827,0.6384161601960737,0.6982297254815584,0.8821908499777489,0.02165090537670612,0.1503603192311177,-0.3939841535184926,-0.08146629747075546,0.017615343837137552,0.11953071740629138,0.45036661444200327,0.7620965144895014,0.0808517294269933,0.47089203031643806,0.715873762890701,0.7696913633776336,0.8158828995831259,0.9995430033522612,0.9882582658380956,0.017057995208887244,0.8928437223814972,0.9850471702884593,0.9946350409397926,0.9989928977096663,0.9999999616081072,0.0009385412712364597,0.0003767295950792077,1.2019541941653136e-05,0.0006845274767858123,0.0009221661723961686,0.001180323101437578,0.002401934669567274,0.0009385412700666507,0.0003767295918400203,1.2019541827612557e-05,0.0006845275056548417,0.0009221661894116551,0.0011803230154328048,0.002401934703812003
20260826,0,gaussian_blur:2.0,gaussian_blur,1024,0.38592052459716797,0.3573110103607178,0.9545341730117798,0.018595068512370846,0.018595068542292526,0.006364271232972451,0.02629739812576739,0.005319736279733153,0.024172547521178565,0.006657898317892357,0.00852215959116602,3.650629994198606e-05,4.132036043580927,2.9217907065233057,4.543937189756915,1.0996847902176148,2.245459372191316,1.3011995440982032,1.4142135623730951,0.10402638047327693,1.1527820297776728e-07,1.6644148281841353e-09,5.3512567452749185,5.997897975135017,2.537170885742549,3.957409353148436,4.644666212780683,5.397055642206059,96.8192224245725,4.37926840403902,6.741160020802828,2.431448815633838,3.3917424885625165,3.7791450924768104,4.253761267432485,112.58889746230915,3.227680336017575,9.32740792875216,0.7999624370644863,1.431724913648864,1.797967913056604,2.3859097711834516,112.5316605139599,0.4644281898177043,0.10615065156726387,0.24146656821745344,0.39482487709417113,0.45822713689842276,0.5327571006385161,0.9740132196225627,0.6426889802284508,0.10987375115919384,-0.2210424447390268,0.5910620067214526,0.6495149080281708,0.7061141465333575,0.8981911446448028,0.045465795212821104,0.1714509573487906,-0.4501402764071195,-0.07609426509776537,0.029104247673303125,0.1611969975716682,0.5586076488045174,0.7541776575838458,0.07818217693748421,0.43960512699655685,0.7080980046889955,0.7603488564077285,0.8066261240248083,0.9969930432429633,0.9838935015193058,0.022808394582605737,0.829432031390812,0.9791754485582979,0.9933798103982183,0.9985369283873359,0.9999999979174934,0.0005418319067836455,0.00021008026722278396,8.603698799986049e-06,0.00040108597036709183,0.0005343635800697756,0.0006738586593041989,0.0012026284547275409,0.0005418319065499944,0.00021008026796940545,8.603699825471267e-06,0.00040108598477672786,0.0005343635566532612,0.0006738586671417579,0.0012026283657178283
20260826,0,gaussian_noise:0.03,gaussian_noise,1024,0.3899221420288086,0.36187297105789185,0.9858659505844116,0.037119022663056396,0.037119022860217635,0.00581183883546575,0.05249422555095673,0.006072038625003709,0.05158716647743832,0.006769975776944485,0.00909407637332962,5.666957015771905e-05,9.032292022727766,6.386794938927961,8.495856114124573,0.9406091048370258,4.86188636469506,1.3136454509784847,1.414213562373095,0.962046853772972,1.1364563377481127e-07,5.131208014041988e-09,5.434464100879257,5.922527380833378,2.5024315800667214,4.017040609010781,4.72308848095281,5.4789995453933,101.45884930039766,4.890206072059582,6.379803960116773,2.4771920849540408,3.6590152517351484,4.1784252024,4.890346037012014,105.65773114586094,1.7468547410063344,5.703885255093794,0.3584303127367334,0.7212253666086441,0.9109323193774876,1.2528467539585753,92.0819113959797,0.5230020290492492,0.26545275213044806,0.17787896703931513,0.30485829304105705,0.4215363515038876,0.7683582248545432,1.2517258050904356,0.6381270127856493,0.12139488404114765,-0.11574083310720076,0.5843575706194554,0.6463028349500184,0.7064672925582373,0.875462461160894,0.01413405218602325,0.15568583475651127,-0.43632463680835226,-0.0910834395768374,0.014876926707565524,0.11776956156022692,0.4162212204716385,0.7552694131208583,0.0874481020492318,0.48328612549721506,0.7077456919960319,0.7630810206652037,0.8114962351337665,0.9999037514077617,0.9875689285138753,0.017138193947278148,0.8997893149588184,0.9831838494848507,0.99444832951001,0.9986495322956296,0.9999999054386175,0.0010705543537145815,0.000446808099995926,1.0525670276950573e-05,0.0007722700295139757,0.0010641122110686034,0.0013341620908022503,0.0027234479790127575,0.0010705543591562616,0.00044680810507737923,1.0525671314098872e-05,0.0007722699956502765,0.00106411223532632,0.0013341620797291398,0.002723447745665908
20260826,0,gaussian_noise:0.06,gaussian_noise,1024,0.3902391195297241,0.3670580983161926,0.9929375052452087,0.023186395025008577,0.023186394964122812,0.006129989985498234,0.03279051422080171,0.0063025668781793295,0.03134610070494907,0.006775734758331417,0.009253806285479702,4.386464520512544e-05,5.349195398095999,3.782452339885554,4.973545114368427,0.9297744322704531,2.90919672536143,1.300170701991459,1.414213562373095,0.45880784833145594,1.1415567168782943e-07,2.3156594419759813e-09,5.489451373326132,5.871543693838985,2.4942837597277703,4.04250110275933,4.751156330407415,5.507100813631298,97.24685237625145,4.586215095265327,6.601946152821893,2.3417318459130407,3.502632317042841,3.974921023691045,4.640495242093527,145.49126082392297,2.457734100159387,6.197812123660379,0.6104391032809341,1.1440564763484113,1.473789877860603,1.9726012810371636,102.10477375485046,0.687193531435347,0.2637116512650367,0.2571631754386885,0.4906757108925871,0.601386145228773,0.8474294845820793,1.5839126725415624,0.6329419243257097,0.11450112336501281,-0.14012076215556588,0.5856962207183903,0.6437275918795093,0.6952214405859305,0.8689310881600636,0.007062476782097254,0.15783221930994162,-0.5412651367320377,-0.09781177213485963,0.00641437289023996,0.112090220801887,0.4825981195281308,0.7615201971294726,0.07987512927577439,0.49493309045664774,0.7187955042967379,0.7652546961401937,0.8105306116977598,0.9998303926893239,0.9872960503017154,0.01761394803430972,0.8408519796958609,0.9833145397632321,0.9945066756059506,0.9986255214777551,0.9999999996982332,0.0006698509234827156,0.00027637481514821707,9.538329946120663e-06,0.0004860151904020301,0.0006519917943676127,0.0008421163805684868,0.001598128144557326,0.0006698509206053416,0.00027637481229665677,9.538330232317094e-06,0.0004860151675529778,0.0006519917806144804,0.000842116482090205,0.001598128117620945
20260826,1,brightness:0.8,brightness,1024,0.38041651248931885,0.3790973424911499,0.9903443455696106,0.38427328868977784,0.38427328793992804,0.006621587167956572,0.5434444954623477,0.005205478308491116,0.3972910511588183,0.005237406773574387,0.007384269370225764,9.790125715356707e-05,82.07163655448112,58.03341075075133,76.32171869984776,0.9299402559029462,45.948751552288776,1.2630029938794751,1.4142135623730951,3.247460874636267,1.0392600753766259e-07,4.2757397622494864e-10,4.394480610974579,6.731241188488434,2.39138087707981,3.357992392932123,3.773892781611274,4.31085127345572,118.36253770284857,4.3719176861171105,6.745933314734446,2.3916730349018454,3.3457764364896407,3.761404177079086,4.292059406159626,117.73719936152202,0.14241229872634495,0.33399387719671464,0.02779073190777486,0.0721979435264902,0.09798947447757847,0.1392128280309941,7.640804712911722,0.06862964597455429,0.021483852902679568,0.03463031440938454,0.0561723730309564,0.06458115463537349,0.07451316416352673,0.2803184751491918,0.6209026574939468,0.11791576781062038,-0.09824292392151707,0.542308792949463,0.6203030222132037,0.7074871288606664,0.8674526197780719,0.00965567159939205,0.15286291793178558,-0.4650311098173874,-0.09697169849581189,0.009860152582111942,0.11471992501228995,0.4655659797698217,0.7697141070708537,0.09020798192405992,0.497519801053345,0.7067262225040544,0.7843622549506251,0.8401792242419579,0.9999999940976809,0.9880743108781,0.016490526977452402,0.8850131741849755,0.9852085668732129,0.9943365153502808,0.998752579700699,0.9999999996825629,0.01069758366162342,0.005458556655094679,0.00012771733855355868,0.0068587050526488814,0.00978842513106645,0.013459683364563914,0.03495681447540947,0.010697583649189824,0.005458556647991156,0.00012771734327543527,0.006858704844489694,0.009788425639271736,0.013459682930260897,0.03495681285858154
20260826,1,brightness:0.6,brightness,1024,0.379341721534729,0.3773428201675415,1.0148069858551025,0.3884322109554806,0.38843221047225523,0.00663685691363562,0.5493261001124239,0.005155384379464782,0.3936296577744515,0.005201644559640179,0.007323598447816739,8.64009634338933e-05,82.76901359494688,58.52653078510848,76.35311526767613,0.9224842963736558,46.195546633364614,1.2669301487919729,1.414213562373095,3.2497130413074986,1.0608940173956682e-07,2.626728834442815e-10,4.363555937602865,6.751351657738314,2.38707315827694,3.3353471096937746,3.738209412946005,4.279108017710557,114.23365121465443,4.356373943315888,6.755993407534123,2.4081244999052758,3.3278848754028827,3.7414500682442995,4.289027487506012,114.29645334532971,0.11258451007774306,0.10566080081143556,0.022253044767324263,0.07012333778846189,0.09425657598536999,0.13041489145521573,2.5895390880717457,0.11895764851879176,0.033386077658828346,0.061594693153480914,0.09909358635530019,0.11375475226183138,0.1301672339234472,0.3516281700528575,0.6226572249792469,0.1164278317250647,-0.10377495633560829,0.5440510835333852,0.621957647288941,0.7084330312479341,0.8615430639120671,-0.014807028680991489,0.1428159551196383,-0.41184490556010483,-0.11575671219248451,-0.014034836977783134,0.08772822047137122,0.4593918270994264,0.7685125863780145,0.0902892217908656,0.5076844975228296,0.7057779732002435,0.7830508827104784,0.8390520823380769,0.9998606497369019,0.989550461781947,0.013940824944162872,0.8882337244184385,0.9858987043111347,0.9949448096011684,0.9988967011689336,0.9999997137983501,0.011050330326962182,0.0050257544883012,0.0003729903896077812,0.007420168832284596,0.010260286301585816,0.013837267618156967,0.04324587896013572,0.011050330316663803,0.005025754522133887,0.00037299038376659155,0.007420168956741691,0.010260285809636116,0.013837267644703388,0.04324588179588318
20260826,1,contrast:0.75,contrast,1024,0.38052797317504883,0.3760930299758911,1.0051794052124023,0.2017023428793168,0.20170234267742668,0.006535653016149943,0.28525018857684237,0.005272483175552948,0.21022696321381187,0.005328484142949152,0.0074961204698263395,7.422528459122887e-05,43.64524675223335,30.86184994506434,39.87247682241574,0.9135582861695116,24.26790490274045,1.27171464428722,1.4142135623730951,2.602214997665993,1.0442381515391462e-07,3.4320795094799905e-09,4.413352183257871,6.718867569193073,2.382201925306418,3.3613733475685774,3.805768974672469,4.339800542123825,121.36350849933454,4.427495459830443,6.709547075228107,2.3893807684714763,3.371135790668995,3.8141962558245357,4.333946247677156,121.90169093795934,0.29342613730972666,0.8262199464629331,0.0579486173206311,0.13277748191969807,0.17465655577795886,0.25934196780515495,12.890256938127186,0.104703240355207,0.035144769313149284,0.052736738246449553,0.08350011697547771,0.09501650025144916,0.11654272119817438,0.35142690974998436,0.6239070092750518,0.12355840783230959,-0.130142007669374,0.5453344623385561,0.6220928231704037,0.71298712077561,0.881897607400247,-0.005179432544405787,0.13884252852381077,-0.4064660284589778,-0.10194367251909371,-0.008233138492401093,0.09198336324820931,0.4302021677058273,0.7658185251343224,0.09496876719317746,0.4714409931918519,0.701177002817663,0.7829434969045681,0.8382185413101555,0.9995228953308416,0.9902184917853987,0.013500655944356014,0.9027325710869234,0.9867513054321769,0.9952422072031866,0.9988835019339916,0.9999999997465193,0.00570950777725134,0.0026718533199543404,7.573336533656352e-05,0.003734432235597019,0.0055357787994119315,0.007242579017094247,0.016724826760118053,0.005709507786662016,0.0026718533092521778,7.573336915811524e-05,0.0037344322190620005,0.005535779055207968,0.007242579362355173,0.016724826768040657
20260826,1,contrast:0.5,contrast,1024,0.3796333074569702,0.3705482482910156,0.9978150725364685,0.12337344617456485,0.12337344661553248,0.006537712364780574,0.17447640144039905,0.005198340145278565,0.12600475531952862,0.005244558915718506,0.007384317062969144,5.711681148645822e-05,26.687683964244737,18.871042305280934,24.239421007102326,0.9082624419405404,14.757099897930283,1.2787771555074574,1.414213562373095,2.099246451670125,1.0888534718411229e-07,3.935461290183184e-09,4.366381893043865,6.749521022050418,2.3831152293744786,3.339731582601287,3.7478175826886746,4.298341991974699,115.9693865733671,4.37766844978762,6.7421975741096976,2.4240620157962893,3.3555415005924574,3.7940410768856365,4.273963625807095,125.57835636955289,0.5717645028622499,2.324732150239717,0.08182680207173301,0.2185711124102551,0.30363554107093005,0.43660695686392614,39.95473104495354,0.19684537584603629,0.0485276007612632,0.10753871641441672,0.162906391288856,0.1903584794717742,0.22013270477724334,0.525448590225656,0.6294517631481257,0.1259025034525853,-0.07386077117823187,0.5468084394176544,0.6267618497472824,0.7220212875387754,0.883695921601851,0.0021849180310844767,0.14105050612981004,-0.40976184545861766,-0.09093281892641683,0.006803122705868818,0.09571593209786128,0.5035518129034221,0.7602870096109855,0.09963872552453716,0.46806144697491925,0.6918707872101683,0.7792108678802787,0.8372577326620126,0.9999996566499627,0.9899015042043067,0.014650303041151284,0.8639650292237973,0.9867985280177946,0.9955370041382364,0.9988501172114101,0.9999999787219209,0.0034531357126152276,0.0017155152668363596,2.44005141895717e-05,0.0022261610740737796,0.003179073663763664,0.0044294472118424875,0.011663981968931904,0.003453135719867717,0.0017155152748106128,2.4400513211730868e-05,0.0022261610138230026,0.0031790736829862,0.004429447115398943,0.011663981713354588
20260826,1,gaussian_blur:1.0,gaussian_blur,1024,0.3800240755081177,0.40240609645843506,0.9851246476173401,0.03077150835172568,0.030771508317578463,0.006033893828952246,0.043517484397395965,0.006937356420779299,0.036188309208233384,0.0053093264941393385,0.00873589502743123,5.883426074252695e-06,7.212172708208317,5.099776229062647,5.216440818845547,0.7232828483029272,4.11973647638202,1.2378889450896533,1.4142135623730951,0.8558081438511538,1.0500396889634954e-07,2.3007393767926487e-09,4.3908649465141325,6.733600661225649,2.362304621240468,3.3538408238183335,3.782355727141665,4.3295647881128545,120.81429471172241,5.080122687369038,6.229450801736947,2.1794271920069432,3.7258115584636426,4.376428890443897,5.081592206948187,100.59218312863128,1.6544472670575106,3.8716902753914844,0.5168410715068174,0.8817778876187079,1.0922178062588368,1.3734425397693855,54.9339963819051,0.354964747901599,0.09034387333342819,0.17332698313422412,0.28291217120303763,0.3498181288065867,0.40822645140992686,0.8469223776768658,0.5975939270205937,0.1380054331614788,-0.20185588287920758,0.5267457033042274,0.6072557898591345,0.690125482750724,0.8733715065865628,0.01487537701457007,0.13214306720564484,-0.3554989630056358,-0.0727534895061819,0.010572449091085748,0.10652303102411464,0.48165365369764573,0.784295925729775,0.09350420809986655,0.48705462884846634,0.7236897151632793,0.794506339259079,0.8500228786444868,0.9995488037452631,0.9910484003517159,0.012538227968261264,0.8763616592935295,0.987444761099967,0.9961335174260855,0.9991150523401826,0.9999999972089202,0.0009063468476684,0.00032144889385697303,1.7525604399243967e-05,0.0007040390253389869,0.0008853443470950102,0.0010978754142815536,0.0018847859539774124,0.0009063468468095692,0.00032144889368797475,1.7525602743262425e-05,0.0007040390191832557,0.0008853441977407783,0.001097875414416194,0.0018847860628739
20260826,1,gaussian_blur:2.0,gaussian_blur,1024,0.3809483051300049,0.3635220527648926,0.9983439445495605,0.0353076839531897,0.035307684104750145,0.006561678388821168,0.0499326057169226,0.005556205217653601,0.03468013743617473,0.005340356041264522,0.007706543912036807,2.211013605770659e-05,7.6097307362687125,5.380892206619305,6.241694839849749,0.8202254529324182,4.189278341835889,1.284443701124333,1.414213562373095,0.8356291881697191,1.0843552737403375e-07,5.2392067351192395e-09,4.4267313085490185,6.710050991925518,2.368827135064649,3.3640655564655852,3.793085939811249,4.355547848181801,120.32461909556721,4.343202469081778,6.7644720008968475,2.4533127019512846,3.3258072828728764,3.775309848308628,4.229838083134359,116.47297659987049,1.357376080943091,2.6192286871495485,0.31390851618440563,0.7646758282829907,0.992354137681169,1.3572231427409451,40.779245333539336,0.5573924682416481,0.1201101691910892,0.31892801861649805,0.47330874609423634,0.5416761754090191,0.623659318672908,1.06780498296318,0.6364779276266117,0.11735761275403463,-0.1271141878022831,0.560618571079119,0.6330994838153827,0.7264688538802251,0.8648878795179138,0.0016560376699264671,0.13600875676618931,-0.46328641004026094,-0.09260762334311338,0.004788203183194291,0.10001469694940802,0.3687567159736902,0.7568337787636836,0.09136340260908403,0.5019650942675263,0.6871993787780744,0.7740704200965054,0.8280741466251955,0.9997956111846134,0.9906366156132225,0.012497551069344758,0.8862086110346745,0.9867522471599942,0.9953558266346506,0.9991211793422582,0.999999999527212,0.00101820073288452,0.0004252745971768681,2.391875719791957e-05,0.0007129477529380566,0.0009753238062847886,0.001263601299277147,0.0029511580214255867,0.0010182007369454737,0.0004252746029075331,2.3918757506180555e-05,0.0007129477453418076,0.000975323811871931,0.0012636013561859727,0.0029511579778045416
20260826,1,gaussian_noise:0.03,gaussian_noise,1024,0.3792455196380615,0.3655126094818115,1.0165342092514038,0.06423770270732491,0.0642377028105632,0.0066339014035956025,0.09084583053039075,0.005222435381498967,0.06267150911269431,0.005168449420297756,0.007347564271519404,3.633992125944307e-05,13.694178584136315,9.683246539622383,12.00043744623721,0.8763167043942908,7.543473144747414,1.2836589126872193,1.414213562373095,1.4243945893061687,1.0920519927663385e-07,4.906078876487641e-10,4.364063490524989,6.751023708943084,2.411580303975016,3.3427828641811823,3.7363378132593796,4.259920022964058,114.69346235293725,4.333925258084836,6.770434706945697,2.4117206204313058,3.2730667411787002,3.7232245428946227,4.190874132245223,107.74937538181253,0.7987288270455759,1.9722288723043586,0.16841392021578558,0.4182723215524317,0.5755903555542838,0.7924158998096155,41.38047096150625,0.5704138265152112,0.26646365300714764,0.2125123039313568,0.36367827562385835,0.4702475872177635,0.7382040969315481,1.42607819255672,0.6344873828952372,0.11748394697399939,0.02604014362476119,0.5521738199906613,0.634110755446489,0.7258635297021329,0.8652249067875307,-0.016534236414402985,0.14763548224968917,-0.47864174567961226,-0.12232343438691494,-0.014722737683416769,0.08301270481892474,0.38696097147451675,0.758051437334557,0.09488715950640844,0.5013839453697224,0.6878387319387338,0.7732422239193999,0.8337289228212271,0.9996608979649059,0.9887965729083882,0.015271999397989774,0.8780102956644492,0.9853681434516931,0.9948001990365942,0.9988445368578297,0.9999999987766328,0.0018216412692878214,0.0008438521788283567,2.3590002901211392e-05,0.0012176455401873123,0.0016823477388536086,0.00230801681131518,0.0057588979734570995,0.0018216412739722188,0.000843852180152562,2.3590002456330694e-05,0.001217645505676046,0.0016823477926664054,0.0023080167011357844,0.005758897867053747
20260826,1,gaussian_noise:0.06,gaussian_noise,1024,0.37992751598358154,0.3785673975944519,1.0098769664764404,0.04188853049289111,0.041888530449225705,0.006790993150842925,0.059239327869173346,0.005325716100423855,0.03931809415194517,0.005265311050970607,0.007489108922013825,2.927920255259294e-05,8.72322008774524,6.168248077827369,7.382686836952495,0.8463258708013129,4.880800543408829,1.263777943570422,1.414213562373095,1.0046300591750326,1.0478056746736314e-07,6.648177564017033e-10,4.380132694929371,6.740595039729903,2.373256536285056,3.3518835347577562,3.7713966418319242,4.306619582193056,122.14647159896214,4.278054320807926,6.805912708961756,2.4078793180111906,3.2812080082749038,3.708146484867646,4.17081362990627,118.19174142319474,1.1896103107473093,2.498890435145647,0.27982807996626474,0.6384648906740176,0.844641687650354,1.1905353158313463,39.97503699782441,0.7361868187761125,0.2391371735515057,0.3495720298658307,0.5454144994878121,0.6656285958184585,0.9078337837175134,1.5187367270662135,0.621432611690792,0.10886185820241137,0.053369964908070444,0.5522199868823422,0.6241431134362632,0.6991219836744282,0.8444313335510312,-0.009876960594095305,0.14656496726926801,-0.4251061970965151,-0.11276145579111539,-0.01746355802466098,0.09072505460931386,0.48940615186012154,0.7713223862207474,0.08396928131974389,0.5356638152024339,0.7150023974240916,0.7813093232799332,0.833698436285472,0.9985748078365041,0.9890526948052052,0.014734746805788079,0.8720559721264844,0.9851688700951793,0.9949368728724672,0.9987146349541197,0.9999999304635449,0.001195754093680576,0.0005328919842707522,2.388473232678785e-05,0.0008033973084574581,0.0011454747453892434,0.0015164904060813885,0.0034634682311223417,0.0011957540919489418,0.0005328919826997979,2.3884731490397826e-05,0.0008033972844714299,0.001145474729128182,0.0015164903015829623,0.003463468514382839
20260826,2,brightness:0.8,brightness,1024,0.33967357873916626,0.34029364585876465,1.0053683519363403,0.38455963789055725,0.3845596374994786,0.005954962210598374,0.5438494548930437,0.00477629539516363,0.3940696064080632,0.004792091149735855,0.0067658802301872,0.00012491353330921522,91.32710429717335,64.57801475466235,82.50528365709737,0.9034041349721298,48.17452000081358,1.3405014667577615,1.4142135623730951,3.235212887433259,1.1408817895580592e-07,5.144263903744672e-10,4.691471509508694,6.527522924837848,2.533126251766115,3.5388222472992275,3.914832917979969,4.40391180435485,96.7557291476025,4.701869210265047,6.52002983512304,2.5067922913836767,3.546047512859081,3.924327253921506,4.414463258694796,95.8009693246251,0.12002816809841424,0.23153196466165332,0.033209422123258274,0.07072367942313239,0.08896139978749357,0.1172879647993586,4.221069217190736,0.06319288086981575,0.017171082824901058,0.03458205372316419,0.052815344840259126,0.05993391060243197,0.06933538822343699,0.22283451057448808,0.6597063585887256,0.11131631173732738,0.0473627156256303,0.5998454415183656,0.6707453838418002,0.7313572621430154,0.8757672274042602,-0.005368395651013477,0.13750474244076244,-0.3895567129820142,-0.10115338432048017,-0.004972838329227051,0.09001299390802779,0.3614260830599386,0.7376800651327651,0.09079907944017597,0.4827336360816955,0.6819943650800492,0.7416876903721354,0.800115877681086,0.9988777568694607,0.9904171891585996,0.012491370592907124,0.9210024795681326,0.9863346003105038,0.9955412015474874,0.9990206580480256,0.9999999972619934,0.011234836786739439,0.004268051776812335,0.00021950509040397868,0.008252097786846642,0.010818011208601819,0.013667113349659678,0.028503592407405087,0.011234836768124978,0.004268051763886211,0.0002195050910813734,0.008252097992226481,0.010818012058734894,0.013667114544659853,0.028503593057394028
20260826,2,brightness:0.6,brightness,1024,0.33978700637817383,0.33868056535720825,0.9787207841873169,0.40950906253124103,0.40950906182027846,0.005945129597009655,0.57913326914092,0.004752111277955059,0.417968276157013,0.00477722868691339,0.006738284316139821,0.0001084298555682227,97.41306050455464,68.88143565890603,87.95422743906666,0.902899744485025,51.28009674515398,1.3432391958672747,1.414213562373095,3.295645101619849,1.1464155232646904e-07,3.7317842149775515e-09,4.695481572234359,6.524636096095625,2.5008137634911503,3.548221764347829,3.923973221263916,4.406914403963164,96.43430684631477,4.694288598345006,6.525495409550823,2.4939116411661155,3.5450019321895487,3.9212920552275854,4.4116469200527835,97.56543065884075,0.112417277064733,0.1518913146250546,0.024234890971780828,0.06603820516932879,0.0878752403678926,0.11898878400280752,2.2553153110074136,0.11667352298235509,0.030604780347162852,0.06131592729295956,0.09688037402024563,0.11159721693554173,0.13004582085961194,0.2846533136712475,0.661319437128481,0.11036986052177368,0.04306920940422389,0.6006664911222462,0.6723530332795911,0.7319615900375508,0.8744362591041749,0.021279233079267344,0.13679615658949368,-0.36296594577433233,-0.06478946722056392,0.022601341041965563,0.10596641166669835,0.4690254603145064,0.7364278077557289,0.09038281651927314,0.4851404216965399,0.6813458858556884,0.7402306341038071,0.7994996955111098,0.999072091093178,0.9902725247198396,0.01458817987754362,0.8831846452338069,0.9873028628326487,0.9963018233125888,0.9992191883208369,0.9999999953159878,0.011690018826663897,0.005209339605323383,0.0004315575775447266,0.008070395947894129,0.011013955664825463,0.014665545847543588,0.04015100268875754,0.01169001881774534,0.005209339540010023,0.000431557564297691,0.008070396492257714,0.01101395534351468,0.014665544731542468,0.04015100747346878
20260826,2,contrast:0.75,contrast,1024,0.34083467721939087,0.3331381678581238,0.994386613368988,0.23903901863729848,0.23903901811083816,0.0058938938635018975,0.3380522213486952,0.004763080093497309,0.25110986650348793,0.004769940849120747,0.006740865499413343,9.507013253243768e-05,57.3563469546157,40.557061875697144,52.720059619889696,0.9191669696399153,30.005151838967162,1.3516699473209564,1.4142135623730951,2.753454678590028,1.1878596880859469e-07,3.2013389716922802e-09,4.730306897994637,6.499407387812097,2.531586097258311,3.5600339912004837,3.9287691821762465,4.434229930205635,95.23394417478622,4.695144554564902,6.524878187376694,2.523986693465584,3.555864385270429,3.9255001841658053,4.406333588372606,94.12095945991597,0.25207193378852544,0.6335523001377499,0.04532591210007979,0.1161301653184039,0.15390336234920998,0.21054280058485517,7.472931948976048,0.09875884645678573,0.034244937613134054,0.0473245541800649,0.07439055136598688,0.0891214253537245,0.1127147721368333,0.26896779891542916,0.666861816735631,0.11278992829742963,0.052014423045425015,0.6038159824851241,0.6750262923432399,0.7394431062365866,0.8832900879634458,0.005613378297814125,0.14384766709702426,-0.47455808942854705,-0.086663080321728,0.0007922052838486085,0.10004350769078774,0.45339733131441806,0.7304230714101578,0.09527420448587721,0.4688268555719994,0.6732190490394047,0.7377936734597436,0.7971237222413415,0.9986463336913881,0.9894812529943549,0.014953734644087582,0.880224187214784,0.9860846870297209,0.9956046136419678,0.9990935198538733,0.9999998138151592,0.006737860667465902,0.0032267387977239982,0.0001296195251131724,0.004578182363263279,0.006265007882223308,0.008362641717226527,0.021210650641600333,0.006737860641990778,0.003226738771318031,0.0001296195259783417,0.004578182357363403,0.006265008356422186,0.008362642023712397,0.021210649982094765
20260826,2,contrast:0.5,contrast,1024,0.3397788405418396,0.3300902843475342,0.9753567576408386,0.13869648476648144,0.13869648510161214,0.005829388360726901,0.19614645028417782,0.004802772681563422,0.1402927515143186,0.0047855546770873125,0.006779982226979961,6.463783290655419e-05,33.64786117281765,23.792630807722897,29.210783190481923,0.8681319457558804,17.473301922949872,1.361656253113929,1.4142135623730951,2.205398729364616,1.1673037813409767e-07,7.653393474527093e-10,4.712482021373374,6.51235502347195,2.503105562495488,3.550450217667068,3.937658451380786,4.438813500340241,95.87116392744552,4.74714684439913,6.487104178072614,2.565413930891691,3.565271314501521,3.9342467768031266,4.423912141551724,84.24260505748381,0.41862137419446654,1.100266783761017,0.07854539863525858,0.19255410202762924,0.2636990721521649,0.3734644218643036,17.953959260774692,0.18238424125857772,0.04991377271520435,0.09791841191199158,0.148705968968728,0.16943500467319658,0.20322535038627718,0.43829912804636795,0.6699096950127736,0.11585308308591521,0.034570507488375535,0.609372700160476,0.6768855344176197,0.7441418126718088,0.9007313642349349,0.024643247724601462,0.13612951072344412,-0.5018122596991401,-0.07162997406221462,0.02165005835574451,0.12603064528278599,0.4033930680878111,0.726722973975785,0.09846501026595365,0.4343765756615716,0.6680216014201648,0.736088290509294,0.7928839193417163,0.9994022613602573,0.9903045347842809,0.013291519064413188,0.8649765638534045,0.9865657858363901,0.9953456092110445,0.9990468210463035,0.9999999998380181,0.003915799442560926,0.0018589631133845695,5.37980081825294e-05,0.002592325278455336,0.003674098428997587,0.005034198679241828,0.012411555792197236,0.003915799444001777,0.0018589631147534092,5.379800859373063e-05,0.0025923254434019327,0.0036740985233336687,0.0050341986352577806,0.012411556206643581
20260826,2,gaussian_blur:1.0,gaussian_blur,1024,0.3403242230415344,0.34147655963897705,0.9769773483276367,0.08244414511042335,0.08244414508949524,0.006089048817510216,0.11659362812381938,0.004837074462704914,0.0848881790658815,0.004810515471874273,0.00682190211472532,5.667091377899203e-05,19.148085623575927,13.539741191171178,17.549487757608688,0.9165139587636386,10.175930645041076,1.3305653947981884,1.4142135623730951,1.687847639980916,1.1534727201843984e-07,1.1088184814767033e-09,4.7110657903436035,6.513380431378556,2.525356654955576,3.5448494482654276,3.9335444231188474,4.424696653830069,96.06058239620884,4.608559179503777,6.5863825652453345,2.5548570890429616,3.515243209798459,3.868010242882651,4.334428966354682,88.9223509908225,0.6753407904319837,1.2412368745350568,0.1280064462546606,0.3286238712514344,0.45307414871941776,0.6579390178519118,23.06132682608966,0.3199600701208299,0.09259181795716251,0.15206056623848746,0.25929335059311287,0.3075763432321377,0.3649471600371327,0.8814450522848075,0.6585234278397147,0.11078621626187055,0.003497699124669535,0.5979686748705189,0.668211499758721,0.7296462756825227,0.880733526964885,0.02302263871577073,0.14669995115981455,-0.38542135029149244,-0.07799634878786735,0.014311372248736333,0.12334313652310139,0.5352811717918683,0.7389030711435902,0.09008591408356835,0.4736121350641199,0.6838247317804582,0.7439712468425335,0.8015194608157216,0.999993883031708,0.9887982987381461,0.015756451885272575,0.8446739413081975,0.9843868600702964,0.9950226372393012,0.9988869254603836,0.9999999188569232,0.0022949017945866753,0.0011715364226967295,4.075897271866482e-05,0.001471160809204208,0.0021228434658443172,0.0029570558038992264,0.007628989324062201,0.0022949017879874134,0.0011715364228874242,4.0758972318144515e-05,0.0014711607655044645,0.0021228434052318335,0.002957055578008294,0.00762898987159133
20260826,2,gaussian_blur:2.0,gaussian_blur,1024,0.33902859687805176,0.3624345660209656,0.9937313199043274,0.03544733371933513,0.035447333627530504,0.006222792501635723,0.05013009996601752,0.005459075908676394,0.03641386450429163,0.004767591106240208,0.007247857251146144,3.2954549244995544e-05,8.055884870472592,5.696370820369282,6.670334890639124,0.8280077232841354,4.402186100819309,1.2939868306142779,1.4142135623730951,0.8777996495966685,1.1142901561235944e-07,3.511730906069488e-09,4.653829034140669,6.55444064401992,2.5050404059714557,3.530105635574515,3.8884484999555875,4.3828715291880815,96.57657139149757,4.688689863165929,6.529520059478567,2.4246168090044824,3.4906897985846688,3.918740674408718,4.391363551178771,88.98572538542699,1.6187613669238923,4.1256187290769,0.31198439219066204,0.7608231714946957,1.0216857489467155,1.3786670029311199,60.174883636560324,0.5709917590408156,0.17889079613862438,0.30268125842457255,0.4409838190251968,0.5244968209818185,0.6416160743163949,1.325955546646849,0.6375654861987249,0.11910079855616078,-0.044069045537117754,0.5791374643953555,0.6476434121482384,0.712843023001022,0.9039296238598568,0.006268665016495139,0.15553969184590746,-0.4329463311242053,-0.09921712455746053,-0.0014636556225702327,0.11319412427213105,0.4513912800177144,0.7556362645056681,0.0914390728043647,0.42768123071813424,0.7013236225874833,0.761943574423933,0.8152298470478851,0.9997291093512748,0.9876771816715523,0.016905548962173136,0.8923261244208697,0.983487098708281,0.9945114095268803,0.9988474057343185,0.9999999843148607,0.0010053231836553633,0.0004654038611646651,1.5665449514433536e-05,0.000698144699901271,0.0009475737561964977,0.0012685423732870394,0.0031047333835703367,0.0010053231802729101,0.00046540385778256907,1.5665449609514326e-05,0.0006981447077123448,0.0009475737169850618,0.0012685423716902733,0.0031047333031892776
20260826,2,gaussian_noise:0.03,gaussian_noise,1024,0.3409547805786133,0.3260883092880249,1.0279276371002197,0.09529681183171691,0.09529681187410956,0.00595140861244223,0.13477004380328314,0.004940399527595195,0.09486437944380348,0.00478258815226363,0.006876096052734812,3.2303235300199964e-05,22.64506650098399,16.0124800832661,19.201762714518754,0.8479446379053197,11.730448697526839,1.36503560036924,1.4142135623730951,1.804433814633983,1.2040867118748608e-07,1.7717327605026867e-10,4.751045623124135,6.484246932085251,2.5519436535073328,3.562257482353114,3.923133403576869,4.457695199539457,95.49628902183004,4.588193912924918,6.600600306803677,2.5130471532184138,3.4669900448251485,3.84893302798371,4.353985616033356,112.66428412921859,0.6482014413309727,1.7762478748766986,0.12495329808033241,0.279381101418101,0.37708667663352013,0.5390077097208306,22.847168648406864,0.5010113968911553,0.2569305200886869,0.13910194913436713,0.3140850619882058,0.4149144186173792,0.6833273418800218,1.3680516184414153,0.6739117273848857,0.11685172095453421,0.06285417119714885,0.6149764856217718,0.682522586991352,0.7515749251182275,0.8841457140286706,-0.02792759071118297,0.14269663895057924,-0.4689261897966591,-0.1250786316168669,-0.026621379801166994,0.05725162353100214,0.41024784139409726,0.7229705504059947,0.09759548242130771,0.467211254535603,0.659647731076848,0.7308644985544464,0.7885454328134773,0.9980227217669543,0.9892599654171974,0.015574392358613035,0.8832373568428747,0.9865854659325022,0.995366972700561,0.9990901067532629,0.9999999992915937,0.0027058142014717702,0.0012444745995435853,4.2695481652024305e-05,0.0017861683353125543,0.0025679348315052457,0.00346937500841427,0.007614499714752763,0.0027058142074700697,0.001244474597529356,4.269548662705347e-05,0.0017861682863440365,0.0025679346872493625,0.0034693750785663724,0.007614499423652887
20260826,2,gaussian_noise:0.06,gaussian_noise,1024,0.34022969007492065,0.32925575971603394,1.0143027305603027,0.05584276658563656,0.05584276648775164,0.006032290026888081,0.07897359772741214,0.005026807070394839,0.05600741643975488,0.004795004760534628,0.006947003668958386,3.4394182618058116e-05,13.091810469224535,9.257307960797705,11.141747764621428,0.8510471329242658,6.797891032899408,1.361791174458571,1.4142135623730951,1.2612379583228197,1.1567131913722958e-07,5.696663363252696e-09,4.715091348274719,6.510464035968974,2.5447134828650944,3.5615458685570407,3.931595142831183,4.4350481934193295,96.65125907265322,4.540061092488916,6.633833106958856,2.576074778987652,3.422015994516083,3.8301941211107815,4.333543359232089,114.45690184907342,0.9479165046234684,1.9762695502813146,0.19685860086090584,0.4786327640136998,0.6522149730230141,0.9007617173175511,31.989267469966922,0.6395479243252056,0.23412720138267865,0.2689158935315602,0.46262338353096566,0.5828718399822058,0.8254016936263754,1.4327086659618364,0.6707442266240186,0.11312383776334879,0.004055089394104212,0.6202836812089472,0.6793294890010639,0.7399220029085778,0.8831694493462988,-0.014302770672370891,0.1408319428889471,-0.42109794244727694,-0.11233089392519341,-0.014870472957104431,0.08209409072911639,0.4039304194009391,0.7273958592466913,0.0906695599088129,0.469054073366126,0.6726925654790608,0.7338333878689309,0.7843774277121337,0.9999917780912031,0.9898457459398,0.013665467850207318,0.9070151723464551,0.9856600958239317,0.9952319865286472,0.9989489579726367,0.9999999930047555,0.0015855113734555308,0.0007293832696661576,2.9588496089276733e-05,0.0010692191563515944,0.0014801238250111688,0.0020255896311477386,0.004954011067822795,0.001585511373285442,0.0007293832656600011,2.958849654532969e-05,0.0010692191717680544,0.0014801238430663943,0.0020255898125469685,0.004954011179506779
20260826,3,brightness:0.8,brightness,1024,0.3332175016403198,0.3318641185760498,0.9987676739692688,0.360219719638189,0.3602197188534267,0.00615935204357444,0.5094276118367393,0.004651231271160677,0.3580514958644589,0.004640298883347869,0.006570108527613714,-1.357373036177716e-05,82.70798750141007,58.48337882053928,76.97993821216937,0.9307436988580693,43.55761533533071,1.3426671409972828,1.4142135623730951,3.132852922455097,1.150349112021042e-07,5.199529695687488e-10,4.484198433984538,6.671762031704989,2.387451034494422,3.430427269960365,3.7982745741156094,4.2708640569292085,92.20016099132101,4.511094996619198,6.653586705519134,2.3785708520421838,3.4330628268933516,3.8227846419894407,4.2923819213388965,94.06456574425582,0.14501941732904042,0.40943009673429737,0.034385562989790265,0.07453405544295313,0.0973997928480026,0.13147995864412107,9.332119268367626,0.07278243065174528,0.025270186908807026,0.031767274341794396,0.055542889653591054,0.06901837989778206,0.08407723107776258,0.3324795857525259,0.668135828476357,0.12159380276984567,0.07957956725176733,0.5859512935628777,0.6771369496367187,0.7605566348166217,0.8940357292231652,0.0012323472305050456,0.14046850590132692,-0.4143067935927216,-0.09350264876678228,0.0028454393975781006,0.09883296289801033,0.3972493542973684,0.7264686392214601,0.10525224455389992,0.4479956638991087,0.649271595777581,0.7358569397325104,0.8103462151540777,0.9968285170860741,0.9900087644193127,0.01300617874380374,0.9101372867776146,0.9859592742445522,0.9953757259382012,0.9990353295330767,0.9999999957669211,0.010396510364352234,0.004318312230719369,0.00010381961197950976,0.007391095636253615,0.009959329763618102,0.012941875244095381,0.02821214622597438,0.010396510322664199,0.004318312229758899,0.00010381960601080209,0.0073910950450226665,0.009959330316632986,0.012941875960677862,0.028212152421474457
20260826,3,brightness:0.6,brightness,1024,0.3330225348472595,0.3311313986778259,0.9929734468460083,0.34660946816063587,0.34660946692380545,0.006157560429661341,0.49017980897055435,0.004663336114460178,0.3467784090708163,0.0046395216575600175,0.006578135368582575,4.812571505971174e-05,79.6061710753708,56.290063391691085,74.36273100613914,0.9341327437508936,41.963907966245344,1.3413923157265832,1.414213562373095,3.096528208307397,1.1712640623928416e-07,5.188979246284475e-09,4.489403010598993,6.6682575258921934,2.3885576253948684,3.4313202327263665,3.805201184139869,4.285619258444891,93.35328741515968,4.505682486587377,6.657256739368327,2.3953628239100957,3.445345828275645,3.8175115942454494,4.2893421804212295,96.05451498864909,0.16265644342660068,0.5062095102825642,0.03467948472278933,0.07818079748761311,0.10261797637332476,0.13700777027129898,11.64861314093514,0.126004389878003,0.04163632533226702,0.05445827001988357,0.0972950370142208,0.1191273981188157,0.145061067005482,0.5376317401299505,0.668868631948994,0.12212370567382654,0.07412646118696282,0.5877630941437566,0.677310992247364,0.7621140500183077,0.8967411529586576,0.007026568514622611,0.14844150009158755,-0.4277352892306412,-0.09758273151101961,0.008880512089140577,0.11376918664364175,0.4830988662252005,0.725648042307282,0.10564533308516597,0.44255542544451687,0.6474427960759098,0.7356968000512776,0.8090330758934781,0.9972488494613054,0.9887971730551732,0.014752284882301344,0.8755658087499338,0.9842356586537162,0.9945899060167931,0.9987467696559413,0.9999999907799637,0.009922562577443714,0.0043455240239639705,8.380329247846926e-05,0.007062096983888377,0.009440426786575359,0.012315183374052827,0.02801853107269221,0.009922562536438306,0.00434552400532553,8.380329381907359e-05,0.007062096847221255,0.009440426714718342,0.012315182946622372,0.028018532320857048
20260826,3,contrast:0.75,contrast,1024,0.33362138271331787,0.3321300148963928,0.9801073670387268,0.2553765667448835,0.2553765665930292,0.006129236283610868,0.36115700398813777,0.004670454065830661,0.2626750383935173,0.0046483876660211336,0.006589434655162122,-1.1052493186989337e-05,58.9236549672339,41.66531599962748,56.24186314458471,0.9544870082458314,31.099050581025747,1.3397616703062978,1.4142135623730951,2.7981119603340954,1.1774295515067029e-07,1.1580949532685736e-09,4.494217262517405,6.665010528792509,2.3807783286808197,3.431682987761931,3.8158828161757476,4.275497448796742,93.5958423897632,4.5431890019882495,6.631690880956543,2.3645825239793474,3.464899662060196,3.8453851769076755,4.343120941661194,89.62475959355152,0.2486781614907295,0.9620059008333905,0.05173441517184173,0.102177329450457,0.13817936891703292,0.20769489385403173,22.49523980438842,0.09189845981623274,0.030621218273958552,0.04628645369562238,0.07088363031846948,0.08665658294968945,0.10568665960038379,0.3924255795967535,0.6678699815860506,0.12437646462940193,0.0067484977168091945,0.5875139444256909,0.6775090479304333,0.7614702301812577,0.8982177874970623,0.01989260790011478,0.1517367881276358,-0.4942525050413744,-0.08039882481872254,0.026337209039828044,0.12272965765031554,0.4229315428578142,0.7259556636346045,0.10721422291810435,0.43955068675169,0.6481996293438104,0.7355144353889129,0.8092140138077959,0.9999772286300155,0.9880977437363032,0.016304113694726115,0.8693183888888618,0.9843180887910421,0.9946454484532383,0.9987594980278487,0.9999999831640941,0.0072014151575263315,0.0034409075851622806,4.297173568695597e-05,0.004626272214776149,0.006983369814915458,0.00942544800208019,0.018874604950870028,0.0072014151620258815,0.0034409075565805655,4.297173654776998e-05,0.004626272013410926,0.006983368890359998,0.009425448719412088,0.018874606117606163
20260826,3,contrast:0.5,contrast,1024,0.33334624767303467,0.33231455087661743,0.9858110547065735,0.12165410061139453,0.12165410103818396,0.006085306193409883,0.17204487960650658,0.00486529858997702,0.12369077436852904,0.004656736932265948,0.006734710775227252,1.1100693785617852e-05,28.272181240908395,19.991451074381423,25.423059259578405,0.899225250536826,14.932703424141081,1.3387697045372422,1.4142135623730951,2.065229016883984,1.159802170021571e-07,6.167726773753657e-09,4.492037169326348,6.666481305715647,2.4061020227266816,3.430834010099684,3.802085969478279,4.294176834885008,93.67433200013447,4.606698320470747,6.587685738638536,2.309543231719772,3.478898749759619,3.8830528137218696,4.363540536526322,82.68825236298065,0.5322664572620133,2.155065182987752,0.11374363174977127,0.21373778812194633,0.28067064646873296,0.4255835365072882,46.91456771336352,0.17303780590201276,0.05386743008948373,0.08791385966930751,0.13679503495502968,0.16410913467857943,0.1966969509054361,0.7033713798678601,0.6676854572930659,0.12835913982607716,-0.0386604295513078,0.5869998197987394,0.6774877122234811,0.7654585925674922,0.8977466606371437,0.014188950573348503,0.15112764972736611,-0.502886659428516,-0.08915539021768594,0.02726123378934142,0.1185880446345313,0.4252014574821317,0.725143097865321,0.10915711100192522,0.44051212618366953,0.6434851223395338,0.7355340760235243,0.8095870604020712,0.9999770716958439,0.988294000352393,0.016019704032098007,0.8643523631996547,0.984312080830134,0.9941338393776842,0.9986205582310074,0.9999999434203811,0.0034627649006943617,0.001569878260127097,2.0661679536718187e-05,0.0022659741150953118,0.0034144746954023813,0.00454326100756319,0.008420577027144266,0.003462764912924854,0.0015698782753672035,2.066167871817015e-05,0.0022659742389805615,0.0034144746605306864,0.0045432610204443336,0.008420577272772789
20260826,3,gaussian_blur:1.0,gaussian_blur,1024,0.33336901664733887,0.33022862672805786,0.9708008170127869,0.0874257155269123,0.08742571561396889,0.0061475934728631955,0.12363863272144807,0.004689061697990285,0.08337277748066002,0.00464952925807883,0.006603440158681731,3.693757408294412e-05,20.111712537144115,14.221128316289107,17.780268815058093,0.8840753258689382,10.572430427798897,1.345114385753209,1.4142135623730951,1.7151970649683261,1.1664627620929728e-07,3.90136789540918e-09,4.490927114522481,6.667230142533754,2.396100026249486,3.428631470273776,3.8082916674613925,4.276782303169119,93.83726652162221,4.501490240205926,6.660092422453151,2.351023264573064,3.4395930629771856,3.8509995188349264,4.3067096946024614,97.68536690793988,0.5152584546576773,0.6045868813323468,0.11497512474295941,0.31043263562358636,0.4075551239416495,0.5592959580575418,9.96970118893144,0.32049799304119225,0.10307358031097981,0.1613518201854011,0.2454573083289678,0.300447131498249,0.37226535732621757,1.0211201876800413,0.6697713940653391,0.12580425543730364,0.06839083645717478,0.5874087527035865,0.6787330559231588,0.7641831455798445,0.9004630402309641,0.02919916677207872,0.1343971969886451,-0.446488048444911,-0.06048138951391212,0.029921250647820075,0.1221634361310629,0.5140053075405893,0.7234374249658819,0.11065837163586742,0.4349325386516962,0.6449991822150736,0.7343850730001633,0.8092903834077732,0.9976586056806648,0.9904095303305585,0.013841629106466384,0.8577870037603184,0.9875400578458984,0.9956106932187454,0.9990884667745,0.999999923791243,0.0024961933369920556,0.0011110090750054637,9.7937074781527e-05,0.001729488606043552,0.0023760118844982957,0.0031254926437378643,0.008465164178308985,0.0024961933391765,0.0011110090783167474,9.793708159122616e-05,0.0017294885474257171,0.0023760119220241904,0.0031254925997927785,0.00846516340970993
20260826,3,gaussian_blur:2.0,gaussian_blur,1024,0.3329421281814575,0.33104848861694336,0.9879475235939026,0.03855957952847025,0.038559579587643944,0.006251938409318522,0.054531480412250824,0.00485396032325822,0.03809321973533175,0.004645401685138885,0.006718681986525053,3.6594400781614705e-05,8.722331674120715,6.1676198745289685,7.8478638469301885,0.8997438001830307,4.609133564233664,1.338129997645822,1.4142135623730951,0.8901931868762123,1.149742590672414e-07,1.7718835287894308e-09,4.486250563259032,6.670380734892619,2.3904831300393856,3.41972929293406,3.8018894397418466,4.275918509924068,95.16461246912321,4.326919549773741,6.774916573378731,2.418127607436675,3.3779632151042,3.792868405370011,4.179269625205555,128.19575008917735,1.2619263649952162,3.2067114803562595,0.31962434730000083,0.6996851479860817,0.9066365576692533,1.2165641554493245,61.85355799678182,0.5505730882341946,0.1473121691195671,0.2827213053635562,0.4318108596978817,0.5330616161457518,0.6354665504255661,1.2662392146447803,0.6689515291936745,0.11311794803405907,0.12274255837942977,0.5932057970897235,0.677797227566311,0.7524491107524933,0.8776491018595016,0.012052459276469718,0.14827805969428112,-0.47589939733064146,-0.08776735344497066,0.010569929455564286,0.11323435921685437,0.5082010313224748,0.7279615232258522,0.09900641608535483,0.4793037179129847,0.6586503880137611,0.7352487271621888,0.8050508400331484,0.9924385443756567,0.9887632259976846,0.015405875788293655,0.8612384755471466,0.9838920314546893,0.9951493439029239,0.9989097965594145,0.999999981388791,0.001116504316040981,0.0004534448575896028,1.553830650138987e-05,0.0007918771242309858,0.0010701490764237565,0.0013827064211522808,0.0030354836238687404,0.001116504318570577,0.0004534448577832431,1.553830770717468e-05,0.0007918771007098258,0.0010701490682549775,0.0013827064249198884,0.003035483416169882
20260826,3,gaussian_noise:0.03,gaussian_noise,1024,0.3335500955581665,0.3334420919418335,1.0110137462615967,0.10267145602422306,0.10267145584798629,0.006229288024822792,0.14519936532881264,0.004689891855290667,0.09930350096188527,0.004668662825932588,0.0066175145029358715,6.681710312914937e-05,23.30914299518896,16.482053075545025,21.173942603785413,0.9083964437540988,12.293442371340488,1.3407191050814582,1.4142135623730951,1.8692862737837719,1.1676779462616787e-07,1.2784164837853496e-09,4.499425073980597,6.661491869845917,2.3829259500914524,3.429942285952339,3.8187797698884705,4.291980489586497,94.920180292264,4.461568761389097,6.686932038608842,2.405399029076645,3.3752714647860715,3.8117366208629457,4.246204433853034,87.86123412774015,0.5114920771726251,1.1773984693098238,0.09475808768936528,0.2663339402308738,0.3538967038518611,0.4667288298320247,22.994876720967504,0.44001294613131325,0.21164327433254326,0.1376853326435646,0.2834415141393577,0.3683963150167676,0.5809956166350392,1.4611058081971364,0.6665579347625508,0.11890757821974596,0.011122623240882853,0.5951842538765767,0.6792026235023109,0.7552549282026746,0.9054221773010807,-0.011013695396775778,0.13997384939895188,-0.3933420200801401,-0.1110497198559027,-0.005611586998107147,0.0880092018193337,0.46699837828701607,0.7292509795749541,0.0988831258036929,0.4245122858662286,0.6554311372071645,0.7339507448028808,0.8035892122775798,0.9999381417128969,0.9900128025351717,0.013415664407094127,0.8842581719595793,0.9865151185473371,0.9950454535444988,0.998895097681701,0.9999999972253283,0.002917340907646067,0.001336124463516926,4.192383441043057e-05,0.002069477013128541,0.0027329702333002866,0.0036276330051517825,0.010186106423796592,0.002917340903938026,0.0013361244580871164,4.1923834942281246e-05,0.0020694767590612173,0.0027329702861607075,0.0036276329192332923,0.010186105966567993
20260826,3,gaussian_noise:0.06,gaussian_noise,1024,0.33460086584091187,0.33410394191741943,1.0055841207504272,0.06026038352252268,0.06026038375149456,0.006130035047011993,0.0852210519751709,0.004958468890011701,0.05962719506963344,0.004691355805619805,0.006826070101320123,4.816886311392502e-05,13.902212845701559,9.830348976694301,12.025324024871058,0.8649935199768706,7.346933480519013,1.3380206787265796,1.414213562373095,1.3565180058129513,1.1680326113952403e-07,5.547231340941039e-09,4.518336389596064,6.648666061720971,2.3844050813604096,3.438973808124523,3.8201187372586887,4.290158927479677,96.11133031229238,4.594039498957279,6.596531034131841,2.433751588366496,3.410667607287013,3.876665097435665,4.348935668467666,83.7240507118438,0.8490778438172615,1.9433324389906845,0.15443044736800146,0.45820362526195857,0.5866778006865988,0.8025112030113548,35.24831166101937,0.5861766192207768,0.20469722042794414,0.21841561641229984,0.433119004354168,0.5542008689765121,0.7220290021783085,1.6114348057435268,0.6658960653311446,0.12077754806451325,-0.011077198535530478,0.6023068012097775,0.6826341964098338,0.7478766427275714,0.888385935554234,-0.00558408596314679,0.14818955187828367,-0.4628693599405497,-0.10678873704755715,-0.004904190585063317,0.09525626742274036,0.41715684003851106,0.729993510145327,0.09553977417006924,0.4590974074305242,0.6638376599026932,0.7307602490730828,0.7982646651317957,0.9999465873382003,0.9888362819551592,0.015269424689441393,0.8864265088704342,0.9846154747458945,0.9949146934708357,0.9989558944452908,0.9999999980242091,0.0017223317826170364,0.0007618037005713101,2.764739139766213e-05,0.0012049489252098635,0.0016437110351640765,0.0021166234676552177,0.006312260561505635,0.0017223317879206945,0.0007618037067086874,2.7647394745144993e-05,0.0012049489305354655,0.0016437108861282468,0.002116623625624925,0.006312259938567877
20260826,4,brightness:0.8,brightness,1024,0.3543322682380676,0.3540789484977722,1.0193829536437988,0.4321602841746386,0.4321602836278194,0.0063165384029121655,0.6111669342254656,0.004525616265585764,0.4396826189884902,0.004508446973808874,0.006388058914801963,0.00010160500148812156,96.75662447388815,68.41726529020657,97.15419805518592,1.0041090063182707,52.040316419416754,1.3146973392441312,1.4142135623730951,3.327738077383131,1.1312159048294797e-07,3.505303824979933e-09,4.516058205383069,6.6502120798428335,2.42991801714384,3.3933351899440662,3.79895765755921,4.292671983950847,94.28408674626976,4.510333968036274,6.654099048073966,2.4196503251324226,3.3944234404856455,3.79718474232311,4.29631959516384,93.80101825270765,0.11547753292736507,0.2705283667454796,0.02418537680322357,0.06327637413624049,0.08626892500588496,0.11816979902556639,6.459693722091001,0.0622673798833206,0.024443360761346903,0.030897223756550192,0.05015782771359445,0.05797170800324776,0.06834337197634956,0.5828361983755563,0.6459210659341481,0.1166207689019995,-0.1374754809524397,0.5765513948327914,0.6400706006944146,0.7222270762905343,0.8935185210958972,-0.01938300884557393,0.13027996112691914,-0.4180000210766047,-0.1135514076217277,-0.022444797647078664,0.07154743556511597,0.4097217961412701,0.7480691646910502,0.09798344280171997,0.4490263382682586,0.6916560199174926,0.768316097184723,0.8170608708290351,0.9974777624348397,0.9912264960142924,0.011754756424465093,0.9084470168259448,0.9878083409471313,0.9953435234884063,0.9991572884742704,0.9999999933347284,0.012263671444253905,0.005658524191144933,0.00014508755899614884,0.008187406838581783,0.011190980408985588,0.015284664437715284,0.04002018343560422,0.01226367143269158,0.005658524156636474,0.00014508757158182561,0.008187407394871116,0.011190981138497591,0.015284664928913116,0.040020182728767395
20260826,4,brightness:0.6,brightness,1024,0.3543034791946411,0.35338032245635986,0.9986617565155029,0.39635824157671296,0.39635824232511796,0.006308621401750223,0.5605352018545435,0.004523037155118084,0.40284645219447884,0.004519778867155469,0.0063942369454504785,0.0001233457011162547,88.85224935182072,62.828028040350446,89.06547489636124,1.0023997765514774,47.784733420429006,1.3148138204582542,1.4142135623730951,3.2440406378017546,1.0785362488587859e-07,2.1050630127916747e-09,4.497054912644579,6.6630902050653695,2.4264906210719674,3.397785592215422,3.77865795748556,4.287291435155501,95.66835228208447,4.515669599416578,6.650475397523871,2.3539687437359866,3.4057648787136294,3.797293320491602,4.309511678637257,96.26757579896471,0.13812107123863054,0.4260282300434279,0.02821476984817169,0.06896886218277891,0.09114425999409168,0.12447070141062981,7.156497372162919,0.11135830501995209,0.04391895920854084,0.059603205759326025,0.08853711807926481,0.10193431003305302,0.12166541077550773,0.8017302648418664,0.6466196645589215,0.11662179259335342,-0.13351068725013893,0.5758876749763053,0.6425865531619015,0.724951140805155,0.8914318385453031,0.0013382484742438024,0.13446727372880812,-0.41506498573543416,-0.09177701508563908,0.002956551562914661,0.09083659039972096,0.43793694913200965,0.747471450026553,0.09793593221057806,0.4531548049262424,0.6888002794783191,0.7662130980095181,0.8175288274554436,0.9999967967456249,0.9908479975979403,0.012442503537687664,0.8990056888501582,0.9882018093998273,0.9958278197010895,0.9990457168570885,0.9999999999845064,0.011324683232576524,0.005019360614407534,0.00013134893777247934,0.0076989091904549785,0.01064432181050455,0.014040940781650102,0.03457917960883147,0.011324683238328248,0.005019360643905179,0.00013134893379174173,0.007698909495957196,0.010644321795552969,0.014040941372513771,0.03457918018102646
20260826,4,contrast:0.75,contrast,1024,0.35423463582992554,0.3500022292137146,0.9826664924621582,0.31341651236495194,0.31341651247064656,0.006283113566217848,0.4432378826076646,0.004512823133800343,0.3114479384710017,0.004510315127916447,0.006380322498908304,6.329044015371454e-05,70.54430545244368,49.88235675951806,69.01399173796666,0.9783070553368953,37.9176434522929,1.3155447523234285,1.414213562373095,3.0145920997607027,1.1235689119537091e-07,2.0972679148911766e-09,4.505777033365696,6.6571894437266295,2.3920567005707207,3.3987693504444,3.7876453019686664,4.300450458532728,94.85986074525607,4.523068975252273,6.645440283396481,2.3585189549649725,3.4077799034056926,3.8072329449431708,4.285335357941897,93.05624413500222,0.17476174263192237,0.3174856887929172,0.02757943434898438,0.08670827681337923,0.11835302904506918,0.18890585449710962,5.508264641701067,0.0965537128153657,0.034572080448415046,0.038183334410769924,0.07100061457823972,0.08822103788119873,0.11859622711014634,0.33182483728772133,0.6499977533535515,0.11792063691578715,-0.13659407520986372,0.5805482416125625,0.6467115250406488,0.7265791190526361,0.8960324419910621,0.01733352183082662,0.1556228149179313,-0.42533895541978306,-0.08968543474576748,0.010625494748356074,0.13029709711391024,0.5059110009797378,0.7440649200199241,0.09994184540084983,0.44398858419956466,0.6870828025277613,0.7627346873191538,0.8142257389286478,0.9999536906045824,0.9875382904561819,0.016526673913394366,0.8625856821717364,0.9826515649275284,0.9938101801256289,0.9987461007911576,0.999999990836601,0.008661943823184536,0.004573707951553191,0.0001754913211539763,0.005133953309598676,0.008175258963248484,0.011101788083971949,0.033758108132829555,0.008661943823994989,0.004573707956691365,0.00017549133917782456,0.005133953061886132,0.008175258990377188,0.011101788841187954,0.03375811129808426
20260826,4,contrast:0.5,contrast,1024,0.3542325496673584,0.34819352626800537,0.9860597848892212,0.15344026876827124,0.15344026739408934,0.0063013427185011715,0.21699730716287535,0.004550071541339566,0.15350564675338912,0.004511573602732895,0.006407608555786199,5.1489264947658615e-05,34.43667752362627,24.3504081984905,33.73697432198972,0.979681454427289,18.465757943557545,1.3186790628906997,1.4142135623730951,2.292713979139224,1.1160461139862263e-07,7.477757968388232e-09,4.493372025470023,6.665576667998445,2.444933165354509,3.4030418868385888,3.7968886292215887,4.279234297109345,96.71273165232074,4.507840550814966,6.655789060082856,2.271122397216457,3.4093503448799787,3.7920261315653194,4.273681949738559,94.13032673474679,0.3370923437296008,0.4365451715696109,0.07069371842602014,0.17783058296467957,0.2484692750366411,0.37118863177603134,7.787450470992429,0.17881018337950427,0.05475355056511163,0.08742356748527312,0.142430922849025,0.17166724160624725,0.20322598706285472,0.6046659123457715,0.6518064567078989,0.11778004737116919,-0.13940306338340047,0.5816757608549656,0.6472652751796564,0.7296514372733807,0.8897445279211751,0.013940195777162902,0.14642289795784885,-0.4083599415832173,-0.09083809909194346,0.016018868596802717,0.11940826278468535,0.4252014313437869,0.7424340535727741,0.10045536973616313,0.4564588426510388,0.6838192064940419,0.7622648239214456,0.8134206915068347,0.9945432449978742,0.9890341262418969,0.014093763721284236,0.9050987475315578,0.9849962595774413,0.9944356190605259,0.9987195646524196,0.9999999912132937,0.004241785008833099,0.002237018652288016,0.00012435803146819543,0.002574007228525842,0.0039002976128214902,0.005429407199814668,0.013447751187975572,0.004241784985040908,0.0022370186077751097,0.00012435801909305155,0.002574007085058838,0.003900297451764345,0.005429407116025686,0.013447752222418785
20260826,4,gaussian_blur:1.0,gaussian_blur,1024,0.3543042540550232,0.34981977939605713,0.9905718564987183,0.08197231898681595,0.0819723191379182,0.006410569496152954,0.11592636546401955,0.004532631271994397,0.08172606813178411,0.00453234670273894,0.006409907400399017,4.062303450309483e-05,18.083629782593903,12.78705724773916,18.03060148235352,0.99706760750591,9.75161490560197,1.3112758612107749,1.4142135623730951,1.6598587092613042,1.1139498391730466e-07,1.1105063535410409e-09,4.498767752775417,6.661932266340484,2.387150671155398,3.394455515770505,3.789823415816654,4.279362764709534,96.54750400198495,4.428994264431172,6.7085703869842,2.444136490042727,3.379711028098991,3.738059335498682,4.190002002306056,97.27406009719431,0.590418728387597,0.7706209027061715,0.1343769430928385,0.31957781454220024,0.4418364729467449,0.6307594686148736,13.912358133297655,0.31454011385606423,0.09782234193273522,0.14710776756106522,0.24817942909000235,0.29305413306892364,0.3651012258525762,0.820381531291974,0.6501802394626508,0.11523222623749559,-0.07492166252351443,0.5879799534403182,0.6441947949063529,0.7336072160617788,0.8908503045360386,0.00942812780575111,0.15431691629164723,-0.5113792304154376,-0.10081385934437145,0.008498931972634967,0.11325639408909191,0.47395865280342586,0.7446564070185779,0.09744879006265014,0.45429696775132367,0.6795736231312158,0.7648614671148943,0.8088754998678959,0.99957136586816,0.987848622427107,0.016613971612211113,0.8593551551597945,0.9840448992180519,0.9943782886798183,0.9986850880303462,0.9999999961814597,0.0023168495909621787,0.0010933201804113537,6.948093449124175e-05,0.0015304651416287824,0.002188356538685451,0.0030243797648945078,0.007208450903832235,0.002316849602529203,0.0010933201868781714,6.948092777747661e-05,0.0015304651169572026,0.0021883565932512283,0.003024379664566368,0.007208450697362423
20260826,4,gaussian_blur:2.0,gaussian_blur,1024,0.35388267040252686,0.3522984981536865,0.9722520709037781,0.04000313323319364,0.040003133354154154,0.006531581105167837,0.056572973726864324,0.0047808552580474815,0.03919212541228422,0.004496437526079514,0.006563118726972438,2.7166468651084097e-05,8.661451617297281,6.1245711735100965,8.197722645192657,0.9464605942982424,4.705087946558683,1.3016911113715273,1.4142135623730951,0.9384066007411793,1.1221538694009009e-07,2.490516792796882e-09,4.521233259607449,6.64669131072857,2.4262029200263533,3.4088425252364294,3.8027534969321737,4.300348122679727,94.29080553349145,4.361657678539512,6.75258694323039,2.4445127861978575,3.31594922859683,3.7228533360866995,4.131274940994829,106.02417426634885,1.1468177001961566,1.666388790373403,0.2320327690008872,0.6753792866411072,0.8759835253059087,1.180403325299152,33.17276994903295,0.48648757746339905,0.10197916537792759,0.2881018384681814,0.4245614562947502,0.4705693614393635,0.5370845219606875,1.4712656070725043,0.6477015156366083,0.10891586748731154,-0.04107168500526583,0.5868468126267485,0.6534788747808469,0.7245688490765372,0.8976730232259162,0.027747918750858278,0.1581878854565196,-0.4025384067645655,-0.09092986923937346,0.02829458948167081,0.1331567629767993,0.5010662038270843,0.7489445402362082,0.08787082024414637,0.44066216467089997,0.689202420695923,0.7569447397005875,0.8096979795448676,0.999999536710538,0.9868578481222774,0.01852040459757009,0.8654089549931376,0.9834768077083853,0.993967227111985,0.9984511018781717,0.999999941266462,0.00114593158102429,0.0004998295501868221,2.9429508425187817e-05,0.0008111347346831276,0.0011021861859976108,0.0014275687893150978,0.003963039845671879,0.0011459315843147522,0.000499829552943178,2.9429513233480975e-05,0.0008111346833175048,0.0011021861573681235,0.001427568873623386,0.003963039722293615
20260826,4,gaussian_noise:0.03,gaussian_noise,1024,0.3542137145996094,0.35284221172332764,1.0157201290130615,0.09671170753345339,0.09671170751103036,0.006426485607323739,0.13677100840235906,0.004602490446726644,0.09250117109643673,0.004521226116796001,0.006451697754189069,3.803944211143528e-05,21.282395505016357,15.048926181491163,20.098069114347616,0.9443518287032309,11.457184766351638,1.3134924920635178,1.414213562373095,1.8193538192918894,1.1045367306811543e-07,7.112652689045262e-10,4.502874483448473,6.659154602709551,2.357896212905604,3.399039462254202,3.7809640969501848,4.301935554812548,95.42006978502843,4.410187684764082,6.720961403027147,2.5216218579660956,3.317574973401098,3.738785205059085,4.214543134901246,99.41895153739112,0.5480634354436346,1.3065458765524867,0.09965056152881582,0.28776748009219366,0.3754064757444375,0.5444118286965804,28.91539725462937,0.5343017341050887,0.26634458141540557,0.22811801264106354,0.3418730802394776,0.44489621144431535,0.6482937766180007,1.36641047266313,0.6471577446912167,0.1069669453616914,-0.10026041822362546,0.590461807891189,0.6546226353117153,0.7208422006306479,0.8445849542605912,-0.015720132542739237,0.1372643463130375,-0.5090827211837176,-0.1100366101344071,-0.013961286333824645,0.07190629193220799,0.38335213385226885,0.7500657370602785,0.08464328975449202,0.5354215675863597,0.6930992104856042,0.7559558010496084,0.807065578156676,0.9949612296655701,0.9903202323892584,0.013993037682877272,0.8607175977010004,0.9871781149515418,0.996104036372611,0.999132823170697,0.9999999942352624,0.0027080753654575036,0.0013423961508455579,3.3733492082802244e-05,0.001781110662084512,0.002563701549753641,0.0033569728463846947,0.009736752888142564,0.002708075367831242,0.0013423961461033382,3.3733489544829354e-05,0.0017811105935834348,0.0025637014769017696,0.0033569727675057948,0.009736753068864346
20260826,4,gaussian_noise:0.06,gaussian_noise,1024,0.35416483879089355,0.35163605213165283,0.9998846650123596,0.05792212960425901,0.05792212924758984,0.006443082956283863,0.08191426074346887,0.00474783619805325,0.05696617315623701,0.004517859524425572,0.006553854075731897,4.1683211943644845e-05,12.71351949047604,8.989815844462948,11.998344251976256,0.943746872057298,6.839803732033765,1.3143382833312958,1.4142135623730951,1.3028521144090603,1.1120496022487344e-07,5.675455438947097e-09,4.502687531269044,6.65928116249746,2.4169188499867427,3.401062747995131,3.782691011292607,4.285905517201819,95.36368465408944,4.415379231538221,6.717549143334051,2.493956928533211,3.2851811078908577,3.7144252011584578,4.237178581733736,94.5021014569444,0.9562838135617135,2.3720132994167593,0.19715665618636724,0.4778228427011564,0.6479923861173327,0.9337844316496992,39.854737053676914,0.6950598351379711,0.2552632348801265,0.3176761816807888,0.5070469919422154,0.6451087950653889,0.8159442866504285,1.4874965231747297,0.6483639471039766,0.10358977765783974,0.04411077922658113,0.5997663644016396,0.6570768734447326,0.717285388873384,0.853778173990089,0.00011535947641002839,0.14199136767189863,-0.43506875355351216,-0.10289499249368106,-0.00018280226292457374,0.09990761959754069,0.3875027966614288,0.7501377500401573,0.07876067050166354,0.5206369460748531,0.6967794837306193,0.753823575056899,0.8001751716638645,0.9990266458688797,0.9897863016752522,0.013467789622417785,0.9003972343812442,0.9865726280720615,0.9948622016399353,0.9987706219681182,0.9999999975308164,0.001621504199948988,0.0008047965970414498,2.448464900616687e-05,0.0010254538234884488,0.0014902032580592145,0.0020239824351970326,0.00491975084333774,0.0016215041898384186,0.0008047965850173337,2.448465056659188e-05,0.0010254537628497928,0.0014902031980454922,0.002023982349783182,0.004919750615954399
20260826,5,brightness:0.8,brightness,1024,0.3515514135360718,0.3499511480331421,0.9821417927742004,0.3256321543569992,0.3256321538496786,0.006044358077033295,0.4605134083189777,0.00480005750145025,0.3334124604832642,0.004774079356725281,0.0067699620177323954,4.159014802693861e-05,76.18896869607829,53.87373641660655,69.46009717227963,0.9116818137985241,40.76003094623941,1.321729527662163,1.414213562373095,3.082187250103833,1.1401777491822598e-07,6.211118286358897e-10,4.6147775501422394,6.582018945991678,2.543101656770044,3.5374945571846514,3.8884499163044186,4.373673213856453,118.43925956150662,4.646224151278213,6.55983558668964,2.528816159804997,3.534143718089062,3.9255750510612906,4.398812384263338,115.13999210690606,0.17286830844625362,0.5222108112396728,0.041701432320918774,0.08175061533086157,0.1095972417882695,0.14888284454756517,9.737082622550298,0.06555503397576569,0.020796500671675978,0.035683516005872815,0.050247071203051975,0.06186258425375135,0.07610301390940744,0.19551408249880325,0.6500488472324832,0.11632164841963281,0.016177544825824935,0.5858254822257436,0.6585467197421366,0.7268517840307255,0.8924928551012997,0.017858224164192214,0.1538172765995244,-0.451470908068787,-0.08904552158824526,0.01521356936490011,0.11584461839401983,0.45866557439009176,0.7450314882571935,0.09410480106365214,0.4510615297197605,0.6867943395412818,0.7525398166385493,0.8104372299877861,0.9998691349588746,0.9877907219173194,0.01772656307914645,0.8886089639821372,0.9847360223200632,0.9947904551345379,0.9987053843309432,0.9999999850452129,0.00932746999898901,0.004070080452365872,9.771888174046276e-05,0.006490124301096215,0.008796288823913038,0.011833971519536548,0.023399418320453735,0.009327469997529647,0.004070080438004135,9.771888289833441e-05,0.006490124389529228,0.008796288166195154,0.011833971599116921,0.023399418219923973
20260826,5,brightness:0.6,brightness,1024,0.35127073526382446,0.34731578826904297,0.9856593608856201,0.44977597094551236,0.449775970249873,0.0060593968823983305,0.6360792771568881,0.004752001418539673,0.4664746847725958,0.004774329032249607,0.006736151363351668,0.00015167364923823846,104.97402456086118,74.22784461542813,98.16383533739497,0.9351250059054577,55.94349632251008,1.3268359954867284,1.414213562373095,3.3949714395643267,1.1533464127040162e-07,2.513567132211847e-10,4.585913422283351,6.602182469766187,2.4922733621273174,3.510315452339297,3.8801876891884746,4.35437994879733,119.86303886376565,4.602631604673736,6.590526159001695,2.5430821190529667,3.5193760054718464,3.8974146335580233,4.36109199263305,118.24445481258743,0.12323695812483697,0.3464183055462922,0.03243139980158772,0.0601615176328217,0.07784857951903358,0.1030892387364204,5.042352958919093,0.11509487510238502,0.030611427856475432,0.05725426116256165,0.09408310575282794,0.1071637907753768,0.13049023718747446,0.3816110784882012,0.6526841564103887,0.11580522822880462,0.0013470324558650347,0.5888118774706187,0.6621840720242897,0.7300708926252062,0.8965749815300514,0.014340620815137428,0.1475546977113031,-0.40860713958321393,-0.07995713416061911,0.012346754991315642,0.11286209924404597,0.4341499574096449,0.7427775792794071,0.09431750970589962,0.44289197610070585,0.6833714137996567,0.7493412097452665,0.8082701099784385,0.9999990927513698,0.9888292064085712,0.01613302836511872,0.9008406154704636,0.9858340228970894,0.9953065226180224,0.9989873032688694,0.9999999999418245,0.013028345570689947,0.0052769745333893225,0.00018758956471661583,0.009338916394748143,0.012369148597963793,0.016082033314350302,0.02994975500219445,0.013028345543631303,0.0052769745358481335,0.00018758955411612988,0.009338916512206197,0.01236914936453104,0.01608203211799264,0.02994975820183754
20260826,5,contrast:0.75,contrast,1024,0.35130566358566284,0.34637051820755005,1.009526014328003,0.2283585086602162,0.2283585086807587,0.006120066540020427,0.3229477000596231,0.0047041129879196175,0.22605434870125,0.00476563083746442,0.006696261366024019,8.415029601297678e-05,52.768658305885864,37.313076122207725,48.05461715774433,0.910665889573779,28.073916028978676,1.3291012255129722,1.414213562373095,2.7037643562605838,1.1380251188163615e-07,2.059763470896314e-09,4.601544589260305,6.591286501757783,2.5467313362559847,3.539093821225658,3.8915264204695763,4.348812907975222,119.11688600784666,4.523285804690179,6.64529066568049,2.5606945638183265,3.4972962844554183,3.8389794201540117,4.288686086211415,121.6050456717184,0.2617696127568312,0.8919535217333144,0.06141312627151486,0.1149139708460023,0.14920794315743058,0.2013327016411247,16.77093166929726,0.08780332464674004,0.02769003806033056,0.04706603382714937,0.069079337882713,0.0793280920161552,0.09862940481147459,0.23900635865798045,0.6536295013850539,0.11560056933200989,0.024199216687516647,0.587545897967823,0.6612020513979404,0.7278227647684925,0.8952338494206784,-0.009526055583485968,0.13908661506348854,-0.41846383688139865,-0.09872634771028682,-0.006126926548067726,0.08231968179806506,0.45366958046200173,0.741773278761241,0.09591360851682992,0.44559662796236904,0.6857652778231467,0.7502078623281727,0.8091908021948572,0.9997071560770737,0.990139973877378,0.014355934448312811,0.8911699679429459,0.9872143878537913,0.9959065899027156,0.9990732860773697,0.9999999747861752,0.006591434134266907,0.0027360016842918264,5.6784532399445375e-05,0.004790594119593147,0.006502813209592695,0.008401798825707843,0.015879169411669725,0.006591434145398978,0.0027360017044694347,5.6784538173815235e-05,0.004790594102814794,0.006502813659608364,0.008401798317208886,0.01587916910648346
20260826,5,contrast:0.5,contrast,1024,0.3510296940803528,0.33831995725631714,1.0197118520736694,0.12819197419218695,0.12819197442242802,0.006141703536678243,0.18129082881558262,0.004689439723666048,0.12453484604795063,0.00474690387927219,0.006672626271637463,6.183356854895848e-05,29.518003878388807,20.872380709499534,26.556444561908865,0.8996693906308412,15.614369848908126,1.336741789209919,1.414213562373095,2.111382891668308,1.1604281318677998e-07,9.718427174121302e-10,4.5813041888540535,6.605385045849109,2.552222807755811,3.5055424631781635,3.875496153357935,4.34812189136938,119.30748464340843,4.423006386316066,6.7125196097783135,2.563668134665762,3.4711193545938093,3.819484889937674,4.259862095134454,125.75524963338304,0.4983047532999633,1.4125099167278143,0.09531439338963688,0.20531982401781168,0.2782854911903793,0.4353833571321163,21.888593448830896,0.1684987432680956,0.04953782402167037,0.0890077916010261,0.13406987536896214,0.15549813991820985,0.18920757958762421,0.44413622175570067,0.6616800306957229,0.11288975495844475,0.022090011143466953,0.5937852063378062,0.6690727340031271,0.7346627244414136,0.9049237315982763,-0.019711806204717713,0.14660819528311733,-0.4700684856605914,-0.1179780430358115,-0.028436867181272377,0.07778195638937105,0.5222935069312957,0.7348491121678059,0.0972311692905993,0.42557377737620417,0.6784324263792028,0.7431969047788818,0.8046235940395757,0.9997559859324082,0.9888712148612,0.016506315815288757,0.8527657900135351,0.9853710330928556,0.9950252792317815,0.9989509730031741,0.9999999957398042,0.0036007895305617734,0.001756518528010105,4.461507896509734e-05,0.0022328812284785155,0.0034962001306184888,0.004700025472747046,0.010239146013547518,0.0036007895427587755,0.0017565185437712482,4.461508069653064e-05,0.002232881262898445,0.0034962003119289875,0.004700025310739875,0.010239146649837494
20260826,5,gaussian_blur:1.0,gaussian_blur,1024,0.3508998155593872,0.343752384185791,1.0092638731002808,0.08216061559853374,0.08216061567446156,0.00611024341924755,0.11619265697974704,0.004906560197621099,0.08418274588708406,0.004753141945518972,0.006831302315600699,9.289902167557306e-06,19.01604388030349,13.446373579103543,17.15718191491858,0.9022477031981249,10.109267858957177,1.3301035978054707,1.4142135623730951,1.6816221903315052,1.1380480201142637e-07,2.136293031362868e-09,4.5789950176142655,6.606987517181705,2.563015372054721,3.518535080222539,3.88104819908626,4.343879325138279,120.3359988929803,4.5225820276907385,6.645769467488339,2.5525566014095897,3.49305234357221,3.8621760642375325,4.2878310653596445,124.39475320556552,0.6498655245318833,1.3181552307143445,0.12324564511692254,0.3271542868939928,0.44668512457308707,0.6312017443401527,22.737884667252274,0.34682178080475806,0.08931379805725298,0.16223318266867318,0.28432376296068124,0.33334650322117215,0.3924360687377894,0.8724111872243524,0.6562476160660647,0.11534478319153718,0.07917379127807188,0.5920200279236201,0.6640175654373923,0.7367955624616147,0.8895393031558091,-0.009263924011265679,0.1430133871483837,-0.4503111321810856,-0.10499986125379399,-0.004225137279560143,0.09166865254977175,0.4275406057418609,0.7394612734812511,0.09619616330435014,0.45685865225590006,0.6761155959800039,0.7477169730610917,0.8059232115090201,0.9968608281874941,0.9895710427080884,0.015188844642032647,0.8928717064807176,0.9862894445919632,0.9951826468645809,0.9989990408240007,0.9999999838710946,0.0023149496462488072,0.0011110214255916416,4.294755090056291e-05,0.0015372879840501415,0.0021617126455027217,0.0029658886019017614,0.007883581221449016,0.002314949648706488,0.0011110214212750893,4.294755490263924e-05,0.0015372879861388355,0.002161712502129376,0.0029658887069672346,0.007883581332862377
20260826,5,gaussian_blur:2.0,gaussian_blur,1024,0.35043221712112427,0.34985142946243286,0.9862529039382935,0.03746091539802871,0.03746091546864701,0.006066547851709736,0.05297773471467267,0.005431680022343208,0.03726093521447138,0.0047276915531377,0.00720098710502469,2.7628054949691133e-05,8.732764664461016,6.174997112746649,6.8599282470982414,0.7855391174132408,4.6809028515140465,1.3191893302694246,1.4142135623730951,0.9199000138341908,1.1286384453150318e-07,2.4294090072984886e-09,4.575199531913466,6.6096198697572035,2.5012648997186866,3.505025555255916,3.8797526073958055,4.336517696601309,118.54617410372312,4.606048895484699,6.588126116701427,2.4778931248513993,3.5564569054918613,3.946126663254245,4.392275713698057,112.23763375956833,1.4858650670953084,3.7984477814782194,0.26838456081693274,0.7095484739971727,0.9309137395274972,1.2518302395080954,60.21957177209287,0.537847275789799,0.11296584891599791,0.28644373902349635,0.4566094713448946,0.520636629756658,0.5982119902021155,0.9973164572586894,0.6501485641393734,0.12223624576477622,-0.3874828305081499,0.5881515053879828,0.6641515509441288,0.7258572339224725,0.8875176874053663,0.013747104596175848,0.14922669974898609,-0.43333606597424495,-0.08957343905841264,0.014564727272206267,0.1122483512902476,0.4755961981733754,0.7446278870122156,0.08897627427675103,0.46077364783875235,0.6878453274123214,0.7475979462413137,0.8087507591273579,0.9999525615207453,0.988584637264037,0.016273582049819643,0.8796637177257178,0.9851988589846177,0.9950964782841464,0.9988440558281697,0.9999999971139417,0.001079727587978726,0.0004525684691091065,1.621536546039732e-05,0.0007722186991036991,0.0010425784246962506,0.0013660166901833574,0.0036252353968019525,0.0010797275889906643,0.00045256846741972275,1.621536648599431e-05,0.0007722188020125031,0.0010425784275867045,0.0013660167169291526,0.003625235054641962
20260826,5,gaussian_noise:0.03,gaussian_noise,1024,0.3517400622367859,0.3491314649581909,0.9862750768661499,0.07439426807218784,0.07439426798911913,0.006214327548584945,0.10520938275303088,0.004880167209946673,0.07280251644191561,0.004803444699728971,0.006847562557610777,3.675766988067459e-05,16.930131527583857,11.971410809534706,14.918037294609654,0.8811530654858797,9.043259255922829,1.3237938277988388,1.414213562373095,1.5749443301016548,1.1341860691884033e-07,1.9512608195881853e-09,4.640098920254656,6.564174256653461,2.486676127566375,3.5289954220042308,3.9258553340701066,4.385699315456858,116.01008079854176,4.449140550471669,6.695206330345364,2.5280456968388796,3.428767054794572,3.8394105166015593,4.2895920666094325,117.73833710314017,0.8866907810441298,3.2445986793905783,0.12389463252676004,0.35372767335572686,0.4734904610687424,0.6805114687985904,52.28520611322747,0.551609601769018,0.2910541969358346,0.1566211542944976,0.31977308238350144,0.45252755622453,0.8074225430831923,1.3036570677033634,0.6508684962397231,0.10864052424187648,-0.04254392134150181,0.5947679004605505,0.6654103521241628,0.7181556564380318,0.8546858845690845,0.013724927104000386,0.13577248465008698,-0.3808878908149427,-0.07084759281698139,0.01757354041982151,0.10261814487872528,0.4151314486140836,0.7467911698667091,0.08299782543531753,0.5191454889704441,0.6958824904329626,0.7464777206963363,0.8038974675260877,0.9999982292196683,0.990564275024737,0.013343606265651153,0.9097614414623058,0.988123054821743,0.9958785516520725,0.9990917718782428,0.9999999999649807,0.0021171053985863226,0.0009610196436330106,1.8644768473104514e-05,0.0014296557720723012,0.002038541486171443,0.0027340015054296905,0.00783504044907407,0.002117105393974583,0.000961019639937089,1.8644768715603277e-05,0.0014296556764747947,0.0020385413663461804,0.002734001725912094,0.007835040800273418
20260826,5,gaussian_noise:0.06,gaussian_noise,1024,0.351033091545105,0.36408543586730957,0.9720346331596375,0.0493155648915085,0.04931556490655752,0.006228390737926516,0.06974274072694431,0.00511356418998114,0.05110336939198902,0.0047481615143889384,0.006978078280714665,2.9024244221930445e-05,11.197553856449645,7.917866264597119,9.993688842728206,0.8924885712402242,6.093934489508153,1.2993028193277343,1.4142135623730951,1.1988925124408616,1.1184321894865737e-07,1.9963197761541096e-10,4.574668614994262,6.609987665480679,2.514362229172107,3.5070267592545763,3.875027488478402,4.332246515459441,116.96153537595846,4.620140801878277,6.578250254922109,2.4334115797930913,3.481367751988258,3.8855239141140103,4.391882909396348,97.91757964023536,1.5896494426510008,5.5711125129899335,0.2494047071323002,0.5382714718735755,0.7147364797562488,1.0434164207005883,76.36846000130681,0.7171354130352667,0.2691914637056722,0.2386061674770644,0.5024074699809715,0.6466184039324339,0.9557333787108534,1.5688975604317161,0.6359145318929118,0.11360790199953864,-0.15997625391562525,0.5804302120474173,0.6536316263317924,0.7063816749935686,0.8414188933852011,0.027965350490807176,0.152102639232688,-0.49403462615386784,-0.07233716866695912,0.02226810445012197,0.1177970059822209,0.5719938587240946,0.7594998215746772,0.07670935029448249,0.540383424851673,0.7078311396535935,0.7568128302841447,0.8143099930661858,0.9998776575006254,0.9877583019807304,0.02095913045035408,0.8202579018710644,0.9853946201731627,0.9951569919332239,0.9990572227712252,0.9999999999751052,0.0013976303590385883,0.0006496659982307718,1.2787129626509863e-05,0.000927626528490218,0.0013490133170871593,0.001792160836887116,0.0038958559974474234,0.001397630357828028,0.0006496660008668779,1.2787128980562557e-05,0.0009276265336666256,0.0013490132405422628,0.0017921609105542302,0.0038958564400672913
20260826,6,brightness:0.8,brightness,1024,0.3351738452911377,0.33574897050857544,0.9888890981674194,0.34879184587791023,0.34879184593384355,0.006189175022440229,0.4932661589647886,0.004344849008226627,0.3512626706035263,0.004305909544419003,0.00611707200456285,1.9928170121732724e-05,79.69820810953682,56.35514340267018,80.84577161103603,1.0143988620160944,41.7084982821272,1.351166930117369,1.414213562373095,3.0688665188674205,1.1741867750365539e-07,3.211724219909229e-09,4.400153793162742,6.727541704665079,2.529605865014914,3.3323479145854065,3.758415736458657,4.256173684371439,126.33874764946192,4.404271586337985,6.724844248676445,2.5570905052398922,3.3210632641552036,3.7366899852552744,4.269085121554248,124.94710155585256,0.13539087745541256,0.15662813268555836,0.03075812845367114,0.07768759635437382,0.10307360889593095,0.14622342984030812,2.052181917245038,0.057309940073351454,0.02121533101878215,0.029275117003904595,0.046465263055125654,0.053261827818884486,0.06208982782747427,0.37371164930243983,0.6642510412325537,0.11506839284759346,0.07311371096874744,0.6074921399171768,0.6818422107687153,0.739388014081221,0.8999527053093277,0.011110896807154935,0.151748328169731,-0.46269310929902846,-0.09435652014245911,0.013920337851029533,0.10815065518929118,0.47922133464619565,0.7326106135666366,0.09398438446537338,0.4359875321685504,0.6732795022651883,0.7314992327603289,0.7943253416209303,0.9973236111054318,0.9882195916656404,0.017140778424766936,0.8776940881764664,0.9850102188911144,0.9949918738740258,0.9988472935865023,0.9999999937896014,0.009877197906637467,0.004611526247430889,0.0004736783853509429,0.006569472432967167,0.009365808274596883,0.012481509612448767,0.03152089614418182,0.009877197902682155,0.00461152624872017,0.0004736783739645034,0.0065694727236405015,0.009365808218717575,0.012481510639190674,0.03152089938521385
20260826,6,brightness:0.6,brightness,1024,0.33550524711608887,0.33512353897094727,1.001296877861023,0.47374196073036984,0.4737419603025589,0.006173217308016701,0.6699723053250952,0.004310118505167024,0.4579103305993763,0.0043214843755559895,0.006103470220846314,3.244501780315022e-05,108.52887107263368,76.7415006899798,106.2407750623162,0.9789171674992717,56.69698748415716,1.353537537104336,1.4142135623730951,3.3884259252025437,1.1794492866332956e-07,1.4407022241869072e-09,4.416275183169734,6.716959234683341,2.5699865282772603,3.330456949813502,3.7504672394201455,4.272642670799371,124.91990102038501,4.414587374124773,6.718070006546003,2.5075899957116268,3.33329795127748,3.7512257191787652,4.2473645212257924,124.98627062904644,0.106434309759747,0.15096874237641164,0.01786809579756344,0.06145130062685769,0.08333634786260952,0.1160483550082643,2.5883222894025577,0.10284267655937074,0.032068533935725695,0.05460637486704191,0.08434027011408206,0.09829395691367175,0.11468909805524119,0.5293606199410661,0.6648764179281135,0.11483778959990673,0.07039502715760555,0.6082523351654703,0.6820325047294312,0.7406906868682077,0.9012447687681095,-0.0012968792161499737,0.14827225657407037,-0.4164566622692446,-0.10098645909717012,-0.00033911226260101984,0.09163942642352389,0.5264100759465061,0.732085047259282,0.09393940045147457,0.433310358482366,0.6718461923537928,0.7313218197598231,0.7937435397563579,0.9975191928737412,0.988819285689069,0.016486695278055307,0.850230810981344,0.9855777851470245,0.9952365859998302,0.9988028521924586,0.9999999936285254,0.013015313286232472,0.007058442273670448,0.0003758655221093471,0.008291578919472976,0.011588219526158492,0.01576489568178066,0.05330984600650446,0.013015313271466766,0.007058442281236261,0.00037586555117741227,0.008291579317301512,0.01158822001889348,0.01576489442959428,0.0533098466694355
20260826,6,contrast:0.75,contrast,1024,0.3356214761734009,0.3307664394378662,0.9725791215896606,0.2877443304611939,0.2877443307802206,0.006149718616340183,0.406931935085358,0.004341433541046249,0.28235170674936355,0.0043213541214781005,0.0061255323551947,7.040541885542374e-06,66.17082186559149,46.789836857846815,65.03651480089665,0.9828578966874723,34.4032168936752,1.3600424872589905,1.4142135623730951,2.884060544186616,1.1709496764576229e-07,3.933808834233332e-09,4.396431926750637,6.729977230526788,2.545032216290154,3.328946790589789,3.7413584233072896,4.249995542143212,125.5142791399615,4.39314923812498,6.732122148062454,2.542406251827144,3.336748592163782,3.738617858703843,4.246775283267302,126.2997770990516,0.15741287913447008,0.16228718645540538,0.042779169820698494,0.0925630708486552,0.12569067261669603,0.1813540730457058,2.449532701816411,0.08871776777160764,0.037460874805904903,0.03640721187343417,0.06407052976347857,0.07730668543395902,0.09751929984654968,0.2799223746459872,0.6692335235647852,0.11517401784062192,0.09847915470706647,0.6086703795200471,0.6863182046906725,0.7471597425949638,0.9099903652522571,0.027420855448267178,0.14744257567773997,-0.3997327471451417,-0.07175513494918999,0.022394446670975534,0.11888090965534794,0.4634223008174583,0.727737974561173,0.09633739907887688,0.4146293949397024,0.664644500503424,0.7273013725629889,0.7934231745513362,0.9951391139374343,0.9885443144033879,0.017619733295892694,0.8861375576653171,0.9869311206988363,0.9951938608432218,0.9989840683775075,0.9999999400818745,0.008182238849903248,0.003731060394187321,0.00039863094038667784,0.005305765158203688,0.007685748757069642,0.010430395050794579,0.022737713921639497,0.00818223886867031,0.0037310604132002384,0.0003986309457104653,0.005305764963850379,0.007685748860239983,0.010430395137518644,0.022737713530659676
20260826,6,contrast:0.5,contrast,1024,0.33556067943573,0.32522422075271606,0.9901633262634277,0.17096982868617142,0.17096982890968987,0.006132634642645867,0.2417878508006911,0.004361163406416879,0.1657249544151956,0.004324159554184904,0.006141506501463485,2.7450970405244672e-05,39.4264235340741,27.87869143887668,38.00017081940867,0.9638249532465761,20.350022562294487,1.3699587451805744,1.4142135623730951,2.3517278039405287,1.1896805417317579e-07,2.332941062554994e-09,4.415759648277724,6.717298925951143,2.55482727495235,3.337801916923258,3.736579090006786,4.2647270988353405,124.28890907907886,4.378682311213915,6.741550783597563,2.5372649328502006,3.350214478588809,3.735935715090614,4.219978550131525,125.55871108775376,0.3166398432554542,0.38729314556780886,0.06537303582360783,0.15328584112407273,0.21893315956524248,0.36167166662753353,5.9949349274820065,0.16837788837965095,0.054473148783481994,0.07620393632088918,0.13345333045843416,0.15444495068768682,0.18479610416031042,0.5442550918089526,0.6747758118487168,0.11479703651969779,0.09258506842167052,0.61305026330777,0.6901744181036672,0.7539197144006298,0.9116476685989711,0.009836668896650285,0.13946512095055785,-0.4195144016228264,-0.0846224034244221,0.01526780571865559,0.1103719122179449,0.3989482084317158,0.7225841356193434,0.09691983227415274,0.41097266130250165,0.656966562204472,0.7236430496056958,0.7900437684095551,0.9957047780870365,0.9900939885269693,0.013630478712054021,0.9077486804347566,0.9874719309567801,0.9951605651562996,0.9989601106349268,0.9999999985964552,0.004701804498485096,0.002538684014583344,0.00016259281692019458,0.0026726439749645016,0.004400330422367813,0.006319732910479005,0.01491441148752568,0.004701804496448858,0.0025386840138426855,0.00016259279800578952,0.0026726439245976508,0.004400330595672131,0.00631973275449127,0.01491441298276186
20260826,6,gaussian_blur:1.0,gaussian_blur,1024,0.3352838158607483,0.337149977684021,0.9926447868347168,0.09238620234590114,0.09238620243101613,0.006225737159756554,0.13065382045408921,0.004392145961197427,0.08849162511247134,0.004317990576355735,0.00615921981763598,1.7234125701591986e-05,20.98608037914633,14.839399746620321,20.14769679656683,0.9600504921627674,10.997048227802221,1.3493984414364264,1.4142135623730951,1.7513944093752722,1.1753627043418196e-07,5.136857605947398e-10,4.418270155203242,6.71564553412115,2.53801526027698,3.3286351600146005,3.7628156648643962,4.278533389442815,126.44626097913951,4.374236798725684,6.744438768442277,2.5654557798382855,3.3280457306414757,3.7506204204403257,4.207022507912177,123.07757196501815,0.5303075382250808,0.816919659016846,0.09360317153222164,0.29803826300822084,0.40165432431364945,0.5478237404210726,13.075463519393349,0.28285614799611747,0.08845379733382709,0.12684662910560396,0.21981403063999272,0.27254692337399844,0.32739643850641975,0.9715178546847334,0.6628499944127275,0.11625110742249924,0.06855762602200129,0.6071161723675955,0.6807528850518687,0.7387716110259812,0.9068402154533979,0.007355222809996673,0.14110740548880332,-0.40760693372682366,-0.08524978406388356,0.004211158726771634,0.10278526079493246,0.40921188047663654,0.7336142943342923,0.0945915826883789,0.4214745824322448,0.6739558101232835,0.7325131017818948,0.7946129746235981,0.9976471580244327,0.9898801110935764,0.013841900571225333,0.9124393880564204,0.9858760578658823,0.995607724142796,0.9990629220622973,0.9999999625653424,0.0026096987291541404,0.0012353660567683306,7.460731779008958e-05,0.00176408066881602,0.002416947666016309,0.003241443882801005,0.010400809467114368,0.0026096987287829165,0.001235366056347408,7.460731285391375e-05,0.0017640807491261512,0.0024169478565454483,0.0032414436573162675,0.010400808416306973
20260826,6,gaussian_blur:2.0,gaussian_blur,1024,0.3355156183242798,0.35167181491851807,0.9723124504089355,0.034728521914748844,0.03472852195678097,0.006091812472055342,0.04911354675245147,0.005124966326719443,0.03387039836608105,0.0043184605146778295,0.006701819235613542,1.505699005072395e-05,8.062222364484711,5.70085210536098,6.608901640874181,0.8197369586315773,4.308942221849509,1.3230282058639968,1.4142135623730951,0.834195655018747,1.169186496365849e-07,1.4762356892461526e-09,4.403946244302652,6.725057452419699,2.565968060753408,3.32232647553915,3.7482710709510023,4.255984237519909,124.44782950019493,4.618224766845998,6.579588852256499,2.537868477988847,3.499053080192634,3.913262078866019,4.390411966412852,94.6390754645812,1.8894443283827853,6.842499764288914,0.37072274214420436,0.7843923768237431,0.9885903439602886,1.29820402777174,93.60658524117375,0.4785347951403194,0.12290503484434977,0.2429463857440884,0.3877226936393054,0.4646416828183173,0.5547630732393929,1.0771608068164231,0.6483281808063532,0.11843854860565137,-0.04050864594696936,0.597527192815922,0.6659090051822378,0.7253171896830404,0.8986670364987681,0.02768752601585272,0.1471509738371293,-0.46346302372677356,-0.07273554109856592,0.03327246075413777,0.12886275683763504,0.43372302607829555,0.7465951022702275,0.09088673805614013,0.43863145978203844,0.6884147999048903,0.7460329182722334,0.8018485981734975,0.9998812217914932,0.9886156419317005,0.015507581562573983,0.8861162596623742,0.9849910527561025,0.9946444532467702,0.9987603254927331,0.9999999987405596,0.0010090936013483084,0.0003996110775301053,9.890897580615946e-06,0.0007445258353676993,0.0009771449852588965,0.0012356079609073338,0.0025290223653512715,0.0010090936042752574,0.0003996110804436828,9.890896762954071e-06,0.0007445258524967358,0.000977145042270422,0.0012356078950688243,0.0025290222838521004
20260826,6,gaussian_noise:0.03,gaussian_noise,1024,0.335521936416626,0.3246420621871948,1.0074102878570557,0.08344868929760599,0.08344868967190644,0.006167708565040628,0.11801426869627371,0.004539339153768838,0.07668277296988041,0.00433505976765395,0.006276809949494306,3.719762864240928e-05,19.13421612771944,13.529933976599418,16.892937577976227,0.8828654105931045,9.793764738284613,1.3814844744214956,1.4142135623730951,1.6120137145930007,1.1834170738591918e-07,3.290668182387435e-09,4.399993413796298,6.7276464685150374,2.5280713995674535,3.3292368571118898,3.7555404685675438,4.270552140003982,127.11294001432142,4.3246883931737266,6.7763479005719764,2.414297342867858,3.289434760587485,3.7124377096059695,4.247024740057976,135.45028786053624,0.6286680347977087,1.3642653467398667,0.12885424336796739,0.3230716481446866,0.4344628875932021,0.6288522808751005,25.745020946869303,0.5636496227178724,0.27351900150938296,0.15206188258848768,0.35971750416131343,0.45518506398082903,0.7831276123216042,1.3705588415358139,0.6753579388669608,0.11611695299297153,-0.06199269719165372,0.6252828997440343,0.6927974283369189,0.7474571291422567,0.8685634703231104,-0.007410335827795461,0.13756064223896103,-0.4313960173348816,-0.10656408764302314,-0.005433065032190508,0.09248045593328971,0.35142050478864983,0.7223031057010489,0.09331882214494,0.4955779434360204,0.6643100402712715,0.7211322475599002,0.7803978303500643,0.9996159374337097,0.9903978504549413,0.012364593322827286,0.9021626661681377,0.987126486105922,0.9950057552082376,0.9989768519633144,0.9999999960742146,0.002351339244368212,0.0011282372316154454,3.7429286573813145e-05,0.0015253097123512954,0.002212457883234501,0.002990058749759092,0.007437011440626038,0.0023513392506089303,0.0011282372374409062,3.7429286749102175e-05,0.0015253096935339272,0.002212457940913737,0.0029900589142926037,0.007437011227011681
20260826,6,gaussian_noise:0.06,gaussian_noise,1024,0.33537817001342773,0.330419659614563,0.9919415712356567,0.04836380607360617,0.04836380618367988,0.006108998143980786,0.06839675063294384,0.004976933069663762,0.04673577326768976,0.00432900618493872,0.006596222959326834,2.6253721683037753e-05,11.196066690630012,7.916814679561308,9.390476547205646,0.8387299581793788,5.7752552440218965,1.3708164087425738,1.414213562373095,1.0916023821090668,1.22004866996809e-07,3.3320844972095642e-09,4.3945991739847035,6.7311750966398955,2.5305251369744575,3.324266817408319,3.7397412826388923,4.2544325069879685,126.0361941807463,4.456770983173515,6.6901264855893166,2.5134757749649266,3.31559600125317,3.7663939838724554,4.362563421671519,136.2649242529715,1.245276180337553,3.5247203315716256,0.21401738142154417,0.5633125214916873,0.7540887091917723,1.0612937481610958,50.29304524320204,0.6929146547269609,0.25565914980734705,0.22166343993257023,0.4962035018394748,0.6201624238016805,0.8817886157716227,1.428809755375755,0.66958034897878,0.12522243024026897,-0.18740417899281037,0.6236239587204775,0.6923857939716833,0.7451551610775969,0.8633138357595972,0.008058410050179453,0.1492547608360962,-0.47316213563634435,-0.08829816659493993,0.009278321330172059,0.11001503418504642,0.472398474851529,0.7266724670817982,0.08917232355561591,0.5046674360269853,0.666891131563031,0.7215273867674941,0.7817244769537108,0.9999908975382847,0.9886497898629272,0.015864174719070357,0.8809753648088315,0.9843420427543672,0.9948913721004127,0.9989624858236337,0.9999999976353837,0.0013680095582571557,0.0006427981222815273,1.8468508964247145e-05,0.0009068772969945717,0.0012788635866281626,0.0017215253285789032,0.004190038455834976,0.0013680095609096554,0.00064279812662439,1.8468510461389087e-05,0.0009068773506442085,0.0012788635212928057,0.0017215252155438066,0.004190038423985243
20260826,7,brightness:0.8,brightness,1024,0.3479211926460266,0.3461264371871948,0.9841678738594055,0.32339289438785684,0.32339289236494895,0.0057585952127153575,0.45734661435757334,0.005609926439625498,0.4087673528369845,0.005684664793696503,0.007986656902277806,0.00013398155123328312,79.41982331866666,56.15829562926668,72.8650111968799,0.9174662968527894,42.4934254660939,1.3215761101043666,1.4142135623730951,3.1239507316421538,1.1868096453555198e-07,5.3994433368842465e-09,4.923637840326662,6.354011885325176,2.2640965472672323,3.716815159915532,4.169483783937253,4.823618569317561,108.60794464810469,4.904466420026354,6.368838331132671,2.2945278220465135,3.7043650127090366,4.144985814679749,4.787357882060673,108.45327887531961,0.14530149228913775,0.22342463243972688,0.03736554116073145,0.08337206368193303,0.10799452224017292,0.1479697626882062,3.1922409330728274,0.0695207536150491,0.02536051935494346,0.034561652879784625,0.054062696250357624,0.06304116991266775,0.07858999734812008,0.2990541091586512,0.6538735382812441,0.11795093599895026,-0.0519897255282699,0.5898730532187979,0.668733743578916,0.7332172355709577,0.861560622318759,0.015832121330737924,0.148349752582104,-0.4616975314606654,-0.0816024483043486,0.01685315494405884,0.11405922883633768,0.4356461883081991,0.742057505219978,0.088932229848416,0.507654699643087,0.679994459269572,0.7435019613322142,0.8074959929494563,0.9999981332040877,0.9886896965946667,0.01600376996786422,0.8870374227974421,0.9846941451195552,0.9949160627135087,0.9989410848347651,0.9999999938299725,0.009319931955467355,0.003909679859579769,0.0003004958043805786,0.006544754809395936,0.008943102920445319,0.011601712062674066,0.025655355707749915,0.00931993189905711,0.003909679810971252,0.00030049579800106585,0.006544754491187632,0.008943102788180113,0.011601711856201291,0.025655360892415047
20260826,7,brightness:0.6,brightness,1024,0.3466196060180664,0.3447380065917969,1.0165512561798096,0.30723467924689796,0.3072346782797805,0.005750522171689653,0.4344954488546002,0.005644902288152344,0.38679522590578563,0.005602561146066918,0.00795321401938903,0.0001772408775753608,75.55756431888238,53.42726609982045,68.52115522311178,0.9068735319990701,40.29261376503119,1.3259816486887661,1.4142135623730951,3.0674415285431955,1.1547683220440878e-07,6.182522716002836e-09,4.882929619827426,6.385383020981013,2.260972778502047,3.6952720569888964,4.13675319165659,4.787268390071664,110.25182370766676,4.903698350558425,6.36942831076239,2.242001409750564,3.7224656110587855,4.162170123187208,4.800274910015885,110.33346647499722,0.16144269127092797,0.2596210218695481,0.03286470300301265,0.08721787662007979,0.12053534058730547,0.16187033252775077,4.454855892565322,0.1285724423869384,0.04182835190970704,0.06017057798742542,0.10230319308599455,0.1219027488852556,0.14672338816528263,0.42682723228540465,0.655261953281558,0.11641544172049458,-0.023516415403162204,0.5893011783502456,0.6698795777285999,0.7353052632506826,0.8594459354745576,-0.01655125969386317,0.132720581909837,-0.4370682607382028,-0.10571169220985448,-0.01372586766813734,0.07210235844599787,0.36402962321644283,0.7411903143106388,0.08795979758734225,0.511226646406721,0.6777360592858963,0.7424697643009275,0.8079134353108254,0.9999972442688545,0.9909457654434277,0.012455774040864662,0.8994283381433357,0.9873512798381443,0.9959283002306372,0.9990648802015196,0.9999999989282986,0.008708549610010923,0.004044495885789539,0.00021911497142102635,0.005973298458778004,0.008030583969295338,0.011071280014948554,0.02949001546899824,0.008708549593364978,0.004044495865608929,0.0002191149687860161,0.005973298568278551,0.008030584547668695,0.011071278480812907,0.029490016400814056
20260826,7,contrast:0.75,contrast,1024,0.34638017416000366,0.3426506519317627,1.0037496089935303,0.15148915067796878,0.15148915036407748,0.00565352397353192,0.21423801099725545,0.005792299986380116,0.18411312975034141,0.005607430482414175,0.00806188661216013,6.178785406934976e-05,37.894596715296984,26.795526307715967,31.785841579901053,0.8387961433844736,20.16847068107139,1.3285849393023978,1.414213562373095,2.373432516927983,1.1798376344267175e-07,3.2810496541912926e-09,4.872876235729646,6.39306635464665,2.259551514264936,3.6981610565249556,4.12591463066733,4.760675265803062,110.27642280107925,4.995714675902253,6.297437663818412,2.2368671171736243,3.7465598317684696,4.215196627632832,4.86126253890599,105.48642492851306,0.3762416737261901,1.14628853856311,0.08385672520469321,0.17331049440852359,0.2221234674576835,0.29341548210017676,17.613040865163683,0.11390840863253221,0.037410309174037086,0.05542274842683424,0.08486438751009946,0.10622095809891403,0.13573636428360786,0.3420014764940014,0.6573493501563012,0.12251697975188153,-0.07434525485927428,0.5908732678469174,0.670666528827806,0.7377513009384814,0.8837221063685743,-0.003749568358805265,0.14151354640064578,-0.4617091346090057,-0.10038946120530572,-0.004796323553053029,0.09280266378919062,0.38937500069720526,0.7376298406175027,0.09384507895009818,0.46801200702064294,0.6750725923039655,0.7417589951485384,0.8067643881165866,0.9999994809005515,0.9898389031972846,0.014090892859448333,0.887031383333534,0.9864023773120536,0.9953286480767856,0.9989934264762281,0.9999999985977123,0.004402390982131795,0.0017415544850468362,5.5336587796882037e-05,0.0032800239153235487,0.004367836049499252,0.005585944050071888,0.011542555851202306,0.004402390974561854,0.0017415544956403308,5.533658986678347e-05,0.003280024218838662,0.004367835819721222,0.0055859447456896305,0.011542556807398796
20260826,7,contrast:0.5,contrast,1024,0.3435937762260437,0.3405713438987732,1.0125740766525269,0.08680815380698383,0.08680815381276819,0.005621943075047092,0.12276526844658647,0.005880402546274474,0.1027112366989864,0.005511945401139735,0.008059818621493712,6.272376253011291e-05,21.83680389641052,15.440952114592701,17.466701623013723,0.7998744553402733,11.60147932437443,1.330946829116989,1.4142135623730951,1.8186684371210138,1.1706490289487916e-07,3.399891479460848e-10,4.798091182870351,6.449442716273296,2.211087617525886,3.666490122775448,4.090813962804583,4.69465065429247,108.87978455592518,5.039808884190175,6.262165317919127,2.2062442931456023,3.797294722472783,4.258043264097165,4.894007444504184,92.08811667220037,0.7741881491803997,3.0926729360460516,0.16694275889994797,0.3058972735916841,0.3965963093651697,0.5458463868790672,47.56426230140744,0.21012511802962133,0.053391357018663065,0.10866878614688141,0.17123295836061786,0.2010152006910576,0.2440007739079837,0.497698772276903,0.6594286460564368,0.12275791465981037,-0.10564285797823879,0.5918455817776063,0.6749442293897264,0.7371744024972785,0.903089534396138,-0.012574118679863116,0.1367739576880008,-0.4285585765125692,-0.10452576444109724,-0.008443761578238871,0.07496469693568056,0.3327808115940838,0.7357128370792464,0.09399106385788755,0.4294523173347264,0.6757025215716888,0.7378687403533285,0.8060513625624726,0.9999902421717212,0.9904393972176498,0.013528631810447148,0.90351399906007,0.9874644878683998,0.9957766220559359,0.9991204607174083,0.9999999968658022,0.0025126303367361737,0.0010231078376115332,2.0080304230172078e-05,0.0017756630077345567,0.0024321964717397724,0.003176495557341685,0.00578028348606813,0.0025126303421529883,0.0010231078365608535,2.0080304238945246e-05,0.0017756629677023739,0.0024321965174749494,0.0031764956656843424,0.005780283361673355
20260826,7,gaussian_blur:1.0,gaussian_blur,1024,0.3462451696395874,0.3399553894996643,0.99793940782547,0.0685217102335735,0.0685217101969906,0.005790206698140138,0.09690433187758292,0.005475572765171354,0.08372540299268524,0.005573804251940256,0.007813398168891275,2.7980002812917037e-05,16.735902003068283,11.834069795643106,15.290711416573627,0.9136472843692739,8.894436595854295,1.330502461891906,1.4142135623730951,1.5532957276264399,1.1635981042163875e-07,6.521428952410702e-10,4.878639760456042,6.388664914009913,2.2432089046180756,3.682294089973242,4.132925195425802,4.773325216209638,108.46330544977742,4.825006842905479,6.429311040467355,2.3989230920762,3.697901340739325,4.128636060891301,4.679550269687601,94.54695916986229,0.8853501439092144,2.1096008859126356,0.1428080899192306,0.4008684859899999,0.5361779198665129,0.7879760395723839,31.269073205189184,0.33047411746019495,0.1148692175485869,0.15437359878970072,0.24966984996987712,0.30431364444331616,0.382556135683319,0.9031732963433429,0.6600445973434692,0.11293273570193672,-0.04053303378778149,0.5945487588956074,0.6663785663029544,0.7400663517948534,0.8657215165988883,0.002060576734382709,0.13432593373971335,-0.44264110724011607,-0.08812605936198223,-0.0019719886978383,0.08581928444097461,0.4520892983820986,0.7373929400219866,0.08865161322003975,0.5005259790437666,0.6725338600659536,0.7456135746448357,0.804059519537482,0.9999999385244063,0.9908427841995971,0.014166548571587575,0.8919726824787751,0.9883687315054989,0.9962289219890935,0.9991427476388951,0.9999999647800063,0.001916472092316227,0.0009556186298724833,3.122407489758978e-05,0.0012252030753796812,0.0018031535922352847,0.0024139661350488922,0.006702940429253617,0.0019164720957114412,0.0009556186328802713,3.122407724731602e-05,0.0012252031883690506,0.0018031536601483822,0.002413966169115156,0.006702940445393324
20260826,7,gaussian_blur:2.0,gaussian_blur,1024,0.3492467403411865,0.37751615047454834,1.0137776136398315,0.02361121855918411,0.02361121862173068,0.005464166268445885,0.03339130559900771,0.007287006065901235,0.030956307840230617,0.005754829912794092,0.009285393084284103,2.3047758526972175e-05,6.110960750194163,4.321101786027124,4.248151786930348,0.6951692148890617,3.38103622623749,1.278040660709294,1.4142135623730951,0.6262804766994072,1.0991141815534926e-07,3.139131066198786e-09,4.942659531734574,6.339209646825075,2.276035228370511,3.7268562610642584,4.184720097516613,4.823089139272586,109.15545744791818,5.38214579581399,5.97014694428287,2.186877227298915,4.021918993758421,4.699182478688,5.433765269850857,103.33062807383217,2.901572545334811,8.688926324360489,0.5318575016863314,1.135921750994238,1.4737343212357659,2.1033989109245215,110.22825601883675,0.5342484639918634,0.12996313096807116,0.28790313600983247,0.43878373313992475,0.512296530543527,0.6034544569056316,1.0102170310855167,0.6224838952391296,0.12550887995802035,-0.1866488962706372,0.5704052507781499,0.6415143735101729,0.7008273012853183,0.8275368158719733,-0.013777572850052032,0.1396937958153432,-0.36064811898518806,-0.11639534458017206,-0.012928831961820769,0.07752256978207381,0.4155514527322589,0.768072387798691,0.08275384761851612,0.5614114519463208,0.7133309826046789,0.7671106393999052,0.8213633858077202,0.9998628112395229,0.9900207062693438,0.013192801620068532,0.9095696730499041,0.9862664356420148,0.9951991545024985,0.9988885857593127,0.9999999997557901,0.0006743586379837317,0.0002995856367504015,8.806306397226769e-06,0.0004591710851397152,0.0006587460755102565,0.0008535328642039118,0.0018358716288931936,0.0006743586398858525,0.00029958563946280606,8.806306141195819e-06,0.00045917108946014196,0.0006587460520677269,0.0008535328815924004,0.001835871604271233
20260826,7,gaussian_noise:0.03,gaussian_noise,1024,0.3503572940826416,0.34382641315460205,1.012882947921753,0.07007385024963235,0.07007385008538172,0.005560558458623156,0.09909938915844589,0.006147716585835869,0.08870696857807216,0.005870027244756276,0.008500096415567437,6.091864926116707e-05,17.821841078707727,12.601944679983209,14.429254722387498,0.8096388391447699,9.413878926992417,1.3386559178104647,1.414213562373095,1.6039454274986693,1.1678067148176824e-07,4.379198559334441e-09,4.987886383217482,6.303644811103238,2.2236848132046374,3.760621598207137,4.237298575022232,4.903813182628456,111.79018377984022,5.099429138673832,6.213661584614502,2.316180624474747,3.756841648964077,4.248761923701357,4.973165376108292,81.5712666944549,0.9735674023168555,3.2661451873206473,0.13129741688413443,0.3811397242414715,0.5250834643163775,0.7264035378662708,44.23659024999666,0.5468045455842215,0.2684354266258567,0.19239231088614653,0.34263225033820854,0.4383453445218859,0.7474697788488617,1.4147731694636108,0.6561735849510754,0.13732962295714973,-0.10245585249076408,0.5874088757867366,0.6779453170496608,0.7441190831622718,0.9062949532019566,-0.012882893032924073,0.15561396579743295,-0.46677356722922225,-0.11812495723952288,-0.005319221388112316,0.0906262479522233,0.4911446947733956,0.7348044524935826,0.10328626769647363,0.4226457828970531,0.6680469898262403,0.735112333367848,0.8092901319068165,0.9999979107904405,0.9876021043919461,0.01686220439596685,0.8710780038526676,0.9831488260779808,0.9943975854125775,0.9988314132064844,0.9999999987952123,0.0019785859651139364,0.0009387846021205523,2.201464647414624e-05,0.0013273242555697923,0.0018413027584446798,0.0025408029469709908,0.007437623145263065,0.0019785859567758024,0.0009387845988806941,2.201464303652756e-05,0.0013273241638671607,0.0018413026700727642,0.002540802874136716,0.007437622640281916
20260826,7,gaussian_noise:0.06,gaussian_noise,1024,0.34920501708984375,0.35526347160339355,1.0362287759780884,0.038042052853057236,0.03804205279351352,0.0058201957210520135,0.0537995870011001,0.00646558214966633,0.046954379722513026,0.005779156889859397,0.008671932131404927,4.010354791758949e-05,9.243604438679547,6.536215381196378,7.262204490733477,0.7856463935588838,4.955890995813738,1.3188779541515814,1.414213562373095,0.9772220384769368,1.1730099963727291e-07,5.567918348603484e-10,4.973099916558336,6.315332284578645,2.291240889636943,3.7483930971658532,4.210204954020523,4.840342449191139,106.62578169522634,4.79447723425208,6.452117012156747,2.2544047899436186,3.6179848289074683,4.13474926943016,4.8677018272116515,118.62516034832399,2.1412009111268415,8.394020320097239,0.28728674984511066,0.7097689263124287,0.9261821458209772,1.3194388838666846,114.14760314114723,0.6971157698172693,0.24248445116813083,0.3164889336868419,0.5108377782223121,0.6140521475395859,0.9170389130081187,1.491483388396835,0.6447365027387091,0.14126734801652316,-0.20522092666260675,0.5862647262502696,0.6702738928879037,0.7320989684107675,0.9230231019188655,-0.036228816210195317,0.15040577151382734,-0.4840633292578389,-0.14329271889226453,-0.029009370027170446,0.0719269572261157,0.40919247191431585,0.7446172583288762,0.09966296032778144,0.3847445299469191,0.6811982822506896,0.7421136824362716,0.8101195384392585,0.9992199923158952,0.9878234109148367,0.01711324968149366,0.8750329669605694,0.9840777000222078,0.9945541554855406,0.9987663227735404,0.9999999457126532,0.0010790578799899898,0.0004991557830019278,8.232169528320464e-06,0.0007311182633636008,0.0010480546644209203,0.0013717552192630995,0.0033659324914405227,0.0010790578789316996,0.0004991557830152026,8.232169420807622e-06,0.0007311183289857581,0.0010480546043254435,0.0013717552938032895,0.0033659327309578657
20260826,8,brightness:0.8,brightness,1024,0.359173059463501,0.357868492603302,1.0100996494293213,0.26308144093083097,0.263081440823793,0.006031749393435167,0.37205334162166287,0.005519674890732222,0.3203487595881552,0.005518824237621706,0.007805397610957469,0.0001162997523155441,61.68249331223843,43.61610930157766,58.037613796065216,0.9409090112858646,33.335113232436484,1.3084134102677185,1.4142135623730951,2.8912224365940746,1.1274303157242968e-07,2.647299268687675e-09,4.64680384721896,6.559393457395563,2.3779184187077087,3.528760609877345,3.952707715320665,4.6301153363445255,116.56221768686447,4.675299835464555,6.539091731892939,2.392452013545553,3.5327776179194137,3.9712738359120996,4.652667091296693,114.04150324453181,0.20328399136748443,0.551131638002057,0.045454694834676,0.10160022016084463,0.13515976805113175,0.18448914394070806,10.613774783161958,0.06181029025429838,0.02207911390862346,0.028764400775119093,0.04899723452830334,0.05744625145093703,0.06799764100842223,0.2339653369600889,0.6421315096724889,0.13710962253162726,-0.2565161404314621,0.5701915691557644,0.6569112162128058,0.7339401659791669,0.9246911279075671,-0.010099596805519516,0.1432355083552953,-0.40140754544257995,-0.10444035323862125,-0.013247762074786385,0.08354471409609966,0.4868150173049307,0.746995265047246,0.10437982530522985,0.3807181608080067,0.6792141274738314,0.7539679202448216,0.8215117007789338,0.999884328344976,0.9895397145071425,0.01459398004653051,0.8735050880941679,0.9857484401167771,0.9954162769033715,0.9989777222978359,0.9999999998708952,0.00753844196138948,0.003282088417953404,8.921192081977337e-05,0.005236035601341771,0.007186080755726255,0.009459337739760994,0.021008965213300805,0.007538441967874121,0.003282088433489464,8.921191329136491e-05,0.0052360356785357,0.007186080561950803,0.009459338150918484,0.021008966490626335
20260826,8,brightness:0.6,brightness,1024,0.3585140109062195,0.35929667949676514,1.0258135795593262,0.21022000715515168,0.21022000792367565,0.005992449016206482,0.2972959862878416,0.005701935619744888,0.2629070009932846,0.005482833142979734,0.00791034317115715,9.946017160682078e-05,49.611767323144406,35.08081710084458,46.10837766790629,0.929383897323816,26.89561137919549,1.3043323886472187,1.414213562373095,2.679698206970788,1.1055778424631504e-07,1.895372192528555e-09,4.593796658890527,6.596662611015078,2.401843732046009,3.500659874569776,3.944633996919791,4.580500609104227,120.9681996937454,4.697995876687102,6.522782080546743,2.3848052731840808,3.5545569361421587,4.011287849547088,4.718186477439157,117.35374075657369,0.25189203610476674,0.7023737485910552,0.06568496427497596,0.12889711676404558,0.16431924997228375,0.22670069301823625,13.121877588490914,0.10421891305765944,0.03552330758365706,0.05763767963167447,0.08499430844816355,0.09683993330008914,0.11409236680235399,0.6804955060416841,0.6407032707055706,0.1358864148037676,-0.24172154009769276,0.569428414687451,0.6569111046374247,0.7330794106905948,0.9234061834455023,-0.025813540218567063,0.14659367219442965,-0.45725526152614043,-0.1259382082658169,-0.030790586278779918,0.0726577447046339,0.4666485290997085,0.7486172613958277,0.10312523950154096,0.3838242050400305,0.68014298694688,0.7539680318547355,0.8220408823519556,0.9999542464011508,0.9887466458998084,0.015660529354717866,0.8844428473842042,0.9853470589166934,0.994855356161152,0.998694664760961,0.9999999586681103,0.006067997682800488,0.0025183900792291737,7.442110407978143e-05,0.004258604692696246,0.005856218201978636,0.007515312284277063,0.014773571230535548,0.006067997702096761,0.0025183901022650264,7.442110654665157e-05,0.004258604836650193,0.005856218049302697,0.007515313103795052,0.014773571863770485
20260826,8,contrast:0.75,contrast,1024,0.36112314462661743,0.35200250148773193,1.0082550048828125,0.12135273160637783,0.12135273172140444,0.006141828710068093,0.17161867903143388,0.005383957422990366,0.1436151870561201,0.005652074286347659,0.007805955500191214,7.76088706359766e-05,27.942602624216,19.75840379958415,26.67465133413948,0.9546230067711133,15.013643092598633,1.316029940518833,1.4142135623730951,2.0877661531499436,1.1048171530232423e-07,1.343196220915388e-09,4.667611136286663,6.544583393077926,2.381039487083734,3.535874413863707,3.9944021720446683,4.658462029645318,117.96663450920965,4.5420276761419345,6.632457112267226,2.3848759905980357,3.4547845726899253,3.8803287917990312,4.4958018718552655,118.08929457489222,0.5032391106264171,1.7711080474620702,0.10792813361989949,0.21553139759862927,0.29050388791823,0.3960543701214254,36.07780068030541,0.104943304736337,0.04691220640690597,0.04698667745044934,0.07402885544801087,0.08822364592802381,0.1258257567632134,0.48360507676767134,0.6479975196779046,0.13329235791245517,-0.07911454485947922,0.5735604630330962,0.6580658756133595,0.7417117589191522,0.9289955393195606,-0.008255049743938803,0.13842763135786515,-0.40275202639887775,-0.10080111354461593,-0.005983175390131032,0.08514096618003214,0.5238011062815615,0.7425469374199462,0.10480689395216723,0.3700909184570175,0.6707187330613998,0.7529603480408602,0.8191630274011801,0.9998766217381136,0.9902488642888934,0.013990569976399083,0.8518405960379043,0.9871809578927746,0.9956490773668656,0.9989752392049873,0.9999999998036246,0.0034716110882566866,0.0015269337898868366,2.701285599066507e-05,0.0024197834134014706,0.0033395688265845476,0.004482341552999635,0.008991960700010291,0.003471611089350901,0.001526933792727027,2.7012853024643846e-05,0.0024197835591621697,0.0033395688515156507,0.004482341348193586,0.008991959504783154
20260826,8,contrast:0.5,contrast,1024,0.3600881099700928,0.34744423627853394,0.9941228628158569,0.07576152374881517,0.07576152348007113,0.006207640374737532,0.10714297401156428,0.005339486873708314,0.08611001470765096,0.00558719294664925,0.007728314505607967,5.7228910453417764e-05,17.25985520159815,12.204560655347956,16.12702058163258,0.9343659256271931,9.243470605526062,1.3203439741637026,1.414213562373095,1.5994515423705906,1.1758354280841543e-07,4.835707834160985e-09,4.643483339550848,6.56174338702567,2.387418987862583,3.5338998462014257,3.97734336614867,4.640955117715157,119.43767436314992,4.4837523966922515,6.672037020062936,2.4177137740686674,3.392174717096567,3.8590305903420514,4.422688083875176,121.00778378722137,0.7259895773281899,1.468036349966701,0.1342758811069723,0.34085451065679884,0.45411368466215685,0.6708960188354524,31.63270671583029,0.1901105437302999,0.06588027594392239,0.08232528327850665,0.14785373971759674,0.17680205354262524,0.2270449886357945,0.9155555069861064,0.6525557814568262,0.13033902426199306,-0.2023443681890646,0.5800573341725587,0.6615410157268734,0.743603388459657,0.9250486939562326,0.005877110174223716,0.14209669693293694,-0.41870523173234375,-0.09938886586803908,0.013672680090718233,0.1055272060260043,0.44798093733247146,0.739280804294014,0.10331310070520439,0.3798485406183214,0.6686209693519357,0.7499089788544815,0.8145756311429946,0.9999996895159645,0.989752425981437,0.013565452546054733,0.894043108461063,0.9859341741273661,0.9947200417994689,0.9986799616332442,0.9999999626638353,0.0021457857786892553,0.0010009313132118343,3.0755039092982885e-05,0.0014387126456163765,0.0021325922065797533,0.002832355149685206,0.007217263538211201,0.0021457857697271265,0.0010009313116585337,3.07550399156753e-05,0.0014387127303052694,0.0021325923735275865,0.002832355268765241,0.007217263802886009
20260826,8,gaussian_blur:1.0,gaussian_blur,1024,0.3587149381637573,0.3531785011291504,0.9919872879981995,0.06543074670876008,0.06543074674047727,0.006190466443864151,0.09253304943658214,0.0055058359010605904,0.07438623950598328,0.005459371394761102,0.00775364204715071,2.140103275724221e-05,14.947669981847456,10.569598807102933,13.510435262274024,0.9038489128192676,8.069694716381662,1.3097891775839454,1.414213562373095,1.4716758707217754,1.1378964034839967e-07,1.1163026059080039e-10,4.559552589422407,6.620403214683987,2.371402695038953,3.4807708362337286,3.9190678805872823,4.566579600299334,121.0439633772708,4.538486358206077,6.63488746988757,2.4468164830712857,3.4285574198239224,3.8726802785630032,4.433636850209916,122.50726652845523,0.9057659999096579,2.3972520770140866,0.16359114592389667,0.41380407287010956,0.5427669071781513,0.7519396827458438,32.0973752256003,0.27563374928245027,0.09138057253758448,0.12597011993602109,0.20869852240244763,0.257602651756602,0.31832525668363604,0.7021126918523982,0.6468214795674022,0.1328351839049328,-0.1430718948272658,0.575847606651196,0.6652412950804227,0.7404122797104756,0.9102190795205652,0.008012711819725002,0.14436004413643252,-0.47588610322598013,-0.08317733865269952,0.005218613367990215,0.10923338142971714,0.4938699577808032,0.744215502882015,0.10073337963521856,0.41412706658311405,0.6721529108964933,0.7466284341072766,0.8175566084846041,0.9999897513555375,0.9893854724616609,0.015262367358111673,0.8695357754581393,0.9854394117092773,0.9950551454654559,0.9988964105772759,0.9999999991301057,0.0018547792127330558,0.0008610229115197006,2.9991270055292898e-05,0.0012843402422719405,0.001787856403955278,0.0023474586390774795,0.005929367089241213,0.0018547792144989472,0.0008610229126769191,2.9991273549967445e-05,0.001284340221900493,0.0017878565122373402,0.002347458677832037,0.005929367616772652
20260826,8,gaussian_blur:2.0,gaussian_blur,1024,0.36207497119903564,0.35876643657684326,0.997424840927124,0.03490950588335019,0.034909505811330455,0.0061744098588383985,0.049369496574125905,0.005637600110807211,0.04155459273633575,0.005663854394299403,0.007991356681390097,2.3106719190961185e-05,7.995824330232245,5.653901605083605,7.370972030576645,0.9218526728641311,4.361056191352945,1.2964523651745807,1.414213562373095,0.8665090992374771,1.104777616332393e-07,1.5662049435150038e-09,4.691413864384181,6.527523457885793,2.387922303799753,3.543535984948317,4.01634061410858,4.683447549274556,118.59709476850456,4.689549061046552,6.5288859984686045,2.3402218609335765,3.4822743710585518,3.941957726515532,4.466216482931226,100.20056570263267,1.8052106138063,5.517033803097561,0.31103628083680007,0.7561747641914112,0.9968032522492927,1.4055380646025324,83.25554217765671,0.45020139181443086,0.12344055735493238,0.23713168952881622,0.3562820061333434,0.42127738990605745,0.5270170056431371,1.1348076870470312,0.641233571065187,0.13412171354478475,-0.12449616721777987,0.5795235036756332,0.6599895191752689,0.7252322671443658,0.9085907172599381,0.002575161709749507,0.16752836683477934,-0.5238354786344557,-0.10902746589054524,-0.002049947005361031,0.11213199137350152,0.541895706169355,0.7494271997132915,0.09600162996401423,0.41768757284490904,0.6885042898163465,0.7512747717985822,0.8149554640887731,0.9999992551798063,0.9856350267243694,0.021888004950095227,0.8404457410417497,0.9826006398170053,0.9939465685818353,0.9985225258254762,0.9999999999999839,0.0009966865607099135,0.00044375572339482163,1.168255291431941e-05,0.0006859634381658024,0.000968394954463922,0.0012720308061842124,0.003128816860851492,0.0009966865605823827,0.0004437557190398051,1.1682553122227546e-05,0.0006859633722342551,0.0009683949465397745,0.0012720308732241392,0.0031288168393075466
20260826,8,gaussian_noise:0.03,gaussian_noise,1024,0.36055153608322144,0.3753740191459656,0.9998185038566589,0.049138974234595845,0.04913897421743517,0.006036943896719208,0.06949300377939865,0.006790084864071477,0.0617987168410479,0.0056102851853617,0.008807982307111063,3.841337063375185e-05,11.511288653380529,8.139710267001131,9.101317299883068,0.7906427832656492,6.380615819561422,1.2756935209808216,1.414213562373095,1.2632010571069683,1.072648923360168e-07,7.517332312190206e-10,4.681290645262797,6.5347981385419995,2.3699956773290283,3.547912279403331,3.984058930851055,4.670878665803654,114.94630320787279,4.904354992997629,6.368900273407492,2.0352354450980346,3.5809484907261364,4.195212057582557,4.947846190857503,96.64361522276484,1.2276440429170283,4.241667212014022,0.24528014872204784,0.5383426915954443,0.7020073429038656,0.9929506564824508,80.82357845984346,0.5609587424219646,0.2840866795260263,0.17617159826785808,0.3256965996816671,0.4810923327257415,0.7512539930586772,1.477106262854378,0.6246259967459901,0.14734816512693638,-0.34340267652936696,0.5633364723407925,0.6493862347628292,0.7231052930756781,0.8652175292081762,0.00018150831431022578,0.15579919510203058,-0.44225945615652046,-0.10766449936531802,0.013425425013579212,0.10812364534837703,0.4979875208116996,0.7608434628854464,0.09632430085557243,0.5013966764458044,0.6907377546076141,0.7604587535509819,0.8262275470562148,0.9999967900063725,0.9876688461907366,0.01614890959987402,0.8671841956100315,0.9829774274984793,0.9941393730832603,0.9987444577463989,0.9999998056584826,0.001407286030094565,0.0006147851853152116,1.1929433958099717e-05,0.0009634144326156395,0.0013731453695096673,0.00179530184908393,0.003914307110461794,0.0014072860275362586,0.0006147851855910709,1.1929434549529105e-05,0.0009634144516894594,0.0013731454382650554,0.0017953018832486123,0.0039143068715929985
20260826,8,gaussian_noise:0.06,gaussian_noise,1024,0.359829843044281,0.38976049423217773,0.9790537357330322,0.03394268177268971,0.03394268169372226,0.006232033040956245,0.048002200794575,0.006775462331668513,0.04195644098666209,0.005573387321063556,0.008773228370357797,3.591129204547346e-05,7.702494591910817,5.446486157992847,6.192410042715117,0.8039486388238954,4.331166866013601,1.2575101208720443,1.414213562373095,0.8901297281313614,1.0622876103980938e-07,2.057273018607475e-09,4.623208125702027,6.576059271073147,2.3742777349625888,3.5337929781080315,3.9692028642081505,4.630983959986942,121.00638745104567,4.845472882615246,6.413868335885776,2.1435056483069626,3.5345405775536203,4.094037824364364,4.8417427905290475,121.97639802838239,2.360241913227206,9.270863656798317,0.32962501939430733,0.7811242491158162,1.081217072039053,1.5932084032356453,123.10045398100726,0.6956104507818114,0.25991091822287404,0.29657888428904994,0.4928516824622833,0.6364074996114855,0.8553715680467211,1.5471387877226725,0.6102395239061232,0.15246688288619964,-0.417666375412488,0.5522241258781657,0.6399595702478976,0.7009777138734701,0.8626260991941738,0.020946247271844624,0.15384045834062335,-0.3733254859053089,-0.08192977572905903,0.025316693531411444,0.1278412149578683,0.39405854988064354,0.7719128954227064,0.09242888701550005,0.5058420830546261,0.7131831617037012,0.7684085788938584,0.8336956418295931,0.9999877760358593,0.9877695609691071,0.015132691460554163,0.9190853384022425,0.9821238686072968,0.9939821428304163,0.9987818265833175,0.9999999899438621,0.0009501962093258716,0.0004716434750754472,7.81768594251167e-06,0.000605282667070421,0.0008913502275565983,0.001238991448135665,0.002895763729148778,0.0009501962065634473,0.0004716434727165588,7.817685400368646e-06,0.0006052826502127573,0.0008913502679206431,0.001238991564605385,0.002895763609558344
20260826,9,brightness:0.8,brightness,1024,0.4246255159378052,0.4245784282684326,0.9945446252822876,0.26783912542905497,0.2678391252812805,0.0066770771920751535,0.3787817235069334,0.0051998879718063735,0.28814756287460286,0.005242323032774113,0.007383819181107469,2.5635652941624892e-05,56.72867223348854,40.11322882400875,55.41418669727689,0.9768285509873846,32.97913311784609,1.2163215061840003,1.414213562373095,2.95347029628922,9.9513901161405e-08,1.0603096178840588e-09,4.704777804608762,6.517924098204286,2.252145347520575,3.484322889123974,3.9049417072894164,4.4324030466831825,77.55978984508043,4.703177147157063,6.519081524942743,2.2734568216266635,3.4937716121057782,3.9010998378708424,4.414104210771031,82.77254196315587,0.21715519372574033,0.6445430937894677,0.04717654081083724,0.09936111911912343,0.13128960124880906,0.1745289582154773,10.981153482707123,0.07196800385961351,0.023248136869967777,0.035063661954587454,0.057599903292678264,0.06606463904411436,0.07905881129049097,0.22653016564217945,0.5754215801427516,0.14248990847327347,0.058086466826624654,0.48730428451801633,0.5769964195898383,0.6773943749992096,0.8798733361733725,0.0054553577791699205,0.13124928008322492,-0.4407624024329768,-0.08147859042741054,0.004252814428939013,0.09285530225362787,0.37239990504210074,0.7989125815374192,0.1017607892120454,0.4752082830624267,0.7356199721128983,0.81674664968451,0.873232178150154,0.9983115557638303,0.9912703878656536,0.011993614784226577,0.8976238101796937,0.9880229128041083,0.9961497599039472,0.9991592174260314,0.9999999713390642,0.007741984729174766,0.003182452760763291,8.801658634104328e-05,0.005526971082455184,0.007377319669189209,0.009744403606995163,0.019957451851424717,0.00774198472622345,0.0031824527625481025,8.80165898706764e-05,0.00552697095554322,0.00737731927074492,0.00974440318532288,0.01995745114982128
20260826,9,brightness:0.6,brightness,1024,0.42454254627227783,0.42580175399780273,1.0074042081832886,0.40630071724251565,0.40630071538327256,0.006666808012550027,0.5745959820969149,0.00522094912271428,0.4394599207670568,0.005205558687238384,0.007372662408401324,7.872448276796628e-05,86.1875699758053,60.94381518388201,84.17241969571029,0.9766190150080724,50.1772234189662,1.2145713039389194,1.4142135623730951,3.3745964384365714,9.894265587538693e-08,8.075081048275479e-09,4.708723772447698,6.515071738141491,2.2461079742891923,3.4965283180147617,3.905766765617719,4.432757643834573,76.95386199426214,4.717479646624054,6.508727574112643,2.26194965700786,3.494995279656717,3.9052606180518485,4.440856966764086,76.55829246465788,0.13832206864433602,0.3118148530327904,0.02503336502708817,0.06792676560590093,0.09648306067879217,0.13500943616027633,5.320152236416584,0.11885196280383972,0.034894986362773495,0.05991987320994459,0.0975786246520115,0.1117467909827598,0.1318346461246745,0.48043663144021076,0.5741982568888895,0.14228022588546588,0.058404681095175735,0.48471099048708244,0.5774632314217039,0.6755514110063272,0.8716904734215862,-0.007404207820249213,0.13479494593468105,-0.3810955352636427,-0.10233238107887056,-0.002272827184157347,0.08775582668125106,0.35139100372744214,0.7999216864078696,0.10103332327826203,0.4900568523610817,0.7373128157368107,0.8164166835893422,0.8746743711200772,0.9982929896709537,0.9907868229786274,0.011612371905585372,0.9245356634560495,0.9871457119815671,0.9954044514590576,0.9989853552674149,0.9999999999772172,0.01129436747147629,0.005803564362441089,0.00018325178879424758,0.007160028811628522,0.010079092128698112,0.014274975418916426,0.038993984504525,0.01129436741338452,0.005803564336148957,0.000183251773705706,0.007160029257647693,0.010079091414809227,0.014274974819272757,0.03899398818612099
20260826,9,contrast:0.75,contrast,1024,0.4243725538253784,0.42480480670928955,1.0065219402313232,0.22161541184775982,0.22161541048975353,0.006649520038176476,0.3134115191454901,0.005234759229203307,0.23908729241477622,0.005222977455875468,0.007394741218752186,1.0996560403604457e-05,47.13295355847039,33.328031078545024,45.67302562474561,0.9690253246719691,27.393853509728224,1.216624420736699,1.414213562373095,2.7676649178458037,9.939692663298915e-08,2.3846011831807346e-09,4.7094695114812,6.5145318234945195,2.255062910684514,3.492478089662655,3.9054004588563536,4.4429189900755315,79.64749942066356,4.724859087399988,6.503366877912121,2.2546080839891096,3.5059228822274955,3.90957206405637,4.450268191962201,74.57449886140547,0.29777472267199534,0.7707043729735544,0.048647183939336945,0.1240568861292333,0.17301247108917545,0.2564414004835964,12.107986033394798,0.09074179586967937,0.028376397368677232,0.045900912289687866,0.07171300459551452,0.08540444779382816,0.10182843297875227,0.32620198952431356,0.5751952222898291,0.14511800915630924,-0.03473488283913145,0.48595392200982923,0.5810758233745783,0.6839980619344987,0.8629627129558199,-0.006521948791504707,0.1353985583467289,-0.523274277023648,-0.09343696646295535,-0.006680660781364587,0.08869826472857019,0.41584342961632903,0.7986405186957506,0.10146507330028239,0.5052676083502,0.729483662435722,0.8138494073463165,0.8739843673378755,0.9999833003256096,0.9906873081662464,0.013469680589964186,0.8521643215984688,0.9869706781203598,0.9958892550300272,0.9990505850739664,0.9999992656854139,0.006102206736394394,0.0032765611317230495,8.000572116170971e-05,0.0037906827540598103,0.005577265931631922,0.00778234499934763,0.01971853982424043,0.006102206720377978,0.0032765611032485108,8.000573143362999e-05,0.0037906827055849135,0.00557726644910872,0.007782344124279916,0.019718540832400322
20260826,9,contrast:0.5,contrast,1024,0.42457640171051025,0.4270099997520447,0.9950341582298279,0.12220305593932591,0.12220305617839011,0.006688506894533397,0.17282121941092055,0.005260131836741685,0.13111381047428286,0.005219707498994559,0.007410420589613216,4.1867251384566054e-05,25.83853498785649,18.27060330583919,24.92595519345376,0.9646814420851793,15.04136951163723,1.2146901418446912,1.4142135623730951,2.1697417650715973,9.91109285967629e-08,2.20081142199291e-09,4.699870299503575,6.521467780503563,2.257313129931721,3.4804990953371426,3.89777498827835,4.416290449092973,84.47124374573497,4.691530267626612,6.527475424997908,2.2929066054780174,3.4852955234235354,3.903805758828029,4.402254099631788,77.3368619356429,0.5007342364732892,1.02867794794456,0.08184935095277604,0.2176081364477669,0.3030135074098841,0.43870609328518745,12.31238004702227,0.1684633290884784,0.04512549353910082,0.08036612389941032,0.14044184706001575,0.16041588813967422,0.1916400676111957,0.5188770285149406,0.5729900388018583,0.14505730572735706,-0.01759165362218096,0.48346512273088504,0.5785839660622715,0.6799454900203354,0.8630449702516723,0.0049658399388500234,0.13912075206243535,-0.421630161888502,-0.08394355928748788,0.013248349620234846,0.10200639117852406,0.5004918293899215,0.8003351764530524,0.10067196525809013,0.5051270922483667,0.7332624641007368,0.8156227906761198,0.8753636149134191,0.9999384357141359,0.9901660497211024,0.01452782952661827,0.8657412596809336,0.9872858322609384,0.9955953218848619,0.9991212639988818,0.9999999454180115,0.0033966945849318647,0.0017461455832695856,7.8958696750106e-05,0.0021753290536402053,0.0032032637075004276,0.0044243500061327224,0.011873616648921444,0.003396694596403904,0.001746145598474788,7.895869202911854e-05,0.0021753290202468634,0.0032032637391239405,0.004424350103363395,0.011873616836965084
20260826,9,gaussian_blur:1.0,gaussian_blur,1024,0.42433255910873413,0.4196997880935669,0.9876554012298584,0.07384962522628864,0.07384962500331199,0.006731488716705626,0.10443914125585105,0.005236281348547722,0.07562774744408181,0.005211755664062797,0.007387898176277161,2.563373885712244e-05,15.515013936911611,10.970771564993994,14.443025958690532,0.9309064121643665,9.02761503426373,1.2152458333486869,1.4142135623730951,1.658768238156917,1.00887800360798e-07,8.685835384270035e-10,4.705866949184063,6.517137304297275,2.249341195707903,3.491787332003729,3.899649901029048,4.432452389680899,77.57908364826045,4.621469051471726,6.577317425113067,2.3080770226777325,3.4553969764877763,3.867312829097677,4.3854222406213985,92.8148100200234,0.7326533651378597,1.6658762085898118,0.12161968557801119,0.3686931225733901,0.5012620045000679,0.707184529539266,29.135512640870306,0.3530220351401282,0.0963371295375631,0.17120442129102328,0.2834262012071193,0.33365919301658736,0.4085059596604849,0.8317848854773205,0.5803002127057825,0.1396850003265304,0.05974887551648504,0.49263722096316237,0.5797702751819933,0.685619826385279,0.8538477510122898,0.01234456756376356,0.14911543552534465,-0.494941143071565,-0.08700853336284589,0.008401882644400793,0.1101825192487142,0.45303041216446677,0.7961398161493929,0.09964892736340285,0.5205228314793259,0.7279597398115777,0.8147799263957332,0.8702346751708256,0.9982134400390107,0.9886196533545046,0.016289657618329532,0.8689265014343921,0.9856752161327316,0.9952163951211541,0.998936619865352,0.9999999964871749,0.0020801984179121876,0.0009998476312020874,3.3092727852646e-05,0.0013732258680637691,0.0019213426550076912,0.002636114175013507,0.007917234455766718,0.002080198413146661,0.0009998476226913216,3.309272869955748e-05,0.0013732258521486074,0.0019213426276110113,0.0026361141353845596,0.007917234674096107
20260826,9,gaussian_blur:2.0,gaussian_blur,1024,0.4246044158935547,0.40199291706085205,0.9761948585510254,0.035261299860426754,0.03526129998034923,0.006918060925330568,0.04986700865911603,0.004760219555304105,0.03487266667308416,0.005224994630569253,0.0070682571475701944,4.5070659146283196e-05,7.208234966033234,5.096991824868082,7.325852572120769,1.016317115998823,4.145568172769637,1.2295037975325454,1.4142135623730951,0.8526701693121279,1.0213307014853221e-07,2.6521052021166724e-09,4.714498966010993,6.510889211864713,2.249946868747031,3.50826722187888,3.903130921380015,4.431612885826743,78.9799250151722,4.2938491564800545,6.795949394242464,2.3077201874384414,3.256261277861914,3.7136896688188648,4.247155148770069,117.5335735043486,1.6179925432537554,4.799747639386345,0.26916679365267404,0.7620833717273723,0.9942307074796739,1.3428530962015564,62.753800075892805,0.6433944009787474,0.1634767559842084,0.2922821650524549,0.5341151142335627,0.6315942431254363,0.7332028565659381,1.410814625000305,0.5980071068013786,0.12717778747258285,0.03199368349267529,0.5272075277783383,0.6077692469699862,0.6879337207717332,0.8393040435952882,0.023805151385683124,0.15357399480178704,-0.4353374266535767,-0.0846433814998741,0.01982561809585301,0.13116689568168893,0.4644159569311731,0.7860607331144923,0.09135523918583625,0.5436623238781576,0.7257735148850517,0.7941136364508949,0.8497365587780086,0.9994880710726719,0.9877277198728625,0.01629680469163751,0.8856171966192292,0.9840138458747147,0.9937764183403116,0.9987766256520688,0.9999999934765916,0.001014904685245101,0.00042937927330437996,1.457189550403432e-05,0.0007188713979356919,0.0009732468155659244,0.0012607573431755138,0.0036189811978919848,0.0010149046874934342,0.00042937927531561587,1.4571897736459505e-05,0.0007188713498180732,0.0009732467879075557,0.0012607573007699102,0.0036189809907227755
20260826,9,gaussian_noise:0.03,gaussian_noise,1024,0.4247201681137085,0.41575193405151367,1.0075074434280396,0.07046408347167844,0.07046408376795836,0.006630558465223779,0.09965126292484057,0.0055529539662555446,0.0717316892912769,0.00522713092665617,0.0076261520753102335,4.0799681587558366e-05,15.029090452560753,10.627171774071707,12.917753276396573,0.8595166365636959,8.650460173600129,1.2285094091758801,1.414213562373095,1.6052373564823237,9.967698172430937e-08,5.373276268372251e-09,4.71491160755036,6.510589978400843,2.2423708232814463,3.4965109499254954,3.9118916563757358,4.4350207423499715,77.91905281119662,4.693231707836928,6.526249216544099,2.314042664571732,3.473510246557251,3.858846955038344,4.441872877508839,91.45972412640607,0.7544872770081891,1.7596686453297765,0.18349653727090476,0.3801133047624168,0.49509270321462184,0.6984420119594403,27.10382532105982,0.5188727737638574,0.2671063087933653,0.16796171749170438,0.2834688208074387,0.4231601152983129,0.7372213092651103,1.4282661736443876,0.5842481035425084,0.14969998618490188,-0.025903109595878715,0.48733867358681093,0.582538266533398,0.6885028477249029,0.8547630980401877,-0.007507456618360024,0.13517736915084572,-0.43587950930393626,-0.09968927002272361,-0.007693259298048653,0.07836918381521325,0.3748250129612283,0.7902899296864763,0.10825536514931987,0.5190183486436104,0.7252336368755252,0.8128032193159025,0.8732130062050177,0.9999969998501076,0.9907233717922943,0.012486571140313915,0.9000050296353681,0.9868095130763526,0.9958705907408881,0.9991529325531452,0.999999999969416,0.0020220103776498496,0.0008723718911594146,3.56292784309328e-05,0.0013873121353262371,0.0019597811369416016,0.002541600607378642,0.005309664336287113,0.0020220103849162285,0.0008723718996184293,3.562928031897172e-05,0.0013873121934011579,0.001959781162440777,0.0025416004937142134,0.005309664644300938
20260826,9,gaussian_noise:0.06,gaussian_noise,1024,0.42423534393310547,0.4215710163116455,1.0050455331802368,0.04832059036648078,0.048320590350234185,0.006783300780343076,0.06833563421517569,0.005516910579388659,0.04969996858139826,0.0052031883718402705,0.0075834999554179675,4.4982913105858635e-05,10.07409761530868,7.123462738119995,9.008659441949051,0.8942398402274184,5.825509284658746,1.2228051458638913,1.4142135623730951,1.2145253169040395,1.0136142729344655e-07,1.061478682728989e-09,4.6976603907179415,6.523061701710604,2.257386415130815,3.494724014837724,3.8948223442991905,4.413761608042803,83.54529419215838,4.523767705903051,6.644957667519214,2.3864308734646826,3.369280592651787,3.8051727260362744,4.3398290600155605,108.75276123606554,1.4366501641568608,4.966300442110197,0.18790836350798387,0.5609497375575005,0.7261821336886858,1.035095596994287,67.97494622990648,0.6526668806082543,0.2808362492556149,0.2619893856234549,0.4019855403549932,0.5819267737150307,0.863008375311873,1.4066744255561279,0.5784289994299412,0.14350253196876017,-0.04679360583946784,0.49020253680039033,0.5825949013835248,0.6803655040579875,0.8584819829328849,-0.005045499622610892,0.13414562753843176,-0.3960148908245396,-0.10014074555182766,-0.007547870611015415,0.08260120483978192,0.4412426350395483,0.7967099412269608,0.10054933628769731,0.5128437237401099,0.7328729607131904,0.8127626835113806,0.8716085544017308,0.9999976984952211,0.9908793413694641,0.012463923615932711,0.897387840915708,0.9875329135560897,0.9956026233694675,0.9990046590110717,0.9999999900955209,0.0013713052383757696,0.0006325095660377882,1.3893170404397697e-05,0.0009357630927850761,0.0013323690275086962,0.0017159247457584092,0.005174238639762192,0.001371305241877785,0.0006325095649501865,1.3893170944356825e-05,0.0009357631643069908,0.0013323689927347004,0.0017159248236566782,0.005174238700419664
20260826,10,brightness:0.8,brightness,1024,0.3868502378463745,0.38865840435028076,1.000677466392517,0.36242532017799073,0.36242532009732004,0.006460422053867204,0.5125468030290402,0.004995356237005075,0.3952196138076099,0.004944132530217772,0.007028373240725274,1.2714561969600097e-05,79.33642705622152,56.099325566566115,79.1174032554204,0.9972393034457436,44.580517444908644,1.2583821090914058,1.414213562373095,3.2208964892456615,1.0458824492157712e-07,2.5710544804269375e-12,4.660850810571773,6.549437721532341,2.239469940546387,3.54925118667565,3.8764352647011773,4.483561629732499,113.50586016351501,4.663338237783805,6.5476651081908495,2.214222448954373,3.5334496485865223,3.879252828035077,4.4606983672116165,111.22868399172249,0.1511281601947614,0.3936571526808797,0.030160420771432564,0.07509294379247725,0.103141897354304,0.140469786145674,6.401733575972497,0.07154473853334772,0.020622675271915823,0.040138500107588015,0.05792497657126898,0.06696654916449193,0.08062878073610374,0.3162069124613828,0.6113415379395204,0.13938002052786438,-0.231974433738823,0.5327455815758153,0.6331125898463805,0.7043542363586726,0.9262880062427334,-0.0006774080487943817,0.14999005313974656,-0.43893696842147384,-0.1122506773153629,0.002339265819533261,0.10004967576065651,0.4516446491138825,0.7727468737200565,0.09861780787099537,0.37681630735792493,0.7098486010429665,0.7740596934327436,0.8462754435087843,0.9998223127911107,0.9885780846996518,0.015430417643041358,0.8921979101784524,0.9847369216491297,0.994422668720222,0.9987602253107513,0.9999999960642489,0.010246882127155492,0.004826769717178491,0.00015050982914183427,0.0068818242487861565,0.009356476350718769,0.012906244985546416,0.031800733562317295,0.010246882147527003,0.004826769701838254,0.0001505098189227283,0.006881824461743236,0.009356477297842503,0.012906245421618223,0.031800732016563416
20260826,10,brightness:0.6,brightness,1024,0.38762420415878296,0.38833147287368774,1.0046085119247437,0.31637362663936347,0.3163736268628555,0.006454370233525874,0.44741987388661514,0.005008721228291775,0.3559848109418787,0.004991232749529352,0.007071046082632682,-6.516178684336305e-06,69.32045384731516,49.01696299036565,71.07299342816238,1.0252817095616158,38.85803726590114,1.2614369171458073,1.414213562373095,3.0561224495198505,1.04796964379339e-07,5.209021658458823e-09,4.6331073454170575,6.569112749526532,2.2445877255529014,3.5267007167127087,3.8650522271427703,4.4355065835521374,114.0705478075237,4.650414600786462,6.556859107991963,2.2544036888792016,3.531715927765165,3.8751244293841016,4.46756837423896,113.89610788510642,0.143664603979049,0.1873410706695097,0.03539787771190286,0.08615179123193246,0.11099936295437945,0.14665010810685514,2.1958942990843013,0.1185040477557942,0.03294674711864435,0.07051428662541846,0.09710465166632982,0.111325190825012,0.1319366182784475,0.42666728463402104,0.6116685244382907,0.1381939118693576,-0.23038571273893166,0.533564103422955,0.6300236143706429,0.7048030956105857,0.9266996051801397,-0.004608467768632139,0.13887458278817774,-0.5005465286322075,-0.10109371865941677,-0.006328186554689766,0.08070308842149139,0.5374485123080475,0.7727451276066106,0.09827058268483388,0.3758029294177645,0.7094029783678333,0.7765758467359973,0.8457596273407301,0.999823388411249,0.9901989124540136,0.014757128939497013,0.8432965650456942,0.9882833685094476,0.9958224606439527,0.9989535305831363,0.9999999990834146,0.009140188567107292,0.0037705697122174917,0.0004325256333853642,0.006562625446383409,0.008699697772444934,0.011248471283714994,0.02739538451779053,0.009140188573184105,0.0037705697079752657,0.00043252561590634286,0.006562626222148538,0.008699697442352772,0.011248470982536674,0.02739538438618183
20260826,10,contrast:0.75,contrast,1024,0.38759171962738037,0.3847097158432007,1.0111453533172607,0.2573064129577591,0.2573064140104052,0.0064830512738574125,0.3638862203791016,0.005052904624878261,0.2677407390220859,0.004992848771519805,0.0071035472831102444,6.554523517993309e-05,56.12885121647194,39.68909131537811,52.98749113605851,0.9440330594278838,31.389214888089327,1.264418093427439,1.4142135623730951,2.8652787575826713,1.0889646606013813e-07,1.8240785548684357e-09,4.610117779532972,6.585283173687333,2.231164749925752,3.5215523498631085,3.8514617078430264,4.4275960950091955,115.5869826216094,4.592488976133978,6.59760054726243,2.199850583472293,3.5154099434474446,3.874874047897439,4.4235740747026435,116.18247574104532,0.2056127540836788,0.40747042687308116,0.041124382558855636,0.10539023292258223,0.14298239755731762,0.20634642744312504,9.293143786063647,0.10046271463412111,0.03187765660109019,0.04520763749784051,0.0788636335542705,0.09126835289229632,0.11425653610887072,0.3292906008153568,0.6152903234365399,0.13909916349332893,-0.23851757508682342,0.5349206837077627,0.6333736000485882,0.7083498823933982,0.9231873366691747,-0.011145403701013284,0.13707783031860357,-0.3911971176926989,-0.10946188174717775,-0.011038553752732272,0.07857379310453722,0.507773452843892,0.7693911509956559,0.10067417846570266,0.3843502847841739,0.7058614588744416,0.7738461600992257,0.8449022721815633,0.9999300614107677,0.9904174767524596,0.013311390915669656,0.861490638711177,0.9866153389851701,0.9953724927309447,0.9991806862868939,0.9999999855679312,0.007195908878458859,0.003589756667870652,0.00010491485190644692,0.004675470396359294,0.006755445541762739,0.00919443899378789,0.02363504683492178,0.007195908911377558,0.0035897567032066864,0.00010491484863450751,0.004675470292568207,0.006755445385351777,0.00919443927705288,0.023635046556591988
20260826,10,contrast:0.5,contrast,1024,0.3882486820220947,0.3806806802749634,1.0096755027770996,0.10118062107927653,0.10118062083999496,0.0065866606457273885,0.1430910062412507,0.0051385532283937455,0.10098706122146038,0.004980374964994746,0.00715603689712275,3.505589423894664e-05,21.7243629112835,15.361444331526089,19.65281991503819,0.9046442464294608,12.1256698095419,1.2668532645331725,1.4142135623730951,1.912215005722155,1.07305976520814e-07,3.342354837343464e-09,4.668286789278643,6.54413471033981,2.224119096789895,3.542678150301816,3.871123059523754,4.468478478164807,111.84607631492106,4.439711694420128,6.701465105247416,2.1910086360847894,3.4504937182751974,3.840815870002324,4.35877176655502,121.51063831810731,0.6785549410883145,2.378197258372345,0.13395632734401647,0.2615379884060764,0.34460360622388747,0.4755543206322621,39.97662316397071,0.18884721519431436,0.04861170483881093,0.100945535636754,0.15318479934901638,0.18466892100661664,0.21656329601528693,0.5350640586888993,0.6193193253420753,0.1384536011255502,-0.25467729117074445,0.5394891476095728,0.63810772312374,0.7116300170019252,0.9177962929101093,-0.009675516880453105,0.13393811739183292,-0.39846636294491794,-0.10040099177960833,-0.018185372191840576,0.08554812820389339,0.4900716144060894,0.7661042704192338,0.10191802778648812,0.397051589494943,0.7025544062856619,0.7699470886305093,0.841992313863358,0.9974584676822905,0.9908700750699481,0.01269392519167526,0.8716821741629279,0.9879220128064794,0.995595365268798,0.998840419096363,0.9999999980453081,0.002906059311382412,0.0012465604774163504,2.4362568259562596e-05,0.002033009937112778,0.0028267992159672784,0.0036910088063904804,0.007237488830909478,0.0029060593101952747,0.0012465604637845326,2.43625690927729e-05,0.0020330098341219127,0.0028267992893233895,0.0036910087219439447,0.0072374893352389336
20260826,10,gaussian_blur:1.0,gaussian_blur,1024,0.3875685930252075,0.3866000175476074,0.9871435761451721,0.07167069119813407,0.07167069119133644,0.00640078849332208,0.10135766350744191,0.005020559096410665,0.07517431799372594,0.0049632166246721164,0.007059711956161777,2.8780848510382032e-05,15.83518399540744,11.197165984489288,14.973296111078568,0.9455713375620493,8.859488918500212,1.2638613925111688,1.414213562373095,1.6007438566426697,1.0618110991849614e-07,1.5167820333061854e-09,4.691735980914372,6.527325749310761,2.2335106666928293,3.5465590476372366,3.8812196487721167,4.500081810014448,111.12799407782552,4.683821941403797,6.5330115581727375,2.277056822338861,3.533561879044234,3.9299941445385116,4.468729317155172,118.74157829469728,0.7592130999227342,1.492041306347657,0.15751392050600047,0.37976132179693456,0.5121392858273811,0.6955949623509546,19.662553488919222,0.3086452878158855,0.10878102530722747,0.15324349872812978,0.23877109376074573,0.2869729686968797,0.3568125661591531,1.2387365486429172,0.6133999337925964,0.13519987452446805,-0.22911203810005415,0.5330273070461065,0.6329124968887129,0.7049286192760941,0.9196149530231637,0.012856422667970872,0.14057563872623377,-0.3813686728574325,-0.0828209544141852,0.011381227140736,0.10772115900768721,0.4442211695774706,0.7720755107320938,0.09689137929145984,0.3928210001720945,0.7092782522041147,0.774223295221592,0.8460977163671091,0.9999997841518385,0.9899037190079265,0.013539078527567604,0.8959171571631075,0.9859740191704677,0.9954501449592594,0.9990186694905719,0.9999999998507242,0.0020222058280001095,0.0009632686960568544,4.9665060091118164e-05,0.0013960232244849627,0.0018801634516432226,0.0025577664942647233,0.006182677727561263,0.002022205829860013,0.0009632686978845287,4.9665060942061245e-05,0.0013960233191028237,0.001880163443274796,0.002557766856625676,0.006182678043842316
20260826,10,gaussian_blur:2.0,gaussian_blur,1024,0.38739049434661865,0.37552499771118164,0.9732977151870728,0.03849148931031153,0.03849148920633389,0.006394276968517566,0.05443518607153499,0.005070642858832551,0.040994579318747545,0.004996587136619136,0.007118799197593465,3.061661111630082e-05,8.513110448538347,6.019678127151516,8.084690730552852,0.9496753013395882,4.711675993932717,1.2776086781591243,1.4142135623730951,0.9584799813628366,1.091621047620364e-07,1.888961431717462e-09,4.6596962598031055,6.550258995555111,2.219381845992017,3.5392348582595137,3.8775441234260875,4.467900125175382,112.75951731094136,4.604633853249025,6.58911911852597,2.3336641661549744,3.449385759757185,3.8772021520055695,4.419411636209388,112.7048817513354,1.730211769618678,5.092447798952191,0.26716892733632563,0.7093590905155486,0.9340403710643042,1.3388412873918059,58.08476658616885,0.5321252676691414,0.12670950029039885,0.29136098198708194,0.4528371011120647,0.5147703246656592,0.5823101342058268,1.5660417410887297,0.6244750188541707,0.12278753585818779,-0.25336597902473673,0.5559955104517053,0.6411368285707444,0.7084860474743343,0.9042904566711958,0.026702271917740272,0.1503958324636455,-0.3944935378533758,-0.07816127837756807,0.02184379723177424,0.1275132944262819,0.5727395731646623,0.7661208391442519,0.08964152151078242,0.426917755514338,0.7057248082612633,0.7674265870050705,0.8311851629113061,0.9988020331526888,0.9881067406864692,0.01831850814438499,0.8197373855883118,0.9860994783213247,0.9946311005398625,0.9988085996221133,0.9999999942948391,0.0010863139894643373,0.0005167713055306986,1.671237253903318e-05,0.0007225547035883479,0.0010386413464111978,0.0013572882707019538,0.0036542790733631405,0.0010863139865939786,0.0005167713010203065,1.6712374417693354e-05,0.0007225547597045079,0.0010386414360255003,0.001357288216240704,0.003654278814792633
20260826,10,gaussian_noise:0.03,gaussian_noise,1024,0.3869513273239136,0.3775028586387634,1.016813039779663,0.0656682622100346,0.06566826215686462,0.00660692056295475,0.09286894695970982,0.00506885467275811,0.06438481517187342,0.004982093077948424,0.007107358097836588,4.3128509432729316e-05,14.05631353893211,9.939314621863172,12.702044017537355,0.9036540044696781,7.805751284668947,1.273332220235982,1.414213562373095,1.466649956109457,1.068905111215147e-07,7.994308548475715e-10,4.629543988208537,6.571625825950192,2.2429898560079815,3.5352305533244635,3.8652959839077066,4.45567062820614,115.26051108494656,4.405405180445191,6.724093085617741,2.195868989410216,3.388336572690026,3.79387529084728,4.309861608504851,118.72918421231769,0.9751135017827136,2.793305616715535,0.17250012242390553,0.4088498487437648,0.5564593143756307,0.796206182549161,37.87386319949246,0.6135414801495772,0.2427428231154592,0.2149181568417129,0.436779410938049,0.5413063831832746,0.82172395128785,1.1806399546373914,0.6224971164354927,0.13294947541619984,-0.24610778928030277,0.5504462338362838,0.6443240886889054,0.7105303286356812,0.8833860730311328,-0.01681306748469896,0.14940302482727424,-0.39920658945567317,-0.11989071440046875,-0.0242522014210587,0.07957095241820944,0.35545591205591587,0.7655472092285837,0.09372879993804346,0.4686459708294036,0.7036665762906411,0.7647525531746744,0.8348706147698239,0.9963796325633432,0.988529590210494,0.015077344595607195,0.9168610030616252,0.9840926420067697,0.9949916501006133,0.9989095082012824,0.9999999160088519,0.0018436472502815346,0.0009016703484178314,2.494128680697537e-05,0.001200929173258707,0.0017369064413695523,0.002362024853957163,0.005642044606829758,0.0018436472491263345,0.0009016703504491324,2.494128784746863e-05,0.0012009291094727814,0.0017369063571095467,0.002362024795729667,0.005642044823616743
20260826,10,gaussian_noise:0.06,gaussian_noise,1024,0.38748908042907715,0.38335418701171875,1.0092068910598755,0.04029747706793634,0.04029747700923948,0.006645383934259787,0.056989238515884465,0.005105495697102988,0.03794502634519776,0.004968273773068744,0.0071238915346389054,3.2972048962944236e-05,8.575763128158878,6.063980261770701,7.432192405279846,0.8666508501005503,4.786693098584797,1.2668412534317905,1.4142135623730951,0.9827396064222198,1.0593457211941141e-07,3.798456216230761e-09,4.656427100853438,6.552587035548085,2.221743534937599,3.539753154328376,3.8671389204516293,4.471025854839263,112.15028414834019,4.382303313015428,6.7391883369794225,2.2871155753656307,3.3749342332493772,3.779776856358494,4.2640493709809615,121.30953378736233,1.3803668105714277,3.6018580152549133,0.31686405753906194,0.6657570957939456,0.8411896751889947,1.1814800435337829,52.88360334902072,0.8276169097945507,0.24345353442130505,0.36659119330457934,0.6412760554818593,0.7971214005382244,1.0177854796525039,1.418064371337547,0.6166457806273405,0.11961253001043932,-0.15741891233071012,0.5542310934464546,0.6283928172825729,0.7014554245011029,0.8603891924540581,-0.009206898493647843,0.14755272342988193,-0.3985812977905437,-0.11001886849387645,-0.012145647506897927,0.07949142384127839,0.4147221276035863,0.7738010029802216,0.08181283508084916,0.5096375550410841,0.7127133113971085,0.777896178189756,0.8323628384061171,0.9997862395111102,0.9889052552048745,0.015208894613179072,0.9099481066939776,0.985167115219391,0.9951442471972052,0.9989817617766457,0.999999995526135,0.0011632822373399366,0.0004825231833643422,1.7804203770173713e-05,0.0008166635573148158,0.0011478081870287694,0.001457407016673581,0.002949056229098368,0.0011632822369307405,0.0004825231808793772,1.7804202798288316e-05,0.0008166634943336248,0.001147808157838881,0.0014574070228263736,0.002949056215584278
20260826,11,brightness:0.8,brightness,1024,0.36077845096588135,0.3611147403717041,1.0204198360443115,0.3230244975196549,0.3230244980108985,0.006072777850569133,0.45682562606577354,0.005488676430263599,0.3634035967340822,0.0055042391587542955,0.007773172947573941,8.806451624767902e-05,75.22515022066227,53.192213836807,66.20969578937802,0.8801537198019718,40.09390369133868,1.3266908111806643,1.4142135623730951,3.061962974982722,1.1528766262939915e-07,4.232676875659536e-09,4.806624055691046,6.443101926348858,2.578312233996549,3.4365319270975783,3.9146854602381502,4.618778604468214,73.25672460593435,4.758979101749269,6.4784085765638855,2.5437356382926257,3.4200837507341397,3.886364249184297,4.569471914568556,80.66670119726162,0.2859856212397779,1.2229480440981562,0.0317924680461527,0.08327664445872511,0.11646519652065865,0.1719687270970188,14.57346548243391,0.06140407685893515,0.016138211547358183,0.035452419985026566,0.05183516075248234,0.05917552344582447,0.06674906261380435,0.3461539018048348,0.6388852873467562,0.1208691153087217,-0.22544912938415618,0.580856971908177,0.6450993592354267,0.7103954493903009,0.8877374016752811,-0.020419893857582447,0.1433313049363256,-0.44737682511376986,-0.11443565481521019,-0.01927047279012653,0.07509895323817536,0.40480418943297625,0.7545795088822157,0.08858861266618012,0.4603501989429574,0.7038026966892854,0.7640986152762836,0.814005637499164,0.9998310255170632,0.9893699227954327,0.014373062900570475,0.8943455575733148,0.9859198240812346,0.9949642810320876,0.9988959911854295,0.9999999999944806,0.009028387557340395,0.004517454077915353,6.481040668514076e-05,0.0055870046413159374,0.008237076580882772,0.011681430055043062,0.030712543912816206,0.009028387552696415,0.00451745406579019,6.48104032734409e-05,0.005587004707194865,0.008237076457589865,0.011681428644806147,0.030712543055415154
20260826,11,brightness:0.6,brightness,1024,0.3616265058517456,0.35943424701690674,0.9853475689888,0.2562766703423821,0.2562766694222452,0.00602644374926977,0.3624299416167454,0.005404496308318833,0.29635063812349904,0.005452481700154683,0.0076771177558478025,0.00010458142264678001,60.13993603784345,42.52535659248433,54.834090212503874,0.9117750005254273,31.986156650124357,1.3294925419045942,1.414213562373095,2.8339322922499757,1.1607364680806447e-07,2.7759448073538806e-09,4.79606925709916,6.450973928033608,2.5327546791907363,3.4218630543339135,3.89339013406898,4.5678556257966445,73.51005587171984,4.822850266593951,6.430954038454788,2.563043498411961,3.441208292636647,3.9266575998701256,4.5946148542827645,66.03111620726072,0.28916180951355047,0.975769462803648,0.04707398905343421,0.10260815706137268,0.1450249081449203,0.20754506132513606,11.106177893773701,0.11572911231864035,0.03003618717962147,0.06488051235796895,0.09797614790455234,0.11223006818694127,0.12678725047786632,0.5854305128085271,0.6405657972241421,0.11883580823665083,-0.21480880002897174,0.5840320222551426,0.6457868194647925,0.7112451542055716,0.8817715882403656,0.014652449692512837,0.1459811493782094,-0.4131431924086626,-0.08464837874312671,0.014644105822149173,0.11511545588909697,0.3799509269120547,0.7535171586993659,0.08824282924390077,0.4716766542580448,0.702943814040863,0.7635177620300589,0.811730617835796,0.9994508696780167,0.9890917067878069,0.013907020216767218,0.9106660763234673,0.9845091617940911,0.9948689468447767,0.998815097008298,0.9999999996473697,0.007214865622932056,0.0034779212763574193,8.770663478814736e-05,0.00468367778569637,0.006613790422724199,0.009365081200695576,0.02060734656163811,0.00721486559847051,0.0034779212396348715,8.770662680035457e-05,0.004683677456341684,0.0066137900575995445,0.009365081088617444,0.020607346668839455
20260826,11,contrast:0.75,contrast,1024,0.36157798767089844,0.35864174365997314,0.9970309734344482,0.19159652987920983,0.1915965296688846,0.006094557716644683,0.2709584107613557,0.005481259946942694,0.20479995024955483,0.005457094848073067,0.0077346037252611615,4.136892484568352e-05,44.45907699279776,31.437314826902114,37.36366314168095,0.8404057319438673,23.578865986535398,1.333283579880646,1.414213562373095,2.5261324548326747,1.1640103034149585e-07,8.00061794592466e-10,4.791915264307952,6.454062470908729,2.55514206349849,3.4298338652444533,3.890789125805445,4.563395018699726,74.87058187828802,4.714672607763653,6.51075800756559,2.52267967283875,3.3893550508964365,3.8700868300273057,4.531212619229371,83.17168420259716,0.37459865117768854,1.2534885873744581,0.05891768866517455,0.1383784830598326,0.18246305824860137,0.27479204371599986,14.24224183041785,0.0822016734463577,0.025741974843790903,0.04904162480082261,0.06555049487214971,0.07630234381095283,0.09107223068972956,0.41229047105457567,0.6413582429338974,0.12013887398375792,-0.23274639186465557,0.5835107172428704,0.6453399234418258,0.714174034404192,0.8921987234894091,0.002969033364112522,0.12768905781242879,-0.41218794957403565,-0.0884979436052582,0.00531498362085461,0.09454322815225391,0.3982700269142011,0.7524619301955375,0.08971763735486935,0.4516430424614877,0.6999681767340575,0.7638955012662682,0.8121054332139961,0.9992021889364121,0.991752102713205,0.011423919023636939,0.9110988388895863,0.9889619409489997,0.995948253591118,0.9990122335850006,0.9999999949252254,0.005418817237054891,0.002547865164901652,6.804441442138039e-05,0.003524230475008232,0.005324044674058289,0.006982154981516812,0.016223803147644995,0.00541881722113402,0.002547865159978132,6.804441363783553e-05,0.0035242303274571896,0.005324045196175575,0.006982154445722699,0.016223803162574768
20260826,11,contrast:0.5,contrast,1024,0.36067116260528564,0.3574179410934448,1.007802128791809,0.12736005781556528,0.12736005809008244,0.006071351663705666,0.1801143214556198,0.005419049873118279,0.1343061189467434,0.0054339458477835,0.007674234098852261,6.655908064861112e-05,29.666264026894886,20.977216465887906,24.78407139468893,0.835429475454683,15.712368350917046,1.3350766698948773,1.4142135623730951,2.118885884144257,1.1593473921279207e-07,2.4685788968525912e-09,4.811323001324446,6.439592470369798,2.5678941283024903,3.432448198938653,3.9060262324991766,4.585239586587839,65.12341637134251,4.759514480166165,6.478019519163263,2.542976200019761,3.4207304241981005,3.8712829825060355,4.520989338258073,72.29157296980121,0.4746640426147435,0.8467480649010652,0.06751086466359989,0.21007598040594302,0.3118287547432326,0.4802950432199615,13.050849295076054,0.16401677709706303,0.03790236238470704,0.09622379674739716,0.14039116620939207,0.1586299564151965,0.17951597805885938,0.5801037964027339,0.6425820723632248,0.11886541736201262,-0.21929228154344219,0.5863640448790937,0.6462932091618098,0.7132422580236513,0.8877506882331788,-0.007802142789449838,0.12019450202316465,-0.38684309737739797,-0.08500541561494945,-0.008404498825618303,0.06668495335767322,0.4323146486921071,0.7516378261343091,0.08956284103722623,0.46032457629537604,0.7009175247011927,0.763089169082286,0.8100476521614192,0.9996323833355835,0.9926599351226905,0.011528198532344266,0.9017228202314834,0.9909364475143605,0.9971399195857646,0.9993378852394392,0.9999999994846331,0.003461556895183827,0.001965148732643592,7.316997707479605e-05,0.001994074239412389,0.0031025673057843367,0.0046260394946457855,0.014451781988025917,0.0034615569013212166,0.001965148738702294,7.316997653106228e-05,0.001994074205867946,0.0031025673961266875,0.0046260395320132375,0.01445178221911192
20260826,11,gaussian_blur:1.0,gaussian_blur,1024,0.3598785996437073,0.351912260055542,0.9995360970497131,0.06909150052632423,0.06909150091595309,0.005852759860702866,0.09771013764005398,0.005519574707411552,0.0746246496492305,0.005447465496617802,0.007755036124193024,2.127207025540911e-05,16.694711549009263,11.80494374625782,13.519999928441283,0.8098372882185928,8.772972500156895,1.3456036394471502,1.4142135623730951,1.5282593833266762,1.1640297093773919e-07,1.8023752490492484e-09,4.777609730251623,6.464667763697537,2.515563975692536,3.422884416188826,3.8937185564403567,4.592316563929924,77.83637333332193,4.912867122146804,6.362378012110773,2.624480419747629,3.4956190061505974,3.9643855664029397,4.649109503671171,76.02014609628691,0.8763774211878259,2.4358864554545616,0.14155202580263138,0.39997961007609756,0.5252807996285741,0.7566248901139171,42.87595411379107,0.3107607372826584,0.09511252962383906,0.15182279130981333,0.2358444968587688,0.28692941675418515,0.374169591869978,0.7492241459004518,0.6480877415033102,0.12215016423842198,-0.19085958704746628,0.5912710633296923,0.6548558910505824,0.720014088391661,0.9010295743536164,0.00046389511263719534,0.14373992012687026,-0.3757620094133983,-0.10287395007426173,-0.005099229151975169,0.10136912535349397,0.41552833394605965,0.7460053281658129,0.09252349948212155,0.4337576583071947,0.6939594436713162,0.7557537706605539,0.8064728909629184,0.9997540035456447,0.9895375898754717,0.013203239945939827,0.9095802348820097,0.984646604316003,0.9947909554337759,0.9986755827037135,0.9999999997305365,0.0019453728843464105,0.0009370887146108464,2.2207453849740852e-05,0.0012687221720438246,0.0018419677001870795,0.0024245259912506604,0.0066201486060200035,0.001945372894399,0.0009370887288282231,2.2207454094314016e-05,0.001268722233362496,0.0018419674597680569,0.0024245260283350945,0.006620149593800306
20260826,11,gaussian_blur:2.0,gaussian_blur,1024,0.36073029041290283,0.34669625759124756,0.9982645511627197,0.03709678559699407,0.03709678561966337,0.006223795148564255,0.052462777343775135,0.005473833199896255,0.03603499464847489,0.0054497534172448904,0.00772416093883723,3.620950912313183e-05,8.429386908063256,5.960476643936633,6.58313714220555,0.7809746087118569,4.460235107531358,1.336359294135193,1.414213562373095,0.8586789173613083,1.1557093763692169e-07,6.642120187194678e-10,4.8131687288783285,6.438211631512867,2.5136442972706927,3.4334911386578875,3.9006970177218916,4.597905464909386,67.21608331709966,4.4534454083991175,6.692340509599841,2.505550599754445,3.314730181113274,3.7601215379896784,4.262504824473522,92.48147440891736,1.7335395831083724,5.479268058007802,0.34709539005069906,0.716074481032624,0.9388149595425457,1.2714337979933337,68.2297194034733,0.5212972123012884,0.13409226248823333,0.2640873963266256,0.4183221619772528,0.5071227042846936,0.6202372203799225,1.0146303565945025,0.6533037020268578,0.11700390221308621,-0.22846839826794693,0.6042723462023508,0.6607431566121722,0.7157460762224817,0.8846987059382144,0.0017354430158583387,0.1589749683445155,-0.3681631982824995,-0.11422944386445819,-0.014322226348853575,0.09736451707969374,0.4276858197409674,0.7429751635295491,0.08667740250935632,0.4661632758071456,0.6983606190507343,0.7506120699865886,0.7967778432397894,0.9998257048204362,0.9871487008770833,0.016921890461695156,0.9039274526158042,0.9830666144471579,0.9942209768119574,0.9986318490290941,0.9999999076355475,0.0010655331614348228,0.0004569030877019305,1.4022111722149726e-05,0.0007518497051448309,0.0010266324072290027,0.0013484996541797006,0.002794881257733276,0.0010655331603341978,0.00045690309075480063,1.4022111827216577e-05,0.0007518497295677662,0.001026632497087121,0.0013484996452461928,0.0027948811184614897
20260826,11,gaussian_noise:0.03,gaussian_noise,1024,0.3607192039489746,0.36436545848846436,0.990352213382721,0.048804487129290454,0.048804487093146685,0.005965728779430687,0.06901996755179071,0.005831166596697145,0.05228509983217828,0.00538454745029217,0.007936992826183256,4.618789658452483e-05,11.569410897418862,8.180808899898418,8.966490489534856,0.7750170314665962,6.2269210109848965,1.3137807431347623,1.4142135623730951,1.2093993566176784,1.1569153805063358e-07,1.6324530616174115e-09,4.752002043610857,6.483537913884204,2.5672605476756227,3.4145357405568566,3.8782054777161052,4.530075583613747,77.52304020055747,4.928427379621533,6.350308834247358,2.3184860675732955,3.5102991752875057,4.010212179494685,4.767477862617479,86.30121823424108,1.5747369243135205,5.642736962673455,0.18383908654436723,0.5495867995550178,0.7165723166559521,0.9757682238415312,75.08339189108115,0.6788608710500724,0.25199183046610174,0.2371794437186931,0.47807693082629077,0.5901753279784028,0.913896801087174,1.3034374305196081,0.635634551333708,0.12507222354531744,-0.1991347109354452,0.6015866821170105,0.6513228409736184,0.6999179914016082,0.8501069767072644,0.009647767257554552,0.16165941364610592,-0.5185506765116905,-0.09466211984304297,0.020463264585934282,0.124595334586549,0.40108097841402657,0.7576825318986109,0.07914689345533339,0.5266100342318161,0.7142232177754864,0.758800731652576,0.7988075246433092,0.9999953146352376,0.9866542182886802,0.017675815889478967,0.8550468968947071,0.9810624187577248,0.9936306913134101,0.998632796284903,0.9999999185151303,0.0013957521684053492,0.0006150593591029903,1.2624502477253888e-05,0.000990221321717955,0.001346930505078225,0.0017669436977490777,0.0053082354514637515,0.0013957521699765607,0.0006150593614078935,1.2624503142433241e-05,0.000990221364190802,0.001346930454019457,0.0017669438675511628,0.00530823552981019
20260826,11,gaussian_noise:0.06,gaussian_noise,1024,0.35980600118637085,0.37038731575012207,0.9693703055381775,0.03549458662676432,0.03549458660055232,0.006211573823093476,0.05019692576132742,0.005635925734959717,0.036840844626935015,0.005432957789375281,0.007828198338769576,4.767708305342323e-05,8.081192816980552,5.714266240962966,6.536786742666036,0.8088888473160369,4.410824250790341,1.2955098469287945,1.4142135623730951,0.8785836647928893,1.1030907190956002e-07,1.5764480831848005e-09,4.718702847187052,6.50783424297283,2.5834094094911726,3.409010679635995,3.863588761943354,4.5332440923310795,84.5775407156373,4.74609544849687,6.487860413095464,2.261679560031064,3.4234913680310695,3.905473339719561,4.5987671246146355,93.53071180147808,2.5193291468202648,9.42070622147609,0.2895614915682357,0.7532857086393622,0.9997349971565636,1.3958257234879683,92.98663019389024,0.865737398662608,0.22429887067729284,0.38393152998203217,0.6964046353030207,0.8719081087289413,1.0233498062601476,1.5046247092191611,0.6296126680073768,0.12086909690683707,-0.23071615516251232,0.5911779479721375,0.6460991506892357,0.694799710144392,0.8369842901750195,0.030629693159405495,0.16343968851710905,-0.47094593118002975,-0.07589887566626828,0.03188970476272998,0.14857309031296392,0.4427645463530945,0.7637506331864337,0.07538791064190653,0.5472269163703654,0.7192032796001765,0.7632534741203836,0.8065411021825964,0.9999974307436078,0.985914940911015,0.01863988094263389,0.8821620768911882,0.9796041204536637,0.9938506892390486,0.9988249119245248,0.9999999930905326,0.001007634959334842,0.0004639176025919912,1.0204297798637837e-05,0.0006907327317998426,0.0009609176373620954,0.0012780147456028493,0.00337033579121927,0.001007634958201109,0.00046391760578352024,1.0204297723248601e-05,0.0006907326460350305,0.000960917619522661,0.001278014766285196,0.0033703355584293604
20260826,12,brightness:0.8,brightness,1024,0.3191053867340088,0.3166350722312927,1.0114386081695557,0.30560367387443277,0.305603673401379,0.0058977747572303155,0.4321888596352681,0.004891612701847682,0.31439088754252026,0.004960154205319022,0.006966419781022498,0.00010681277142638216,73.27998735547347,51.81677598431974,64.27141859038986,0.8770664530633173,37.062815036868884,1.3980798819501499,1.4142135623730951,2.9309408042496417,1.2561896306308485e-07,1.6821992687710008e-09,4.550752203639048,6.6264891087096105,2.555269915172199,3.3863897684723856,3.812030845311299,4.438984144977452,97.040308598816,4.525822133364762,6.643559068754558,2.554626118770533,3.371604215059623,3.7931886644781905,4.4107051544837415,95.45218162991539,0.18527853506105568,0.6518993667499154,0.035146544689357045,0.08851116538664186,0.11505190627575534,0.14981834802024852,11.859068701867017,0.06765221082403154,0.02178990461471016,0.033721025105060594,0.05319692153970758,0.06260188205493131,0.0765684514997112,0.2244712784169076,0.6833649702640747,0.13240856499479867,-0.12329580984781409,0.6025116345124606,0.702345947487282,0.7796501105682563,0.9138756765095402,-0.011438575803882276,0.1492819269219375,-0.4813025206151368,-0.11046880498179046,-0.013322816913922838,0.08886920995242524,0.4102442763573897,0.7088776893719905,0.11402863564367466,0.4059941475984974,0.6262153372737812,0.7118357658514939,0.7981100150482656,0.9999262060760402,0.9886091786052762,0.016061505783247103,0.8765545525804517,0.9847954669855395,0.995140888974791,0.9989146469409254,0.999999974533949,0.008856024963327134,0.0035760317378456907,8.191386355667139e-05,0.0064520621330535766,0.008416527933632421,0.01089016524636027,0.0277537172951331,0.008856024951079178,0.0035760317168008603,8.191385131794959e-05,0.006452061817981303,0.008416526950895786,0.010890166275203228,0.027753718197345734
20260826,12,brightness:0.6,brightness,1024,0.3189805746078491,0.3143965005874634,0.9884636402130127,0.29337398957467287,0.2933739882601557,0.0058741021283957055,0.41489347304499735,0.004871795012986123,0.30896130153979384,0.0049595238482397636,0.006952069004966465,0.00015854448693843396,70.63096009846022,49.94363084733768,63.418370583375335,0.8978834564186801,35.624202255956845,1.4019578808625777,1.414213562373095,2.8885819092625074,1.2497118286098973e-07,5.102621436492427e-09,4.554001053696223,6.624253759981408,2.537157282134376,3.3879163157720553,3.8111079708419178,4.441993592477612,99.50015164083025,4.541089666677417,6.633122113075516,2.545152457924161,3.384527525609119,3.798243457203535,4.420349178298759,91.39682176597131,0.18544472052274763,0.6534051832770085,0.039479495751320884,0.09391751907971098,0.1195432040536058,0.14834763886439695,9.906543481864757,0.11526562415709346,0.03666268084872786,0.05832428373962726,0.09186514301234702,0.10839553822808966,0.12740702930514336,0.4355360525646981,0.6856034966867973,0.13277245555779746,-0.11216124176066626,0.6074459055128936,0.7061611103305541,0.7827746672449164,0.9128551324705646,0.011536359687484947,0.15017347177333376,-0.43685135939571434,-0.09203747743754016,0.008854374457868644,0.12078220178506312,0.4054314161812969,0.7066333555505906,0.11409886057021519,0.40828361113587175,0.6223052421529773,0.7080508206268775,0.7943609350115528,0.999952153872123,0.9884900173197781,0.014985634895007599,0.8995337068693515,0.9840439788452886,0.9942263350738769,0.998700384392562,0.9999998007747826,0.008575009432685706,0.0032450838230148743,9.593576536389857e-05,0.006502820227958046,0.00807172069809681,0.010297135005969781,0.02471124691868216,0.00857500940857392,0.0032450837683146144,9.593575668986887e-05,0.006502820993773639,0.008071720134466887,0.01029713498428464,0.02471124567091465
20260826,12,contrast:0.75,contrast,1024,0.318576455116272,0.3147205114364624,1.0218454599380493,0.23290877819404787,0.2329087786290554,0.0058626424518394265,0.32938275353296304,0.004927770234472653,0.24969076729289663,0.004928103510628914,0.006969155163664222,0.00016119499146899282,56.1833262455939,39.72761097787558,50.67013180650404,0.9018713414191594,28.354473397360596,1.4011055744492895,1.4142135623730951,2.660949598229432,1.2557053025842358e-07,6.047672029829698e-09,4.524572687002942,6.644411020417678,2.5363150694074372,3.369816341046449,3.7920975776613632,4.424603340649973,96.08274157166096,4.551284607869367,6.626121839390185,2.5333365506302385,3.379327402165441,3.8060218029123876,4.44031321103263,93.69194812775686,0.23681556703381257,0.5934220187917986,0.054482676662317174,0.11381347066633352,0.15673558662902068,0.2432011395305802,11.020993409431595,0.09245194450252917,0.026357898236462275,0.05081638065555503,0.0748514905458584,0.0906286476535367,0.10527913672180368,0.38935915912191554,0.6852795120242207,0.13371860287143716,-0.10029181399748047,0.6063647920985674,0.7047134196921097,0.7842265240354238,0.9194974336315059,-0.021845440343603195,0.1429531653053265,-0.39836014742580755,-0.12684109675173816,-0.02445725178553932,0.07755005233346599,0.45926997221431354,0.7065371190923039,0.11552974021916548,0.3930960055063835,0.6204746015278242,0.7094908740009258,0.7951865941339524,0.999994645041925,0.9894060844844734,0.013524219611397702,0.8882967368071684,0.9849115923080508,0.9948561629876923,0.9989108468939569,0.9999999658615716,0.006544274666445884,0.0031870809763291145,8.841098881023216e-05,0.003942650249836781,0.00618388253190943,0.008506354271398984,0.017902466684768546,0.006544274665650107,0.003187080995443097,8.841099042911083e-05,0.003942650160752237,0.006183882476761937,0.008506354410201311,0.017902467399835587
20260826,12,contrast:0.5,contrast,1024,0.31906044483184814,0.310674250125885,1.0116124153137207,0.12788006380367617,0.12788006428396365,0.00586712978855591,0.18084972126752463,0.004970496972782248,0.1395417549146106,0.004955455759709462,0.007018716545272018,0.00010133979905095237,30.82422373206739,21.79601762575616,28.074004607330394,0.9107773435385541,15.570146165950238,1.3998595380097116,1.4142135623730951,2.0624098815925085,1.258889856522004e-07,3.278294302688778e-10,4.544707223375934,6.630640328579944,2.5975293517108065,3.3856864247761695,3.807725193118713,4.430389138613721,94.90880733282779,4.547978496931854,6.628394119971727,2.5166763113706865,3.3657828439884083,3.824416394681748,4.420548848803458,94.14152948358371,0.46301571643070544,1.075689519378965,0.08028272717239521,0.20730696522717187,0.2929922768899618,0.46808198973905163,20.37684269560094,0.1755875715175525,0.043637177978691655,0.08686585649753159,0.14626869888927638,0.16947526827526332,0.19540447524820484,0.49964740619235043,0.6893257447772221,0.13510471176059294,-0.10322493975552441,0.6129883748576919,0.714977369602269,0.7899048736559463,0.9132759451496043,-0.011612419460238256,0.16054923590566783,-0.4966432677860984,-0.11482526579971536,-0.008620596668216702,0.09587265887012197,0.4430127362626746,0.7022904866276591,0.11573985512144212,0.407341439103729,0.613229394106354,0.699147593508831,0.7900919191647305,0.9999831761347534,0.9868111314408614,0.017842877181469458,0.8679547595138505,0.9815577224958854,0.9942406677673964,0.9986100583637875,0.9999999983504997,0.0035301966627267894,0.0018738117296793033,4.791367264849766e-05,0.0020567624226547868,0.0032974434901158287,0.004675136202913054,0.011839297047140377,0.0035301966722265377,0.001873811744244098,4.7913676098687574e-05,0.0020567626343108714,0.0032974433852359653,0.004675136529840529,0.011839296668767929
20260826,12,gaussian_blur:1.0,gaussian_blur,1024,0.3190685510635376,0.3153449296951294,0.9880915880203247,0.07180391560545948,0.0718039156250046,0.005907410110790972,0.1015460713083749,0.005091399214802299,0.07576031749839608,0.004947832372479398,0.007099534572818459,4.78181548789557e-05,17.189609220271045,12.154889245600456,14.880058369443317,0.8656426204207037,8.719364687798329,1.3940108802340356,1.4142135623730951,1.4867876707290517,1.2024027805909616e-07,1.7121837281308672e-10,4.543752634775211,6.631295259597743,2.5485671189706376,3.3911691586913726,3.798166626353366,4.412575902515515,95.9694905952311,4.535679138160733,6.636824562160476,2.5212042160756765,3.4248966044912494,3.801649893866058,4.339134278564515,100.69775629030626,0.7864438261959925,1.9565502026130621,0.12739163440333745,0.39121240186625306,0.5299773829167951,0.6996861927399363,30.366613666455336,0.33004807147655385,0.09328489997915757,0.1635639222364261,0.2665900046538035,0.31193786227755826,0.38135093835108824,0.919575390130386,0.6846550383767837,0.13755039168693217,-0.1565395197232797,0.6052623395807333,0.7049736258878603,0.7872015557334027,0.9110028519231527,0.01190843307387941,0.14311038621906644,-0.4537853709824947,-0.09098068830606244,0.013737476879747659,0.1083128345799503,0.43365330942852437,0.7060385526288604,0.11776651027084536,0.41240005308908795,0.6166958007260531,0.7092335133608134,0.7960259636201,0.9994055781084016,0.9895504461959665,0.013700543268741983,0.8911110127712931,0.9854380381809807,0.9948988541147846,0.9988546191701531,0.9999998912731576,0.0020101348925690324,0.0009976436534737201,3.2071040759985615e-05,0.0013815819131725404,0.0018200671333674298,0.0024694215130848726,0.007629398013103949,0.0020101348893319937,0.0009976436498201305,3.2071042369352654e-05,0.001381582027534023,0.0018200670601800084,0.002469421422574669,0.007629397790879011
20260826,12,gaussian_blur:2.0,gaussian_blur,1024,0.3192328214645386,0.3441137671470642,0.9832791090011597,0.030406558944986818,0.030406558933308,0.0059221946609396845,0.04300136802858096,0.006127811752825076,0.03318582627121843,0.004967086669731676,0.00788809399428577,3.0238381343246353e-05,7.261052783725597,5.134339661925827,5.415607986965155,0.7458433574678469,3.8363028830123613,1.3383561810042781,1.414213562373095,0.7064933913375171,1.1442831376831981e-07,2.6796627139447082e-09,4.554080511779517,6.624198835945694,2.551092196096949,3.384834580899185,3.8163715187473257,4.451581033792026,98.61727648913156,4.7029778770006345,6.519199287756609,2.34294020986882,3.4850854970485843,4.077239161324903,4.539723682153509,105.0629220347489,2.144878317231913,7.494881577963341,0.4008155666747975,0.8748280643291411,1.1559459726414643,1.5427696875520507,98.94500513265301,0.5082124804220347,0.1199708278361184,0.3043457779328064,0.40727243214774356,0.5044200724318202,0.5877905113295134,0.9738601055618082,0.6558862383864418,0.1432082010380235,-0.19675802550795174,0.5838551240249078,0.6782842011326646,0.7550180758073173,0.8995433284308392,0.01672090819211153,0.15120269713326911,-0.416476119004483,-0.08794222077796092,0.01463783045128762,0.11582221500995535,0.443067377505696,0.7329538691604474,0.11006878868212105,0.4368315467952925,0.655703787894335,0.7347996614445971,0.8118578389377138,0.9999893767543625,0.9882337156906154,0.016579313434621306,0.896488315032731,0.9854526423233947,0.9947399763443514,0.998746811526801,0.9999996687354561,0.0008757227455491184,0.00036896082962265453,9.72895166242333e-06,0.0006230700632666201,0.000833466266998391,0.001105722795996884,0.002391092857859562,0.0008757227445395088,0.0003689608278417471,9.728953045851085e-06,0.0006230700819287449,0.0008334662998095155,0.0011057228257413954,0.0023910929448902607
20260826,12,gaussian_noise:0.03,gaussian_noise,1024,0.3186355233192444,0.33042335510253906,1.0115110874176025,0.07613189950840621,0.07613189954522617,0.0059295040280376516,0.10766676486608492,0.005206982070097777,0.07457260929877821,0.004950137090690329,0.007184463758343266,4.738110120588173e-05,18.157802803907845,12.839505494091343,14.321656632356692,0.7887329093184362,9.339331322119675,1.3747778103351078,1.4142135623730951,1.5693689408995726,1.2038410105022902e-07,2.264383902605971e-09,4.544576335434284,6.630730252660808,2.5512376290735896,3.3813516873039036,3.8059405558593995,4.426713639330311,94.31567575386562,4.637545688568249,6.565977113290665,2.521686628892317,3.4178608041375287,3.8650798789189063,4.456779336991329,98.50282564280455,0.7445884035273037,2.163374125748193,0.14918337360809367,0.3535225426999181,0.4624455993498379,0.6296920220823988,30.025211730069532,0.5433490905080738,0.2500107772814184,0.15597269497204727,0.3441783649427308,0.4615896009442847,0.7378549904821096,1.2955376805169256,0.6695766404842716,0.13745376982301807,-0.14208574243961217,0.5934457686173717,0.6910778856735107,0.7728884440780353,0.8932536758868116,-0.011511139424064357,0.14435864577409063,-0.47187752332460575,-0.10927066520225223,-0.013276739375909476,0.08784294989204053,0.499415537128223,0.7217227170726861,0.1091787281561078,0.449552967418411,0.6345418398236561,0.7227802913436312,0.8048739345432263,0.9999771490649737,0.989359041467484,0.014741958909765495,0.8663625807217947,0.9855841103579199,0.9947212545459324,0.9989677799788762,0.9999999827238835,0.0021823132627221443,0.0009479489397849001,3.251899719457507e-05,0.001529372823682661,0.002075716662877268,0.0027302850947487243,0.006526040041957829,0.002182313264050606,0.0009479489401230497,3.251899397582747e-05,0.00152937276288867,0.002075716620311141,0.0027302850503474474,0.0065260399132966995
20260826,12,gaussian_noise:0.06,gaussian_noise,1024,0.3190227746963501,0.3421832323074341,1.0212032794952393,0.04663801638844434,0.04663801631310144,0.005919391003268828,0.06595611519216571,0.00571156818861916,0.05034438328688239,0.00495191751850563,0.007559331867521713,4.0941754622053016e-05,11.14238190309496,7.878853802248714,8.81445894092595,0.7910749261320513,5.8353570630804406,1.3501922368523065,1.4142135623730951,1.1171148869351648,1.1804035267597451e-07,4.5485948341195126e-10,4.548573534529249,6.627986331726943,2.543009198419316,3.3842233866978995,3.798497303811194,4.441184275018579,96.19414813939838,4.744156436371328,6.489278689079588,2.4401632256764705,3.4818464933302273,3.9602601383844407,4.54303255916769,106.02305277734746,1.6913200900571161,6.913273585565551,0.21353422059278784,0.5866673642169797,0.7693392906078542,1.0405796471510247,106.76783511153998,0.6848213392452301,0.2346709815553866,0.2571896411147036,0.5075288796986063,0.6273770567739189,0.8446703624892544,1.542271767284936,0.6578167658386814,0.14056920815201404,-0.11692309670951972,0.5890970713812591,0.6808892610651416,0.7566947207565956,0.8978588613944196,-0.021203219560955684,0.14045687616215924,-0.4285952553771998,-0.11361572872840635,-0.025987073933595277,0.07645238097500984,0.43483603028482953,0.7321963411201724,0.10694102710648087,0.4402833917098353,0.6537683716090483,0.7323863721805289,0.8080622536345978,0.9999891471848753,0.9897717414351572,0.013915607674684333,0.9005096483470518,0.986425352506921,0.9949821667586425,0.998920233736881,0.999999999969998,0.001328015642970953,0.0006007099184961924,8.952344155579249e-06,0.0009200493155159357,0.0012572912802206217,0.0016521446025996118,0.004505692934592189,0.0013280156438923996,0.0006007099098459639,8.952343705459498e-06,0.0009200492495438084,0.0012572912382893264,0.0016521445650141686,0.004505692981183529
20260826,13,brightness:0.8,brightness,1024,0.34173107147216797,0.3420454263687134,1.013415813446045,0.3858743372227385,0.3858743376322201,0.005904249555226777,0.5457087216512204,0.004619848439108566,0.42316834405486153,0.004617062302598149,0.0065314825197964645,0.00010912004119896758,92.42643227505992,65.35535702257404,91.59788456967541,0.9910355978804986,48.249355246937554,1.3545332680023137,1.414213562373095,3.2263519313222124,1.2030731714753575e-07,2.7684821102269552e-09,4.713527664688605,6.511592625935601,2.5331001413014476,3.428148563175515,3.918681100207876,4.503032852893094,94.92662654637726,4.751584446331998,6.483845840156939,2.549810494028146,3.438740215358722,3.936469806131093,4.527705367925356,95.5889898569896,0.16143654810701197,0.5587649251009864,0.02535395973257962,0.06933786809531732,0.09603762796219921,0.12754713674672674,8.933694084532481,0.060491017769864076,0.019177613733667456,0.03276111972943335,0.04879465361612534,0.0567896996614896,0.06649005966254613,0.2397679106118826,0.6579545919370935,0.13018784757329707,-0.1756708513733194,0.612221932916595,0.6726426471615572,0.7364122139071645,0.9088383588687222,-0.013415774236425499,0.14233859402676385,-0.48392469522856674,-0.10927998443332124,-0.009339162580594949,0.08255861066107845,0.3805141094048832,0.735659779755355,0.0947464293254221,0.4171484597224442,0.6765330886951575,0.7399673663981918,0.7906858886198731,0.9998030843601945,0.9896181341033874,0.015352716780833334,0.8751096441863379,0.9867820282719111,0.9953871457151443,0.9990107597611473,0.9999999891119787,0.010992615430467114,0.004959396018165682,0.00010119631164324056,0.007532055885688042,0.010003835506925138,0.013946617165794609,0.03794860098103729,0.010992615447705134,0.004959395994002041,0.00010119631042471156,0.007532055722549558,0.010003835428506136,0.013946617720648646,0.0379486009478569
20260826,13,brightness:0.6,brightness,1024,0.3430212736129761,0.34108197689056396,0.9989868998527527,0.3425013438740193,0.34250134351797723,0.005905398553620723,0.48437004513412973,0.00461038960018952,0.37045060812559205,0.004646410678684196,0.006545595806382045,8.263750915277906e-05,82.02156733979493,57.99800646951804,80.35125884163106,0.9796357403017649,42.71423047884955,1.3578146231236723,1.414213562373095,3.102082028371425,1.174966703136068e-07,5.0025639186657145e-09,4.777463625380064,6.464781212851426,2.5457950274194117,3.4472931563102693,3.940316574203465,4.54707379296416,94.10744208938115,4.747902534413198,6.486544674377079,2.5231617169967646,3.4325863264623857,3.9355030193568887,4.527304802885432,95.5649159679732,0.1771261286306207,0.4894415551881777,0.036890997290884416,0.08009165166710402,0.10172414562688248,0.13091288830494374,5.713311497937778,0.10549979911357488,0.03470808226607183,0.05943160409425084,0.08508348453617781,0.09848982249863378,0.11686833119284712,0.5743949517517327,0.6589180369871719,0.1297430027810216,-0.16259745329020495,0.6126545107347802,0.6727581645283954,0.737903768796375,0.9089732675968396,0.0010130828469538961,0.13600776254364333,-0.3829572032687871,-0.0902337935890109,-0.001654638452283086,0.09694812806076702,0.4257679015233807,0.7348844009855133,0.09467778757707924,0.4168544095896364,0.6749058899917624,0.7398624494400148,0.790350838184041,0.9998103946326398,0.9906375530696643,0.012502713917600907,0.9048324121252381,0.9869056520659027,0.9956460785735828,0.9988976018636962,0.9999999996251686,0.009898869261064813,0.004072636581339831,0.00016799847703482065,0.007426181173638415,0.00949062439559039,0.012143129212189737,0.025991405293746314,0.009898869271893318,0.004072636543052418,0.0001679984707152471,0.007426181924529374,0.009490624535828829,0.012143130181357265,0.02599140629172325
20260826,13,contrast:0.75,contrast,1024,0.34265053272247314,0.337685763835907,1.0049680471420288,0.29174480205318243,0.29174480197173436,0.0058511609266595176,0.4125894557002796,0.004582735571013309,0.3048814044193372,0.004640456902239172,0.006521909657099663,0.0001537463872055493,70.51411862907534,49.86101145201183,66.52825581902897,0.943474258949287,36.50400638017321,1.365905180099395,1.414213562373095,2.9390310836616087,1.1847625369675272e-07,8.614319257915781e-10,4.736261265314094,6.495058791585993,2.5280828697535083,3.4407890338585254,3.9341366237198665,4.517268472984069,93.4037800793807,4.766402205522985,6.472949495249532,2.533041321285514,3.4417160261200594,3.942556215807989,4.530728100793849,91.06441620262342,0.28696872110779154,0.9836786688564222,0.03721885977340999,0.09164404490649317,0.1222407365044411,0.1822645524542212,10.070947005047707,0.08913074866376927,0.028916623203815942,0.04378324198441525,0.06718751030870306,0.08275470118871202,0.1020316737838044,0.2774443474242871,0.6623142544904912,0.1344664836617326,-0.18191864659827334,0.6159027462645407,0.6765882637190243,0.7457489425660581,0.9122644999661529,-0.004968017617894721,0.13834311458853774,-0.4682472835478491,-0.09241172458034831,0.0004961199818086237,0.08933495623990273,0.41287680200293037,0.7304494930083372,0.09863716312938005,0.4096016138902597,0.6662270687710901,0.7363615423783219,0.7878221387650662,0.9996043081551181,0.9902735141425468,0.014620794897978889,0.8835974657331586,0.9876755979636278,0.9958382865199987,0.9990910993412221,0.9999999999709218,0.00816687885337996,0.004054415966721866,9.499546225379802e-05,0.005314950867258522,0.00787707064099646,0.010561134582563182,0.02599795679631549,0.008166878864173555,0.004054415948768921,9.499547013547271e-05,0.0053149505984038115,0.007877069991081953,0.010561134899035096,0.025997955352067947
20260826,13,contrast:0.5,contrast,1024,0.3416677713394165,0.3358767032623291,0.9994962811470032,0.13788307265735425,0.13788307225167556,0.005827015088075691,0.19499611079998896,0.004680857828665063,0.14366800156703655,0.0046382529096779725,0.006589675262583975,7.585463302285906e-05,33.46415065906142,23.6627278576706,30.692665068191,0.917180459199255,17.321547010662897,1.3660862922895824,1.4142135623730951,2.1934276975194917,1.2088477710820578e-07,3.1630154051498494e-09,4.696301943070676,6.5240402252350185,2.5370337776846372,3.427872578505192,3.903567274420295,4.492371688028208,91.69948436289985,4.812311227188678,6.438858663977597,2.59690925902447,3.4543067491020993,3.9622252135581992,4.556821719074889,88.66734796718013,0.519110962464901,1.636852530013013,0.08484685224033739,0.19369383310044036,0.25608193662595485,0.37708814874278423,24.063579476737637,0.16315242021735826,0.039341187595651694,0.09111847284648882,0.13597169525387548,0.1530676453984428,0.18502580200634894,0.4149208756041576,0.6641233249402525,0.13489541479510558,-0.18302102287766425,0.6234050338125794,0.6795067666461407,0.7476176068269562,0.8996834276180021,0.000503705995133821,0.14217246483241758,-0.5009101139003891,-0.08794806497685126,-0.001511687654585989,0.0982989088947892,0.36843083364610935,0.7291552591199968,0.09540809232309194,0.43654293038545816,0.6641293912448556,0.733669148458145,0.781898695424016,0.9999809329544622,0.9897294613100143,0.015566175922965855,0.865499311260442,0.9876587637345766,0.995594463885159,0.9990115720642847,0.9999998842679967,0.003858153388627934,0.0019194802707611562,3.8348025922338006e-05,0.002552631407879862,0.0037799085297483656,0.004969834965244604,0.011496666356341084,0.003858153380317475,0.0019194802656491206,3.8348025555023924e-05,0.0025526313693262637,0.003779908292926848,0.004969834699295461,0.011496664956212044
20260826,13,gaussian_blur:1.0,gaussian_blur,1024,0.343231201171875,0.3358457088470459,0.9854174852371216,0.06737782862472433,0.06737782854791963,0.006111046348959999,0.09528663893571704,0.004689189588320968,0.06943990329450965,0.004630596490206917,0.006590214173328086,1.924179153609922e-05,15.592524339458377,11.025579696247311,14.808508375830803,0.9497184710724775,8.151222883869238,1.3526289059014853,1.4142135623730951,1.4495443362663785,1.1817290629140845e-07,4.607569881187601e-10,4.792985388759093,6.45327069521749,2.5660532321198994,3.445642974020894,3.9599288755509034,4.555577299557882,92.20484681114806,4.5057896091246,6.657177269642603,2.5522810749203417,3.364386636116909,3.8100600085947995,4.3438802841156825,108.16354175270544,1.0961689219752515,3.9034956897890214,0.14027103436643878,0.4103825637387724,0.5338176631462721,0.7334894723920353,54.51334956058232,0.28933033974249944,0.09824889205867285,0.11754421626494575,0.21128117986974165,0.28340544030699455,0.349797595740061,0.68138208413537,0.6641543047216235,0.11980837475714677,-0.13846354077327355,0.6166162708762272,0.6751562836904876,0.7434029416030983,0.9043688404174404,0.014582544253758796,0.15329055354405616,-0.5466787390729279,-0.09205399825022201,0.017002744692845313,0.11503070344594761,0.4260371098756218,0.7322917039660042,0.09119217011020195,0.42675168480278386,0.668843827934185,0.7376746962361229,0.7872638477088214,0.9999302441483955,0.9879389978367241,0.017003580671548293,0.8373424366683164,0.9839451503179456,0.9947228481319936,0.9988010238138026,0.9999999929973125,0.0019110351479249936,0.0008843524758621671,1.765113259322293e-05,0.0013172703813556332,0.0018183101941738526,0.002357347179793263,0.0069483438127045955,0.0019110351490478905,0.0008843524760498388,1.7651131202001125e-05,0.0013172703620512038,0.0018183101783506572,0.0023573472863063216,0.006948343478143215
20260826,13,gaussian_blur:2.0,gaussian_blur,1024,0.3427075147628784,0.3452509045600891,0.9866106510162354,0.03598407312853852,0.035984073142156056,0.006066890753331432,0.050889164267062525,0.005364752423771482,0.038253386494361254,0.00463923004281378,0.007092462474945351,2.5978953644374814e-05,8.388013949174612,5.93122154414872,7.1305036043897605,0.8500824685790381,4.444800618823995,1.334417910180039,1.414213562373095,0.8566662480923823,1.1555483972740532e-07,1.4818766214119705e-09,4.755586594751314,6.480907741891119,2.5677275267273107,3.4357177766722518,3.9292717291719397,4.539020114499762,93.55233316116679,4.611961887696495,6.583979644418685,2.27073577752865,3.4461842896577743,3.9279072786564417,4.463631014250199,122.96376820526733,1.5232703003744472,3.6992061321284884,0.29188985258979994,0.7637422445043367,0.9952949696071138,1.3473801985784895,73.11719437137617,0.5098735060780226,0.1484934280508034,0.23363131873900436,0.3939014488039442,0.5078365923291241,0.6111558594960271,1.1930347952603786,0.6547491040967861,0.12399785127746378,-0.16520455677776186,0.6067808054746121,0.6761890025337414,0.7292814197346935,0.9067014270892897,0.013389369811464453,0.14464689686966892,-0.3966550549633392,-0.09117754914847082,0.015219325665777196,0.12366652947583906,0.40870203413625794,0.7405116370468352,0.08713833365413391,0.4217730694511513,0.6842137750736952,0.7367281699027967,0.7948691508933213,0.9999999960155285,0.9893184066295755,0.01294937877342052,0.9126678734856866,0.9834136302988902,0.9942015177755817,0.9987381778199975,0.9999996897791383,0.0010254119765517118,0.00046178340585638556,1.3342382604382067e-05,0.0007153815628242184,0.0009729441932300369,0.001270661921319603,0.0032970068748385227,0.0010254119762471703,0.0004617834035101268,1.3342381862457842e-05,0.0007153816113714129,0.000972944195382297,0.0012706620036624372,0.003297006944194436
20260826,13,gaussian_noise:0.03,gaussian_noise,1024,0.3424503803253174,0.3356684446334839,1.0199532508850098,0.08214033885278571,0.08214033928592625,0.006010238936717676,0.11616398183608445,0.004797900386649836,0.0823813387445144,0.004611274725629058,0.006654600116869532,5.104099965695774e-05,19.327681155305974,13.6667344095283,17.17028952367177,0.8883781445741646,10.030882360042357,1.3624658150911564,1.4142135623730951,1.6497988225133726,1.1718169332181878e-07,7.227014431343548e-09,4.736631114575994,6.494788995020747,2.540404934422188,3.4212387832417015,3.9355740824748535,4.5218438343847085,91.53956946875817,4.588062717830565,6.600683892351629,2.435305467703576,3.3369003107626276,3.8975850890802803,4.456011425582112,111.18326075973474,0.7853478233683473,2.4532595073261394,0.13759066554944752,0.3264042672683036,0.4290876454388469,0.606672241475168,38.32434686877114,0.5439911918517137,0.2738736607259214,0.16602164761599336,0.32902912658143046,0.44961818660584457,0.7751664269781499,1.3031209176290144,0.6643315856468645,0.12830532401795186,-0.16174696991138204,0.6132532751274434,0.6766853713441763,0.7447312547493692,0.8727079676552737,-0.01995329614822766,0.14062340440994184,-0.4112791900802647,-0.11741478830363988,-0.022145046259525715,0.07055411750808527,0.4444404059515955,0.7303488292205671,0.09389655021739601,0.48824256593521415,0.6673643835291112,0.7362722829084396,0.7898862930287648,0.9999843786217567,0.9897667921199991,0.014426920876988792,0.8958084201198274,0.986720519898193,0.9955869653668434,0.998909134801788,0.999999998950411,0.002331262143045595,0.0010748239942949714,2.4922194039724334e-05,0.0015941347667163962,0.002244996371411537,0.0029626722535794885,0.007028563271080074,0.0023312621503599473,0.0010748240104602677,2.492219391569961e-05,0.0015941347810439765,0.0022449963726103306,0.0029626722098328173,0.007028563413769007
20260826,13,gaussian_noise:0.06,gaussian_noise,1024,0.34292715787887573,0.34073716402053833,1.0161396265029907,0.049067561180534354,0.04906756128460204,0.0060368839186709985,0.0693920106412572,0.005210968946167231,0.05139878369333778,0.004644339542660497,0.006980264117169145,4.158189122282042e-05,11.494673672064518,8.127961701043294,9.863575128603017,0.8580996216164399,6.020080669822074,1.3501416546402212,1.414213562373095,1.1483175529448795,1.2187324768356942e-07,3.0047024868196104e-09,4.75649840210302,6.480237596997403,2.5415534728988436,3.440383541784874,3.9477110654260974,4.5452990373967195,92.09891224616347,4.634290773337131,6.568272268196998,2.2859543201209025,3.3732536911147437,3.915803282252919,4.50380304487185,103.38606461033044,1.4734699891517442,5.193798720346171,0.22823930263852638,0.5397976537599696,0.7262438382673497,1.0218462153550874,80.7475139029927,0.7062471867699085,0.26618510264603573,0.31690895222818205,0.48749508463851393,0.6228668694046249,0.9177010097568803,1.4631809942526017,0.6592628432895986,0.1291627006382115,-0.34603725677546826,0.6137966044343997,0.6749025373164537,0.7395108283992096,0.8593468626981046,-0.01613962628439962,0.13372091034734163,-0.38418656437227294,-0.11048816990824345,-0.022453498451779887,0.07425667546691225,0.41292052366847787,0.7356317743366432,0.08694289335136098,0.5113931653541381,0.6731446574362736,0.7379068113376726,0.789464203358355,0.9997126761831365,0.990820294717845,0.012287546906008634,0.910767061950173,0.987657666506597,0.99546756225143,0.9990484179041792,0.9999999982260441,0.0013921958847054289,0.000642955019460335,1.1820837548131742e-05,0.0009424391767477311,0.001330843585337999,0.001791067663433408,0.004156023296342284,0.0013921958894922426,0.0006429550174018885,1.1820839063148014e-05,0.0009424391464563087,0.0013308436027728021,0.001791067625163123,0.004156023263931274
20260826,14,brightness:0.8,brightness,1024,0.3602020740509033,0.3589533567428589,1.0109010934829712,0.35227812125103786,0.35227812167782974,0.006322696263850623,0.4981964974041062,0.005068674156795319,0.36552738071849117,0.005077681122307683,0.0071745594490257416,3.916402028364703e-05,78.79494389956614,55.71643915459679,72.11498893225298,0.9152235583056246,42.706888413019726,1.3046241737287407,1.414213562373095,3.1418716282739214,1.1341352540126313e-07,2.624636619152909e-09,4.59090106214276,6.5987115680197075,2.223081256239793,3.4270837763054995,3.907329362952124,4.428528368800547,103.76484659718585,4.570077713987494,6.613164634641515,2.2218765897591335,3.4157092682851853,3.9074236341547146,4.424710001646552,104.12539764352027,0.1410489753259505,0.4286461516894577,0.034233289278171986,0.07774235554379781,0.09961949877535475,0.13077098091370276,10.857292903886544,0.07020275487336419,0.02139514998204632,0.03808303684060801,0.05595724102908966,0.06614600513130972,0.0793685299476152,0.2902203757614116,0.6410466144546982,0.13446867401701532,-0.14228985685248058,0.5667752337356741,0.6527311405117937,0.7414755903055646,0.8861872104187323,-0.010901091833729937,0.1466032440152792,-0.48974331660421283,-0.10113985046664394,-0.008365573678871065,0.08680127094244833,0.41828555092023334,0.748034328786211,0.1070088655676582,0.463327344423212,0.670979825492842,0.7575896356596199,0.8238724403185798,0.9999381692624687,0.9890154532138071,0.016072628924594958,0.871866666320892,0.9856802381562008,0.9956140253424788,0.9988185899936888,0.9999999996981882,0.010176596120150778,0.0042006436588748605,8.977473858923626e-05,0.00738371546552016,0.00972293109415728,0.012329728542522386,0.028387149853148944,0.010176596143594452,0.004200643682327664,8.977473771665245e-05,0.007383715244941413,0.00972293084487319,0.012329728109762073,0.028387151658535004
20260826,14,brightness:0.6,brightness,1024,0.36014389991760254,0.35846853256225586,0.9958123564720154,0.6490100057257032,0.6490100045235637,0.006255653668194435,0.9178387505130475,0.005087331885813634,0.6748399466490538,0.005103162844471616,0.007205776622516947,8.249353224219884e-05,146.72147775373293,103.74775186537572,132.65105595545873,0.9041011444698579,79.35531636692369,1.3073825039858256,1.414213562373095,3.7593348035905008,1.115373403379259e-07,3.3832090462482256e-09,4.625670641017553,6.574358438842365,2.2215303091183927,3.4356938718110808,3.936551326650262,4.476850102796939,104.16054011427543,4.632600882315828,6.569472126245621,2.2245014071352314,3.4373005797632423,3.9330612441915287,4.467923971329213,102.798873062487,0.08652545663191638,0.26599344144290754,0.016280273080182067,0.04302231003723223,0.0563564345449274,0.07303069843693133,5.087017016221545,0.11922977411626443,0.033769394843649936,0.06716805167496952,0.09735909365021544,0.11173937542344817,0.1309033752413825,0.47213573351238664,0.6415314505401237,0.137407259213951,-0.17247913029005796,0.5705222722527798,0.6547349972797989,0.7408688860841693,0.8935524689657455,0.004187646487528473,0.14341326460662668,-0.45094117153365265,-0.09362609643789355,0.0064781896680803745,0.09859409455738723,0.47171541971992736,0.7470857117466851,0.10700094151530344,0.4489587789599625,0.67164966457086,0.7558585057482127,0.8212821249191613,0.999783520275918,0.9895610553054367,0.014293418236989364,0.8817508507500589,0.9857133691160368,0.9953926512486788,0.9990121789895047,0.9999999999104976,0.01853351512302446,0.008241172671892578,0.00019124682913175596,0.013289305093129337,0.017228146691880802,0.02248244415955523,0.05977829065903209,0.018533515118122068,0.00824117268476413,0.00019124681421089917,0.013289305614307523,0.017228147014975548,0.02248244173824787,0.05977829545736313
20260826,14,contrast:0.75,contrast,1024,0.36068272590637207,0.355344295501709,1.0113056898117065,0.26965624921850245,0.2696562483124326,0.006244115225503643,0.38135152354208923,0.005076793509579528,0.274370354908229,0.005100504184502099,0.007196455743977882,3.4469747364428405e-05,61.07374860484415,43.18566179096774,54.04402491267622,0.8848977858285523,32.83433369827006,1.3152592712788724,1.414213562373095,2.870867326067444,1.1180715932341728e-07,5.081839393739074e-10,4.610609878857224,6.584941015772738,2.220236307391861,3.4285007513071717,3.9282388998550273,4.439996232583317,104.30222520746526,4.610396655261626,6.585090002368635,2.2124788884699607,3.455096099087231,3.911020179758107,4.441817118225848,102.27094454943044,0.1873445157641582,0.2138162903993219,0.0391924961492808,0.10134491331254425,0.13729556841591034,0.2030113223747192,2.90223857125356,0.10832431970768744,0.036617024402286195,0.049836769623698984,0.08092105049023927,0.09843563300295115,0.1261029531065921,0.3012042531312011,0.6446556618735702,0.14019152663295992,-0.17785183423585108,0.5685586707042849,0.6570868966370558,0.7466380306360556,0.9094463642757009,-0.011305677443474715,0.13486364915355512,-0.4054374401166819,-0.10347772296274596,-0.01000583921045024,0.07960194432805136,0.3897712047970133,0.7430108161282489,0.11283601900187937,0.41582124826144856,0.6652303377360683,0.7538148059517373,0.8226427051716063,0.996536455590614,0.9907218142877267,0.013122292694365432,0.914122793803782,0.9883905696131806,0.9957797051098516,0.9990677978084801,0.9999999446444702,0.007513524156223336,0.0038172544434902323,0.0003344532954494892,0.00475900502605278,0.007028436910737937,0.00952768499972401,0.024787330184620503,0.007513524142467531,0.003817254402830304,0.0003344533033668995,0.0047590050380676985,0.007028436986729503,0.009527685586363077,0.024787329137325287
20260826,14,contrast:0.5,contrast,1024,0.3600118160247803,0.3496342897415161,1.0050182342529297,0.15084179845865958,0.1508417984594707,0.006247902470748781,0.2133225171541325,0.00497766096755771,0.15227706955409917,0.005075298840597077,0.007108851315741073,2.3995750381807218e-05,34.143061315834984,24.142790186895002,30.59209346449602,0.8959973794238514,18.24795198651304,1.3230410858883033,1.414213562373095,2.277546323790489,1.1564696235112656e-07,1.0180607468157632e-09,4.576416372310785,6.6087755316040875,2.2151948098962064,3.421806803124606,3.8984442309559575,4.42372274838759,104.28596474908949,4.563301745573097,6.617847027400149,2.2333067235049135,3.4416925447168287,3.8818525603510756,4.417839960265459,102.8155386880437,0.3821438180801603,0.6555576970832026,0.07006438684632227,0.17809457402561346,0.25777428703611,0.39644219558554805,10.957002491151426,0.1885532641928835,0.0533979966608223,0.10090531210269105,0.1505276714351272,0.17710673249873454,0.21824915148561752,0.6045742460748113,0.6503656880305633,0.13948885602164024,-0.21301648648873328,0.5753273041546149,0.6632093070647307,0.7538707583990918,0.9139469054601491,-0.005018275792248615,0.13570283651740633,-0.47809419792230456,-0.09031513057726051,-0.0023999286920396747,0.08219319294274763,0.36830699823415725,0.7380811264213608,0.11329217584257234,0.40583377631712386,0.6570227379545583,0.7484339544040175,0.8179232803600137,0.999760833593855,0.9906498554979117,0.01380545714689341,0.8783085664577275,0.9877137202252917,0.9962576188610414,0.9992277378432722,0.9999999971741736,0.004131438141132411,0.0022707318574910576,8.856485134625081e-05,0.0024323537817238887,0.0037702644364925597,0.005419155805126462,0.013863470517393053,0.0041314381433466,0.0022707318436288853,8.856485510477796e-05,0.0024323537945747375,0.0037702644476667047,0.005419155582785606,0.01386346947401762
20260826,14,gaussian_blur:1.0,gaussian_blur,1024,0.3601416349411011,0.35400813817977905,1.0154623985290527,0.08842588647217497,0.08842588674096645,0.0063305779349682794,0.125053088293942,0.0050939163344561455,0.08688235516172821,0.005096614173344473,0.007205793478470979,2.845466512752298e-05,19.753818621074853,13.968059101291123,17.056101721585154,0.8634331441814712,10.62330067181543,1.314851145209914,1.414213562373095,1.7427527133055465,1.1107903044564668e-07,3.3680668254376656e-09,4.5851043934707825,6.602744282706537,2.2270133316637217,3.4171436565974576,3.899774819012052,4.446354108433231,104.98377742804666,4.543197382778763,6.631680350635758,2.1985865377576723,3.423965458244971,3.887920980484516,4.372533934820204,96.05234459676714,0.5664270794205892,0.671322761641662,0.10859034558359862,0.3087782385673797,0.4182779279227431,0.6121776632051759,10.279095690126836,0.2935870216880623,0.08896336962571937,0.1427754934270332,0.2278808490709893,0.280331924001994,0.33792094061118494,1.1948563610040832,0.6459918570400663,0.12993965177937455,-0.08386207440232618,0.5731034186283992,0.6496822130880382,0.7430968516858876,0.908539922821201,-0.015462446238072351,0.1260475599298769,-0.3817269322440273,-0.09787690246753258,-0.012836989497551049,0.06847173060485903,0.4734989808429312,0.7445545746503976,0.10712790905546914,0.41779804767380885,0.6691838813239709,0.7602058849329864,0.8194829885835955,0.9964773717836942,0.9918341114997175,0.01239703007239536,0.8807943659792026,0.9895242474531236,0.9965678912020226,0.9991825988890908,0.9999999885708376,0.0024688516055621115,0.0012418349830861201,9.330191789924796e-05,0.0015760128646077592,0.0023078112444259178,0.0031385316592271876,0.008694947719786728,0.002468851610572642,0.0012418349965762315,9.330191096523777e-05,0.0015760129317641258,0.002307811169885099,0.0031385315814986825,0.008694947697222233
20260826,14,gaussian_blur:2.0,gaussian_blur,1024,0.35841935873031616,0.364485502243042,0.9934279322624207,0.03801206948935352,0.03801206945789524,0.006313939588095995,0.05375718416122355,0.005588273142603795,0.036787669190345366,0.005031479646399702,0.007519613297802046,2.930790279619196e-05,8.514047911160699,6.020341013328889,6.583012005960137,0.7731941462686334,4.641776428470156,1.2969907346837153,1.414213562373095,0.928476791995789,1.093579044623314e-07,1.1411596112509415e-09,4.584866486583619,6.602910289990973,2.243898681468953,3.422191442712637,3.9071951448477673,4.4246178133279175,103.88078695947878,4.565929972996845,6.616022685327244,2.273913688577753,3.4695976221188234,3.9208334809726306,4.4095952065312085,136.9964131719522,1.4684511775417448,4.080166899790606,0.2952083816300467,0.7178481375711507,0.927168469093117,1.2440145246294794,65.49074601515615,0.4687358720824929,0.1250009973624194,0.26147597736695993,0.37435862751437027,0.4509930841102755,0.5367104638729434,1.3719343063038436,0.6355145249183569,0.13441150981017205,-0.11103970914482778,0.5650682798193503,0.6456184057109762,0.7341191785593634,0.898188825921601,0.006572091369876611,0.13909960157316173,-0.4075094746508982,-0.0940737541474169,0.004137359139078783,0.10022023803332622,0.4660858474017334,0.7532239356678332,0.10361788181436227,0.439609864527146,0.679020641542662,0.7636601703308719,0.8250441109140524,0.9999362078771823,0.9901776986495721,0.013240089109947879,0.8847394999952292,0.9864513570138927,0.9952532163416244,0.9988088456431758,0.9999999998041679,0.0010905101277899343,0.0004712289126246141,1.486907182255539e-05,0.0007768258021771346,0.0010414198740437146,0.0013465769183051517,0.0033058412789932815,0.0010905101274136797,0.00047122891051784826,1.48690705827903e-05,0.0007768257783027366,0.0010414199787192047,0.0013465769588947296,0.0033058407716453075
20260826,14,gaussian_noise:0.03,gaussian_noise,1024,0.360790491104126,0.380521297454834,1.0042630434036255,0.11345940851239232,0.11345940904220207,0.006480433848745706,0.16045583504631875,0.005245853347066201,0.1110592270191734,0.005097129781162635,0.007314349550366097,5.0860876048104025e-05,24.760045205518935,17.5079958673079,21.170860043444492,0.8550412516502827,13.670034790641793,1.2807572275986525,1.4142135623730951,2.021181118412519,1.0634166405100213e-07,4.379937523779631e-10,4.597379214096888,6.594194778061689,2.216515572358311,3.4246891508148662,3.915563843589249,4.431444115012118,102.94077929455148,4.556186203707557,6.622753607600113,2.2068805123456876,3.3634915096247098,3.893155853019785,4.391694310370888,94.62242457208893,0.5758842551284294,1.907830378368018,0.10362635595032857,0.23734533566327867,0.31308197089628725,0.4612142246865657,30.384193141765365,0.4892987067613307,0.22554896033540778,0.20556567320336072,0.3133221147691567,0.40849870563040325,0.6171815696568821,1.1910476013694233,0.6194786551440183,0.14719415092148788,-0.13246710112212867,0.5451288903952661,0.6374602538967713,0.7227662847008253,0.8932686089965671,-0.0042630716025153,0.14526610126133008,-0.41563000982439424,-0.09985205915981965,-0.004812090707156817,0.10144129140568216,0.39023739298039006,0.763449391500062,0.10843313545585902,0.4495232943700893,0.6910923358267206,0.7704829598773043,0.838351929482869,0.9999988069434322,0.9892903885392905,0.014315060711502901,0.9095337788853002,0.985770685654406,0.9949852423840744,0.9988536056229493,0.9999999995667916,0.0032012903508167583,0.0015249054044676482,3.0743272698893706e-05,0.00209197678976669,0.003098434829698126,0.004085120299629621,0.009355660544383713,0.0032012903583087393,0.0015249054173619024,3.0743271054234356e-05,0.0020919766975566745,0.003098434768617153,0.004085120162926614,0.009355660527944565
20260826,14,gaussian_noise:0.06,gaussian_noise,1024,0.35979294776916504,0.3952382206916809,1.0087426900863647,0.04229669970631049,0.04229669965721927,0.006151664361363298,0.05981656629886094,0.006071576075543937,0.046086430948378825,0.00508635109570336,0.007920543132253008,3.541358302578487e-05,9.723639455128648,6.875651396534533,7.590521863674426,0.7806255979257717,5.417680173196436,1.2691135646722314,1.4142135623730951,1.1047754450271734,1.092673722613251e-07,4.724909352660234e-11,4.589619280735591,6.599603456625274,2.2208267600194365,3.4306717481876494,3.9206627064887636,4.427528618140016,104.62710384907417,4.963240036499047,6.323108240474951,2.1459083884165913,3.5134089616305175,4.214921186346395,4.876765250854643,102.62604502922349,1.6795673416397143,5.929504783045346,0.3237807959853871,0.6248412455788552,0.8022728996306522,1.0972801291164171,73.77117809197159,0.6194216953570831,0.20688567611890485,0.28766351514666966,0.4646237155541689,0.5645561212762573,0.735828204960713,1.460445315108939,0.6047617382268933,0.16112189212739333,-0.3615867621803017,0.5438669266572753,0.6279002424111897,0.7155681742370563,0.877701898882567,-0.0087426784392532,0.1417439004711591,-0.400593368008366,-0.10520324924860773,-0.01114991340375698,0.08824641833549837,0.3884877938967254,0.7732536093621277,0.1020654519543205,0.4792070290573126,0.6985429003217607,0.7782938298427279,0.8391714724976365,0.9997024898878641,0.9897860575576405,0.013250827494855144,0.9162559432318647,0.9860833857880129,0.9951995728082862,0.9988281824619805,0.9999999403506028,0.0012239277068193124,0.0004993248596981293,1.3236540723632055e-05,0.000876673586173695,0.0012068752830103448,0.0015407682325541384,0.003013670441298627,0.0012239277060892562,0.000499324854951084,1.323654123552842e-05,0.0008766736573306844,0.0012068753712810576,0.0015407682803925127,0.0030136704444885254
20260826,15,brightness:0.8,brightness,1024,0.40166205167770386,0.400634765625,0.998386800289154,0.37791214830696607,0.3779121474905466,0.006286627289927452,0.5344484843666724,0.005120275577507525,0.4051650884793765,0.00509510773137545,0.00722338873271693,5.92684309105012e-05,85.01354696547311,60.113655552007074,79.12954729608614,0.9307875052928134,47.51258141052122,1.2652155290195408,1.414213562373095,3.2791784711504675,1.093663562743207e-07,4.531242270289226e-09,4.6609628830240695,6.5493544763125815,2.630322682678831,3.5486764214866215,3.96841561504219,4.45400470779092,107.3852357926237,4.643178511984608,6.561986325790969,2.6239783891673794,3.527838440683978,3.9690942287979745,4.463165798429584,113.89788198939858,0.1489876614156018,0.512429297677391,0.029022769568284906,0.0734542747529168,0.0955240839401733,0.12209010505967582,8.787751258849982,0.06430302072581248,0.01515310063387908,0.03855817429839074,0.05446292279011469,0.060880965327507364,0.07058675321067855,0.1760737577659312,0.5993652545786384,0.13204338828169168,-0.15011677853743316,0.5176575673828501,0.5958261798724386,0.685930695205518,0.8723759751757673,0.0016132068534127388,0.13854440825950678,-0.4108455625748872,-0.09877078805175504,0.0023297426665248025,0.10384449413053602,0.38724388710314905,0.7832272725770021,0.09953681172058342,0.4888355121471119,0.7276666438826902,0.8031134172119203,0.8555878445060793,0.999997473859469,0.9902857787048949,0.012482701834862435,0.9117049543095203,0.98654802303844,0.9948866123444087,0.998740693320457,0.9999999753897114,0.010905711139957634,0.004533855216770911,0.00010977944332993355,0.007916028637328893,0.010117734292658349,0.01309467288263457,0.0332873328470713,0.010905711123129436,0.004533855194527448,0.00010977944475598633,0.007916028844192624,0.01011773431673646,0.013094673166051507,0.03328733146190643
20260826,15,brightness:0.6,brightness,1024,0.4014003872871399,0.4002571105957031,1.0270687341690063,0.23010359622332596,0.2301035963620435,0.006250494749724033,0.3254156267260263,0.005130865064503974,0.24547118248416544,0.005110710206228178,0.007241901347173423,3.013926435840792e-05,52.06237902053974,36.81366125012789,47.84206549931874,0.9189373670466348,29.17028230134719,1.2620262223038397,1.4142135623730951,2.7938583290762593,1.0827760720147222e-07,2.0052921545499203e-09,4.59202477272971,6.597921803488647,2.609086984285842,3.5144939550442835,3.941437255779685,4.425941718192428,120.315861587512,4.689139799067368,6.529188774391548,2.661042782434471,3.5480241333190317,3.987568982582693,4.46449023798206,100.24364279591263,0.3765498674510527,1.9032549003310348,0.054585165985035974,0.11644424952186358,0.14711028347638475,0.19416453859174382,24.27930875010062,0.10973996740825481,0.028889961235781955,0.06615618281995414,0.08928406516076307,0.10522022641257463,0.12313284182618167,0.38743007568694926,0.599742935374851,0.13191301002380473,-0.16952975681861152,0.5187176313697374,0.5966125519140207,0.6880591727462356,0.8676036696958881,-0.02706870731060366,0.15121142157798234,-0.5199542439034223,-0.13277543355407417,-0.02223532878270721,0.07587519855575146,0.4067835104035846,0.7830625743289154,0.09872631659305785,0.4972563446857448,0.725654553966993,0.8025293594200066,0.8549456229027951,0.999999161882339,0.9879979325301234,0.016884424340101734,0.8541941139148762,0.9839712533750586,0.9942195356545875,0.9987486927342686,0.9999999973756396,0.006692151068361324,0.0026322204258940733,4.021503723737145e-05,0.0049973101040423976,0.006543572386717933,0.008293173548276767,0.01765848459379151,0.006692151066172158,0.0026322204486004565,4.021503627882339e-05,0.004997309530153871,0.006543572759255767,0.008293173974379897,0.01765848509967327
20260826,15,contrast:0.75,contrast,1024,0.4015246033668518,0.40027785301208496,0.9982007145881653,0.2766312882805085,0.2766312895731226,0.0062704028373111,0.3912157214910689,0.005124230300938181,0.291159322835036,0.005094489293032508,0.007225756523290545,6.162122749429147e-05,62.39084340214921,44.11698845360767,56.82010872573944,0.9107123037189481,34.82041025021121,1.2669864596218547,1.414213562373095,2.966988911696521,1.0803967859453144e-07,3.3572561397576806e-09,4.644267082970945,6.5612162558519795,2.600245077011273,3.5330897961333907,3.9532244989613714,4.450468661585479,112.64775115585657,4.672232452886206,6.541310953646301,2.605269290659638,3.5497126753669956,3.967135086634878,4.4395561651667705,104.02098105898143,0.23174123141226177,0.6029005034533382,0.038684592093262096,0.09643562594412453,0.12887488911661135,0.17819899460333818,8.634411143059069,0.08990538938532994,0.036269035124262626,0.04666128177095585,0.06791639334911306,0.07807992500442451,0.09697915111743426,0.29035149464050153,0.5997221479315444,0.1334187582017144,-0.1650170297556573,0.5185796520881146,0.5950075112702145,0.6877394878416219,0.8604576943438174,0.0017992718650536345,0.13345779508631248,-0.4196495331002531,-0.08711051823081045,0.006876618130660459,0.09081140957582129,0.4904385888673527,0.782694889616468,0.09974261271688686,0.509521889858053,0.7259573583456281,0.8037201156201744,0.8550292879358015,0.999985061898488,0.9909757309579083,0.013055274318995886,0.8714757544245277,0.9885544387819803,0.9960490547018936,0.9990901836744924,0.9999998676343594,0.007772097666199341,0.003786795428899516,0.00010882046463988434,0.005395274742570493,0.0075030174118216365,0.010089002061623283,0.02502511542457322,0.007772097704226155,0.003786795483051081,0.00010882046626647934,0.005395275191403925,0.007503017783164978,0.010089001152664423,0.02502511627972126
20260826,15,contrast:0.5,contrast,1024,0.4021211862564087,0.395014226436615,1.0038280487060547,0.13657025156707292,0.13657025102919185,0.006302469142774732,0.19313950122218126,0.005125779938275513,0.139728751363935,0.005110723859475682,0.007238309080402807,5.1058421708127983e-05,30.645053049343364,21.66932482101218,27.25999809717631,0.8895399219340041,17.035157733690703,1.272035473639372,1.4142135623730951,2.2480873675687034,1.0814921906651844e-07,5.320169638167727e-09,4.6591255567329455,6.550662652977841,2.6368656072037084,3.524412438523344,3.9632975028478596,4.443496953006494,105.91371513729328,4.598684786925174,6.59327720763361,2.582130953964755,3.51428969986027,3.9388243922225783,4.386724862125152,112.0759081172896,0.519321878890022,1.8700294420620724,0.06507316499070888,0.20063576976780667,0.26768472516654285,0.3887338179627452,25.771932482621562,0.17499629089602298,0.050162464735344504,0.09663019628577979,0.1406813102136547,0.1638248912580641,0.19411909454459006,0.4889650987389401,0.6049857473727893,0.1297741486164214,-0.09845388971719637,0.5280599884173921,0.602849449229216,0.6870942264021133,0.8714630207119654,-0.003828006362441627,0.12809986746941265,-0.33832465600000583,-0.09299717731823706,-0.003216463762624029,0.0886702248198234,0.40623068286560426,0.7794687607535594,0.09800608919226476,0.4904612151144843,0.7265683122340894,0.7978549042419114,0.8492070688929934,0.9999928411377659,0.9917020014363023,0.010911091012149163,0.913770557798042,0.9889594318191199,0.9958054577987876,0.999001566800369,0.9999999707289107,0.003796327334408045,0.0019508731668156929,3.76587932264678e-05,0.002483706403815083,0.0036149898576903847,0.004795288380269631,0.014921291257683371,0.003796327322401538,0.0019508731575576385,3.7658788642147556e-05,0.002483706397470087,0.0036149901570752263,0.0047952886670827866,0.01492128986865282
20260826,15,gaussian_blur:1.0,gaussian_blur,1024,0.40157651901245117,0.39965301752090454,0.9842231273651123,0.07301505713839314,0.07301505735981217,0.006390396943405665,0.10325888437569584,0.005292949441938721,0.07706431328370708,0.00512137833232209,0.007365041060150147,4.4324149932467535e-05,16.158446069965976,11.42574678951006,14.559805289861163,0.9010646956283601,9.082999222933651,1.2579266468457848,1.414213562373095,1.630366011453752,1.057477230593771e-07,2.949677058161626e-09,4.647471669709868,6.558943194800778,2.62535075787029,3.533818865779291,3.9656438066136612,4.455538844172971,112.82912919434307,4.560792053796524,6.619569344415208,2.502165275795429,3.54663093898672,3.9156562251932097,4.357867617323812,125.04637313591844,1.1923098501329457,5.4227588981551795,0.14873746087386946,0.36976971623395877,0.5032950382219286,0.6994661934139752,66.63901096656986,0.3217622430449768,0.11107895216061561,0.14926768431925747,0.2408568570065746,0.3113678855584975,0.3861964309542892,0.7704289047815683,0.600347022134726,0.12540362550099474,0.04053296265864893,0.5233158051626308,0.5975762014598991,0.685894914128224,0.8730114895863775,0.015776851437639735,0.13832919263194887,-0.41379179204524036,-0.0753072302499227,0.011262686374601559,0.10908824750308956,0.4023041383480404,0.78383116998095,0.09742025687209295,0.4876996401989387,0.7277005403489327,0.8018121196010893,0.8521387947983161,0.9991782017929097,0.9901672811439504,0.014274671862060823,0.9103715465874297,0.9875605126830238,0.9957364071617971,0.9991898501143461,0.9999999829515104,0.002059169493315867,0.0009833686744153156,1.4613234605131729e-05,0.0013881246856919378,0.001914146409836949,0.0026075118996077926,0.006412698659949019,0.002059169497483637,0.0009833686871853259,1.4613235180149786e-05,0.0013881245686206967,0.0019141464726999402,0.0026075118221342564,0.00641269888728857
20260826,15,gaussian_blur:2.0,gaussian_blur,1024,0.4017986059188843,0.39275944232940674,0.9699297547340393,0.03684419302933895,0.03684419304505497,0.006545668378267333,0.052105557499009206,0.00506640856204841,0.03692436432519698,0.005138350278306019,0.007216033488015766,2.84191869995372e-05,7.960311229943759,5.628790051048658,7.28807475216093,0.9155514830558229,4.457392671665407,1.2627987860215455,1.4142135623730951,0.9146598856769905,1.0484300778399131e-07,6.30997476491757e-10,4.6410017553021685,6.563527637204599,2.6258731138418474,3.538026851185562,3.9719523983283427,4.45135245577935,114.67771583970516,4.441257292981889,6.700444339796872,2.51382977114212,3.4015359073033338,3.807260206989893,4.1974875742673206,125.37863826323785,2.0754419485236753,7.954419732569982,0.31322323669732277,0.7350289586575576,0.9371851467462182,1.287338915873195,116.52781094790288,0.5061215935283477,0.14927707356653336,0.2620915669235714,0.417244170994355,0.4941287421768338,0.5718674811316945,1.3165653612563346,0.6072405179013083,0.11887780716236707,-0.010341694562149534,0.5456395100466211,0.6168826132835816,0.685442358340519,0.8552436454990956,0.0300702582734548,0.1528837884144432,-0.4502635076614993,-0.08733917428750247,0.03340003694257346,0.14090611833640151,0.5076101058091584,0.7808476600927257,0.08616846178892233,0.5182261155455381,0.7281268585478746,0.7870550204224267,0.8380199678440621,0.9999896973590333,0.9876572339713204,0.01669169589116523,0.861586896650834,0.9841251771127171,0.9936607462681064,0.9983743152485589,0.9999999723693108,0.001056185711923862,0.00045864523152873844,8.234868496653429e-06,0.0007508433000801481,0.001030624652580106,0.0013113618855860709,0.003030687200150085,0.0010561857138844388,0.0004586452352347993,8.234868801082484e-06,0.0007508433191105723,0.0010306246695108712,0.0013113617897033691,0.0030306873377412558
20260826,15,gaussian_noise:0.03,gaussian_noise,1024,0.40111100673675537,0.3975851535797119,0.9920884966850281,0.08803887499086975,0.08803887482251983,0.006330797739591315,0.12450577079007476,0.005217522765176302,0.08883322302386605,0.005086962122373233,0.00728695597898004,4.742932726953372e-05,19.66667960523285,13.906442512283322,17.02593874947172,0.8657251295710086,10.894722669458424,1.2764384151132486,1.414213562373095,1.7976312115245805,1.1219477639860878e-07,1.799063342744489e-09,4.5977374453151185,6.593939031656473,2.610658623889599,3.5099453324211196,3.922027257636728,4.4224238127007505,118.7715300127288,4.59363176627504,6.59680376724025,2.625992450997191,3.471527764921002,3.930484233210977,4.403002375519546,102.41464225813928,0.6691489522274582,2.0674123699173843,0.13145962617722481,0.30725923194738003,0.3984501629644619,0.5924451278009009,37.988440470603884,0.5712185778085268,0.265096017184836,0.22396526643372291,0.36501894405523244,0.4654633276179938,0.7807612972159595,1.4477066367041906,0.6024148052568667,0.1340994286479459,-0.18033982064103468,0.52078422222769,0.6122232589198289,0.6891024781261295,0.8760104406978311,0.007911481524361516,0.13622599580019387,-0.4343530349339616,-0.07809006155090781,0.0043473324099520365,0.1034093017428453,0.3963047226749127,0.7806517383701018,0.0986086506304975,0.4822921394636158,0.724663690239453,0.7906847626057347,0.8536882490271189,0.999931624246948,0.990566377326652,0.013282827886253934,0.9007427163422731,0.987492367115723,0.9958801585453176,0.9991118445352942,0.9999999688210548,0.00249714159636325,0.0011553226602900825,2.5243815208766647e-05,0.001628102770704212,0.0024373257585640073,0.0031508365723508,0.00736072525212453,0.002497141588351681,0.001155322659613558,2.5243816708098166e-05,0.001628102792892605,0.002437325776554644,0.003150836448185146,0.0073607247322797775
20260826,15,gaussian_noise:0.06,gaussian_noise,1024,0.40159308910369873,0.4109731912612915,0.9896149039268494,0.04855168614991073,0.04855168619154636,0.006396705116139904,0.06866245308816739,0.005555681031772342,0.05135157971999285,0.005135346689683524,0.007565538801039786,3.005550955623941e-05,10.734034450786407,7.590108549641086,9.243075588090585,0.8610998623554269,6.038880415525167,1.2568734636557395,1.4142135623730951,1.2230177836255725,1.0496769543556599e-07,6.820927156425682e-10,4.700968937423703,6.520667184999166,2.608765957178045,3.5696479078494328,4.003238703602946,4.49333740392369,97.11832485617113,4.66545463999485,6.546148896366276,2.486385572561467,3.4698209125209,3.9939432299423787,4.519070507043859,100.69188912616046,1.0639641490404534,2.0994968346323097,0.22164540786905,0.5501124087944691,0.7258255961912701,1.0430173735206414,39.32674046961518,0.7040919177730811,0.2510711001147014,0.3285945438232116,0.5149836731546946,0.6261506678542748,0.8573524150581258,1.663380729877324,0.5890268044399123,0.1292381329161309,-0.1905454806601641,0.5145561068506735,0.5962591379757424,0.6745676746970711,0.8597540305189064,0.010385113750277909,0.12538425393554406,-0.40859422524939615,-0.06917719614847236,0.011475024736417115,0.09520066933307367,0.35841955988330965,0.7927966255190841,0.08855737603314912,0.5107083384932106,0.7382130052488447,0.8027919944777946,0.8574567075412309,0.9993594572636021,0.9919952745833585,0.011480197426280345,0.9127161437669686,0.9893983922204084,0.9965141705633468,0.9993768919108432,0.9999999999187668,0.0013827328822088175,0.0006248590840890883,2.4690201948266048e-05,0.0009261640035243084,0.001335442377430495,0.0017572612687835525,0.004364051621051035,0.001382732884266602,0.0006248590819932135,2.4690201826160774e-05,0.0009261640516342595,0.0013354422990232706,0.001757261372404173,0.004364051390439272
