seed,arm,image,condition,response_gap
20260824,B,./images/train2017/000000504259.jpg,brightness:0.8,1.0036083459854126
20260824,B,./images/train2017/000000107620.jpg,brightness:0.8,0.9256211519241333
20260824,B,./images/train2017/000000560103.jpg,brightness:0.8,0.9825672507286072
20260824,B,./images/train2017/000000325634.jpg,brightness:0.8,0.9998738169670105
20260824,B,./images/train2017/000000062937.jpg,brightness:0.8,1.0253158807754517
20260824,B,./images/train2017/000000326290.jpg,brightness:0.8,1.009945273399353
20260824,B,./images/train2017/000000560660.jpg,brightness:0.8,1.038047194480896
20260824,B,./images/train2017/000000423355.jpg,brightness:0.8,0.9963065981864929
20260824,B,./images/train2017/000000062311.jpg,brightness:0.8,1.0051971673965454
20260824,B,./images/train2017/000000075327.jpg,brightness:0.8,1.001404047012329
20260824,B,./images/train2017/000000124364.jpg,brightness:0.8,0.9871339201927185
20260824,B,./images/train2017/000000226957.jpg,brightness:0.8,0.9946988821029663
20260824,B,./images/train2017/000000026573.jpg,brightness:0.8,0.9881603717803955
20260824,B,./images/train2017/000000518548.jpg,brightness:0.8,0.9623216390609741
20260824,B,./images/train2017/000000467766.jpg,brightness:0.8,0.9862288236618042
20260824,B,./images/train2017/000000146819.jpg,brightness:0.8,1.023416519165039
20260824,B,./images/train2017/000000346367.jpg,brightness:0.8,1.0050404071807861
20260824,B,./images/train2017/000000404710.jpg,brightness:0.8,0.9820325970649719
20260824,B,./images/train2017/000000028517.jpg,brightness:0.8,1.0221452713012695
20260824,B,./images/train2017/000000180851.jpg,brightness:0.8,1.0119280815124512
20260824,B,./images/train2017/000000513585.jpg,brightness:0.8,0.9850439429283142
20260824,B,./images/train2017/000000123892.jpg,brightness:0.8,1.0456819534301758
20260824,B,./images/train2017/000000257874.jpg,brightness:0.8,1.0238137245178223
20260824,B,./images/train2017/000000220376.jpg,brightness:0.8,0.9512157440185547
20260824,B,./images/train2017/000000219117.jpg,brightness:0.8,1.0415946245193481
20260824,B,./images/train2017/000000423193.jpg,brightness:0.8,0.9778371453285217
20260824,B,./images/train2017/000000259793.jpg,brightness:0.8,0.9837411046028137
20260824,B,./images/train2017/000000465701.jpg,brightness:0.8,0.9844584465026855
20260824,B,./images/train2017/000000054796.jpg,brightness:0.8,1.0342543125152588
20260824,B,./images/train2017/000000253054.jpg,brightness:0.8,0.9850543737411499
20260824,B,./images/train2017/000000036113.jpg,brightness:0.8,0.9772158861160278
20260824,B,./images/train2017/000000345711.jpg,brightness:0.8,1.001449704170227
20260824,B,./images/train2017/000000034340.jpg,brightness:0.8,0.9892283082008362
20260824,B,./images/train2017/000000456315.jpg,brightness:0.8,0.9757667183876038
20260824,B,./images/train2017/000000482195.jpg,brightness:0.8,1.023108959197998
20260824,B,./images/train2017/000000553660.jpg,brightness:0.8,0.9641379714012146
20260824,B,./images/train2017/000000569500.jpg,brightness:0.8,1.0118680000305176
20260824,B,./images/train2017/000000027556.jpg,brightness:0.8,1.0350732803344727
20260824,B,./images/train2017/000000534845.jpg,brightness:0.8,0.9489091634750366
20260824,B,./images/train2017/000000020376.jpg,brightness:0.8,1.0351283550262451
20260824,B,./images/train2017/000000285998.jpg,brightness:0.8,1.0355618000030518
20260824,B,./images/train2017/000000284644.jpg,brightness:0.8,0.998609185218811
20260824,B,./images/train2017/000000319345.jpg,brightness:0.8,1.01906156539917
20260824,B,./images/train2017/000000082143.jpg,brightness:0.8,1.020536184310913
20260824,B,./images/train2017/000000414664.jpg,brightness:0.8,1.0175604820251465
20260824,B,./images/train2017/000000518472.jpg,brightness:0.8,1.0588382482528687
20260824,B,./images/train2017/000000494175.jpg,brightness:0.8,0.9933599829673767
20260824,B,./images/train2017/000000566832.jpg,brightness:0.8,0.974484920501709
20260824,B,./images/train2017/000000120767.jpg,brightness:0.8,0.9838890433311462
20260824,B,./images/train2017/000000053448.jpg,brightness:0.8,1.0017638206481934
20260824,B,./images/train2017/000000181453.jpg,brightness:0.8,0.9780203104019165
20260824,B,./images/train2017/000000473159.jpg,brightness:0.8,1.0538767576217651
20260824,B,./images/train2017/000000562943.jpg,brightness:0.8,1.0165131092071533
20260824,B,./images/train2017/000000237600.jpg,brightness:0.8,0.9520635008811951
20260824,B,./images/train2017/000000312935.jpg,brightness:0.8,1.0030916929244995
20260824,B,./images/train2017/000000227736.jpg,brightness:0.8,0.9635683298110962
20260824,B,./images/train2017/000000371486.jpg,brightness:0.8,1.0397922992706299
20260824,B,./images/train2017/000000477042.jpg,brightness:0.8,1.007550835609436
20260824,B,./images/train2017/000000295358.jpg,brightness:0.8,1.0372685194015503
20260824,B,./images/train2017/000000204962.jpg,brightness:0.8,1.0110101699829102
20260824,B,./images/train2017/000000077455.jpg,brightness:0.8,1.0055980682373047
20260824,B,./images/train2017/000000022683.jpg,brightness:0.8,1.029769778251648
20260824,B,./images/train2017/000000304909.jpg,brightness:0.8,0.9681390523910522
20260824,B,./images/train2017/000000428943.jpg,brightness:0.8,0.9981229305267334
20260824,B,./images/train2017/000000081842.jpg,brightness:0.8,1.0369219779968262
20260824,B,./images/train2017/000000264381.jpg,brightness:0.8,0.9934372305870056
20260824,B,./images/train2017/000000545919.jpg,brightness:0.8,0.9956895112991333
20260824,B,./images/train2017/000000058089.jpg,brightness:0.8,1.0166261196136475
20260824,B,./images/train2017/000000386127.jpg,brightness:0.8,0.9749003648757935
20260824,B,./images/train2017/000000362062.jpg,brightness:0.8,1.0248535871505737
20260824,B,./images/train2017/000000566855.jpg,brightness:0.8,1.0393601655960083
20260824,B,./images/train2017/000000355186.jpg,brightness:0.8,1.0596888065338135
20260824,B,./images/train2017/000000346978.jpg,brightness:0.8,1.008880853652954
20260824,B,./images/train2017/000000444496.jpg,brightness:0.8,1.0005429983139038
20260824,B,./images/train2017/000000335189.jpg,brightness:0.8,1.0067627429962158
20260824,B,./images/train2017/000000495438.jpg,brightness:0.8,0.9646973609924316
20260824,B,./images/train2017/000000081749.jpg,brightness:0.8,0.9597005248069763
20260824,B,./images/train2017/000000310258.jpg,brightness:0.8,1.0056897401809692
20260824,B,./images/train2017/000000379820.jpg,brightness:0.8,1.0266342163085938
20260824,B,./images/train2017/000000026578.jpg,brightness:0.8,0.8987612128257751
20260824,B,./images/train2017/000000350969.jpg,brightness:0.8,0.9182873964309692
20260824,B,./images/train2017/000000377012.jpg,brightness:0.8,1.01007080078125
20260824,B,./images/train2017/000000271666.jpg,brightness:0.8,0.9612738490104675
20260824,B,./images/train2017/000000509933.jpg,brightness:0.8,1.0103309154510498
20260824,B,./images/train2017/000000248952.jpg,brightness:0.8,1.0820971727371216
20260824,B,./images/train2017/000000196922.jpg,brightness:0.8,1.0150268077850342
20260824,B,./images/train2017/000000170327.jpg,brightness:0.8,1.0062419176101685
20260824,B,./images/train2017/000000113839.jpg,brightness:0.8,0.9266236424446106
20260824,B,./images/train2017/000000282855.jpg,brightness:0.8,1.0666173696517944
20260824,B,./images/train2017/000000167901.jpg,brightness:0.8,0.9986918568611145
20260824,B,./images/train2017/000000098631.jpg,brightness:0.8,0.978157639503479
20260824,B,./images/train2017/000000312254.jpg,brightness:0.8,0.9721348285675049
20260824,B,./images/train2017/000000477949.jpg,brightness:0.8,1.0053660869598389
20260824,B,./images/train2017/000000468133.jpg,brightness:0.8,0.9911859631538391
20260824,B,./images/train2017/000000213457.jpg,brightness:0.8,0.9984318017959595
20260824,B,./images/train2017/000000378007.jpg,brightness:0.8,1.025145173072815
20260824,B,./images/train2017/000000552744.jpg,brightness:0.8,0.986531674861908
20260824,B,./images/train2017/000000193011.jpg,brightness:0.8,1.019627332687378
20260824,B,./images/train2017/000000564781.jpg,brightness:0.8,0.9826799035072327
20260824,B,./images/train2017/000000311401.jpg,brightness:0.8,1.029815435409546
20260824,B,./images/train2017/000000571078.jpg,brightness:0.8,1.0204007625579834
20260824,B,./images/train2017/000000463299.jpg,brightness:0.8,1.014321208000183
20260824,B,./images/train2017/000000173925.jpg,brightness:0.8,0.9875518083572388
20260824,B,./images/train2017/000000336843.jpg,brightness:0.8,0.9714595079421997
20260824,B,./images/train2017/000000395766.jpg,brightness:0.8,0.9939740896224976
20260824,B,./images/train2017/000000531659.jpg,brightness:0.8,1.0286604166030884
20260824,B,./images/train2017/000000000110.jpg,brightness:0.8,0.9803459644317627
20260824,B,./images/train2017/000000154801.jpg,brightness:0.8,1.0551811456680298
20260824,B,./images/train2017/000000564609.jpg,brightness:0.8,0.9710127115249634
20260824,B,./images/train2017/000000477641.jpg,brightness:0.8,1.016029953956604
20260824,B,./images/train2017/000000080123.jpg,brightness:0.8,0.9583293199539185
20260824,B,./images/train2017/000000362568.jpg,brightness:0.8,1.0002670288085938
20260824,B,./images/train2017/000000404702.jpg,brightness:0.8,1.0099252462387085
20260824,B,./images/train2017/000000197005.jpg,brightness:0.8,1.0072225332260132
20260824,B,./images/train2017/000000124240.jpg,brightness:0.8,0.9673023819923401
20260824,B,./images/train2017/000000502644.jpg,brightness:0.8,1.0322047472000122
20260824,B,./images/train2017/000000147228.jpg,brightness:0.8,1.0166794061660767
20260824,B,./images/train2017/000000010907.jpg,brightness:0.8,1.0148223638534546
20260824,B,./images/train2017/000000255093.jpg,brightness:0.8,1.0456233024597168
20260824,B,./images/train2017/000000155884.jpg,brightness:0.8,1.0658795833587646
20260824,B,./images/train2017/000000200386.jpg,brightness:0.8,1.0347851514816284
20260824,B,./images/train2017/000000152483.jpg,brightness:0.8,0.9907891154289246
20260824,B,./images/train2017/000000060992.jpg,brightness:0.8,1.042984962463379
20260824,B,./images/train2017/000000431480.jpg,brightness:0.8,1.1020493507385254
20260824,B,./images/train2017/000000374576.jpg,brightness:0.8,1.0218744277954102
20260824,B,./images/train2017/000000337342.jpg,brightness:0.8,0.9768201112747192
20260824,B,./images/train2017/000000476901.jpg,brightness:0.8,1.0148956775665283
20260824,B,./images/train2017/000000084762.jpg,brightness:0.8,0.9831447601318359
20260824,B,./images/train2017/000000504259.jpg,brightness:0.6,1.0257700681686401
20260824,B,./images/train2017/000000107620.jpg,brightness:0.6,0.9571229219436646
20260824,B,./images/train2017/000000560103.jpg,brightness:0.6,0.9734787344932556
20260824,B,./images/train2017/000000325634.jpg,brightness:0.6,0.9725443720817566
20260824,B,./images/train2017/000000062937.jpg,brightness:0.6,0.9792816638946533
20260824,B,./images/train2017/000000326290.jpg,brightness:0.6,1.0036025047302246
20260824,B,./images/train2017/000000560660.jpg,brightness:0.6,0.998783528804779
20260824,B,./images/train2017/000000423355.jpg,brightness:0.6,0.9930754899978638
20260824,B,./images/train2017/000000062311.jpg,brightness:0.6,0.9869014024734497
20260824,B,./images/train2017/000000075327.jpg,brightness:0.6,1.0117307901382446
20260824,B,./images/train2017/000000124364.jpg,brightness:0.6,0.9993851184844971
20260824,B,./images/train2017/000000226957.jpg,brightness:0.6,1.0077837705612183
20260824,B,./images/train2017/000000026573.jpg,brightness:0.6,0.985266387462616
20260824,B,./images/train2017/000000518548.jpg,brightness:0.6,0.9579504728317261
20260824,B,./images/train2017/000000467766.jpg,brightness:0.6,0.9901055693626404
20260824,B,./images/train2017/000000146819.jpg,brightness:0.6,1.0240310430526733
20260824,B,./images/train2017/000000346367.jpg,brightness:0.6,0.9948367476463318
20260824,B,./images/train2017/000000404710.jpg,brightness:0.6,0.9781011343002319
20260824,B,./images/train2017/000000028517.jpg,brightness:0.6,1.0333763360977173
20260824,B,./images/train2017/000000180851.jpg,brightness:0.6,1.0253936052322388
20260824,B,./images/train2017/000000513585.jpg,brightness:0.6,0.9972395300865173
20260824,B,./images/train2017/000000123892.jpg,brightness:0.6,1.0744524002075195
20260824,B,./images/train2017/000000257874.jpg,brightness:0.6,1.0154852867126465
20260824,B,./images/train2017/000000220376.jpg,brightness:0.6,0.9534697532653809
20260824,B,./images/train2017/000000219117.jpg,brightness:0.6,1.0547019243240356
20260824,B,./images/train2017/000000423193.jpg,brightness:0.6,0.9736354947090149
20260824,B,./images/train2017/000000259793.jpg,brightness:0.6,1.0201860666275024
20260824,B,./images/train2017/000000465701.jpg,brightness:0.6,0.9710034132003784
20260824,B,./images/train2017/000000054796.jpg,brightness:0.6,1.0420427322387695
20260824,B,./images/train2017/000000253054.jpg,brightness:0.6,0.9856337308883667
20260824,B,./images/train2017/000000036113.jpg,brightness:0.6,1.0011568069458008
20260824,B,./images/train2017/000000345711.jpg,brightness:0.6,1.0272908210754395
20260824,B,./images/train2017/000000034340.jpg,brightness:0.6,0.9785682559013367
20260824,B,./images/train2017/000000456315.jpg,brightness:0.6,0.9931097030639648
20260824,B,./images/train2017/000000482195.jpg,brightness:0.6,0.9645527005195618
20260824,B,./images/train2017/000000553660.jpg,brightness:0.6,0.9737430214881897
20260824,B,./images/train2017/000000569500.jpg,brightness:0.6,1.0065765380859375
20260824,B,./images/train2017/000000027556.jpg,brightness:0.6,1.0442277193069458
20260824,B,./images/train2017/000000534845.jpg,brightness:0.6,0.9686876535415649
20260824,B,./images/train2017/000000020376.jpg,brightness:0.6,1.0335769653320312
20260824,B,./images/train2017/000000285998.jpg,brightness:0.6,1.0339958667755127
20260824,B,./images/train2017/000000284644.jpg,brightness:0.6,1.0101555585861206
20260824,B,./images/train2017/000000319345.jpg,brightness:0.6,0.9810429811477661
20260824,B,./images/train2017/000000082143.jpg,brightness:0.6,1.0912604331970215
20260824,B,./images/train2017/000000414664.jpg,brightness:0.6,1.0484551191329956
20260824,B,./images/train2017/000000518472.jpg,brightness:0.6,1.032184362411499
20260824,B,./images/train2017/000000494175.jpg,brightness:0.6,0.9382492899894714
20260824,B,./images/train2017/000000566832.jpg,brightness:0.6,0.9562781453132629
20260824,B,./images/train2017/000000120767.jpg,brightness:0.6,0.9831228256225586
20260824,B,./images/train2017/000000053448.jpg,brightness:0.6,1.0056145191192627
20260824,B,./images/train2017/000000181453.jpg,brightness:0.6,0.9748982191085815
20260824,B,./images/train2017/000000473159.jpg,brightness:0.6,0.9930239915847778
20260824,B,./images/train2017/000000562943.jpg,brightness:0.6,1.117061734199524
20260824,B,./images/train2017/000000237600.jpg,brightness:0.6,1.0017316341400146
20260824,B,./images/train2017/000000312935.jpg,brightness:0.6,1.0035005807876587
20260824,B,./images/train2017/000000227736.jpg,brightness:0.6,0.9990918636322021
20260824,B,./images/train2017/000000371486.jpg,brightness:0.6,1.0287666320800781
20260824,B,./images/train2017/000000477042.jpg,brightness:0.6,0.9991227984428406
20260824,B,./images/train2017/000000295358.jpg,brightness:0.6,1.0248337984085083
20260824,B,./images/train2017/000000204962.jpg,brightness:0.6,1.0116961002349854
20260824,B,./images/train2017/000000077455.jpg,brightness:0.6,0.992218017578125
20260824,B,./images/train2017/000000022683.jpg,brightness:0.6,1.0282862186431885
20260824,B,./images/train2017/000000304909.jpg,brightness:0.6,0.9524662494659424
20260824,B,./images/train2017/000000428943.jpg,brightness:0.6,0.9911704063415527
20260824,B,./images/train2017/000000081842.jpg,brightness:0.6,1.0526149272918701
20260824,B,./images/train2017/000000264381.jpg,brightness:0.6,0.9973593950271606
20260824,B,./images/train2017/000000545919.jpg,brightness:0.6,1.0080524682998657
20260824,B,./images/train2017/000000058089.jpg,brightness:0.6,1.0159032344818115
20260824,B,./images/train2017/000000386127.jpg,brightness:0.6,0.9810210466384888
20260824,B,./images/train2017/000000362062.jpg,brightness:0.6,1.0427913665771484
20260824,B,./images/train2017/000000566855.jpg,brightness:0.6,1.0110036134719849
20260824,B,./images/train2017/000000355186.jpg,brightness:0.6,1.0802956819534302
20260824,B,./images/train2017/000000346978.jpg,brightness:0.6,1.0141011476516724
20260824,B,./images/train2017/000000444496.jpg,brightness:0.6,1.0581763982772827
20260824,B,./images/train2017/000000335189.jpg,brightness:0.6,1.0178838968276978
20260824,B,./images/train2017/000000495438.jpg,brightness:0.6,0.997406005859375
20260824,B,./images/train2017/000000081749.jpg,brightness:0.6,0.9724992513656616
20260824,B,./images/train2017/000000310258.jpg,brightness:0.6,0.9839266538619995
20260824,B,./images/train2017/000000379820.jpg,brightness:0.6,1.0008972883224487
20260824,B,./images/train2017/000000026578.jpg,brightness:0.6,0.9206622242927551
20260824,B,./images/train2017/000000350969.jpg,brightness:0.6,0.904585599899292
20260824,B,./images/train2017/000000377012.jpg,brightness:0.6,1.0123766660690308
20260824,B,./images/train2017/000000271666.jpg,brightness:0.6,0.9771075248718262
20260824,B,./images/train2017/000000509933.jpg,brightness:0.6,0.9956138134002686
20260824,B,./images/train2017/000000248952.jpg,brightness:0.6,1.0804765224456787
20260824,B,./images/train2017/000000196922.jpg,brightness:0.6,1.067975401878357
20260824,B,./images/train2017/000000170327.jpg,brightness:0.6,1.0520908832550049
20260824,B,./images/train2017/000000113839.jpg,brightness:0.6,0.8979251384735107
20260824,B,./images/train2017/000000282855.jpg,brightness:0.6,1.081565260887146
20260824,B,./images/train2017/000000167901.jpg,brightness:0.6,1.007631778717041
20260824,B,./images/train2017/000000098631.jpg,brightness:0.6,0.9913780093193054
20260824,B,./images/train2017/000000312254.jpg,brightness:0.6,1.0121138095855713
20260824,B,./images/train2017/000000477949.jpg,brightness:0.6,0.9803481698036194
20260824,B,./images/train2017/000000468133.jpg,brightness:0.6,1.0103487968444824
20260824,B,./images/train2017/000000213457.jpg,brightness:0.6,0.9980565905570984
20260824,B,./images/train2017/000000378007.jpg,brightness:0.6,1.0392810106277466
20260824,B,./images/train2017/000000552744.jpg,brightness:0.6,0.9835075736045837
20260824,B,./images/train2017/000000193011.jpg,brightness:0.6,1.0294216871261597
20260824,B,./images/train2017/000000564781.jpg,brightness:0.6,0.9897035956382751
20260824,B,./images/train2017/000000311401.jpg,brightness:0.6,1.0472095012664795
20260824,B,./images/train2017/000000571078.jpg,brightness:0.6,1.038503885269165
20260824,B,./images/train2017/000000463299.jpg,brightness:0.6,1.000457525253296
20260824,B,./images/train2017/000000173925.jpg,brightness:0.6,0.9747312664985657
20260824,B,./images/train2017/000000336843.jpg,brightness:0.6,0.9728038311004639
20260824,B,./images/train2017/000000395766.jpg,brightness:0.6,1.0014663934707642
20260824,B,./images/train2017/000000531659.jpg,brightness:0.6,1.065745234489441
20260824,B,./images/train2017/000000000110.jpg,brightness:0.6,0.9585325717926025
20260824,B,./images/train2017/000000154801.jpg,brightness:0.6,1.0211987495422363
20260824,B,./images/train2017/000000564609.jpg,brightness:0.6,0.9805310368537903
20260824,B,./images/train2017/000000477641.jpg,brightness:0.6,0.997706413269043
20260824,B,./images/train2017/000000080123.jpg,brightness:0.6,0.9546622037887573
20260824,B,./images/train2017/000000362568.jpg,brightness:0.6,0.9757065773010254
20260824,B,./images/train2017/000000404702.jpg,brightness:0.6,1.000020146369934
20260824,B,./images/train2017/000000197005.jpg,brightness:0.6,0.9940932393074036
20260824,B,./images/train2017/000000124240.jpg,brightness:0.6,0.9815508127212524
20260824,B,./images/train2017/000000502644.jpg,brightness:0.6,1.0669572353363037
20260824,B,./images/train2017/000000147228.jpg,brightness:0.6,1.0096039772033691
20260824,B,./images/train2017/000000010907.jpg,brightness:0.6,1.0211259126663208
20260824,B,./images/train2017/000000255093.jpg,brightness:0.6,1.0648645162582397
20260824,B,./images/train2017/000000155884.jpg,brightness:0.6,1.0350985527038574
20260824,B,./images/train2017/000000200386.jpg,brightness:0.6,1.0061382055282593
20260824,B,./images/train2017/000000152483.jpg,brightness:0.6,0.9848355650901794
20260824,B,./images/train2017/000000060992.jpg,brightness:0.6,1.0103188753128052
20260824,B,./images/train2017/000000431480.jpg,brightness:0.6,1.0560234785079956
20260824,B,./images/train2017/000000374576.jpg,brightness:0.6,1.0132567882537842
20260824,B,./images/train2017/000000337342.jpg,brightness:0.6,1.0758777856826782
20260824,B,./images/train2017/000000476901.jpg,brightness:0.6,1.003800392150879
20260824,B,./images/train2017/000000084762.jpg,brightness:0.6,0.9788525700569153
20260824,B,./images/train2017/000000504259.jpg,contrast:0.75,1.0460615158081055
20260824,B,./images/train2017/000000107620.jpg,contrast:0.75,0.9587422013282776
20260824,B,./images/train2017/000000560103.jpg,contrast:0.75,0.9813751578330994
20260824,B,./images/train2017/000000325634.jpg,contrast:0.75,0.9665929079055786
20260824,B,./images/train2017/000000062937.jpg,contrast:0.75,0.9945083260536194
20260824,B,./images/train2017/000000326290.jpg,contrast:0.75,0.9416733980178833
20260824,B,./images/train2017/000000560660.jpg,contrast:0.75,1.0116231441497803
20260824,B,./images/train2017/000000423355.jpg,contrast:0.75,1.0230159759521484
20260824,B,./images/train2017/000000062311.jpg,contrast:0.75,1.0109909772872925
20260824,B,./images/train2017/000000075327.jpg,contrast:0.75,0.962619423866272
20260824,B,./images/train2017/000000124364.jpg,contrast:0.75,1.0005125999450684
20260824,B,./images/train2017/000000226957.jpg,contrast:0.75,0.954906165599823
20260824,B,./images/train2017/000000026573.jpg,contrast:0.75,0.9880445003509521
20260824,B,./images/train2017/000000518548.jpg,contrast:0.75,0.9684361219406128
20260824,B,./images/train2017/000000467766.jpg,contrast:0.75,0.9819930791854858
20260824,B,./images/train2017/000000146819.jpg,contrast:0.75,0.9466792941093445
20260824,B,./images/train2017/000000346367.jpg,contrast:0.75,1.0404458045959473
20260824,B,./images/train2017/000000404710.jpg,contrast:0.75,0.9621001482009888
20260824,B,./images/train2017/000000028517.jpg,contrast:0.75,1.0096855163574219
20260824,B,./images/train2017/000000180851.jpg,contrast:0.75,1.02322256565094
20260824,B,./images/train2017/000000513585.jpg,contrast:0.75,0.9809551239013672
20260824,B,./images/train2017/000000123892.jpg,contrast:0.75,1.0479921102523804
20260824,B,./images/train2017/000000257874.jpg,contrast:0.75,0.9617362022399902
20260824,B,./images/train2017/000000220376.jpg,contrast:0.75,0.9507032036781311
20260824,B,./images/train2017/000000219117.jpg,contrast:0.75,1.033333659172058
20260824,B,./images/train2017/000000423193.jpg,contrast:0.75,0.9892520308494568
20260824,B,./images/train2017/000000259793.jpg,contrast:0.75,0.9680742025375366
20260824,B,./images/train2017/000000465701.jpg,contrast:0.75,1.0084468126296997
20260824,B,./images/train2017/000000054796.jpg,contrast:0.75,0.9511077404022217
20260824,B,./images/train2017/000000253054.jpg,contrast:0.75,1.0338456630706787
20260824,B,./images/train2017/000000036113.jpg,contrast:0.75,0.9869515895843506
20260824,B,./images/train2017/000000345711.jpg,contrast:0.75,0.94193434715271
20260824,B,./images/train2017/000000034340.jpg,contrast:0.75,1.0113450288772583
20260824,B,./images/train2017/000000456315.jpg,contrast:0.75,1.0000492334365845
20260824,B,./images/train2017/000000482195.jpg,contrast:0.75,0.9792042970657349
20260824,B,./images/train2017/000000553660.jpg,contrast:0.75,1.0019280910491943
20260824,B,./images/train2017/000000569500.jpg,contrast:0.75,0.9970808029174805
20260824,B,./images/train2017/000000027556.jpg,contrast:0.75,1.0523656606674194
20260824,B,./images/train2017/000000534845.jpg,contrast:0.75,0.984707772731781
20260824,B,./images/train2017/000000020376.jpg,contrast:0.75,1.0235719680786133
20260824,B,./images/train2017/000000285998.jpg,contrast:0.75,0.9893487691879272
20260824,B,./images/train2017/000000284644.jpg,contrast:0.75,0.9479267001152039
20260824,B,./images/train2017/000000319345.jpg,contrast:0.75,0.9964228868484497
20260824,B,./images/train2017/000000082143.jpg,contrast:0.75,1.0107860565185547
20260824,B,./images/train2017/000000414664.jpg,contrast:0.75,1.0162580013275146
20260824,B,./images/train2017/000000518472.jpg,contrast:0.75,0.9925510287284851
20260824,B,./images/train2017/000000494175.jpg,contrast:0.75,0.8968461155891418
20260824,B,./images/train2017/000000566832.jpg,contrast:0.75,1.015335202217102
20260824,B,./images/train2017/000000120767.jpg,contrast:0.75,1.0112013816833496
20260824,B,./images/train2017/000000053448.jpg,contrast:0.75,0.9772742390632629
20260824,B,./images/train2017/000000181453.jpg,contrast:0.75,1.0153858661651611
20260824,B,./images/train2017/000000473159.jpg,contrast:0.75,0.9802217483520508
20260824,B,./images/train2017/000000562943.jpg,contrast:0.75,0.9922810792922974
20260824,B,./images/train2017/000000237600.jpg,contrast:0.75,1.0377424955368042
20260824,B,./images/train2017/000000312935.jpg,contrast:0.75,1.009531855583191
20260824,B,./images/train2017/000000227736.jpg,contrast:0.75,1.0089164972305298
20260824,B,./images/train2017/000000371486.jpg,contrast:0.75,0.9894018173217773
20260824,B,./images/train2017/000000477042.jpg,contrast:0.75,1.0084465742111206
20260824,B,./images/train2017/000000295358.jpg,contrast:0.75,1.0710999965667725
20260824,B,./images/train2017/000000204962.jpg,contrast:0.75,1.0125703811645508
20260824,B,./images/train2017/000000077455.jpg,contrast:0.75,1.0536673069000244
20260824,B,./images/train2017/000000022683.jpg,contrast:0.75,0.9699104428291321
20260824,B,./images/train2017/000000304909.jpg,contrast:0.75,1.0049928426742554
20260824,B,./images/train2017/000000428943.jpg,contrast:0.75,0.9680606126785278
20260824,B,./images/train2017/000000081842.jpg,contrast:0.75,0.9946261644363403
20260824,B,./images/train2017/000000264381.jpg,contrast:0.75,1.0267140865325928
20260824,B,./images/train2017/000000545919.jpg,contrast:0.75,0.9867061972618103
20260824,B,./images/train2017/000000058089.jpg,contrast:0.75,1.033658742904663
20260824,B,./images/train2017/000000386127.jpg,contrast:0.75,0.93582683801651
20260824,B,./images/train2017/000000362062.jpg,contrast:0.75,0.9782916307449341
20260824,B,./images/train2017/000000566855.jpg,contrast:0.75,1.0027170181274414
20260824,B,./images/train2017/000000355186.jpg,contrast:0.75,1.0146034955978394
20260824,B,./images/train2017/000000346978.jpg,contrast:0.75,0.9893043637275696
20260824,B,./images/train2017/000000444496.jpg,contrast:0.75,1.0214283466339111
20260824,B,./images/train2017/000000335189.jpg,contrast:0.75,0.9993005394935608
20260824,B,./images/train2017/000000495438.jpg,contrast:0.75,0.9837954640388489
20260824,B,./images/train2017/000000081749.jpg,contrast:0.75,1.0106762647628784
20260824,B,./images/train2017/000000310258.jpg,contrast:0.75,1.011973261833191
20260824,B,./images/train2017/000000379820.jpg,contrast:0.75,0.9925578236579895
20260824,B,./images/train2017/000000026578.jpg,contrast:0.75,0.9209767580032349
20260824,B,./images/train2017/000000350969.jpg,contrast:0.75,0.9646244645118713
20260824,B,./images/train2017/000000377012.jpg,contrast:0.75,0.9898672699928284
20260824,B,./images/train2017/000000271666.jpg,contrast:0.75,0.9941025376319885
20260824,B,./images/train2017/000000509933.jpg,contrast:0.75,1.0309836864471436
20260824,B,./images/train2017/000000248952.jpg,contrast:0.75,1.0634201765060425
20260824,B,./images/train2017/000000196922.jpg,contrast:0.75,1.0096702575683594
20260824,B,./images/train2017/000000170327.jpg,contrast:0.75,1.0271353721618652
20260824,B,./images/train2017/000000113839.jpg,contrast:0.75,0.9579819440841675
20260824,B,./images/train2017/000000282855.jpg,contrast:0.75,0.9681870937347412
20260824,B,./images/train2017/000000167901.jpg,contrast:0.75,1.1169687509536743
20260824,B,./images/train2017/000000098631.jpg,contrast:0.75,0.9727187752723694
20260824,B,./images/train2017/000000312254.jpg,contrast:0.75,0.9854924082756042
20260824,B,./images/train2017/000000477949.jpg,contrast:0.75,1.0063927173614502
20260824,B,./images/train2017/000000468133.jpg,contrast:0.75,1.0005548000335693
20260824,B,./images/train2017/000000213457.jpg,contrast:0.75,1.0268744230270386
20260824,B,./images/train2017/000000378007.jpg,contrast:0.75,1.0406315326690674
20260824,B,./images/train2017/000000552744.jpg,contrast:0.75,1.0006099939346313
20260824,B,./images/train2017/000000193011.jpg,contrast:0.75,1.0354382991790771
20260824,B,./images/train2017/000000564781.jpg,contrast:0.75,0.9508379101753235
20260824,B,./images/train2017/000000311401.jpg,contrast:0.75,0.9928280115127563
20260824,B,./images/train2017/000000571078.jpg,contrast:0.75,1.0391334295272827
20260824,B,./images/train2017/000000463299.jpg,contrast:0.75,1.0087682008743286
20260824,B,./images/train2017/000000173925.jpg,contrast:0.75,1.0340824127197266
20260824,B,./images/train2017/000000336843.jpg,contrast:0.75,1.0143626928329468
20260824,B,./images/train2017/000000395766.jpg,contrast:0.75,0.9735840559005737
20260824,B,./images/train2017/000000531659.jpg,contrast:0.75,1.0706372261047363
20260824,B,./images/train2017/000000000110.jpg,contrast:0.75,0.9885614514350891
20260824,B,./images/train2017/000000154801.jpg,contrast:0.75,1.0026639699935913
20260824,B,./images/train2017/000000564609.jpg,contrast:0.75,0.9490430951118469
20260824,B,./images/train2017/000000477641.jpg,contrast:0.75,1.001720905303955
20260824,B,./images/train2017/000000080123.jpg,contrast:0.75,1.001531958580017
20260824,B,./images/train2017/000000362568.jpg,contrast:0.75,0.9586631059646606
20260824,B,./images/train2017/000000404702.jpg,contrast:0.75,0.9904952645301819
20260824,B,./images/train2017/000000197005.jpg,contrast:0.75,0.9682599306106567
20260824,B,./images/train2017/000000124240.jpg,contrast:0.75,0.9894731044769287
20260824,B,./images/train2017/000000502644.jpg,contrast:0.75,1.0078885555267334
20260824,B,./images/train2017/000000147228.jpg,contrast:0.75,1.0223264694213867
20260824,B,./images/train2017/000000010907.jpg,contrast:0.75,1.0103260278701782
20260824,B,./images/train2017/000000255093.jpg,contrast:0.75,1.0556436777114868
20260824,B,./images/train2017/000000155884.jpg,contrast:0.75,0.9946023225784302
20260824,B,./images/train2017/000000200386.jpg,contrast:0.75,1.0089105367660522
20260824,B,./images/train2017/000000152483.jpg,contrast:0.75,0.9781539440155029
20260824,B,./images/train2017/000000060992.jpg,contrast:0.75,1.024180293083191
20260824,B,./images/train2017/000000431480.jpg,contrast:0.75,1.0398269891738892
20260824,B,./images/train2017/000000374576.jpg,contrast:0.75,1.0192341804504395
20260824,B,./images/train2017/000000337342.jpg,contrast:0.75,1.026167869567871
20260824,B,./images/train2017/000000476901.jpg,contrast:0.75,1.0202507972717285
20260824,B,./images/train2017/000000084762.jpg,contrast:0.75,1.0180778503417969
20260824,B,./images/train2017/000000504259.jpg,contrast:0.5,1.0233627557754517
20260824,B,./images/train2017/000000107620.jpg,contrast:0.5,0.9537640810012817
20260824,B,./images/train2017/000000560103.jpg,contrast:0.5,0.9615985751152039
20260824,B,./images/train2017/000000325634.jpg,contrast:0.5,0.9291970729827881
20260824,B,./images/train2017/000000062937.jpg,contrast:0.5,0.9605992436408997
20260824,B,./images/train2017/000000326290.jpg,contrast:0.5,0.9404250383377075
20260824,B,./images/train2017/000000560660.jpg,contrast:0.5,0.9969055652618408
20260824,B,./images/train2017/000000423355.jpg,contrast:0.5,1.0030183792114258
20260824,B,./images/train2017/000000062311.jpg,contrast:0.5,1.0156166553497314
20260824,B,./images/train2017/000000075327.jpg,contrast:0.5,0.9804753065109253
20260824,B,./images/train2017/000000124364.jpg,contrast:0.5,0.982143759727478
20260824,B,./images/train2017/000000226957.jpg,contrast:0.5,0.9521137475967407
20260824,B,./images/train2017/000000026573.jpg,contrast:0.5,0.9998573660850525
20260824,B,./images/train2017/000000518548.jpg,contrast:0.5,1.0044795274734497
20260824,B,./images/train2017/000000467766.jpg,contrast:0.5,0.9962859749794006
20260824,B,./images/train2017/000000146819.jpg,contrast:0.5,0.9584564566612244
20260824,B,./images/train2017/000000346367.jpg,contrast:0.5,1.0266131162643433
20260824,B,./images/train2017/000000404710.jpg,contrast:0.5,0.976469874382019
20260824,B,./images/train2017/000000028517.jpg,contrast:0.5,0.9983237385749817
20260824,B,./images/train2017/000000180851.jpg,contrast:0.5,0.9800705313682556
20260824,B,./images/train2017/000000513585.jpg,contrast:0.5,1.0324658155441284
20260824,B,./images/train2017/000000123892.jpg,contrast:0.5,1.046952724456787
20260824,B,./images/train2017/000000257874.jpg,contrast:0.5,0.9457194209098816
20260824,B,./images/train2017/000000220376.jpg,contrast:0.5,0.9358112215995789
20260824,B,./images/train2017/000000219117.jpg,contrast:0.5,1.0431749820709229
20260824,B,./images/train2017/000000423193.jpg,contrast:0.5,1.0000128746032715
20260824,B,./images/train2017/000000259793.jpg,contrast:0.5,0.9976283311843872
20260824,B,./images/train2017/000000465701.jpg,contrast:0.5,1.0191781520843506
20260824,B,./images/train2017/000000054796.jpg,contrast:0.5,0.9646103978157043
20260824,B,./images/train2017/000000253054.jpg,contrast:0.5,1.015753984451294
20260824,B,./images/train2017/000000036113.jpg,contrast:0.5,0.9916067719459534
20260824,B,./images/train2017/000000345711.jpg,contrast:0.5,0.9740685224533081
20260824,B,./images/train2017/000000034340.jpg,contrast:0.5,0.9928464293479919
20260824,B,./images/train2017/000000456315.jpg,contrast:0.5,1.0030030012130737
20260824,B,./images/train2017/000000482195.jpg,contrast:0.5,0.9722898602485657
20260824,B,./images/train2017/000000553660.jpg,contrast:0.5,0.9948719143867493
20260824,B,./images/train2017/000000569500.jpg,contrast:0.5,0.9831401109695435
20260824,B,./images/train2017/000000027556.jpg,contrast:0.5,1.0235193967819214
20260824,B,./images/train2017/000000534845.jpg,contrast:0.5,0.9748101830482483
20260824,B,./images/train2017/000000020376.jpg,contrast:0.5,1.012143611907959
20260824,B,./images/train2017/000000285998.jpg,contrast:0.5,1.0417664051055908
20260824,B,./images/train2017/000000284644.jpg,contrast:0.5,0.9770076870918274
20260824,B,./images/train2017/000000319345.jpg,contrast:0.5,0.9806475639343262
20260824,B,./images/train2017/000000082143.jpg,contrast:0.5,1.0029385089874268
20260824,B,./images/train2017/000000414664.jpg,contrast:0.5,1.0238631963729858
20260824,B,./images/train2017/000000518472.jpg,contrast:0.5,0.9876652956008911
20260824,B,./images/train2017/000000494175.jpg,contrast:0.5,0.8874462842941284
20260824,B,./images/train2017/000000566832.jpg,contrast:0.5,0.9999713897705078
20260824,B,./images/train2017/000000120767.jpg,contrast:0.5,1.0241817235946655
20260824,B,./images/train2017/000000053448.jpg,contrast:0.5,0.9830145835876465
20260824,B,./images/train2017/000000181453.jpg,contrast:0.5,1.0014097690582275
20260824,B,./images/train2017/000000473159.jpg,contrast:0.5,0.988591194152832
20260824,B,./images/train2017/000000562943.jpg,contrast:0.5,0.965707540512085
20260824,B,./images/train2017/000000237600.jpg,contrast:0.5,1.0199213027954102
20260824,B,./images/train2017/000000312935.jpg,contrast:0.5,1.0076602697372437
20260824,B,./images/train2017/000000227736.jpg,contrast:0.5,1.0148940086364746
20260824,B,./images/train2017/000000371486.jpg,contrast:0.5,1.0141346454620361
20260824,B,./images/train2017/000000477042.jpg,contrast:0.5,1.0071687698364258
20260824,B,./images/train2017/000000295358.jpg,contrast:0.5,1.0640285015106201
20260824,B,./images/train2017/000000204962.jpg,contrast:0.5,1.0188697576522827
20260824,B,./images/train2017/000000077455.jpg,contrast:0.5,1.070265293121338
20260824,B,./images/train2017/000000022683.jpg,contrast:0.5,1.016440510749817
20260824,B,./images/train2017/000000304909.jpg,contrast:0.5,1.0034654140472412
20260824,B,./images/train2017/000000428943.jpg,contrast:0.5,0.9418001770973206
20260824,B,./images/train2017/000000081842.jpg,contrast:0.5,0.9815981388092041
20260824,B,./images/train2017/000000264381.jpg,contrast:0.5,1.0304807424545288
20260824,B,./images/train2017/000000545919.jpg,contrast:0.5,0.943118691444397
20260824,B,./images/train2017/000000058089.jpg,contrast:0.5,1.0093828439712524
20260824,B,./images/train2017/000000386127.jpg,contrast:0.5,0.9402601718902588
20260824,B,./images/train2017/000000362062.jpg,contrast:0.5,1.0343278646469116
20260824,B,./images/train2017/000000566855.jpg,contrast:0.5,0.9874321222305298
20260824,B,./images/train2017/000000355186.jpg,contrast:0.5,1.0090436935424805
20260824,B,./images/train2017/000000346978.jpg,contrast:0.5,1.006941556930542
20260824,B,./images/train2017/000000444496.jpg,contrast:0.5,1.0247633457183838
20260824,B,./images/train2017/000000335189.jpg,contrast:0.5,1.00114107131958
20260824,B,./images/train2017/000000495438.jpg,contrast:0.5,1.0026376247406006
20260824,B,./images/train2017/000000081749.jpg,contrast:0.5,1.0150641202926636
20260824,B,./images/train2017/000000310258.jpg,contrast:0.5,1.0267239809036255
20260824,B,./images/train2017/000000379820.jpg,contrast:0.5,1.0258252620697021
20260824,B,./images/train2017/000000026578.jpg,contrast:0.5,0.9263393878936768
20260824,B,./images/train2017/000000350969.jpg,contrast:0.5,0.959133505821228
20260824,B,./images/train2017/000000377012.jpg,contrast:0.5,0.969931960105896
20260824,B,./images/train2017/000000271666.jpg,contrast:0.5,0.9733285307884216
20260824,B,./images/train2017/000000509933.jpg,contrast:0.5,1.0166852474212646
20260824,B,./images/train2017/000000248952.jpg,contrast:0.5,1.0461910963058472
20260824,B,./images/train2017/000000196922.jpg,contrast:0.5,1.011778473854065
20260824,B,./images/train2017/000000170327.jpg,contrast:0.5,1.0658361911773682
20260824,B,./images/train2017/000000113839.jpg,contrast:0.5,0.9259283542633057
20260824,B,./images/train2017/000000282855.jpg,contrast:0.5,1.0472532510757446
20260824,B,./images/train2017/000000167901.jpg,contrast:0.5,1.1030410528182983
20260824,B,./images/train2017/000000098631.jpg,contrast:0.5,0.9654273390769958
20260824,B,./images/train2017/000000312254.jpg,contrast:0.5,0.9910597205162048
20260824,B,./images/train2017/000000477949.jpg,contrast:0.5,0.982608437538147
20260824,B,./images/train2017/000000468133.jpg,contrast:0.5,1.0629323720932007
20260824,B,./images/train2017/000000213457.jpg,contrast:0.5,1.0636279582977295
20260824,B,./images/train2017/000000378007.jpg,contrast:0.5,1.02260160446167
20260824,B,./images/train2017/000000552744.jpg,contrast:0.5,1.0143404006958008
20260824,B,./images/train2017/000000193011.jpg,contrast:0.5,1.045445442199707
20260824,B,./images/train2017/000000564781.jpg,contrast:0.5,0.9647565484046936
20260824,B,./images/train2017/000000311401.jpg,contrast:0.5,1.0308277606964111
20260824,B,./images/train2017/000000571078.jpg,contrast:0.5,0.9876535534858704
20260824,B,./images/train2017/000000463299.jpg,contrast:0.5,0.9947711229324341
20260824,B,./images/train2017/000000173925.jpg,contrast:0.5,1.0531139373779297
20260824,B,./images/train2017/000000336843.jpg,contrast:0.5,1.04502272605896
20260824,B,./images/train2017/000000395766.jpg,contrast:0.5,0.9700668454170227
20260824,B,./images/train2017/000000531659.jpg,contrast:0.5,1.1008354425430298
20260824,B,./images/train2017/000000000110.jpg,contrast:0.5,0.9775311350822449
20260824,B,./images/train2017/000000154801.jpg,contrast:0.5,1.030458688735962
20260824,B,./images/train2017/000000564609.jpg,contrast:0.5,0.9875420928001404
20260824,B,./images/train2017/000000477641.jpg,contrast:0.5,1.009344458580017
20260824,B,./images/train2017/000000080123.jpg,contrast:0.5,1.022238850593567
20260824,B,./images/train2017/000000362568.jpg,contrast:0.5,0.96111661195755
20260824,B,./images/train2017/000000404702.jpg,contrast:0.5,1.012986660003662
20260824,B,./images/train2017/000000197005.jpg,contrast:0.5,0.9654369950294495
20260824,B,./images/train2017/000000124240.jpg,contrast:0.5,0.9727434515953064
20260824,B,./images/train2017/000000502644.jpg,contrast:0.5,1.0268465280532837
20260824,B,./images/train2017/000000147228.jpg,contrast:0.5,1.0301764011383057
20260824,B,./images/train2017/000000010907.jpg,contrast:0.5,0.9706055521965027
20260824,B,./images/train2017/000000255093.jpg,contrast:0.5,1.0440449714660645
20260824,B,./images/train2017/000000155884.jpg,contrast:0.5,1.0109351873397827
20260824,B,./images/train2017/000000200386.jpg,contrast:0.5,1.0388996601104736
20260824,B,./images/train2017/000000152483.jpg,contrast:0.5,1.0075143575668335
20260824,B,./images/train2017/000000060992.jpg,contrast:0.5,1.0450555086135864
20260824,B,./images/train2017/000000431480.jpg,contrast:0.5,1.0515378713607788
20260824,B,./images/train2017/000000374576.jpg,contrast:0.5,1.0325921773910522
20260824,B,./images/train2017/000000337342.jpg,contrast:0.5,1.0434201955795288
20260824,B,./images/train2017/000000476901.jpg,contrast:0.5,0.9393760561943054
20260824,B,./images/train2017/000000084762.jpg,contrast:0.5,1.0043668746948242
20260824,B,./images/train2017/000000504259.jpg,gaussian_blur:1.0,1.0358290672302246
20260824,B,./images/train2017/000000107620.jpg,gaussian_blur:1.0,0.9830242395401001
20260824,B,./images/train2017/000000560103.jpg,gaussian_blur:1.0,0.9956498742103577
20260824,B,./images/train2017/000000325634.jpg,gaussian_blur:1.0,1.0348687171936035
20260824,B,./images/train2017/000000062937.jpg,gaussian_blur:1.0,0.9944087862968445
20260824,B,./images/train2017/000000326290.jpg,gaussian_blur:1.0,0.9538173675537109
20260824,B,./images/train2017/000000560660.jpg,gaussian_blur:1.0,1.0134735107421875
20260824,B,./images/train2017/000000423355.jpg,gaussian_blur:1.0,1.0159029960632324
20260824,B,./images/train2017/000000062311.jpg,gaussian_blur:1.0,0.9730964303016663
20260824,B,./images/train2017/000000075327.jpg,gaussian_blur:1.0,1.0252012014389038
20260824,B,./images/train2017/000000124364.jpg,gaussian_blur:1.0,1.0009772777557373
20260824,B,./images/train2017/000000226957.jpg,gaussian_blur:1.0,0.9848149418830872
20260824,B,./images/train2017/000000026573.jpg,gaussian_blur:1.0,1.0478146076202393
20260824,B,./images/train2017/000000518548.jpg,gaussian_blur:1.0,1.073663353919983
20260824,B,./images/train2017/000000467766.jpg,gaussian_blur:1.0,0.9905687570571899
20260824,B,./images/train2017/000000146819.jpg,gaussian_blur:1.0,0.9805805683135986
20260824,B,./images/train2017/000000346367.jpg,gaussian_blur:1.0,1.0664892196655273
20260824,B,./images/train2017/000000404710.jpg,gaussian_blur:1.0,0.9309810996055603
20260824,B,./images/train2017/000000028517.jpg,gaussian_blur:1.0,0.9604201912879944
20260824,B,./images/train2017/000000180851.jpg,gaussian_blur:1.0,0.9893932938575745
20260824,B,./images/train2017/000000513585.jpg,gaussian_blur:1.0,1.0035794973373413
20260824,B,./images/train2017/000000123892.jpg,gaussian_blur:1.0,1.0093034505844116
20260824,B,./images/train2017/000000257874.jpg,gaussian_blur:1.0,1.0457221269607544
20260824,B,./images/train2017/000000220376.jpg,gaussian_blur:1.0,0.9981075525283813
20260824,B,./images/train2017/000000219117.jpg,gaussian_blur:1.0,0.9995777606964111
20260824,B,./images/train2017/000000423193.jpg,gaussian_blur:1.0,1.0051530599594116
20260824,B,./images/train2017/000000259793.jpg,gaussian_blur:1.0,1.0076196193695068
20260824,B,./images/train2017/000000465701.jpg,gaussian_blur:1.0,1.041810154914856
20260824,B,./images/train2017/000000054796.jpg,gaussian_blur:1.0,1.0010260343551636
20260824,B,./images/train2017/000000253054.jpg,gaussian_blur:1.0,0.9854807257652283
20260824,B,./images/train2017/000000036113.jpg,gaussian_blur:1.0,0.9944322109222412
20260824,B,./images/train2017/000000345711.jpg,gaussian_blur:1.0,1.0144304037094116
20260824,B,./images/train2017/000000034340.jpg,gaussian_blur:1.0,1.0127812623977661
20260824,B,./images/train2017/000000456315.jpg,gaussian_blur:1.0,1.045196294784546
20260824,B,./images/train2017/000000482195.jpg,gaussian_blur:1.0,1.0411632061004639
20260824,B,./images/train2017/000000553660.jpg,gaussian_blur:1.0,1.0086604356765747
20260824,B,./images/train2017/000000569500.jpg,gaussian_blur:1.0,1.0004137754440308
20260824,B,./images/train2017/000000027556.jpg,gaussian_blur:1.0,1.0441194772720337
20260824,B,./images/train2017/000000534845.jpg,gaussian_blur:1.0,0.9384969472885132
20260824,B,./images/train2017/000000020376.jpg,gaussian_blur:1.0,1.0047410726547241
20260824,B,./images/train2017/000000285998.jpg,gaussian_blur:1.0,1.0218842029571533
20260824,B,./images/train2017/000000284644.jpg,gaussian_blur:1.0,0.9739705324172974
20260824,B,./images/train2017/000000319345.jpg,gaussian_blur:1.0,0.9813086986541748
20260824,B,./images/train2017/000000082143.jpg,gaussian_blur:1.0,0.9624141454696655
20260824,B,./images/train2017/000000414664.jpg,gaussian_blur:1.0,1.0265402793884277
20260824,B,./images/train2017/000000518472.jpg,gaussian_blur:1.0,1.010819911956787
20260824,B,./images/train2017/000000494175.jpg,gaussian_blur:1.0,1.0018317699432373
20260824,B,./images/train2017/000000566832.jpg,gaussian_blur:1.0,0.9713498950004578
20260824,B,./images/train2017/000000120767.jpg,gaussian_blur:1.0,1.0123859643936157
20260824,B,./images/train2017/000000053448.jpg,gaussian_blur:1.0,1.0050675868988037
20260824,B,./images/train2017/000000181453.jpg,gaussian_blur:1.0,1.0301228761672974
20260824,B,./images/train2017/000000473159.jpg,gaussian_blur:1.0,0.9909195303916931
20260824,B,./images/train2017/000000562943.jpg,gaussian_blur:1.0,1.0775998830795288
20260824,B,./images/train2017/000000237600.jpg,gaussian_blur:1.0,1.0120673179626465
20260824,B,./images/train2017/000000312935.jpg,gaussian_blur:1.0,0.9547123312950134
20260824,B,./images/train2017/000000227736.jpg,gaussian_blur:1.0,0.9618947505950928
20260824,B,./images/train2017/000000371486.jpg,gaussian_blur:1.0,1.0101128816604614
20260824,B,./images/train2017/000000477042.jpg,gaussian_blur:1.0,0.9640300869941711
20260824,B,./images/train2017/000000295358.jpg,gaussian_blur:1.0,1.0706552267074585
20260824,B,./images/train2017/000000204962.jpg,gaussian_blur:1.0,1.0579948425292969
20260824,B,./images/train2017/000000077455.jpg,gaussian_blur:1.0,0.9969374537467957
20260824,B,./images/train2017/000000022683.jpg,gaussian_blur:1.0,0.9979815483093262
20260824,B,./images/train2017/000000304909.jpg,gaussian_blur:1.0,1.0052807331085205
20260824,B,./images/train2017/000000428943.jpg,gaussian_blur:1.0,1.0211833715438843
20260824,B,./images/train2017/000000081842.jpg,gaussian_blur:1.0,1.0375425815582275
20260824,B,./images/train2017/000000264381.jpg,gaussian_blur:1.0,1.036970615386963
20260824,B,./images/train2017/000000545919.jpg,gaussian_blur:1.0,1.0277154445648193
20260824,B,./images/train2017/000000058089.jpg,gaussian_blur:1.0,1.0115418434143066
20260824,B,./images/train2017/000000386127.jpg,gaussian_blur:1.0,0.9417058825492859
20260824,B,./images/train2017/000000362062.jpg,gaussian_blur:1.0,0.9569656252861023
20260824,B,./images/train2017/000000566855.jpg,gaussian_blur:1.0,0.9547674059867859
20260824,B,./images/train2017/000000355186.jpg,gaussian_blur:1.0,1.0331544876098633
20260824,B,./images/train2017/000000346978.jpg,gaussian_blur:1.0,1.0466132164001465
20260824,B,./images/train2017/000000444496.jpg,gaussian_blur:1.0,1.062402367591858
20260824,B,./images/train2017/000000335189.jpg,gaussian_blur:1.0,1.035143494606018
20260824,B,./images/train2017/000000495438.jpg,gaussian_blur:1.0,0.9995573163032532
20260824,B,./images/train2017/000000081749.jpg,gaussian_blur:1.0,0.9941340088844299
20260824,B,./images/train2017/000000310258.jpg,gaussian_blur:1.0,1.0000760555267334
20260824,B,./images/train2017/000000379820.jpg,gaussian_blur:1.0,1.0109423398971558
20260824,B,./images/train2017/000000026578.jpg,gaussian_blur:1.0,1.0035762786865234
20260824,B,./images/train2017/000000350969.jpg,gaussian_blur:1.0,1.0525310039520264
20260824,B,./images/train2017/000000377012.jpg,gaussian_blur:1.0,1.0202218294143677
20260824,B,./images/train2017/000000271666.jpg,gaussian_blur:1.0,0.9914480447769165
20260824,B,./images/train2017/000000509933.jpg,gaussian_blur:1.0,1.0244131088256836
20260824,B,./images/train2017/000000248952.jpg,gaussian_blur:1.0,1.0468686819076538
20260824,B,./images/train2017/000000196922.jpg,gaussian_blur:1.0,0.9871419668197632
20260824,B,./images/train2017/000000170327.jpg,gaussian_blur:1.0,1.0517244338989258
20260824,B,./images/train2017/000000113839.jpg,gaussian_blur:1.0,0.9230809211730957
20260824,B,./images/train2017/000000282855.jpg,gaussian_blur:1.0,1.0501811504364014
20260824,B,./images/train2017/000000167901.jpg,gaussian_blur:1.0,0.9871211647987366
20260824,B,./images/train2017/000000098631.jpg,gaussian_blur:1.0,1.0274274349212646
20260824,B,./images/train2017/000000312254.jpg,gaussian_blur:1.0,1.0081870555877686
20260824,B,./images/train2017/000000477949.jpg,gaussian_blur:1.0,1.020937442779541
20260824,B,./images/train2017/000000468133.jpg,gaussian_blur:1.0,0.98272305727005
20260824,B,./images/train2017/000000213457.jpg,gaussian_blur:1.0,0.9790050983428955
20260824,B,./images/train2017/000000378007.jpg,gaussian_blur:1.0,0.9853237867355347
20260824,B,./images/train2017/000000552744.jpg,gaussian_blur:1.0,1.023942470550537
20260824,B,./images/train2017/000000193011.jpg,gaussian_blur:1.0,0.9900121688842773
20260824,B,./images/train2017/000000564781.jpg,gaussian_blur:1.0,0.987630307674408
20260824,B,./images/train2017/000000311401.jpg,gaussian_blur:1.0,0.9757948517799377
20260824,B,./images/train2017/000000571078.jpg,gaussian_blur:1.0,0.9997877478599548
20260824,B,./images/train2017/000000463299.jpg,gaussian_blur:1.0,1.0390808582305908
20260824,B,./images/train2017/000000173925.jpg,gaussian_blur:1.0,0.9913462996482849
20260824,B,./images/train2017/000000336843.jpg,gaussian_blur:1.0,1.0306576490402222
20260824,B,./images/train2017/000000395766.jpg,gaussian_blur:1.0,1.0071362257003784
20260824,B,./images/train2017/000000531659.jpg,gaussian_blur:1.0,0.9453673362731934
20260824,B,./images/train2017/000000000110.jpg,gaussian_blur:1.0,0.9908126592636108
20260824,B,./images/train2017/000000154801.jpg,gaussian_blur:1.0,1.0164828300476074
20260824,B,./images/train2017/000000564609.jpg,gaussian_blur:1.0,0.9872467517852783
20260824,B,./images/train2017/000000477641.jpg,gaussian_blur:1.0,1.0351508855819702
20260824,B,./images/train2017/000000080123.jpg,gaussian_blur:1.0,1.0238333940505981
20260824,B,./images/train2017/000000362568.jpg,gaussian_blur:1.0,0.9858213663101196
20260824,B,./images/train2017/000000404702.jpg,gaussian_blur:1.0,1.0403980016708374
20260824,B,./images/train2017/000000197005.jpg,gaussian_blur:1.0,0.9951109290122986
20260824,B,./images/train2017/000000124240.jpg,gaussian_blur:1.0,0.9830280542373657
20260824,B,./images/train2017/000000502644.jpg,gaussian_blur:1.0,0.9889503121376038
20260824,B,./images/train2017/000000147228.jpg,gaussian_blur:1.0,0.9561347365379333
20260824,B,./images/train2017/000000010907.jpg,gaussian_blur:1.0,1.018791675567627
20260824,B,./images/train2017/000000255093.jpg,gaussian_blur:1.0,0.9673997163772583
20260824,B,./images/train2017/000000155884.jpg,gaussian_blur:1.0,1.0387821197509766
20260824,B,./images/train2017/000000200386.jpg,gaussian_blur:1.0,0.9984312057495117
20260824,B,./images/train2017/000000152483.jpg,gaussian_blur:1.0,1.0053147077560425
20260824,B,./images/train2017/000000060992.jpg,gaussian_blur:1.0,1.085846185684204
20260824,B,./images/train2017/000000431480.jpg,gaussian_blur:1.0,1.0500388145446777
20260824,B,./images/train2017/000000374576.jpg,gaussian_blur:1.0,1.033003330230713
20260824,B,./images/train2017/000000337342.jpg,gaussian_blur:1.0,1.011909008026123
20260824,B,./images/train2017/000000476901.jpg,gaussian_blur:1.0,0.9949211478233337
20260824,B,./images/train2017/000000084762.jpg,gaussian_blur:1.0,1.0149539709091187
20260824,B,./images/train2017/000000504259.jpg,gaussian_blur:2.0,0.9341123104095459
20260824,B,./images/train2017/000000107620.jpg,gaussian_blur:2.0,0.9594535231590271
20260824,B,./images/train2017/000000560103.jpg,gaussian_blur:2.0,0.9397162795066833
20260824,B,./images/train2017/000000325634.jpg,gaussian_blur:2.0,0.9919108748435974
20260824,B,./images/train2017/000000062937.jpg,gaussian_blur:2.0,1.0115817785263062
20260824,B,./images/train2017/000000326290.jpg,gaussian_blur:2.0,0.9722174406051636
20260824,B,./images/train2017/000000560660.jpg,gaussian_blur:2.0,0.9993460178375244
20260824,B,./images/train2017/000000423355.jpg,gaussian_blur:2.0,0.9690898060798645
20260824,B,./images/train2017/000000062311.jpg,gaussian_blur:2.0,0.9237393140792847
20260824,B,./images/train2017/000000075327.jpg,gaussian_blur:2.0,0.9976778030395508
20260824,B,./images/train2017/000000124364.jpg,gaussian_blur:2.0,0.9955080151557922
20260824,B,./images/train2017/000000226957.jpg,gaussian_blur:2.0,0.9549888968467712
20260824,B,./images/train2017/000000026573.jpg,gaussian_blur:2.0,0.9945060014724731
20260824,B,./images/train2017/000000518548.jpg,gaussian_blur:2.0,1.052255392074585
20260824,B,./images/train2017/000000467766.jpg,gaussian_blur:2.0,1.066035270690918
20260824,B,./images/train2017/000000146819.jpg,gaussian_blur:2.0,0.9520094394683838
20260824,B,./images/train2017/000000346367.jpg,gaussian_blur:2.0,0.9747377634048462
20260824,B,./images/train2017/000000404710.jpg,gaussian_blur:2.0,0.9451839327812195
20260824,B,./images/train2017/000000028517.jpg,gaussian_blur:2.0,1.013481855392456
20260824,B,./images/train2017/000000180851.jpg,gaussian_blur:2.0,1.015165090560913
20260824,B,./images/train2017/000000513585.jpg,gaussian_blur:2.0,0.9622374773025513
20260824,B,./images/train2017/000000123892.jpg,gaussian_blur:2.0,0.9488782286643982
20260824,B,./images/train2017/000000257874.jpg,gaussian_blur:2.0,0.9889594316482544
20260824,B,./images/train2017/000000220376.jpg,gaussian_blur:2.0,1.0314496755599976
20260824,B,./images/train2017/000000219117.jpg,gaussian_blur:2.0,0.9696879982948303
20260824,B,./images/train2017/000000423193.jpg,gaussian_blur:2.0,1.0128114223480225
20260824,B,./images/train2017/000000259793.jpg,gaussian_blur:2.0,0.9400731325149536
20260824,B,./images/train2017/000000465701.jpg,gaussian_blur:2.0,1.0384007692337036
20260824,B,./images/train2017/000000054796.jpg,gaussian_blur:2.0,0.9806869626045227
20260824,B,./images/train2017/000000253054.jpg,gaussian_blur:2.0,0.9247273206710815
20260824,B,./images/train2017/000000036113.jpg,gaussian_blur:2.0,1.0771909952163696
20260824,B,./images/train2017/000000345711.jpg,gaussian_blur:2.0,0.986121416091919
20260824,B,./images/train2017/000000034340.jpg,gaussian_blur:2.0,1.0290597677230835
20260824,B,./images/train2017/000000456315.jpg,gaussian_blur:2.0,0.9970192909240723
20260824,B,./images/train2017/000000482195.jpg,gaussian_blur:2.0,1.0243620872497559
20260824,B,./images/train2017/000000553660.jpg,gaussian_blur:2.0,1.0025461912155151
20260824,B,./images/train2017/000000569500.jpg,gaussian_blur:2.0,0.9518690705299377
20260824,B,./images/train2017/000000027556.jpg,gaussian_blur:2.0,1.0129314661026
20260824,B,./images/train2017/000000534845.jpg,gaussian_blur:2.0,1.0152536630630493
20260824,B,./images/train2017/000000020376.jpg,gaussian_blur:2.0,1.0008525848388672
20260824,B,./images/train2017/000000285998.jpg,gaussian_blur:2.0,0.9731106758117676
20260824,B,./images/train2017/000000284644.jpg,gaussian_blur:2.0,0.9592384696006775
20260824,B,./images/train2017/000000319345.jpg,gaussian_blur:2.0,0.9108952283859253
20260824,B,./images/train2017/000000082143.jpg,gaussian_blur:2.0,0.9360682368278503
20260824,B,./images/train2017/000000414664.jpg,gaussian_blur:2.0,0.9734731316566467
20260824,B,./images/train2017/000000518472.jpg,gaussian_blur:2.0,1.0019733905792236
20260824,B,./images/train2017/000000494175.jpg,gaussian_blur:2.0,0.9588742852210999
20260824,B,./images/train2017/000000566832.jpg,gaussian_blur:2.0,0.9345381259918213
20260824,B,./images/train2017/000000120767.jpg,gaussian_blur:2.0,1.033866047859192
20260824,B,./images/train2017/000000053448.jpg,gaussian_blur:2.0,0.8844301700592041
20260824,B,./images/train2017/000000181453.jpg,gaussian_blur:2.0,1.0117923021316528
20260824,B,./images/train2017/000000473159.jpg,gaussian_blur:2.0,0.9709646701812744
20260824,B,./images/train2017/000000562943.jpg,gaussian_blur:2.0,1.0628000497817993
20260824,B,./images/train2017/000000237600.jpg,gaussian_blur:2.0,1.0238960981369019
20260824,B,./images/train2017/000000312935.jpg,gaussian_blur:2.0,0.931757390499115
20260824,B,./images/train2017/000000227736.jpg,gaussian_blur:2.0,1.0727914571762085
20260824,B,./images/train2017/000000371486.jpg,gaussian_blur:2.0,0.9803401827812195
20260824,B,./images/train2017/000000477042.jpg,gaussian_blur:2.0,0.9782448410987854
20260824,B,./images/train2017/000000295358.jpg,gaussian_blur:2.0,1.027970552444458
20260824,B,./images/train2017/000000204962.jpg,gaussian_blur:2.0,1.060713768005371
20260824,B,./images/train2017/000000077455.jpg,gaussian_blur:2.0,1.0117242336273193
20260824,B,./images/train2017/000000022683.jpg,gaussian_blur:2.0,1.0532399415969849
20260824,B,./images/train2017/000000304909.jpg,gaussian_blur:2.0,1.0411403179168701
20260824,B,./images/train2017/000000428943.jpg,gaussian_blur:2.0,1.0055090188980103
20260824,B,./images/train2017/000000081842.jpg,gaussian_blur:2.0,0.9948145151138306
20260824,B,./images/train2017/000000264381.jpg,gaussian_blur:2.0,1.026031732559204
20260824,B,./images/train2017/000000545919.jpg,gaussian_blur:2.0,1.014279842376709
20260824,B,./images/train2017/000000058089.jpg,gaussian_blur:2.0,0.9603533148765564
20260824,B,./images/train2017/000000386127.jpg,gaussian_blur:2.0,0.9574747681617737
20260824,B,./images/train2017/000000362062.jpg,gaussian_blur:2.0,1.0121170282363892
20260824,B,./images/train2017/000000566855.jpg,gaussian_blur:2.0,0.8654491901397705
20260824,B,./images/train2017/000000355186.jpg,gaussian_blur:2.0,0.959513247013092
20260824,B,./images/train2017/000000346978.jpg,gaussian_blur:2.0,0.9889715313911438
20260824,B,./images/train2017/000000444496.jpg,gaussian_blur:2.0,1.0243949890136719
20260824,B,./images/train2017/000000335189.jpg,gaussian_blur:2.0,1.009218692779541
20260824,B,./images/train2017/000000495438.jpg,gaussian_blur:2.0,0.9611237645149231
20260824,B,./images/train2017/000000081749.jpg,gaussian_blur:2.0,1.020936131477356
20260824,B,./images/train2017/000000310258.jpg,gaussian_blur:2.0,1.046653389930725
20260824,B,./images/train2017/000000379820.jpg,gaussian_blur:2.0,0.9348095059394836
20260824,B,./images/train2017/000000026578.jpg,gaussian_blur:2.0,0.9908412098884583
20260824,B,./images/train2017/000000350969.jpg,gaussian_blur:2.0,1.0085333585739136
20260824,B,./images/train2017/000000377012.jpg,gaussian_blur:2.0,1.0161683559417725
20260824,B,./images/train2017/000000271666.jpg,gaussian_blur:2.0,0.9859588146209717
20260824,B,./images/train2017/000000509933.jpg,gaussian_blur:2.0,1.0131089687347412
20260824,B,./images/train2017/000000248952.jpg,gaussian_blur:2.0,1.0430837869644165
20260824,B,./images/train2017/000000196922.jpg,gaussian_blur:2.0,0.9991169571876526
20260824,B,./images/train2017/000000170327.jpg,gaussian_blur:2.0,1.0296826362609863
20260824,B,./images/train2017/000000113839.jpg,gaussian_blur:2.0,0.861341118812561
20260824,B,./images/train2017/000000282855.jpg,gaussian_blur:2.0,1.0103821754455566
20260824,B,./images/train2017/000000167901.jpg,gaussian_blur:2.0,1.0145483016967773
20260824,B,./images/train2017/000000098631.jpg,gaussian_blur:2.0,0.9727740287780762
20260824,B,./images/train2017/000000312254.jpg,gaussian_blur:2.0,1.0692148208618164
20260824,B,./images/train2017/000000477949.jpg,gaussian_blur:2.0,1.0124508142471313
20260824,B,./images/train2017/000000468133.jpg,gaussian_blur:2.0,1.0070546865463257
20260824,B,./images/train2017/000000213457.jpg,gaussian_blur:2.0,1.0275588035583496
20260824,B,./images/train2017/000000378007.jpg,gaussian_blur:2.0,1.0204344987869263
20260824,B,./images/train2017/000000552744.jpg,gaussian_blur:2.0,0.9848743081092834
20260824,B,./images/train2017/000000193011.jpg,gaussian_blur:2.0,1.0909215211868286
20260824,B,./images/train2017/000000564781.jpg,gaussian_blur:2.0,1.030112385749817
20260824,B,./images/train2017/000000311401.jpg,gaussian_blur:2.0,1.0027258396148682
20260824,B,./images/train2017/000000571078.jpg,gaussian_blur:2.0,0.9778450727462769
20260824,B,./images/train2017/000000463299.jpg,gaussian_blur:2.0,0.9120529294013977
20260824,B,./images/train2017/000000173925.jpg,gaussian_blur:2.0,0.9042526483535767
20260824,B,./images/train2017/000000336843.jpg,gaussian_blur:2.0,0.9657230973243713
20260824,B,./images/train2017/000000395766.jpg,gaussian_blur:2.0,0.9619289040565491
20260824,B,./images/train2017/000000531659.jpg,gaussian_blur:2.0,1.0399178266525269
20260824,B,./images/train2017/000000000110.jpg,gaussian_blur:2.0,0.9070832133293152
20260824,B,./images/train2017/000000154801.jpg,gaussian_blur:2.0,0.9476437568664551
20260824,B,./images/train2017/000000564609.jpg,gaussian_blur:2.0,1.0223878622055054
20260824,B,./images/train2017/000000477641.jpg,gaussian_blur:2.0,0.9682748913764954
20260824,B,./images/train2017/000000080123.jpg,gaussian_blur:2.0,0.991844117641449
20260824,B,./images/train2017/000000362568.jpg,gaussian_blur:2.0,1.0443089008331299
20260824,B,./images/train2017/000000404702.jpg,gaussian_blur:2.0,1.0234256982803345
20260824,B,./images/train2017/000000197005.jpg,gaussian_blur:2.0,1.0072252750396729
20260824,B,./images/train2017/000000124240.jpg,gaussian_blur:2.0,1.0292255878448486
20260824,B,./images/train2017/000000502644.jpg,gaussian_blur:2.0,0.9421847462654114
20260824,B,./images/train2017/000000147228.jpg,gaussian_blur:2.0,0.9996913075447083
20260824,B,./images/train2017/000000010907.jpg,gaussian_blur:2.0,1.006931185722351
20260824,B,./images/train2017/000000255093.jpg,gaussian_blur:2.0,0.9402768611907959
20260824,B,./images/train2017/000000155884.jpg,gaussian_blur:2.0,0.8801464438438416
20260824,B,./images/train2017/000000200386.jpg,gaussian_blur:2.0,0.9958919286727905
20260824,B,./images/train2017/000000152483.jpg,gaussian_blur:2.0,1.0400867462158203
20260824,B,./images/train2017/000000060992.jpg,gaussian_blur:2.0,1.0520681142807007
20260824,B,./images/train2017/000000431480.jpg,gaussian_blur:2.0,0.9636945724487305
20260824,B,./images/train2017/000000374576.jpg,gaussian_blur:2.0,1.0511772632598877
20260824,B,./images/train2017/000000337342.jpg,gaussian_blur:2.0,0.9512003064155579
20260824,B,./images/train2017/000000476901.jpg,gaussian_blur:2.0,0.9910892844200134
20260824,B,./images/train2017/000000084762.jpg,gaussian_blur:2.0,0.95160973072052
20260824,B,./images/train2017/000000504259.jpg,gaussian_noise:0.03,1.1571820974349976
20260824,B,./images/train2017/000000107620.jpg,gaussian_noise:0.03,1.0488014221191406
20260824,B,./images/train2017/000000560103.jpg,gaussian_noise:0.03,1.2108241319656372
20260824,B,./images/train2017/000000325634.jpg,gaussian_noise:0.03,1.1812629699707031
20260824,B,./images/train2017/000000062937.jpg,gaussian_noise:0.03,1.2108488082885742
20260824,B,./images/train2017/000000326290.jpg,gaussian_noise:0.03,1.0699113607406616
20260824,B,./images/train2017/000000560660.jpg,gaussian_noise:0.03,1.0161939859390259
20260824,B,./images/train2017/000000423355.jpg,gaussian_noise:0.03,1.1022648811340332
20260824,B,./images/train2017/000000062311.jpg,gaussian_noise:0.03,1.1195094585418701
20260824,B,./images/train2017/000000075327.jpg,gaussian_noise:0.03,1.040258765220642
20260824,B,./images/train2017/000000124364.jpg,gaussian_noise:0.03,1.1267884969711304
20260824,B,./images/train2017/000000226957.jpg,gaussian_noise:0.03,1.0771021842956543
20260824,B,./images/train2017/000000026573.jpg,gaussian_noise:0.03,1.1508300304412842
20260824,B,./images/train2017/000000518548.jpg,gaussian_noise:0.03,1.1042132377624512
20260824,B,./images/train2017/000000467766.jpg,gaussian_noise:0.03,1.0161652565002441
20260824,B,./images/train2017/000000146819.jpg,gaussian_noise:0.03,1.1343251466751099
20260824,B,./images/train2017/000000346367.jpg,gaussian_noise:0.03,1.029761791229248
20260824,B,./images/train2017/000000404710.jpg,gaussian_noise:0.03,1.2195719480514526
20260824,B,./images/train2017/000000028517.jpg,gaussian_noise:0.03,1.1024610996246338
20260824,B,./images/train2017/000000180851.jpg,gaussian_noise:0.03,1.1335915327072144
20260824,B,./images/train2017/000000513585.jpg,gaussian_noise:0.03,1.0356899499893188
20260824,B,./images/train2017/000000123892.jpg,gaussian_noise:0.03,1.017624855041504
20260824,B,./images/train2017/000000257874.jpg,gaussian_noise:0.03,1.2247520685195923
20260824,B,./images/train2017/000000220376.jpg,gaussian_noise:0.03,1.1389975547790527
20260824,B,./images/train2017/000000219117.jpg,gaussian_noise:0.03,1.1499053239822388
20260824,B,./images/train2017/000000423193.jpg,gaussian_noise:0.03,1.0076642036437988
20260824,B,./images/train2017/000000259793.jpg,gaussian_noise:0.03,1.1620007753372192
20260824,B,./images/train2017/000000465701.jpg,gaussian_noise:0.03,1.1028345823287964
20260824,B,./images/train2017/000000054796.jpg,gaussian_noise:0.03,1.185524344444275
20260824,B,./images/train2017/000000253054.jpg,gaussian_noise:0.03,1.0578831434249878
20260824,B,./images/train2017/000000036113.jpg,gaussian_noise:0.03,1.1168372631072998
20260824,B,./images/train2017/000000345711.jpg,gaussian_noise:0.03,0.9479321837425232
20260824,B,./images/train2017/000000034340.jpg,gaussian_noise:0.03,1.0825024843215942
20260824,B,./images/train2017/000000456315.jpg,gaussian_noise:0.03,1.0123870372772217
20260824,B,./images/train2017/000000482195.jpg,gaussian_noise:0.03,1.1440573930740356
20260824,B,./images/train2017/000000553660.jpg,gaussian_noise:0.03,1.1630167961120605
20260824,B,./images/train2017/000000569500.jpg,gaussian_noise:0.03,1.0677248239517212
20260824,B,./images/train2017/000000027556.jpg,gaussian_noise:0.03,1.088761806488037
20260824,B,./images/train2017/000000534845.jpg,gaussian_noise:0.03,1.004427433013916
20260824,B,./images/train2017/000000020376.jpg,gaussian_noise:0.03,0.9971276521682739
20260824,B,./images/train2017/000000285998.jpg,gaussian_noise:0.03,1.1836870908737183
20260824,B,./images/train2017/000000284644.jpg,gaussian_noise:0.03,1.0153247117996216
20260824,B,./images/train2017/000000319345.jpg,gaussian_noise:0.03,1.1361503601074219
20260824,B,./images/train2017/000000082143.jpg,gaussian_noise:0.03,1.0881445407867432
20260824,B,./images/train2017/000000414664.jpg,gaussian_noise:0.03,1.0167264938354492
20260824,B,./images/train2017/000000518472.jpg,gaussian_noise:0.03,1.2088043689727783
20260824,B,./images/train2017/000000494175.jpg,gaussian_noise:0.03,1.1506025791168213
20260824,B,./images/train2017/000000566832.jpg,gaussian_noise:0.03,1.0051089525222778
20260824,B,./images/train2017/000000120767.jpg,gaussian_noise:0.03,1.2848671674728394
20260824,B,./images/train2017/000000053448.jpg,gaussian_noise:0.03,1.1136270761489868
20260824,B,./images/train2017/000000181453.jpg,gaussian_noise:0.03,1.0590838193893433
20260824,B,./images/train2017/000000473159.jpg,gaussian_noise:0.03,1.0493643283843994
20260824,B,./images/train2017/000000562943.jpg,gaussian_noise:0.03,0.8400548100471497
20260824,B,./images/train2017/000000237600.jpg,gaussian_noise:0.03,1.1696702241897583
20260824,B,./images/train2017/000000312935.jpg,gaussian_noise:0.03,1.0408052206039429
20260824,B,./images/train2017/000000227736.jpg,gaussian_noise:0.03,1.0578335523605347
20260824,B,./images/train2017/000000371486.jpg,gaussian_noise:0.03,1.1027411222457886
20260824,B,./images/train2017/000000477042.jpg,gaussian_noise:0.03,1.0484660863876343
20260824,B,./images/train2017/000000295358.jpg,gaussian_noise:0.03,1.1083124876022339
20260824,B,./images/train2017/000000204962.jpg,gaussian_noise:0.03,1.081677794456482
20260824,B,./images/train2017/000000077455.jpg,gaussian_noise:0.03,0.9613615274429321
20260824,B,./images/train2017/000000022683.jpg,gaussian_noise:0.03,1.157543659210205
20260824,B,./images/train2017/000000304909.jpg,gaussian_noise:0.03,1.0552706718444824
20260824,B,./images/train2017/000000428943.jpg,gaussian_noise:0.03,1.2015466690063477
20260824,B,./images/train2017/000000081842.jpg,gaussian_noise:0.03,0.9937059879302979
20260824,B,./images/train2017/000000264381.jpg,gaussian_noise:0.03,1.0910985469818115
20260824,B,./images/train2017/000000545919.jpg,gaussian_noise:0.03,1.0707030296325684
20260824,B,./images/train2017/000000058089.jpg,gaussian_noise:0.03,1.1689964532852173
20260824,B,./images/train2017/000000386127.jpg,gaussian_noise:0.03,1.0255166292190552
20260824,B,./images/train2017/000000362062.jpg,gaussian_noise:0.03,1.042162299156189
20260824,B,./images/train2017/000000566855.jpg,gaussian_noise:0.03,1.1602742671966553
20260824,B,./images/train2017/000000355186.jpg,gaussian_noise:0.03,0.9280866980552673
20260824,B,./images/train2017/000000346978.jpg,gaussian_noise:0.03,1.1334600448608398
20260824,B,./images/train2017/000000444496.jpg,gaussian_noise:0.03,0.9819817543029785
20260824,B,./images/train2017/000000335189.jpg,gaussian_noise:0.03,1.0672800540924072
20260824,B,./images/train2017/000000495438.jpg,gaussian_noise:0.03,1.1339213848114014
20260824,B,./images/train2017/000000081749.jpg,gaussian_noise:0.03,1.0212997198104858
20260824,B,./images/train2017/000000310258.jpg,gaussian_noise:0.03,0.9850019812583923
20260824,B,./images/train2017/000000379820.jpg,gaussian_noise:0.03,1.246944546699524
20260824,B,./images/train2017/000000026578.jpg,gaussian_noise:0.03,1.1085259914398193
20260824,B,./images/train2017/000000350969.jpg,gaussian_noise:0.03,1.0250871181488037
20260824,B,./images/train2017/000000377012.jpg,gaussian_noise:0.03,1.1198265552520752
20260824,B,./images/train2017/000000271666.jpg,gaussian_noise:0.03,0.9374526739120483
20260824,B,./images/train2017/000000509933.jpg,gaussian_noise:0.03,1.1505814790725708
20260824,B,./images/train2017/000000248952.jpg,gaussian_noise:0.03,1.0663299560546875
20260824,B,./images/train2017/000000196922.jpg,gaussian_noise:0.03,0.9686391949653625
20260824,B,./images/train2017/000000170327.jpg,gaussian_noise:0.03,1.1915425062179565
20260824,B,./images/train2017/000000113839.jpg,gaussian_noise:0.03,1.058625340461731
20260824,B,./images/train2017/000000282855.jpg,gaussian_noise:0.03,1.1468697786331177
20260824,B,./images/train2017/000000167901.jpg,gaussian_noise:0.03,1.1633657217025757
20260824,B,./images/train2017/000000098631.jpg,gaussian_noise:0.03,1.3321280479431152
20260824,B,./images/train2017/000000312254.jpg,gaussian_noise:0.03,1.1839616298675537
20260824,B,./images/train2017/000000477949.jpg,gaussian_noise:0.03,0.9984437227249146
20260824,B,./images/train2017/000000468133.jpg,gaussian_noise:0.03,1.1007628440856934
20260824,B,./images/train2017/000000213457.jpg,gaussian_noise:0.03,1.0231695175170898
20260824,B,./images/train2017/000000378007.jpg,gaussian_noise:0.03,1.0545523166656494
20260824,B,./images/train2017/000000552744.jpg,gaussian_noise:0.03,1.0869942903518677
20260824,B,./images/train2017/000000193011.jpg,gaussian_noise:0.03,1.061414122581482
20260824,B,./images/train2017/000000564781.jpg,gaussian_noise:0.03,1.1658695936203003
20260824,B,./images/train2017/000000311401.jpg,gaussian_noise:0.03,1.1616138219833374
20260824,B,./images/train2017/000000571078.jpg,gaussian_noise:0.03,1.1024169921875
20260824,B,./images/train2017/000000463299.jpg,gaussian_noise:0.03,1.1282151937484741
20260824,B,./images/train2017/000000173925.jpg,gaussian_noise:0.03,1.0872571468353271
20260824,B,./images/train2017/000000336843.jpg,gaussian_noise:0.03,1.130353331565857
20260824,B,./images/train2017/000000395766.jpg,gaussian_noise:0.03,1.0724332332611084
20260824,B,./images/train2017/000000531659.jpg,gaussian_noise:0.03,1.2343136072158813
20260824,B,./images/train2017/000000000110.jpg,gaussian_noise:0.03,1.0526667833328247
20260824,B,./images/train2017/000000154801.jpg,gaussian_noise:0.03,1.0842045545578003
20260824,B,./images/train2017/000000564609.jpg,gaussian_noise:0.03,1.0733222961425781
20260824,B,./images/train2017/000000477641.jpg,gaussian_noise:0.03,1.1584396362304688
20260824,B,./images/train2017/000000080123.jpg,gaussian_noise:0.03,1.0292346477508545
20260824,B,./images/train2017/000000362568.jpg,gaussian_noise:0.03,1.1243479251861572
20260824,B,./images/train2017/000000404702.jpg,gaussian_noise:0.03,1.0949583053588867
20260824,B,./images/train2017/000000197005.jpg,gaussian_noise:0.03,1.1471847295761108
20260824,B,./images/train2017/000000124240.jpg,gaussian_noise:0.03,1.0358563661575317
20260824,B,./images/train2017/000000502644.jpg,gaussian_noise:0.03,1.144976019859314
20260824,B,./images/train2017/000000147228.jpg,gaussian_noise:0.03,1.1549832820892334
20260824,B,./images/train2017/000000010907.jpg,gaussian_noise:0.03,0.9731996059417725
20260824,B,./images/train2017/000000255093.jpg,gaussian_noise:0.03,1.130616307258606
20260824,B,./images/train2017/000000155884.jpg,gaussian_noise:0.03,1.2167625427246094
20260824,B,./images/train2017/000000200386.jpg,gaussian_noise:0.03,1.0158675909042358
20260824,B,./images/train2017/000000152483.jpg,gaussian_noise:0.03,1.0026522874832153
20260824,B,./images/train2017/000000060992.jpg,gaussian_noise:0.03,1.0597882270812988
20260824,B,./images/train2017/000000431480.jpg,gaussian_noise:0.03,0.9438194036483765
20260824,B,./images/train2017/000000374576.jpg,gaussian_noise:0.03,1.0467342138290405
20260824,B,./images/train2017/000000337342.jpg,gaussian_noise:0.03,1.0889424085617065
20260824,B,./images/train2017/000000476901.jpg,gaussian_noise:0.03,0.9748013019561768
20260824,B,./images/train2017/000000084762.jpg,gaussian_noise:0.03,1.106926679611206
20260824,B,./images/train2017/000000504259.jpg,gaussian_noise:0.06,1.0978769063949585
20260824,B,./images/train2017/000000107620.jpg,gaussian_noise:0.06,1.0618581771850586
20260824,B,./images/train2017/000000560103.jpg,gaussian_noise:0.06,1.231384038925171
20260824,B,./images/train2017/000000325634.jpg,gaussian_noise:0.06,1.2198679447174072
20260824,B,./images/train2017/000000062937.jpg,gaussian_noise:0.06,1.2368063926696777
20260824,B,./images/train2017/000000326290.jpg,gaussian_noise:0.06,1.06212317943573
20260824,B,./images/train2017/000000560660.jpg,gaussian_noise:0.06,0.9837208390235901
20260824,B,./images/train2017/000000423355.jpg,gaussian_noise:0.06,1.0702970027923584
20260824,B,./images/train2017/000000062311.jpg,gaussian_noise:0.06,1.067181944847107
20260824,B,./images/train2017/000000075327.jpg,gaussian_noise:0.06,1.005522608757019
20260824,B,./images/train2017/000000124364.jpg,gaussian_noise:0.06,1.1003963947296143
20260824,B,./images/train2017/000000226957.jpg,gaussian_noise:0.06,1.0666041374206543
20260824,B,./images/train2017/000000026573.jpg,gaussian_noise:0.06,1.2134144306182861
20260824,B,./images/train2017/000000518548.jpg,gaussian_noise:0.06,1.0907814502716064
20260824,B,./images/train2017/000000467766.jpg,gaussian_noise:0.06,1.0123417377471924
20260824,B,./images/train2017/000000146819.jpg,gaussian_noise:0.06,1.153549313545227
20260824,B,./images/train2017/000000346367.jpg,gaussian_noise:0.06,1.0061898231506348
20260824,B,./images/train2017/000000404710.jpg,gaussian_noise:0.06,1.219089150428772
20260824,B,./images/train2017/000000028517.jpg,gaussian_noise:0.06,1.1052838563919067
20260824,B,./images/train2017/000000180851.jpg,gaussian_noise:0.06,1.074520230293274
20260824,B,./images/train2017/000000513585.jpg,gaussian_noise:0.06,1.1232789754867554
20260824,B,./images/train2017/000000123892.jpg,gaussian_noise:0.06,1.0727970600128174
20260824,B,./images/train2017/000000257874.jpg,gaussian_noise:0.06,1.1587674617767334
20260824,B,./images/train2017/000000220376.jpg,gaussian_noise:0.06,1.0975701808929443
20260824,B,./images/train2017/000000219117.jpg,gaussian_noise:0.06,1.1640434265136719
20260824,B,./images/train2017/000000423193.jpg,gaussian_noise:0.06,1.0337910652160645
20260824,B,./images/train2017/000000259793.jpg,gaussian_noise:0.06,1.0549910068511963
20260824,B,./images/train2017/000000465701.jpg,gaussian_noise:0.06,1.1894054412841797
20260824,B,./images/train2017/000000054796.jpg,gaussian_noise:0.06,1.1680152416229248
20260824,B,./images/train2017/000000253054.jpg,gaussian_noise:0.06,1.0461863279342651
20260824,B,./images/train2017/000000036113.jpg,gaussian_noise:0.06,1.2631118297576904
20260824,B,./images/train2017/000000345711.jpg,gaussian_noise:0.06,0.9223150014877319
20260824,B,./images/train2017/000000034340.jpg,gaussian_noise:0.06,1.089487075805664
20260824,B,./images/train2017/000000456315.jpg,gaussian_noise:0.06,0.9593755602836609
20260824,B,./images/train2017/000000482195.jpg,gaussian_noise:0.06,1.1063454151153564
20260824,B,./images/train2017/000000553660.jpg,gaussian_noise:0.06,1.152197241783142
20260824,B,./images/train2017/000000569500.jpg,gaussian_noise:0.06,1.0624724626541138
20260824,B,./images/train2017/000000027556.jpg,gaussian_noise:0.06,0.9164379835128784
20260824,B,./images/train2017/000000534845.jpg,gaussian_noise:0.06,0.9959425926208496
20260824,B,./images/train2017/000000020376.jpg,gaussian_noise:0.06,1.0295486450195312
20260824,B,./images/train2017/000000285998.jpg,gaussian_noise:0.06,1.2086749076843262
20260824,B,./images/train2017/000000284644.jpg,gaussian_noise:0.06,1.0298937559127808
20260824,B,./images/train2017/000000319345.jpg,gaussian_noise:0.06,1.1202372312545776
20260824,B,./images/train2017/000000082143.jpg,gaussian_noise:0.06,1.1428523063659668
20260824,B,./images/train2017/000000414664.jpg,gaussian_noise:0.06,1.0199370384216309
20260824,B,./images/train2017/000000518472.jpg,gaussian_noise:0.06,1.295450210571289
20260824,B,./images/train2017/000000494175.jpg,gaussian_noise:0.06,1.216256022453308
20260824,B,./images/train2017/000000566832.jpg,gaussian_noise:0.06,1.011088252067566
20260824,B,./images/train2017/000000120767.jpg,gaussian_noise:0.06,1.2472277879714966
20260824,B,./images/train2017/000000053448.jpg,gaussian_noise:0.06,1.1121151447296143
20260824,B,./images/train2017/000000181453.jpg,gaussian_noise:0.06,1.0744259357452393
20260824,B,./images/train2017/000000473159.jpg,gaussian_noise:0.06,1.0119786262512207
20260824,B,./images/train2017/000000562943.jpg,gaussian_noise:0.06,0.681747555732727
20260824,B,./images/train2017/000000237600.jpg,gaussian_noise:0.06,1.2222070693969727
20260824,B,./images/train2017/000000312935.jpg,gaussian_noise:0.06,0.9433426856994629
20260824,B,./images/train2017/000000227736.jpg,gaussian_noise:0.06,1.0665099620819092
20260824,B,./images/train2017/000000371486.jpg,gaussian_noise:0.06,1.1094592809677124
20260824,B,./images/train2017/000000477042.jpg,gaussian_noise:0.06,1.0356501340866089
20260824,B,./images/train2017/000000295358.jpg,gaussian_noise:0.06,0.9495391845703125
20260824,B,./images/train2017/000000204962.jpg,gaussian_noise:0.06,1.100171685218811
20260824,B,./images/train2017/000000077455.jpg,gaussian_noise:0.06,0.9080035090446472
20260824,B,./images/train2017/000000022683.jpg,gaussian_noise:0.06,1.1462135314941406
20260824,B,./images/train2017/000000304909.jpg,gaussian_noise:0.06,1.0353695154190063
20260824,B,./images/train2017/000000428943.jpg,gaussian_noise:0.06,1.1942501068115234
20260824,B,./images/train2017/000000081842.jpg,gaussian_noise:0.06,0.9825241565704346
20260824,B,./images/train2017/000000264381.jpg,gaussian_noise:0.06,1.0969915390014648
20260824,B,./images/train2017/000000545919.jpg,gaussian_noise:0.06,1.0557575225830078
20260824,B,./images/train2017/000000058089.jpg,gaussian_noise:0.06,1.1367326974868774
20260824,B,./images/train2017/000000386127.jpg,gaussian_noise:0.06,1.074191689491272
20260824,B,./images/train2017/000000362062.jpg,gaussian_noise:0.06,1.0868452787399292
20260824,B,./images/train2017/000000566855.jpg,gaussian_noise:0.06,1.200945258140564
20260824,B,./images/train2017/000000355186.jpg,gaussian_noise:0.06,1.0298757553100586
20260824,B,./images/train2017/000000346978.jpg,gaussian_noise:0.06,1.182236909866333
20260824,B,./images/train2017/000000444496.jpg,gaussian_noise:0.06,0.9764697551727295
20260824,B,./images/train2017/000000335189.jpg,gaussian_noise:0.06,1.1202822923660278
20260824,B,./images/train2017/000000495438.jpg,gaussian_noise:0.06,1.1910068988800049
20260824,B,./images/train2017/000000081749.jpg,gaussian_noise:0.06,1.041293740272522
20260824,B,./images/train2017/000000310258.jpg,gaussian_noise:0.06,0.9881604909896851
20260824,B,./images/train2017/000000379820.jpg,gaussian_noise:0.06,1.1932300329208374
20260824,B,./images/train2017/000000026578.jpg,gaussian_noise:0.06,1.1268370151519775
20260824,B,./images/train2017/000000350969.jpg,gaussian_noise:0.06,1.0204856395721436
20260824,B,./images/train2017/000000377012.jpg,gaussian_noise:0.06,1.0919771194458008
20260824,B,./images/train2017/000000271666.jpg,gaussian_noise:0.06,0.9056717157363892
20260824,B,./images/train2017/000000509933.jpg,gaussian_noise:0.06,1.1240304708480835
20260824,B,./images/train2017/000000248952.jpg,gaussian_noise:0.06,1.0128883123397827
20260824,B,./images/train2017/000000196922.jpg,gaussian_noise:0.06,0.99459308385849
20260824,B,./images/train2017/000000170327.jpg,gaussian_noise:0.06,1.1722465753555298
20260824,B,./images/train2017/000000113839.jpg,gaussian_noise:0.06,1.1767055988311768
20260824,B,./images/train2017/000000282855.jpg,gaussian_noise:0.06,1.0743945837020874
20260824,B,./images/train2017/000000167901.jpg,gaussian_noise:0.06,1.2405914068222046
20260824,B,./images/train2017/000000098631.jpg,gaussian_noise:0.06,1.3438565731048584
20260824,B,./images/train2017/000000312254.jpg,gaussian_noise:0.06,1.183106780052185
20260824,B,./images/train2017/000000477949.jpg,gaussian_noise:0.06,0.9917381405830383
20260824,B,./images/train2017/000000468133.jpg,gaussian_noise:0.06,1.0545581579208374
20260824,B,./images/train2017/000000213457.jpg,gaussian_noise:0.06,1.0585882663726807
20260824,B,./images/train2017/000000378007.jpg,gaussian_noise:0.06,1.0376354455947876
20260824,B,./images/train2017/000000552744.jpg,gaussian_noise:0.06,1.0773614645004272
20260824,B,./images/train2017/000000193011.jpg,gaussian_noise:0.06,1.0036264657974243
20260824,B,./images/train2017/000000564781.jpg,gaussian_noise:0.06,1.206061840057373
20260824,B,./images/train2017/000000311401.jpg,gaussian_noise:0.06,1.1245366334915161
20260824,B,./images/train2017/000000571078.jpg,gaussian_noise:0.06,1.0657224655151367
20260824,B,./images/train2017/000000463299.jpg,gaussian_noise:0.06,1.0761477947235107
20260824,B,./images/train2017/000000173925.jpg,gaussian_noise:0.06,1.1358264684677124
20260824,B,./images/train2017/000000336843.jpg,gaussian_noise:0.06,1.1750327348709106
20260824,B,./images/train2017/000000395766.jpg,gaussian_noise:0.06,1.1263585090637207
20260824,B,./images/train2017/000000531659.jpg,gaussian_noise:0.06,1.189947485923767
20260824,B,./images/train2017/000000000110.jpg,gaussian_noise:0.06,1.1247810125350952
20260824,B,./images/train2017/000000154801.jpg,gaussian_noise:0.06,1.075465202331543
20260824,B,./images/train2017/000000564609.jpg,gaussian_noise:0.06,1.1551176309585571
20260824,B,./images/train2017/000000477641.jpg,gaussian_noise:0.06,1.2057591676712036
20260824,B,./images/train2017/000000080123.jpg,gaussian_noise:0.06,1.0495672225952148
20260824,B,./images/train2017/000000362568.jpg,gaussian_noise:0.06,1.1041226387023926
20260824,B,./images/train2017/000000404702.jpg,gaussian_noise:0.06,1.0597689151763916
20260824,B,./images/train2017/000000197005.jpg,gaussian_noise:0.06,1.1228636503219604
20260824,B,./images/train2017/000000124240.jpg,gaussian_noise:0.06,1.0475832223892212
20260824,B,./images/train2017/000000502644.jpg,gaussian_noise:0.06,1.148984670639038
20260824,B,./images/train2017/000000147228.jpg,gaussian_noise:0.06,1.1781238317489624
20260824,B,./images/train2017/000000010907.jpg,gaussian_noise:0.06,1.03964102268219
20260824,B,./images/train2017/000000255093.jpg,gaussian_noise:0.06,1.1275265216827393
20260824,B,./images/train2017/000000155884.jpg,gaussian_noise:0.06,1.207213282585144
20260824,B,./images/train2017/000000200386.jpg,gaussian_noise:0.06,1.025699496269226
20260824,B,./images/train2017/000000152483.jpg,gaussian_noise:0.06,0.9913148880004883
20260824,B,./images/train2017/000000060992.jpg,gaussian_noise:0.06,1.1278189420700073
20260824,B,./images/train2017/000000431480.jpg,gaussian_noise:0.06,1.0393567085266113
20260824,B,./images/train2017/000000374576.jpg,gaussian_noise:0.06,1.0943551063537598
20260824,B,./images/train2017/000000337342.jpg,gaussian_noise:0.06,1.046791911125183
20260824,B,./images/train2017/000000476901.jpg,gaussian_noise:0.06,0.9789826273918152
20260824,B,./images/train2017/000000084762.jpg,gaussian_noise:0.06,1.1675981283187866
20260824,Cnorm,./images/train2017/000000504259.jpg,brightness:0.8,1.0210174322128296
20260824,Cnorm,./images/train2017/000000107620.jpg,brightness:0.8,0.9934201240539551
20260824,Cnorm,./images/train2017/000000560103.jpg,brightness:0.8,0.9698060154914856
20260824,Cnorm,./images/train2017/000000325634.jpg,brightness:0.8,0.9725965261459351
20260824,Cnorm,./images/train2017/000000062937.jpg,brightness:0.8,1.0457597970962524
20260824,Cnorm,./images/train2017/000000326290.jpg,brightness:0.8,1.014676809310913
20260824,Cnorm,./images/train2017/000000560660.jpg,brightness:0.8,1.0195190906524658
20260824,Cnorm,./images/train2017/000000423355.jpg,brightness:0.8,1.04291832447052
20260824,Cnorm,./images/train2017/000000062311.jpg,brightness:0.8,0.9945363402366638
20260824,Cnorm,./images/train2017/000000075327.jpg,brightness:0.8,0.9860885739326477
20260824,Cnorm,./images/train2017/000000124364.jpg,brightness:0.8,0.9587163925170898
20260824,Cnorm,./images/train2017/000000226957.jpg,brightness:0.8,0.9687953591346741
20260824,Cnorm,./images/train2017/000000026573.jpg,brightness:0.8,0.9533956050872803
20260824,Cnorm,./images/train2017/000000518548.jpg,brightness:0.8,1.004387617111206
20260824,Cnorm,./images/train2017/000000467766.jpg,brightness:0.8,0.9786475300788879
20260824,Cnorm,./images/train2017/000000146819.jpg,brightness:0.8,0.9692269563674927
20260824,Cnorm,./images/train2017/000000346367.jpg,brightness:0.8,0.9840535521507263
20260824,Cnorm,./images/train2017/000000404710.jpg,brightness:0.8,0.9600874781608582
20260824,Cnorm,./images/train2017/000000028517.jpg,brightness:0.8,0.9975752830505371
20260824,Cnorm,./images/train2017/000000180851.jpg,brightness:0.8,0.9860242009162903
20260824,Cnorm,./images/train2017/000000513585.jpg,brightness:0.8,1.0181419849395752
20260824,Cnorm,./images/train2017/000000123892.jpg,brightness:0.8,0.9823077917098999
20260824,Cnorm,./images/train2017/000000257874.jpg,brightness:0.8,1.0100754499435425
20260824,Cnorm,./images/train2017/000000220376.jpg,brightness:0.8,0.9437083601951599
20260824,Cnorm,./images/train2017/000000219117.jpg,brightness:0.8,0.970491349697113
20260824,Cnorm,./images/train2017/000000423193.jpg,brightness:0.8,0.9681070446968079
20260824,Cnorm,./images/train2017/000000259793.jpg,brightness:0.8,0.9870977997779846
20260824,Cnorm,./images/train2017/000000465701.jpg,brightness:0.8,1.026780366897583
20260824,Cnorm,./images/train2017/000000054796.jpg,brightness:0.8,1.0025204420089722
20260824,Cnorm,./images/train2017/000000253054.jpg,brightness:0.8,1.003793716430664
20260824,Cnorm,./images/train2017/000000036113.jpg,brightness:0.8,1.0145148038864136
20260824,Cnorm,./images/train2017/000000345711.jpg,brightness:0.8,0.991771399974823
20260824,Cnorm,./images/train2017/000000034340.jpg,brightness:0.8,0.9813591837882996
20260824,Cnorm,./images/train2017/000000456315.jpg,brightness:0.8,0.9997063875198364
20260824,Cnorm,./images/train2017/000000482195.jpg,brightness:0.8,1.0312508344650269
20260824,Cnorm,./images/train2017/000000553660.jpg,brightness:0.8,0.9939939379692078
20260824,Cnorm,./images/train2017/000000569500.jpg,brightness:0.8,0.9991824626922607
20260824,Cnorm,./images/train2017/000000027556.jpg,brightness:0.8,1.0659207105636597
20260824,Cnorm,./images/train2017/000000534845.jpg,brightness:0.8,0.9784279465675354
20260824,Cnorm,./images/train2017/000000020376.jpg,brightness:0.8,0.9986408948898315
20260824,Cnorm,./images/train2017/000000285998.jpg,brightness:0.8,0.9628608226776123
20260824,Cnorm,./images/train2017/000000284644.jpg,brightness:0.8,0.9942752122879028
20260824,Cnorm,./images/train2017/000000319345.jpg,brightness:0.8,1.00054132938385
20260824,Cnorm,./images/train2017/000000082143.jpg,brightness:0.8,1.0033217668533325
20260824,Cnorm,./images/train2017/000000414664.jpg,brightness:0.8,1.015357494354248
20260824,Cnorm,./images/train2017/000000518472.jpg,brightness:0.8,0.9698218703269958
20260824,Cnorm,./images/train2017/000000494175.jpg,brightness:0.8,1.0002992153167725
20260824,Cnorm,./images/train2017/000000566832.jpg,brightness:0.8,1.024524450302124
20260824,Cnorm,./images/train2017/000000120767.jpg,brightness:0.8,0.9951565861701965
20260824,Cnorm,./images/train2017/000000053448.jpg,brightness:0.8,1.0541186332702637
20260824,Cnorm,./images/train2017/000000181453.jpg,brightness:0.8,1.0048692226409912
20260824,Cnorm,./images/train2017/000000473159.jpg,brightness:0.8,1.0295546054840088
20260824,Cnorm,./images/train2017/000000562943.jpg,brightness:0.8,1.0024501085281372
20260824,Cnorm,./images/train2017/000000237600.jpg,brightness:0.8,1.0240079164505005
20260824,Cnorm,./images/train2017/000000312935.jpg,brightness:0.8,0.994924783706665
20260824,Cnorm,./images/train2017/000000227736.jpg,brightness:0.8,1.017897129058838
20260824,Cnorm,./images/train2017/000000371486.jpg,brightness:0.8,0.9916256070137024
20260824,Cnorm,./images/train2017/000000477042.jpg,brightness:0.8,0.9637833833694458
20260824,Cnorm,./images/train2017/000000295358.jpg,brightness:0.8,1.051565170288086
20260824,Cnorm,./images/train2017/000000204962.jpg,brightness:0.8,1.005264163017273
20260824,Cnorm,./images/train2017/000000077455.jpg,brightness:0.8,0.9894041419029236
20260824,Cnorm,./images/train2017/000000022683.jpg,brightness:0.8,1.0269548892974854
20260824,Cnorm,./images/train2017/000000304909.jpg,brightness:0.8,0.9674797654151917
20260824,Cnorm,./images/train2017/000000428943.jpg,brightness:0.8,1.0013110637664795
20260824,Cnorm,./images/train2017/000000081842.jpg,brightness:0.8,0.9790869355201721
20260824,Cnorm,./images/train2017/000000264381.jpg,brightness:0.8,1.0144846439361572
20260824,Cnorm,./images/train2017/000000545919.jpg,brightness:0.8,0.995206892490387
20260824,Cnorm,./images/train2017/000000058089.jpg,brightness:0.8,1.0133516788482666
20260824,Cnorm,./images/train2017/000000386127.jpg,brightness:0.8,0.9651203751564026
20260824,Cnorm,./images/train2017/000000362062.jpg,brightness:0.8,1.027987003326416
20260824,Cnorm,./images/train2017/000000566855.jpg,brightness:0.8,1.0320974588394165
20260824,Cnorm,./images/train2017/000000355186.jpg,brightness:0.8,1.083263635635376
20260824,Cnorm,./images/train2017/000000346978.jpg,brightness:0.8,1.0411096811294556
20260824,Cnorm,./images/train2017/000000444496.jpg,brightness:0.8,1.0248478651046753
20260824,Cnorm,./images/train2017/000000335189.jpg,brightness:0.8,0.9949004650115967
20260824,Cnorm,./images/train2017/000000495438.jpg,brightness:0.8,0.9846407771110535
20260824,Cnorm,./images/train2017/000000081749.jpg,brightness:0.8,0.9851939678192139
20260824,Cnorm,./images/train2017/000000310258.jpg,brightness:0.8,0.9828991889953613
20260824,Cnorm,./images/train2017/000000379820.jpg,brightness:0.8,1.0380064249038696
20260824,Cnorm,./images/train2017/000000026578.jpg,brightness:0.8,0.9696688055992126
20260824,Cnorm,./images/train2017/000000350969.jpg,brightness:0.8,0.9230021238327026
20260824,Cnorm,./images/train2017/000000377012.jpg,brightness:0.8,0.9771155714988708
20260824,Cnorm,./images/train2017/000000271666.jpg,brightness:0.8,1.009087085723877
20260824,Cnorm,./images/train2017/000000509933.jpg,brightness:0.8,1.0136637687683105
20260824,Cnorm,./images/train2017/000000248952.jpg,brightness:0.8,1.009574294090271
20260824,Cnorm,./images/train2017/000000196922.jpg,brightness:0.8,0.98976069688797
20260824,Cnorm,./images/train2017/000000170327.jpg,brightness:0.8,0.9986123442649841
20260824,Cnorm,./images/train2017/000000113839.jpg,brightness:0.8,1.005305528640747
20260824,Cnorm,./images/train2017/000000282855.jpg,brightness:0.8,0.9922982454299927
20260824,Cnorm,./images/train2017/000000167901.jpg,brightness:0.8,0.9986312389373779
20260824,Cnorm,./images/train2017/000000098631.jpg,brightness:0.8,1.0375373363494873
20260824,Cnorm,./images/train2017/000000312254.jpg,brightness:0.8,1.0168153047561646
20260824,Cnorm,./images/train2017/000000477949.jpg,brightness:0.8,0.9866772890090942
20260824,Cnorm,./images/train2017/000000468133.jpg,brightness:0.8,1.018457055091858
20260824,Cnorm,./images/train2017/000000213457.jpg,brightness:0.8,1.007345199584961
20260824,Cnorm,./images/train2017/000000378007.jpg,brightness:0.8,1.029742956161499
20260824,Cnorm,./images/train2017/000000552744.jpg,brightness:0.8,1.0416673421859741
20260824,Cnorm,./images/train2017/000000193011.jpg,brightness:0.8,1.0103026628494263
20260824,Cnorm,./images/train2017/000000564781.jpg,brightness:0.8,0.966437041759491
20260824,Cnorm,./images/train2017/000000311401.jpg,brightness:0.8,0.9630067944526672
20260824,Cnorm,./images/train2017/000000571078.jpg,brightness:0.8,1.018025517463684
20260824,Cnorm,./images/train2017/000000463299.jpg,brightness:0.8,0.9474896192550659
20260824,Cnorm,./images/train2017/000000173925.jpg,brightness:0.8,1.010697603225708
20260824,Cnorm,./images/train2017/000000336843.jpg,brightness:0.8,1.0027480125427246
20260824,Cnorm,./images/train2017/000000395766.jpg,brightness:0.8,0.9736928343772888
20260824,Cnorm,./images/train2017/000000531659.jpg,brightness:0.8,1.003082513809204
20260824,Cnorm,./images/train2017/000000000110.jpg,brightness:0.8,0.9765390157699585
20260824,Cnorm,./images/train2017/000000154801.jpg,brightness:0.8,1.0291825532913208
20260824,Cnorm,./images/train2017/000000564609.jpg,brightness:0.8,0.9908105731010437
20260824,Cnorm,./images/train2017/000000477641.jpg,brightness:0.8,0.9891632199287415
20260824,Cnorm,./images/train2017/000000080123.jpg,brightness:0.8,0.9810847640037537
20260824,Cnorm,./images/train2017/000000362568.jpg,brightness:0.8,0.9918937683105469
20260824,Cnorm,./images/train2017/000000404702.jpg,brightness:0.8,1.0269829034805298
20260824,Cnorm,./images/train2017/000000197005.jpg,brightness:0.8,0.9798910021781921
20260824,Cnorm,./images/train2017/000000124240.jpg,brightness:0.8,0.9138503670692444
20260824,Cnorm,./images/train2017/000000502644.jpg,brightness:0.8,1.0151324272155762
20260824,Cnorm,./images/train2017/000000147228.jpg,brightness:0.8,1.0023069381713867
20260824,Cnorm,./images/train2017/000000010907.jpg,brightness:0.8,1.0173271894454956
20260824,Cnorm,./images/train2017/000000255093.jpg,brightness:0.8,1.024534821510315
20260824,Cnorm,./images/train2017/000000155884.jpg,brightness:0.8,0.9971447587013245
20260824,Cnorm,./images/train2017/000000200386.jpg,brightness:0.8,1.0045002698898315
20260824,Cnorm,./images/train2017/000000152483.jpg,brightness:0.8,0.9995671510696411
20260824,Cnorm,./images/train2017/000000060992.jpg,brightness:0.8,1.033919095993042
20260824,Cnorm,./images/train2017/000000431480.jpg,brightness:0.8,1.053032636642456
20260824,Cnorm,./images/train2017/000000374576.jpg,brightness:0.8,1.013303279876709
20260824,Cnorm,./images/train2017/000000337342.jpg,brightness:0.8,0.958047091960907
20260824,Cnorm,./images/train2017/000000476901.jpg,brightness:0.8,0.9820023775100708
20260824,Cnorm,./images/train2017/000000084762.jpg,brightness:0.8,1.0256856679916382
20260824,Cnorm,./images/train2017/000000504259.jpg,brightness:0.6,1.0090410709381104
20260824,Cnorm,./images/train2017/000000107620.jpg,brightness:0.6,0.9854680299758911
20260824,Cnorm,./images/train2017/000000560103.jpg,brightness:0.6,0.9811813831329346
20260824,Cnorm,./images/train2017/000000325634.jpg,brightness:0.6,0.9842125177383423
20260824,Cnorm,./images/train2017/000000062937.jpg,brightness:0.6,1.0094436407089233
20260824,Cnorm,./images/train2017/000000326290.jpg,brightness:0.6,0.9981880187988281
20260824,Cnorm,./images/train2017/000000560660.jpg,brightness:0.6,0.9901432394981384
20260824,Cnorm,./images/train2017/000000423355.jpg,brightness:0.6,1.0073484182357788
20260824,Cnorm,./images/train2017/000000062311.jpg,brightness:0.6,0.9903137683868408
20260824,Cnorm,./images/train2017/000000075327.jpg,brightness:0.6,0.9953706860542297
20260824,Cnorm,./images/train2017/000000124364.jpg,brightness:0.6,0.9986849427223206
20260824,Cnorm,./images/train2017/000000226957.jpg,brightness:0.6,0.9625678062438965
20260824,Cnorm,./images/train2017/000000026573.jpg,brightness:0.6,1.0003418922424316
20260824,Cnorm,./images/train2017/000000518548.jpg,brightness:0.6,1.006777286529541
20260824,Cnorm,./images/train2017/000000467766.jpg,brightness:0.6,0.966455340385437
20260824,Cnorm,./images/train2017/000000146819.jpg,brightness:0.6,0.9724123477935791
20260824,Cnorm,./images/train2017/000000346367.jpg,brightness:0.6,0.9982699751853943
20260824,Cnorm,./images/train2017/000000404710.jpg,brightness:0.6,0.9737482666969299
20260824,Cnorm,./images/train2017/000000028517.jpg,brightness:0.6,1.0088361501693726
20260824,Cnorm,./images/train2017/000000180851.jpg,brightness:0.6,1.0844742059707642
20260824,Cnorm,./images/train2017/000000513585.jpg,brightness:0.6,1.0318228006362915
20260824,Cnorm,./images/train2017/000000123892.jpg,brightness:0.6,0.9753592610359192
20260824,Cnorm,./images/train2017/000000257874.jpg,brightness:0.6,0.9939371347427368
20260824,Cnorm,./images/train2017/000000220376.jpg,brightness:0.6,0.9436385035514832
20260824,Cnorm,./images/train2017/000000219117.jpg,brightness:0.6,0.9567237496376038
20260824,Cnorm,./images/train2017/000000423193.jpg,brightness:0.6,0.9667469263076782
20260824,Cnorm,./images/train2017/000000259793.jpg,brightness:0.6,0.9746884703636169
20260824,Cnorm,./images/train2017/000000465701.jpg,brightness:0.6,1.0010250806808472
20260824,Cnorm,./images/train2017/000000054796.jpg,brightness:0.6,0.9853850603103638
20260824,Cnorm,./images/train2017/000000253054.jpg,brightness:0.6,1.0099729299545288
20260824,Cnorm,./images/train2017/000000036113.jpg,brightness:0.6,1.0118553638458252
20260824,Cnorm,./images/train2017/000000345711.jpg,brightness:0.6,0.9871269464492798
20260824,Cnorm,./images/train2017/000000034340.jpg,brightness:0.6,0.9789891839027405
20260824,Cnorm,./images/train2017/000000456315.jpg,brightness:0.6,1.0042345523834229
20260824,Cnorm,./images/train2017/000000482195.jpg,brightness:0.6,0.9884799718856812
20260824,Cnorm,./images/train2017/000000553660.jpg,brightness:0.6,0.9921016097068787
20260824,Cnorm,./images/train2017/000000569500.jpg,brightness:0.6,0.9824322462081909
20260824,Cnorm,./images/train2017/000000027556.jpg,brightness:0.6,1.0664466619491577
20260824,Cnorm,./images/train2017/000000534845.jpg,brightness:0.6,0.9784592390060425
20260824,Cnorm,./images/train2017/000000020376.jpg,brightness:0.6,1.0233396291732788
20260824,Cnorm,./images/train2017/000000285998.jpg,brightness:0.6,0.9907275438308716
20260824,Cnorm,./images/train2017/000000284644.jpg,brightness:0.6,0.9903807044029236
20260824,Cnorm,./images/train2017/000000319345.jpg,brightness:0.6,0.9885456562042236
20260824,Cnorm,./images/train2017/000000082143.jpg,brightness:0.6,1.0373047590255737
20260824,Cnorm,./images/train2017/000000414664.jpg,brightness:0.6,1.0273691415786743
20260824,Cnorm,./images/train2017/000000518472.jpg,brightness:0.6,0.9628887176513672
20260824,Cnorm,./images/train2017/000000494175.jpg,brightness:0.6,0.9942968487739563
20260824,Cnorm,./images/train2017/000000566832.jpg,brightness:0.6,1.007622241973877
20260824,Cnorm,./images/train2017/000000120767.jpg,brightness:0.6,0.9827519059181213
20260824,Cnorm,./images/train2017/000000053448.jpg,brightness:0.6,1.0360186100006104
20260824,Cnorm,./images/train2017/000000181453.jpg,brightness:0.6,0.9850366711616516
20260824,Cnorm,./images/train2017/000000473159.jpg,brightness:0.6,1.005986213684082
20260824,Cnorm,./images/train2017/000000562943.jpg,brightness:0.6,1.0156677961349487
20260824,Cnorm,./images/train2017/000000237600.jpg,brightness:0.6,1.0123422145843506
20260824,Cnorm,./images/train2017/000000312935.jpg,brightness:0.6,0.9883983731269836
20260824,Cnorm,./images/train2017/000000227736.jpg,brightness:0.6,1.047883152961731
20260824,Cnorm,./images/train2017/000000371486.jpg,brightness:0.6,0.9814779758453369
20260824,Cnorm,./images/train2017/000000477042.jpg,brightness:0.6,1.004299521446228
20260824,Cnorm,./images/train2017/000000295358.jpg,brightness:0.6,1.0565232038497925
20260824,Cnorm,./images/train2017/000000204962.jpg,brightness:0.6,0.9915534257888794
20260824,Cnorm,./images/train2017/000000077455.jpg,brightness:0.6,1.013034462928772
20260824,Cnorm,./images/train2017/000000022683.jpg,brightness:0.6,1.0145319700241089
20260824,Cnorm,./images/train2017/000000304909.jpg,brightness:0.6,0.9570339322090149
20260824,Cnorm,./images/train2017/000000428943.jpg,brightness:0.6,0.9842864871025085
20260824,Cnorm,./images/train2017/000000081842.jpg,brightness:0.6,1.0241525173187256
20260824,Cnorm,./images/train2017/000000264381.jpg,brightness:0.6,1.019647240638733
20260824,Cnorm,./images/train2017/000000545919.jpg,brightness:0.6,1.007415771484375
20260824,Cnorm,./images/train2017/000000058089.jpg,brightness:0.6,1.0205504894256592
20260824,Cnorm,./images/train2017/000000386127.jpg,brightness:0.6,0.9487053155899048
20260824,Cnorm,./images/train2017/000000362062.jpg,brightness:0.6,1.0321464538574219
20260824,Cnorm,./images/train2017/000000566855.jpg,brightness:0.6,1.0135886669158936
20260824,Cnorm,./images/train2017/000000355186.jpg,brightness:0.6,1.0745495557785034
20260824,Cnorm,./images/train2017/000000346978.jpg,brightness:0.6,1.0716572999954224
20260824,Cnorm,./images/train2017/000000444496.jpg,brightness:0.6,1.0158222913742065
20260824,Cnorm,./images/train2017/000000335189.jpg,brightness:0.6,0.9987496733665466
20260824,Cnorm,./images/train2017/000000495438.jpg,brightness:0.6,1.0229743719100952
20260824,Cnorm,./images/train2017/000000081749.jpg,brightness:0.6,0.9905753135681152
20260824,Cnorm,./images/train2017/000000310258.jpg,brightness:0.6,0.9810431003570557
20260824,Cnorm,./images/train2017/000000379820.jpg,brightness:0.6,1.0022982358932495
20260824,Cnorm,./images/train2017/000000026578.jpg,brightness:0.6,0.9747898578643799
20260824,Cnorm,./images/train2017/000000350969.jpg,brightness:0.6,0.9227022528648376
20260824,Cnorm,./images/train2017/000000377012.jpg,brightness:0.6,0.9982360005378723
20260824,Cnorm,./images/train2017/000000271666.jpg,brightness:0.6,1.0098885297775269
20260824,Cnorm,./images/train2017/000000509933.jpg,brightness:0.6,1.0061450004577637
20260824,Cnorm,./images/train2017/000000248952.jpg,brightness:0.6,1.0294831991195679
20260824,Cnorm,./images/train2017/000000196922.jpg,brightness:0.6,0.9867144227027893
20260824,Cnorm,./images/train2017/000000170327.jpg,brightness:0.6,1.0235434770584106
20260824,Cnorm,./images/train2017/000000113839.jpg,brightness:0.6,0.983162522315979
20260824,Cnorm,./images/train2017/000000282855.jpg,brightness:0.6,0.9976000785827637
20260824,Cnorm,./images/train2017/000000167901.jpg,brightness:0.6,0.9998872876167297
20260824,Cnorm,./images/train2017/000000098631.jpg,brightness:0.6,1.011857271194458
20260824,Cnorm,./images/train2017/000000312254.jpg,brightness:0.6,1.022334098815918
20260824,Cnorm,./images/train2017/000000477949.jpg,brightness:0.6,0.9828892350196838
20260824,Cnorm,./images/train2017/000000468133.jpg,brightness:0.6,1.0020633935928345
20260824,Cnorm,./images/train2017/000000213457.jpg,brightness:0.6,1.0071333646774292
20260824,Cnorm,./images/train2017/000000378007.jpg,brightness:0.6,1.0341852903366089
20260824,Cnorm,./images/train2017/000000552744.jpg,brightness:0.6,1.0185052156448364
20260824,Cnorm,./images/train2017/000000193011.jpg,brightness:0.6,1.0129138231277466
20260824,Cnorm,./images/train2017/000000564781.jpg,brightness:0.6,1.0015512704849243
20260824,Cnorm,./images/train2017/000000311401.jpg,brightness:0.6,1.0032052993774414
20260824,Cnorm,./images/train2017/000000571078.jpg,brightness:0.6,1.0272576808929443
20260824,Cnorm,./images/train2017/000000463299.jpg,brightness:0.6,1.0376759767532349
20260824,Cnorm,./images/train2017/000000173925.jpg,brightness:0.6,1.0048727989196777
20260824,Cnorm,./images/train2017/000000336843.jpg,brightness:0.6,1.0226545333862305
20260824,Cnorm,./images/train2017/000000395766.jpg,brightness:0.6,0.9832297563552856
20260824,Cnorm,./images/train2017/000000531659.jpg,brightness:0.6,1.0307871103286743
20260824,Cnorm,./images/train2017/000000000110.jpg,brightness:0.6,0.9886102676391602
20260824,Cnorm,./images/train2017/000000154801.jpg,brightness:0.6,1.0042915344238281
20260824,Cnorm,./images/train2017/000000564609.jpg,brightness:0.6,1.009137511253357
20260824,Cnorm,./images/train2017/000000477641.jpg,brightness:0.6,0.9945793747901917
20260824,Cnorm,./images/train2017/000000080123.jpg,brightness:0.6,0.9619148373603821
20260824,Cnorm,./images/train2017/000000362568.jpg,brightness:0.6,0.9737064838409424
20260824,Cnorm,./images/train2017/000000404702.jpg,brightness:0.6,1.010930061340332
20260824,Cnorm,./images/train2017/000000197005.jpg,brightness:0.6,0.9698678255081177
20260824,Cnorm,./images/train2017/000000124240.jpg,brightness:0.6,0.8789047598838806
20260824,Cnorm,./images/train2017/000000502644.jpg,brightness:0.6,1.0468213558197021
20260824,Cnorm,./images/train2017/000000147228.jpg,brightness:0.6,1.0010067224502563
20260824,Cnorm,./images/train2017/000000010907.jpg,brightness:0.6,1.0163698196411133
20260824,Cnorm,./images/train2017/000000255093.jpg,brightness:0.6,1.0408451557159424
20260824,Cnorm,./images/train2017/000000155884.jpg,brightness:0.6,0.9383845925331116
20260824,Cnorm,./images/train2017/000000200386.jpg,brightness:0.6,0.9998778104782104
20260824,Cnorm,./images/train2017/000000152483.jpg,brightness:0.6,0.9878685474395752
20260824,Cnorm,./images/train2017/000000060992.jpg,brightness:0.6,1.0120337009429932
20260824,Cnorm,./images/train2017/000000431480.jpg,brightness:0.6,1.0090751647949219
20260824,Cnorm,./images/train2017/000000374576.jpg,brightness:0.6,1.0271384716033936
20260824,Cnorm,./images/train2017/000000337342.jpg,brightness:0.6,1.0461323261260986
20260824,Cnorm,./images/train2017/000000476901.jpg,brightness:0.6,0.982088565826416
20260824,Cnorm,./images/train2017/000000084762.jpg,brightness:0.6,1.0373318195343018
20260824,Cnorm,./images/train2017/000000504259.jpg,contrast:0.75,0.964357852935791
20260824,Cnorm,./images/train2017/000000107620.jpg,contrast:0.75,0.9966611862182617
20260824,Cnorm,./images/train2017/000000560103.jpg,contrast:0.75,1.0139293670654297
20260824,Cnorm,./images/train2017/000000325634.jpg,contrast:0.75,1.005293369293213
20260824,Cnorm,./images/train2017/000000062937.jpg,contrast:0.75,1.0336263179779053
20260824,Cnorm,./images/train2017/000000326290.jpg,contrast:0.75,0.9943183064460754
20260824,Cnorm,./images/train2017/000000560660.jpg,contrast:0.75,1.0018672943115234
20260824,Cnorm,./images/train2017/000000423355.jpg,contrast:0.75,0.9489234685897827
20260824,Cnorm,./images/train2017/000000062311.jpg,contrast:0.75,0.9914976358413696
20260824,Cnorm,./images/train2017/000000075327.jpg,contrast:0.75,0.995156466960907
20260824,Cnorm,./images/train2017/000000124364.jpg,contrast:0.75,1.0310568809509277
20260824,Cnorm,./images/train2017/000000226957.jpg,contrast:0.75,0.973310112953186
20260824,Cnorm,./images/train2017/000000026573.jpg,contrast:0.75,1.0231984853744507
20260824,Cnorm,./images/train2017/000000518548.jpg,contrast:0.75,1.0281153917312622
20260824,Cnorm,./images/train2017/000000467766.jpg,contrast:0.75,0.964308500289917
20260824,Cnorm,./images/train2017/000000146819.jpg,contrast:0.75,0.9296039938926697
20260824,Cnorm,./images/train2017/000000346367.jpg,contrast:0.75,1.0029237270355225
20260824,Cnorm,./images/train2017/000000404710.jpg,contrast:0.75,1.0033077001571655
20260824,Cnorm,./images/train2017/000000028517.jpg,contrast:0.75,1.0265657901763916
20260824,Cnorm,./images/train2017/000000180851.jpg,contrast:0.75,0.9748457670211792
20260824,Cnorm,./images/train2017/000000513585.jpg,contrast:0.75,1.0469410419464111
20260824,Cnorm,./images/train2017/000000123892.jpg,contrast:0.75,1.0133837461471558
20260824,Cnorm,./images/train2017/000000257874.jpg,contrast:0.75,1.0104210376739502
20260824,Cnorm,./images/train2017/000000220376.jpg,contrast:0.75,0.9546655416488647
20260824,Cnorm,./images/train2017/000000219117.jpg,contrast:0.75,0.9881332516670227
20260824,Cnorm,./images/train2017/000000423193.jpg,contrast:0.75,0.9773882031440735
20260824,Cnorm,./images/train2017/000000259793.jpg,contrast:0.75,0.9664693474769592
20260824,Cnorm,./images/train2017/000000465701.jpg,contrast:0.75,1.050955057144165
20260824,Cnorm,./images/train2017/000000054796.jpg,contrast:0.75,0.9941105246543884
20260824,Cnorm,./images/train2017/000000253054.jpg,contrast:0.75,1.0218908786773682
20260824,Cnorm,./images/train2017/000000036113.jpg,contrast:0.75,1.018715262413025
20260824,Cnorm,./images/train2017/000000345711.jpg,contrast:0.75,0.9345532655715942
20260824,Cnorm,./images/train2017/000000034340.jpg,contrast:0.75,0.988521158695221
20260824,Cnorm,./images/train2017/000000456315.jpg,contrast:0.75,0.9900970458984375
20260824,Cnorm,./images/train2017/000000482195.jpg,contrast:0.75,0.9555007815361023
20260824,Cnorm,./images/train2017/000000553660.jpg,contrast:0.75,1.0366568565368652
20260824,Cnorm,./images/train2017/000000569500.jpg,contrast:0.75,1.0096396207809448
20260824,Cnorm,./images/train2017/000000027556.jpg,contrast:0.75,1.0611135959625244
20260824,Cnorm,./images/train2017/000000534845.jpg,contrast:0.75,0.9725719094276428
20260824,Cnorm,./images/train2017/000000020376.jpg,contrast:0.75,0.9979448914527893
20260824,Cnorm,./images/train2017/000000285998.jpg,contrast:0.75,0.9739835858345032
20260824,Cnorm,./images/train2017/000000284644.jpg,contrast:0.75,0.9117074012756348
20260824,Cnorm,./images/train2017/000000319345.jpg,contrast:0.75,0.9698143601417542
20260824,Cnorm,./images/train2017/000000082143.jpg,contrast:0.75,1.0172052383422852
20260824,Cnorm,./images/train2017/000000414664.jpg,contrast:0.75,0.9986075162887573
20260824,Cnorm,./images/train2017/000000518472.jpg,contrast:0.75,0.9760720133781433
20260824,Cnorm,./images/train2017/000000494175.jpg,contrast:0.75,1.003173828125
20260824,Cnorm,./images/train2017/000000566832.jpg,contrast:0.75,1.0091949701309204
20260824,Cnorm,./images/train2017/000000120767.jpg,contrast:0.75,1.024854063987732
20260824,Cnorm,./images/train2017/000000053448.jpg,contrast:0.75,1.0798039436340332
20260824,Cnorm,./images/train2017/000000181453.jpg,contrast:0.75,0.9954044818878174
20260824,Cnorm,./images/train2017/000000473159.jpg,contrast:0.75,1.0029388666152954
20260824,Cnorm,./images/train2017/000000562943.jpg,contrast:0.75,1.047896385192871
20260824,Cnorm,./images/train2017/000000237600.jpg,contrast:0.75,1.004068374633789
20260824,Cnorm,./images/train2017/000000312935.jpg,contrast:0.75,0.985487163066864
20260824,Cnorm,./images/train2017/000000227736.jpg,contrast:0.75,1.0109045505523682
20260824,Cnorm,./images/train2017/000000371486.jpg,contrast:0.75,0.9873830676078796
20260824,Cnorm,./images/train2017/000000477042.jpg,contrast:0.75,1.0046488046646118
20260824,Cnorm,./images/train2017/000000295358.jpg,contrast:0.75,1.0162485837936401
20260824,Cnorm,./images/train2017/000000204962.jpg,contrast:0.75,0.9992354512214661
20260824,Cnorm,./images/train2017/000000077455.jpg,contrast:0.75,1.003042459487915
20260824,Cnorm,./images/train2017/000000022683.jpg,contrast:0.75,1.0006372928619385
20260824,Cnorm,./images/train2017/000000304909.jpg,contrast:0.75,0.9938260912895203
20260824,Cnorm,./images/train2017/000000428943.jpg,contrast:0.75,0.9795567989349365
20260824,Cnorm,./images/train2017/000000081842.jpg,contrast:0.75,0.9051640033721924
20260824,Cnorm,./images/train2017/000000264381.jpg,contrast:0.75,1.0021114349365234
20260824,Cnorm,./images/train2017/000000545919.jpg,contrast:0.75,1.0014264583587646
20260824,Cnorm,./images/train2017/000000058089.jpg,contrast:0.75,1.0130375623703003
20260824,Cnorm,./images/train2017/000000386127.jpg,contrast:0.75,0.9628171920776367
20260824,Cnorm,./images/train2017/000000362062.jpg,contrast:0.75,0.9851973652839661
20260824,Cnorm,./images/train2017/000000566855.jpg,contrast:0.75,0.9988839030265808
20260824,Cnorm,./images/train2017/000000355186.jpg,contrast:0.75,1.0845147371292114
20260824,Cnorm,./images/train2017/000000346978.jpg,contrast:0.75,0.982599139213562
20260824,Cnorm,./images/train2017/000000444496.jpg,contrast:0.75,1.0032962560653687
20260824,Cnorm,./images/train2017/000000335189.jpg,contrast:0.75,0.9854108095169067
20260824,Cnorm,./images/train2017/000000495438.jpg,contrast:0.75,1.0109045505523682
20260824,Cnorm,./images/train2017/000000081749.jpg,contrast:0.75,0.9888063073158264
20260824,Cnorm,./images/train2017/000000310258.jpg,contrast:0.75,1.0098706483840942
20260824,Cnorm,./images/train2017/000000379820.jpg,contrast:0.75,0.9633256793022156
20260824,Cnorm,./images/train2017/000000026578.jpg,contrast:0.75,0.940544068813324
20260824,Cnorm,./images/train2017/000000350969.jpg,contrast:0.75,0.9473025798797607
20260824,Cnorm,./images/train2017/000000377012.jpg,contrast:0.75,0.9572679996490479
20260824,Cnorm,./images/train2017/000000271666.jpg,contrast:0.75,1.1020894050598145
20260824,Cnorm,./images/train2017/000000509933.jpg,contrast:0.75,0.9697670936584473
20260824,Cnorm,./images/train2017/000000248952.jpg,contrast:0.75,1.0376003980636597
20260824,Cnorm,./images/train2017/000000196922.jpg,contrast:0.75,1.0340217351913452
20260824,Cnorm,./images/train2017/000000170327.jpg,contrast:0.75,0.9937323927879333
20260824,Cnorm,./images/train2017/000000113839.jpg,contrast:0.75,0.9762019515037537
20260824,Cnorm,./images/train2017/000000282855.jpg,contrast:0.75,0.9129190444946289
20260824,Cnorm,./images/train2017/000000167901.jpg,contrast:0.75,1.0028126239776611
20260824,Cnorm,./images/train2017/000000098631.jpg,contrast:0.75,1.0131049156188965
20260824,Cnorm,./images/train2017/000000312254.jpg,contrast:0.75,1.0218169689178467
20260824,Cnorm,./images/train2017/000000477949.jpg,contrast:0.75,0.9938573241233826
20260824,Cnorm,./images/train2017/000000468133.jpg,contrast:0.75,1.0501599311828613
20260824,Cnorm,./images/train2017/000000213457.jpg,contrast:0.75,1.05228853225708
20260824,Cnorm,./images/train2017/000000378007.jpg,contrast:0.75,1.0496995449066162
20260824,Cnorm,./images/train2017/000000552744.jpg,contrast:0.75,1.0152013301849365
20260824,Cnorm,./images/train2017/000000193011.jpg,contrast:0.75,1.0415509939193726
20260824,Cnorm,./images/train2017/000000564781.jpg,contrast:0.75,1.003555178642273
20260824,Cnorm,./images/train2017/000000311401.jpg,contrast:0.75,1.013278603553772
20260824,Cnorm,./images/train2017/000000571078.jpg,contrast:0.75,1.0421817302703857
20260824,Cnorm,./images/train2017/000000463299.jpg,contrast:0.75,1.0153288841247559
20260824,Cnorm,./images/train2017/000000173925.jpg,contrast:0.75,0.9669578671455383
20260824,Cnorm,./images/train2017/000000336843.jpg,contrast:0.75,0.9969348311424255
20260824,Cnorm,./images/train2017/000000395766.jpg,contrast:0.75,0.9579750299453735
20260824,Cnorm,./images/train2017/000000531659.jpg,contrast:0.75,1.0553927421569824
20260824,Cnorm,./images/train2017/000000000110.jpg,contrast:0.75,0.9871148467063904
20260824,Cnorm,./images/train2017/000000154801.jpg,contrast:0.75,0.9929865002632141
20260824,Cnorm,./images/train2017/000000564609.jpg,contrast:0.75,0.951264500617981
20260824,Cnorm,./images/train2017/000000477641.jpg,contrast:0.75,0.9855355620384216
20260824,Cnorm,./images/train2017/000000080123.jpg,contrast:0.75,0.9830647706985474
20260824,Cnorm,./images/train2017/000000362568.jpg,contrast:0.75,0.9748811721801758
20260824,Cnorm,./images/train2017/000000404702.jpg,contrast:0.75,0.9951969981193542
20260824,Cnorm,./images/train2017/000000197005.jpg,contrast:0.75,0.9720412492752075
20260824,Cnorm,./images/train2017/000000124240.jpg,contrast:0.75,0.9184669256210327
20260824,Cnorm,./images/train2017/000000502644.jpg,contrast:0.75,1.0079491138458252
20260824,Cnorm,./images/train2017/000000147228.jpg,contrast:0.75,1.003615140914917
20260824,Cnorm,./images/train2017/000000010907.jpg,contrast:0.75,0.9245716333389282
20260824,Cnorm,./images/train2017/000000255093.jpg,contrast:0.75,1.0070157051086426
20260824,Cnorm,./images/train2017/000000155884.jpg,contrast:0.75,1.0168198347091675
20260824,Cnorm,./images/train2017/000000200386.jpg,contrast:0.75,1.0054140090942383
20260824,Cnorm,./images/train2017/000000152483.jpg,contrast:0.75,0.9804728627204895
20260824,Cnorm,./images/train2017/000000060992.jpg,contrast:0.75,1.0241906642913818
20260824,Cnorm,./images/train2017/000000431480.jpg,contrast:0.75,1.0263766050338745
20260824,Cnorm,./images/train2017/000000374576.jpg,contrast:0.75,0.9910427331924438
20260824,Cnorm,./images/train2017/000000337342.jpg,contrast:0.75,1.0312362909317017
20260824,Cnorm,./images/train2017/000000476901.jpg,contrast:0.75,0.9793980121612549
20260824,Cnorm,./images/train2017/000000084762.jpg,contrast:0.75,1.032080888748169
20260824,Cnorm,./images/train2017/000000504259.jpg,contrast:0.5,0.984618604183197
20260824,Cnorm,./images/train2017/000000107620.jpg,contrast:0.5,1.0001779794692993
20260824,Cnorm,./images/train2017/000000560103.jpg,contrast:0.5,0.9988690614700317
20260824,Cnorm,./images/train2017/000000325634.jpg,contrast:0.5,1.001776099205017
20260824,Cnorm,./images/train2017/000000062937.jpg,contrast:0.5,1.0331488847732544
20260824,Cnorm,./images/train2017/000000326290.jpg,contrast:0.5,0.9924314618110657
20260824,Cnorm,./images/train2017/000000560660.jpg,contrast:0.5,1.015404224395752
20260824,Cnorm,./images/train2017/000000423355.jpg,contrast:0.5,0.9113929271697998
20260824,Cnorm,./images/train2017/000000062311.jpg,contrast:0.5,1.0126279592514038
20260824,Cnorm,./images/train2017/000000075327.jpg,contrast:0.5,1.0057525634765625
20260824,Cnorm,./images/train2017/000000124364.jpg,contrast:0.5,1.0575532913208008
20260824,Cnorm,./images/train2017/000000226957.jpg,contrast:0.5,0.992472767829895
20260824,Cnorm,./images/train2017/000000026573.jpg,contrast:0.5,1.0071625709533691
20260824,Cnorm,./images/train2017/000000518548.jpg,contrast:0.5,0.9732591509819031
20260824,Cnorm,./images/train2017/000000467766.jpg,contrast:0.5,0.9919454455375671
20260824,Cnorm,./images/train2017/000000146819.jpg,contrast:0.5,0.9682990908622742
20260824,Cnorm,./images/train2017/000000346367.jpg,contrast:0.5,0.9954734444618225
20260824,Cnorm,./images/train2017/000000404710.jpg,contrast:0.5,0.9953363537788391
20260824,Cnorm,./images/train2017/000000028517.jpg,contrast:0.5,1.037688136100769
20260824,Cnorm,./images/train2017/000000180851.jpg,contrast:0.5,0.9521685242652893
20260824,Cnorm,./images/train2017/000000513585.jpg,contrast:0.5,1.0466065406799316
20260824,Cnorm,./images/train2017/000000123892.jpg,contrast:0.5,0.9728642702102661
20260824,Cnorm,./images/train2017/000000257874.jpg,contrast:0.5,0.9851357340812683
20260824,Cnorm,./images/train2017/000000220376.jpg,contrast:0.5,0.9485117793083191
20260824,Cnorm,./images/train2017/000000219117.jpg,contrast:0.5,0.9905107617378235
20260824,Cnorm,./images/train2017/000000423193.jpg,contrast:0.5,0.9935075044631958
20260824,Cnorm,./images/train2017/000000259793.jpg,contrast:0.5,1.004559874534607
20260824,Cnorm,./images/train2017/000000465701.jpg,contrast:0.5,1.0230833292007446
20260824,Cnorm,./images/train2017/000000054796.jpg,contrast:0.5,0.9805128574371338
20260824,Cnorm,./images/train2017/000000253054.jpg,contrast:0.5,0.9930596947669983
20260824,Cnorm,./images/train2017/000000036113.jpg,contrast:0.5,1.0396958589553833
20260824,Cnorm,./images/train2017/000000345711.jpg,contrast:0.5,1.0047093629837036
20260824,Cnorm,./images/train2017/000000034340.jpg,contrast:0.5,0.9839336276054382
20260824,Cnorm,./images/train2017/000000456315.jpg,contrast:0.5,0.9658411741256714
20260824,Cnorm,./images/train2017/000000482195.jpg,contrast:0.5,0.9796139001846313
20260824,Cnorm,./images/train2017/000000553660.jpg,contrast:0.5,1.0397928953170776
20260824,Cnorm,./images/train2017/000000569500.jpg,contrast:0.5,0.9927478432655334
20260824,Cnorm,./images/train2017/000000027556.jpg,contrast:0.5,1.0784151554107666
20260824,Cnorm,./images/train2017/000000534845.jpg,contrast:0.5,0.985377311706543
20260824,Cnorm,./images/train2017/000000020376.jpg,contrast:0.5,0.9972330927848816
20260824,Cnorm,./images/train2017/000000285998.jpg,contrast:0.5,1.0100477933883667
20260824,Cnorm,./images/train2017/000000284644.jpg,contrast:0.5,0.9789043664932251
20260824,Cnorm,./images/train2017/000000319345.jpg,contrast:0.5,0.9840114116668701
20260824,Cnorm,./images/train2017/000000082143.jpg,contrast:0.5,1.0317158699035645
20260824,Cnorm,./images/train2017/000000414664.jpg,contrast:0.5,0.9985641241073608
20260824,Cnorm,./images/train2017/000000518472.jpg,contrast:0.5,0.9551663994789124
20260824,Cnorm,./images/train2017/000000494175.jpg,contrast:0.5,1.0030694007873535
20260824,Cnorm,./images/train2017/000000566832.jpg,contrast:0.5,1.0134193897247314
20260824,Cnorm,./images/train2017/000000120767.jpg,contrast:0.5,1.0148519277572632
20260824,Cnorm,./images/train2017/000000053448.jpg,contrast:0.5,1.0598816871643066
20260824,Cnorm,./images/train2017/000000181453.jpg,contrast:0.5,1.0109115839004517
20260824,Cnorm,./images/train2017/000000473159.jpg,contrast:0.5,0.9980791211128235
20260824,Cnorm,./images/train2017/000000562943.jpg,contrast:0.5,1.0252726078033447
20260824,Cnorm,./images/train2017/000000237600.jpg,contrast:0.5,1.0078333616256714
20260824,Cnorm,./images/train2017/000000312935.jpg,contrast:0.5,1.005124568939209
20260824,Cnorm,./images/train2017/000000227736.jpg,contrast:0.5,1.0286213159561157
20260824,Cnorm,./images/train2017/000000371486.jpg,contrast:0.5,1.001181960105896
20260824,Cnorm,./images/train2017/000000477042.jpg,contrast:0.5,1.0077546834945679
20260824,Cnorm,./images/train2017/000000295358.jpg,contrast:0.5,1.0602998733520508
20260824,Cnorm,./images/train2017/000000204962.jpg,contrast:0.5,1.0308586359024048
20260824,Cnorm,./images/train2017/000000077455.jpg,contrast:0.5,1.0450282096862793
20260824,Cnorm,./images/train2017/000000022683.jpg,contrast:0.5,1.0264043807983398
20260824,Cnorm,./images/train2017/000000304909.jpg,contrast:0.5,1.0068559646606445
20260824,Cnorm,./images/train2017/000000428943.jpg,contrast:0.5,1.0019910335540771
20260824,Cnorm,./images/train2017/000000081842.jpg,contrast:0.5,0.9176046252250671
20260824,Cnorm,./images/train2017/000000264381.jpg,contrast:0.5,1.0028281211853027
20260824,Cnorm,./images/train2017/000000545919.jpg,contrast:0.5,0.9807605743408203
20260824,Cnorm,./images/train2017/000000058089.jpg,contrast:0.5,1.0041104555130005
20260824,Cnorm,./images/train2017/000000386127.jpg,contrast:0.5,0.9222883582115173
20260824,Cnorm,./images/train2017/000000362062.jpg,contrast:0.5,1.0813366174697876
20260824,Cnorm,./images/train2017/000000566855.jpg,contrast:0.5,0.9851643443107605
20260824,Cnorm,./images/train2017/000000355186.jpg,contrast:0.5,1.0267127752304077
20260824,Cnorm,./images/train2017/000000346978.jpg,contrast:0.5,1.0423136949539185
20260824,Cnorm,./images/train2017/000000444496.jpg,contrast:0.5,0.991549015045166
20260824,Cnorm,./images/train2017/000000335189.jpg,contrast:0.5,0.9880431294441223
20260824,Cnorm,./images/train2017/000000495438.jpg,contrast:0.5,1.0236953496932983
20260824,Cnorm,./images/train2017/000000081749.jpg,contrast:0.5,0.9950382113456726
20260824,Cnorm,./images/train2017/000000310258.jpg,contrast:0.5,1.0249122381210327
20260824,Cnorm,./images/train2017/000000379820.jpg,contrast:0.5,0.9702655673027039
20260824,Cnorm,./images/train2017/000000026578.jpg,contrast:0.5,0.9474534392356873
20260824,Cnorm,./images/train2017/000000350969.jpg,contrast:0.5,0.9368409514427185
20260824,Cnorm,./images/train2017/000000377012.jpg,contrast:0.5,0.9666996598243713
20260824,Cnorm,./images/train2017/000000271666.jpg,contrast:0.5,1.0871822834014893
20260824,Cnorm,./images/train2017/000000509933.jpg,contrast:0.5,0.9840701222419739
20260824,Cnorm,./images/train2017/000000248952.jpg,contrast:0.5,1.0177713632583618
20260824,Cnorm,./images/train2017/000000196922.jpg,contrast:0.5,1.0527507066726685
20260824,Cnorm,./images/train2017/000000170327.jpg,contrast:0.5,1.0137563943862915
20260824,Cnorm,./images/train2017/000000113839.jpg,contrast:0.5,0.9222694039344788
20260824,Cnorm,./images/train2017/000000282855.jpg,contrast:0.5,0.9258990287780762
20260824,Cnorm,./images/train2017/000000167901.jpg,contrast:0.5,1.0456372499465942
20260824,Cnorm,./images/train2017/000000098631.jpg,contrast:0.5,1.0069193840026855
20260824,Cnorm,./images/train2017/000000312254.jpg,contrast:0.5,1.0289407968521118
20260824,Cnorm,./images/train2017/000000477949.jpg,contrast:0.5,0.9830198287963867
20260824,Cnorm,./images/train2017/000000468133.jpg,contrast:0.5,1.0313493013381958
20260824,Cnorm,./images/train2017/000000213457.jpg,contrast:0.5,1.0068303346633911
20260824,Cnorm,./images/train2017/000000378007.jpg,contrast:0.5,1.0208712816238403
20260824,Cnorm,./images/train2017/000000552744.jpg,contrast:0.5,0.9994611740112305
20260824,Cnorm,./images/train2017/000000193011.jpg,contrast:0.5,1.0439002513885498
20260824,Cnorm,./images/train2017/000000564781.jpg,contrast:0.5,1.015732765197754
20260824,Cnorm,./images/train2017/000000311401.jpg,contrast:0.5,1.021578073501587
20260824,Cnorm,./images/train2017/000000571078.jpg,contrast:0.5,1.0096405744552612
20260824,Cnorm,./images/train2017/000000463299.jpg,contrast:0.5,1.0226763486862183
20260824,Cnorm,./images/train2017/000000173925.jpg,contrast:0.5,1.006308913230896
20260824,Cnorm,./images/train2017/000000336843.jpg,contrast:0.5,1.0058413743972778
20260824,Cnorm,./images/train2017/000000395766.jpg,contrast:0.5,0.976408064365387
20260824,Cnorm,./images/train2017/000000531659.jpg,contrast:0.5,1.0427892208099365
20260824,Cnorm,./images/train2017/000000000110.jpg,contrast:0.5,0.9908872842788696
20260824,Cnorm,./images/train2017/000000154801.jpg,contrast:0.5,1.0106251239776611
20260824,Cnorm,./images/train2017/000000564609.jpg,contrast:0.5,1.0054101943969727
20260824,Cnorm,./images/train2017/000000477641.jpg,contrast:0.5,1.0134789943695068
20260824,Cnorm,./images/train2017/000000080123.jpg,contrast:0.5,1.0025629997253418
20260824,Cnorm,./images/train2017/000000362568.jpg,contrast:0.5,0.9753943681716919
20260824,Cnorm,./images/train2017/000000404702.jpg,contrast:0.5,1.0067254304885864
20260824,Cnorm,./images/train2017/000000197005.jpg,contrast:0.5,0.9863678216934204
20260824,Cnorm,./images/train2017/000000124240.jpg,contrast:0.5,0.9376224279403687
20260824,Cnorm,./images/train2017/000000502644.jpg,contrast:0.5,1.0538322925567627
20260824,Cnorm,./images/train2017/000000147228.jpg,contrast:0.5,0.999590277671814
20260824,Cnorm,./images/train2017/000000010907.jpg,contrast:0.5,0.963053286075592
20260824,Cnorm,./images/train2017/000000255093.jpg,contrast:0.5,1.0192875862121582
20260824,Cnorm,./images/train2017/000000155884.jpg,contrast:0.5,0.9738237857818604
20260824,Cnorm,./images/train2017/000000200386.jpg,contrast:0.5,1.044306993484497
20260824,Cnorm,./images/train2017/000000152483.jpg,contrast:0.5,0.9926165342330933
20260824,Cnorm,./images/train2017/000000060992.jpg,contrast:0.5,1.0058116912841797
20260824,Cnorm,./images/train2017/000000431480.jpg,contrast:0.5,1.023821234703064
20260824,Cnorm,./images/train2017/000000374576.jpg,contrast:0.5,0.9941912889480591
20260824,Cnorm,./images/train2017/000000337342.jpg,contrast:0.5,1.0412060022354126
20260824,Cnorm,./images/train2017/000000476901.jpg,contrast:0.5,0.9747475385665894
20260824,Cnorm,./images/train2017/000000084762.jpg,contrast:0.5,1.0352704524993896
20260824,Cnorm,./images/train2017/000000504259.jpg,gaussian_blur:1.0,1.0488102436065674
20260824,Cnorm,./images/train2017/000000107620.jpg,gaussian_blur:1.0,1.0009348392486572
20260824,Cnorm,./images/train2017/000000560103.jpg,gaussian_blur:1.0,1.0008351802825928
20260824,Cnorm,./images/train2017/000000325634.jpg,gaussian_blur:1.0,1.0234240293502808
20260824,Cnorm,./images/train2017/000000062937.jpg,gaussian_blur:1.0,1.003235101699829
20260824,Cnorm,./images/train2017/000000326290.jpg,gaussian_blur:1.0,0.9877053499221802
20260824,Cnorm,./images/train2017/000000560660.jpg,gaussian_blur:1.0,1.0141890048980713
20260824,Cnorm,./images/train2017/000000423355.jpg,gaussian_blur:1.0,1.0317801237106323
20260824,Cnorm,./images/train2017/000000062311.jpg,gaussian_blur:1.0,0.9620651006698608
20260824,Cnorm,./images/train2017/000000075327.jpg,gaussian_blur:1.0,1.006486177444458
20260824,Cnorm,./images/train2017/000000124364.jpg,gaussian_blur:1.0,0.9839080572128296
20260824,Cnorm,./images/train2017/000000226957.jpg,gaussian_blur:1.0,1.0051263570785522
20260824,Cnorm,./images/train2017/000000026573.jpg,gaussian_blur:1.0,1.0488319396972656
20260824,Cnorm,./images/train2017/000000518548.jpg,gaussian_blur:1.0,1.0964136123657227
20260824,Cnorm,./images/train2017/000000467766.jpg,gaussian_blur:1.0,0.9405802488327026
20260824,Cnorm,./images/train2017/000000146819.jpg,gaussian_blur:1.0,0.9844217896461487
20260824,Cnorm,./images/train2017/000000346367.jpg,gaussian_blur:1.0,1.0145092010498047
20260824,Cnorm,./images/train2017/000000404710.jpg,gaussian_blur:1.0,0.979060173034668
20260824,Cnorm,./images/train2017/000000028517.jpg,gaussian_blur:1.0,0.9915016293525696
20260824,Cnorm,./images/train2017/000000180851.jpg,gaussian_blur:1.0,0.995269238948822
20260824,Cnorm,./images/train2017/000000513585.jpg,gaussian_blur:1.0,1.025289535522461
20260824,Cnorm,./images/train2017/000000123892.jpg,gaussian_blur:1.0,0.9749293923377991
20260824,Cnorm,./images/train2017/000000257874.jpg,gaussian_blur:1.0,1.0454097986221313
20260824,Cnorm,./images/train2017/000000220376.jpg,gaussian_blur:1.0,0.9860250353813171
20260824,Cnorm,./images/train2017/000000219117.jpg,gaussian_blur:1.0,0.9752899408340454
20260824,Cnorm,./images/train2017/000000423193.jpg,gaussian_blur:1.0,0.999919056892395
20260824,Cnorm,./images/train2017/000000259793.jpg,gaussian_blur:1.0,0.980486273765564
20260824,Cnorm,./images/train2017/000000465701.jpg,gaussian_blur:1.0,1.0366718769073486
20260824,Cnorm,./images/train2017/000000054796.jpg,gaussian_blur:1.0,0.9865955114364624
20260824,Cnorm,./images/train2017/000000253054.jpg,gaussian_blur:1.0,0.9584904909133911
20260824,Cnorm,./images/train2017/000000036113.jpg,gaussian_blur:1.0,1.0986533164978027
20260824,Cnorm,./images/train2017/000000345711.jpg,gaussian_blur:1.0,1.023581624031067
20260824,Cnorm,./images/train2017/000000034340.jpg,gaussian_blur:1.0,1.0061827898025513
20260824,Cnorm,./images/train2017/000000456315.jpg,gaussian_blur:1.0,1.0423744916915894
20260824,Cnorm,./images/train2017/000000482195.jpg,gaussian_blur:1.0,1.0603535175323486
20260824,Cnorm,./images/train2017/000000553660.jpg,gaussian_blur:1.0,0.992604672908783
20260824,Cnorm,./images/train2017/000000569500.jpg,gaussian_blur:1.0,1.0081579685211182
20260824,Cnorm,./images/train2017/000000027556.jpg,gaussian_blur:1.0,1.0721607208251953
20260824,Cnorm,./images/train2017/000000534845.jpg,gaussian_blur:1.0,0.9694525599479675
20260824,Cnorm,./images/train2017/000000020376.jpg,gaussian_blur:1.0,1.0118111371994019
20260824,Cnorm,./images/train2017/000000285998.jpg,gaussian_blur:1.0,1.0000100135803223
20260824,Cnorm,./images/train2017/000000284644.jpg,gaussian_blur:1.0,0.9938879013061523
20260824,Cnorm,./images/train2017/000000319345.jpg,gaussian_blur:1.0,0.9326266646385193
20260824,Cnorm,./images/train2017/000000082143.jpg,gaussian_blur:1.0,0.9772955775260925
20260824,Cnorm,./images/train2017/000000414664.jpg,gaussian_blur:1.0,0.9869242310523987
20260824,Cnorm,./images/train2017/000000518472.jpg,gaussian_blur:1.0,0.9838780164718628
20260824,Cnorm,./images/train2017/000000494175.jpg,gaussian_blur:1.0,1.066278338432312
20260824,Cnorm,./images/train2017/000000566832.jpg,gaussian_blur:1.0,0.9723976254463196
20260824,Cnorm,./images/train2017/000000120767.jpg,gaussian_blur:1.0,1.0286507606506348
20260824,Cnorm,./images/train2017/000000053448.jpg,gaussian_blur:1.0,1.0613120794296265
20260824,Cnorm,./images/train2017/000000181453.jpg,gaussian_blur:1.0,0.9553228616714478
20260824,Cnorm,./images/train2017/000000473159.jpg,gaussian_blur:1.0,1.0049136877059937
20260824,Cnorm,./images/train2017/000000562943.jpg,gaussian_blur:1.0,1.1691560745239258
20260824,Cnorm,./images/train2017/000000237600.jpg,gaussian_blur:1.0,1.0171064138412476
20260824,Cnorm,./images/train2017/000000312935.jpg,gaussian_blur:1.0,0.9936301112174988
20260824,Cnorm,./images/train2017/000000227736.jpg,gaussian_blur:1.0,1.0685749053955078
20260824,Cnorm,./images/train2017/000000371486.jpg,gaussian_blur:1.0,1.0280336141586304
20260824,Cnorm,./images/train2017/000000477042.jpg,gaussian_blur:1.0,1.0101211071014404
20260824,Cnorm,./images/train2017/000000295358.jpg,gaussian_blur:1.0,1.0669538974761963
20260824,Cnorm,./images/train2017/000000204962.jpg,gaussian_blur:1.0,1.0525826215744019
20260824,Cnorm,./images/train2017/000000077455.jpg,gaussian_blur:1.0,1.0052926540374756
20260824,Cnorm,./images/train2017/000000022683.jpg,gaussian_blur:1.0,0.9928078651428223
20260824,Cnorm,./images/train2017/000000304909.jpg,gaussian_blur:1.0,0.9880641102790833
20260824,Cnorm,./images/train2017/000000428943.jpg,gaussian_blur:1.0,1.0084770917892456
20260824,Cnorm,./images/train2017/000000081842.jpg,gaussian_blur:1.0,1.0647600889205933
20260824,Cnorm,./images/train2017/000000264381.jpg,gaussian_blur:1.0,1.0255024433135986
20260824,Cnorm,./images/train2017/000000545919.jpg,gaussian_blur:1.0,0.9709956049919128
20260824,Cnorm,./images/train2017/000000058089.jpg,gaussian_blur:1.0,1.0058434009552002
20260824,Cnorm,./images/train2017/000000386127.jpg,gaussian_blur:1.0,0.9588403701782227
20260824,Cnorm,./images/train2017/000000362062.jpg,gaussian_blur:1.0,0.938498854637146
20260824,Cnorm,./images/train2017/000000566855.jpg,gaussian_blur:1.0,1.00494384765625
20260824,Cnorm,./images/train2017/000000355186.jpg,gaussian_blur:1.0,1.016632318496704
20260824,Cnorm,./images/train2017/000000346978.jpg,gaussian_blur:1.0,1.037973165512085
20260824,Cnorm,./images/train2017/000000444496.jpg,gaussian_blur:1.0,1.0117478370666504
20260824,Cnorm,./images/train2017/000000335189.jpg,gaussian_blur:1.0,1.0078651905059814
20260824,Cnorm,./images/train2017/000000495438.jpg,gaussian_blur:1.0,1.0141440629959106
20260824,Cnorm,./images/train2017/000000081749.jpg,gaussian_blur:1.0,1.0266268253326416
20260824,Cnorm,./images/train2017/000000310258.jpg,gaussian_blur:1.0,1.0075395107269287
20260824,Cnorm,./images/train2017/000000379820.jpg,gaussian_blur:1.0,0.9677387475967407
20260824,Cnorm,./images/train2017/000000026578.jpg,gaussian_blur:1.0,1.0152833461761475
20260824,Cnorm,./images/train2017/000000350969.jpg,gaussian_blur:1.0,1.0371754169464111
20260824,Cnorm,./images/train2017/000000377012.jpg,gaussian_blur:1.0,0.9989503622055054
20260824,Cnorm,./images/train2017/000000271666.jpg,gaussian_blur:1.0,1.1089345216751099
20260824,Cnorm,./images/train2017/000000509933.jpg,gaussian_blur:1.0,1.0143232345581055
20260824,Cnorm,./images/train2017/000000248952.jpg,gaussian_blur:1.0,1.0518332719802856
20260824,Cnorm,./images/train2017/000000196922.jpg,gaussian_blur:1.0,1.0146876573562622
20260824,Cnorm,./images/train2017/000000170327.jpg,gaussian_blur:1.0,1.0256866216659546
20260824,Cnorm,./images/train2017/000000113839.jpg,gaussian_blur:1.0,0.9685770273208618
20260824,Cnorm,./images/train2017/000000282855.jpg,gaussian_blur:1.0,1.0138556957244873
20260824,Cnorm,./images/train2017/000000167901.jpg,gaussian_blur:1.0,1.006516695022583
20260824,Cnorm,./images/train2017/000000098631.jpg,gaussian_blur:1.0,1.0297731161117554
20260824,Cnorm,./images/train2017/000000312254.jpg,gaussian_blur:1.0,1.0023845434188843
20260824,Cnorm,./images/train2017/000000477949.jpg,gaussian_blur:1.0,1.000852108001709
20260824,Cnorm,./images/train2017/000000468133.jpg,gaussian_blur:1.0,0.9901596307754517
20260824,Cnorm,./images/train2017/000000213457.jpg,gaussian_blur:1.0,0.9934660792350769
20260824,Cnorm,./images/train2017/000000378007.jpg,gaussian_blur:1.0,0.9909623861312866
20260824,Cnorm,./images/train2017/000000552744.jpg,gaussian_blur:1.0,0.9936044812202454
20260824,Cnorm,./images/train2017/000000193011.jpg,gaussian_blur:1.0,1.0053788423538208
20260824,Cnorm,./images/train2017/000000564781.jpg,gaussian_blur:1.0,1.0324312448501587
20260824,Cnorm,./images/train2017/000000311401.jpg,gaussian_blur:1.0,0.9932853579521179
20260824,Cnorm,./images/train2017/000000571078.jpg,gaussian_blur:1.0,1.0179873704910278
20260824,Cnorm,./images/train2017/000000463299.jpg,gaussian_blur:1.0,0.9908831715583801
20260824,Cnorm,./images/train2017/000000173925.jpg,gaussian_blur:1.0,1.125659465789795
20260824,Cnorm,./images/train2017/000000336843.jpg,gaussian_blur:1.0,1.0115244388580322
20260824,Cnorm,./images/train2017/000000395766.jpg,gaussian_blur:1.0,1.0378832817077637
20260824,Cnorm,./images/train2017/000000531659.jpg,gaussian_blur:1.0,0.9816056489944458
20260824,Cnorm,./images/train2017/000000000110.jpg,gaussian_blur:1.0,0.9821306467056274
20260824,Cnorm,./images/train2017/000000154801.jpg,gaussian_blur:1.0,1.0361145734786987
20260824,Cnorm,./images/train2017/000000564609.jpg,gaussian_blur:1.0,1.024458408355713
20260824,Cnorm,./images/train2017/000000477641.jpg,gaussian_blur:1.0,1.0398261547088623
20260824,Cnorm,./images/train2017/000000080123.jpg,gaussian_blur:1.0,1.0280117988586426
20260824,Cnorm,./images/train2017/000000362568.jpg,gaussian_blur:1.0,0.9321178793907166
20260824,Cnorm,./images/train2017/000000404702.jpg,gaussian_blur:1.0,1.0549393892288208
20260824,Cnorm,./images/train2017/000000197005.jpg,gaussian_blur:1.0,0.9906817078590393
20260824,Cnorm,./images/train2017/000000124240.jpg,gaussian_blur:1.0,0.9397060871124268
20260824,Cnorm,./images/train2017/000000502644.jpg,gaussian_blur:1.0,0.9610089659690857
20260824,Cnorm,./images/train2017/000000147228.jpg,gaussian_blur:1.0,0.9802302718162537
20260824,Cnorm,./images/train2017/000000010907.jpg,gaussian_blur:1.0,0.9913508296012878
20260824,Cnorm,./images/train2017/000000255093.jpg,gaussian_blur:1.0,0.9955825209617615
20260824,Cnorm,./images/train2017/000000155884.jpg,gaussian_blur:1.0,1.0102342367172241
20260824,Cnorm,./images/train2017/000000200386.jpg,gaussian_blur:1.0,1.0373402833938599
20260824,Cnorm,./images/train2017/000000152483.jpg,gaussian_blur:1.0,0.9994655847549438
20260824,Cnorm,./images/train2017/000000060992.jpg,gaussian_blur:1.0,0.9888423681259155
20260824,Cnorm,./images/train2017/000000431480.jpg,gaussian_blur:1.0,1.139176368713379
20260824,Cnorm,./images/train2017/000000374576.jpg,gaussian_blur:1.0,1.0148764848709106
20260824,Cnorm,./images/train2017/000000337342.jpg,gaussian_blur:1.0,1.0139788389205933
20260824,Cnorm,./images/train2017/000000476901.jpg,gaussian_blur:1.0,0.9816102385520935
20260824,Cnorm,./images/train2017/000000084762.jpg,gaussian_blur:1.0,1.023017168045044
20260824,Cnorm,./images/train2017/000000504259.jpg,gaussian_blur:2.0,0.9661651849746704
20260824,Cnorm,./images/train2017/000000107620.jpg,gaussian_blur:2.0,0.938271164894104
20260824,Cnorm,./images/train2017/000000560103.jpg,gaussian_blur:2.0,0.9718907475471497
20260824,Cnorm,./images/train2017/000000325634.jpg,gaussian_blur:2.0,1.009909749031067
20260824,Cnorm,./images/train2017/000000062937.jpg,gaussian_blur:2.0,1.042226791381836
20260824,Cnorm,./images/train2017/000000326290.jpg,gaussian_blur:2.0,0.9915445446968079
20260824,Cnorm,./images/train2017/000000560660.jpg,gaussian_blur:2.0,1.022450566291809
20260824,Cnorm,./images/train2017/000000423355.jpg,gaussian_blur:2.0,0.9931440949440002
20260824,Cnorm,./images/train2017/000000062311.jpg,gaussian_blur:2.0,0.9397003650665283
20260824,Cnorm,./images/train2017/000000075327.jpg,gaussian_blur:2.0,0.9807069897651672
20260824,Cnorm,./images/train2017/000000124364.jpg,gaussian_blur:2.0,0.9892330169677734
20260824,Cnorm,./images/train2017/000000226957.jpg,gaussian_blur:2.0,0.9848560690879822
20260824,Cnorm,./images/train2017/000000026573.jpg,gaussian_blur:2.0,1.0054293870925903
20260824,Cnorm,./images/train2017/000000518548.jpg,gaussian_blur:2.0,1.078884482383728
20260824,Cnorm,./images/train2017/000000467766.jpg,gaussian_blur:2.0,1.0713337659835815
20260824,Cnorm,./images/train2017/000000146819.jpg,gaussian_blur:2.0,0.9736716747283936
20260824,Cnorm,./images/train2017/000000346367.jpg,gaussian_blur:2.0,1.0087080001831055
20260824,Cnorm,./images/train2017/000000404710.jpg,gaussian_blur:2.0,0.9827719926834106
20260824,Cnorm,./images/train2017/000000028517.jpg,gaussian_blur:2.0,1.017890214920044
20260824,Cnorm,./images/train2017/000000180851.jpg,gaussian_blur:2.0,1.0598294734954834
20260824,Cnorm,./images/train2017/000000513585.jpg,gaussian_blur:2.0,0.9399234652519226
20260824,Cnorm,./images/train2017/000000123892.jpg,gaussian_blur:2.0,0.9496545195579529
20260824,Cnorm,./images/train2017/000000257874.jpg,gaussian_blur:2.0,0.9909123778343201
20260824,Cnorm,./images/train2017/000000220376.jpg,gaussian_blur:2.0,1.0402934551239014
20260824,Cnorm,./images/train2017/000000219117.jpg,gaussian_blur:2.0,0.9949437379837036
20260824,Cnorm,./images/train2017/000000423193.jpg,gaussian_blur:2.0,0.9873155355453491
20260824,Cnorm,./images/train2017/000000259793.jpg,gaussian_blur:2.0,0.9371401071548462
20260824,Cnorm,./images/train2017/000000465701.jpg,gaussian_blur:2.0,0.9971955418586731
20260824,Cnorm,./images/train2017/000000054796.jpg,gaussian_blur:2.0,0.8998610377311707
20260824,Cnorm,./images/train2017/000000253054.jpg,gaussian_blur:2.0,0.8832860589027405
20260824,Cnorm,./images/train2017/000000036113.jpg,gaussian_blur:2.0,1.099534511566162
20260824,Cnorm,./images/train2017/000000345711.jpg,gaussian_blur:2.0,0.9975466728210449
20260824,Cnorm,./images/train2017/000000034340.jpg,gaussian_blur:2.0,1.0329573154449463
20260824,Cnorm,./images/train2017/000000456315.jpg,gaussian_blur:2.0,1.0046131610870361
20260824,Cnorm,./images/train2017/000000482195.jpg,gaussian_blur:2.0,1.0174142122268677
20260824,Cnorm,./images/train2017/000000553660.jpg,gaussian_blur:2.0,0.9988483190536499
20260824,Cnorm,./images/train2017/000000569500.jpg,gaussian_blur:2.0,0.9317829012870789
20260824,Cnorm,./images/train2017/000000027556.jpg,gaussian_blur:2.0,0.9951655268669128
20260824,Cnorm,./images/train2017/000000534845.jpg,gaussian_blur:2.0,1.0151073932647705
20260824,Cnorm,./images/train2017/000000020376.jpg,gaussian_blur:2.0,1.0018022060394287
20260824,Cnorm,./images/train2017/000000285998.jpg,gaussian_blur:2.0,0.9262165427207947
20260824,Cnorm,./images/train2017/000000284644.jpg,gaussian_blur:2.0,0.9667940139770508
20260824,Cnorm,./images/train2017/000000319345.jpg,gaussian_blur:2.0,0.8831301927566528
20260824,Cnorm,./images/train2017/000000082143.jpg,gaussian_blur:2.0,0.9676780700683594
20260824,Cnorm,./images/train2017/000000414664.jpg,gaussian_blur:2.0,0.9473348259925842
20260824,Cnorm,./images/train2017/000000518472.jpg,gaussian_blur:2.0,1.014825701713562
20260824,Cnorm,./images/train2017/000000494175.jpg,gaussian_blur:2.0,1.0046879053115845
20260824,Cnorm,./images/train2017/000000566832.jpg,gaussian_blur:2.0,0.963523805141449
20260824,Cnorm,./images/train2017/000000120767.jpg,gaussian_blur:2.0,0.9899216890335083
20260824,Cnorm,./images/train2017/000000053448.jpg,gaussian_blur:2.0,0.8925614953041077
20260824,Cnorm,./images/train2017/000000181453.jpg,gaussian_blur:2.0,0.9605613946914673
20260824,Cnorm,./images/train2017/000000473159.jpg,gaussian_blur:2.0,0.9880237579345703
20260824,Cnorm,./images/train2017/000000562943.jpg,gaussian_blur:2.0,1.1241064071655273
20260824,Cnorm,./images/train2017/000000237600.jpg,gaussian_blur:2.0,0.9833374619483948
20260824,Cnorm,./images/train2017/000000312935.jpg,gaussian_blur:2.0,0.9410309791564941
20260824,Cnorm,./images/train2017/000000227736.jpg,gaussian_blur:2.0,1.115012288093567
20260824,Cnorm,./images/train2017/000000371486.jpg,gaussian_blur:2.0,0.9859898686408997
20260824,Cnorm,./images/train2017/000000477042.jpg,gaussian_blur:2.0,0.9796222448348999
20260824,Cnorm,./images/train2017/000000295358.jpg,gaussian_blur:2.0,1.0244011878967285
20260824,Cnorm,./images/train2017/000000204962.jpg,gaussian_blur:2.0,0.995812177658081
20260824,Cnorm,./images/train2017/000000077455.jpg,gaussian_blur:2.0,1.0379719734191895
20260824,Cnorm,./images/train2017/000000022683.jpg,gaussian_blur:2.0,1.0257112979888916
20260824,Cnorm,./images/train2017/000000304909.jpg,gaussian_blur:2.0,0.9869787096977234
20260824,Cnorm,./images/train2017/000000428943.jpg,gaussian_blur:2.0,1.0256931781768799
20260824,Cnorm,./images/train2017/000000081842.jpg,gaussian_blur:2.0,1.0651450157165527
20260824,Cnorm,./images/train2017/000000264381.jpg,gaussian_blur:2.0,1.029421329498291
20260824,Cnorm,./images/train2017/000000545919.jpg,gaussian_blur:2.0,1.002102255821228
20260824,Cnorm,./images/train2017/000000058089.jpg,gaussian_blur:2.0,0.9797678589820862
20260824,Cnorm,./images/train2017/000000386127.jpg,gaussian_blur:2.0,0.9513106346130371
20260824,Cnorm,./images/train2017/000000362062.jpg,gaussian_blur:2.0,0.9945643544197083
20260824,Cnorm,./images/train2017/000000566855.jpg,gaussian_blur:2.0,0.9484766125679016
20260824,Cnorm,./images/train2017/000000355186.jpg,gaussian_blur:2.0,0.9374523162841797
20260824,Cnorm,./images/train2017/000000346978.jpg,gaussian_blur:2.0,1.0284100770950317
20260824,Cnorm,./images/train2017/000000444496.jpg,gaussian_blur:2.0,0.9920806288719177
20260824,Cnorm,./images/train2017/000000335189.jpg,gaussian_blur:2.0,0.9821797013282776
20260824,Cnorm,./images/train2017/000000495438.jpg,gaussian_blur:2.0,1.0091047286987305
20260824,Cnorm,./images/train2017/000000081749.jpg,gaussian_blur:2.0,1.0057718753814697
20260824,Cnorm,./images/train2017/000000310258.jpg,gaussian_blur:2.0,0.9978722333908081
20260824,Cnorm,./images/train2017/000000379820.jpg,gaussian_blur:2.0,0.935814619064331
20260824,Cnorm,./images/train2017/000000026578.jpg,gaussian_blur:2.0,0.9963278770446777
20260824,Cnorm,./images/train2017/000000350969.jpg,gaussian_blur:2.0,0.9755183458328247
20260824,Cnorm,./images/train2017/000000377012.jpg,gaussian_blur:2.0,1.0141282081604004
20260824,Cnorm,./images/train2017/000000271666.jpg,gaussian_blur:2.0,1.0904786586761475
20260824,Cnorm,./images/train2017/000000509933.jpg,gaussian_blur:2.0,0.9875926971435547
20260824,Cnorm,./images/train2017/000000248952.jpg,gaussian_blur:2.0,1.0366698503494263
20260824,Cnorm,./images/train2017/000000196922.jpg,gaussian_blur:2.0,1.0121232271194458
20260824,Cnorm,./images/train2017/000000170327.jpg,gaussian_blur:2.0,1.019376516342163
20260824,Cnorm,./images/train2017/000000113839.jpg,gaussian_blur:2.0,0.971453845500946
20260824,Cnorm,./images/train2017/000000282855.jpg,gaussian_blur:2.0,0.9155634641647339
20260824,Cnorm,./images/train2017/000000167901.jpg,gaussian_blur:2.0,1.038417100906372
20260824,Cnorm,./images/train2017/000000098631.jpg,gaussian_blur:2.0,0.9333899617195129
20260824,Cnorm,./images/train2017/000000312254.jpg,gaussian_blur:2.0,1.0024771690368652
20260824,Cnorm,./images/train2017/000000477949.jpg,gaussian_blur:2.0,0.9918718338012695
20260824,Cnorm,./images/train2017/000000468133.jpg,gaussian_blur:2.0,0.9969663619995117
20260824,Cnorm,./images/train2017/000000213457.jpg,gaussian_blur:2.0,0.9867388010025024
20260824,Cnorm,./images/train2017/000000378007.jpg,gaussian_blur:2.0,1.037974238395691
20260824,Cnorm,./images/train2017/000000552744.jpg,gaussian_blur:2.0,0.9700785875320435
20260824,Cnorm,./images/train2017/000000193011.jpg,gaussian_blur:2.0,1.034762978553772
20260824,Cnorm,./images/train2017/000000564781.jpg,gaussian_blur:2.0,1.0472668409347534
20260824,Cnorm,./images/train2017/000000311401.jpg,gaussian_blur:2.0,1.0054609775543213
20260824,Cnorm,./images/train2017/000000571078.jpg,gaussian_blur:2.0,0.9706727862358093
20260824,Cnorm,./images/train2017/000000463299.jpg,gaussian_blur:2.0,0.9384951591491699
20260824,Cnorm,./images/train2017/000000173925.jpg,gaussian_blur:2.0,1.022766351699829
20260824,Cnorm,./images/train2017/000000336843.jpg,gaussian_blur:2.0,0.9969868659973145
20260824,Cnorm,./images/train2017/000000395766.jpg,gaussian_blur:2.0,0.9761895537376404
20260824,Cnorm,./images/train2017/000000531659.jpg,gaussian_blur:2.0,1.0461188554763794
20260824,Cnorm,./images/train2017/000000000110.jpg,gaussian_blur:2.0,0.9487870931625366
20260824,Cnorm,./images/train2017/000000154801.jpg,gaussian_blur:2.0,0.9645530581474304
20260824,Cnorm,./images/train2017/000000564609.jpg,gaussian_blur:2.0,1.0114425420761108
20260824,Cnorm,./images/train2017/000000477641.jpg,gaussian_blur:2.0,0.9595443606376648
20260824,Cnorm,./images/train2017/000000080123.jpg,gaussian_blur:2.0,1.0162129402160645
20260824,Cnorm,./images/train2017/000000362568.jpg,gaussian_blur:2.0,0.9750981330871582
20260824,Cnorm,./images/train2017/000000404702.jpg,gaussian_blur:2.0,1.0379222631454468
20260824,Cnorm,./images/train2017/000000197005.jpg,gaussian_blur:2.0,1.0524816513061523
20260824,Cnorm,./images/train2017/000000124240.jpg,gaussian_blur:2.0,0.9911620616912842
20260824,Cnorm,./images/train2017/000000502644.jpg,gaussian_blur:2.0,0.9220151901245117
20260824,Cnorm,./images/train2017/000000147228.jpg,gaussian_blur:2.0,0.9807195663452148
20260824,Cnorm,./images/train2017/000000010907.jpg,gaussian_blur:2.0,1.0308772325515747
20260824,Cnorm,./images/train2017/000000255093.jpg,gaussian_blur:2.0,0.9564976692199707
20260824,Cnorm,./images/train2017/000000155884.jpg,gaussian_blur:2.0,0.912582278251648
20260824,Cnorm,./images/train2017/000000200386.jpg,gaussian_blur:2.0,0.9790552854537964
20260824,Cnorm,./images/train2017/000000152483.jpg,gaussian_blur:2.0,1.0525257587432861
20260824,Cnorm,./images/train2017/000000060992.jpg,gaussian_blur:2.0,0.9840038418769836
20260824,Cnorm,./images/train2017/000000431480.jpg,gaussian_blur:2.0,1.0599490404129028
20260824,Cnorm,./images/train2017/000000374576.jpg,gaussian_blur:2.0,1.018452525138855
20260824,Cnorm,./images/train2017/000000337342.jpg,gaussian_blur:2.0,0.9982593059539795
20260824,Cnorm,./images/train2017/000000476901.jpg,gaussian_blur:2.0,0.9843382239341736
20260824,Cnorm,./images/train2017/000000084762.jpg,gaussian_blur:2.0,0.9911746382713318
20260824,Cnorm,./images/train2017/000000504259.jpg,gaussian_noise:0.03,1.0368916988372803
20260824,Cnorm,./images/train2017/000000107620.jpg,gaussian_noise:0.03,1.0702378749847412
20260824,Cnorm,./images/train2017/000000560103.jpg,gaussian_noise:0.03,1.0539100170135498
20260824,Cnorm,./images/train2017/000000325634.jpg,gaussian_noise:0.03,1.0697953701019287
20260824,Cnorm,./images/train2017/000000062937.jpg,gaussian_noise:0.03,1.0756200551986694
20260824,Cnorm,./images/train2017/000000326290.jpg,gaussian_noise:0.03,0.980739176273346
20260824,Cnorm,./images/train2017/000000560660.jpg,gaussian_noise:0.03,1.1255747079849243
20260824,Cnorm,./images/train2017/000000423355.jpg,gaussian_noise:0.03,1.1123154163360596
20260824,Cnorm,./images/train2017/000000062311.jpg,gaussian_noise:0.03,1.0637292861938477
20260824,Cnorm,./images/train2017/000000075327.jpg,gaussian_noise:0.03,1.0689735412597656
20260824,Cnorm,./images/train2017/000000124364.jpg,gaussian_noise:0.03,1.243370532989502
20260824,Cnorm,./images/train2017/000000226957.jpg,gaussian_noise:0.03,1.0605539083480835
20260824,Cnorm,./images/train2017/000000026573.jpg,gaussian_noise:0.03,1.095749855041504
20260824,Cnorm,./images/train2017/000000518548.jpg,gaussian_noise:0.03,1.0732383728027344
20260824,Cnorm,./images/train2017/000000467766.jpg,gaussian_noise:0.03,1.132310390472412
20260824,Cnorm,./images/train2017/000000146819.jpg,gaussian_noise:0.03,1.12559175491333
20260824,Cnorm,./images/train2017/000000346367.jpg,gaussian_noise:0.03,1.0350263118743896
20260824,Cnorm,./images/train2017/000000404710.jpg,gaussian_noise:0.03,1.0813544988632202
20260824,Cnorm,./images/train2017/000000028517.jpg,gaussian_noise:0.03,1.0032113790512085
20260824,Cnorm,./images/train2017/000000180851.jpg,gaussian_noise:0.03,1.0995582342147827
20260824,Cnorm,./images/train2017/000000513585.jpg,gaussian_noise:0.03,1.1279217004776
20260824,Cnorm,./images/train2017/000000123892.jpg,gaussian_noise:0.03,1.0732614994049072
20260824,Cnorm,./images/train2017/000000257874.jpg,gaussian_noise:0.03,1.135895013809204
20260824,Cnorm,./images/train2017/000000220376.jpg,gaussian_noise:0.03,1.0858700275421143
20260824,Cnorm,./images/train2017/000000219117.jpg,gaussian_noise:0.03,1.0489330291748047
20260824,Cnorm,./images/train2017/000000423193.jpg,gaussian_noise:0.03,1.027385950088501
20260824,Cnorm,./images/train2017/000000259793.jpg,gaussian_noise:0.03,1.2504713535308838
20260824,Cnorm,./images/train2017/000000465701.jpg,gaussian_noise:0.03,1.0866726636886597
20260824,Cnorm,./images/train2017/000000054796.jpg,gaussian_noise:0.03,1.122292160987854
20260824,Cnorm,./images/train2017/000000253054.jpg,gaussian_noise:0.03,1.211356282234192
20260824,Cnorm,./images/train2017/000000036113.jpg,gaussian_noise:0.03,1.1051615476608276
20260824,Cnorm,./images/train2017/000000345711.jpg,gaussian_noise:0.03,0.8992301225662231
20260824,Cnorm,./images/train2017/000000034340.jpg,gaussian_noise:0.03,1.0272433757781982
20260824,Cnorm,./images/train2017/000000456315.jpg,gaussian_noise:0.03,1.1599345207214355
20260824,Cnorm,./images/train2017/000000482195.jpg,gaussian_noise:0.03,1.1408277750015259
20260824,Cnorm,./images/train2017/000000553660.jpg,gaussian_noise:0.03,1.0396946668624878
20260824,Cnorm,./images/train2017/000000569500.jpg,gaussian_noise:0.03,1.0690453052520752
20260824,Cnorm,./images/train2017/000000027556.jpg,gaussian_noise:0.03,1.102970838546753
20260824,Cnorm,./images/train2017/000000534845.jpg,gaussian_noise:0.03,1.006393551826477
20260824,Cnorm,./images/train2017/000000020376.jpg,gaussian_noise:0.03,1.0076805353164673
20260824,Cnorm,./images/train2017/000000285998.jpg,gaussian_noise:0.03,1.1768279075622559
20260824,Cnorm,./images/train2017/000000284644.jpg,gaussian_noise:0.03,1.0874216556549072
20260824,Cnorm,./images/train2017/000000319345.jpg,gaussian_noise:0.03,1.172018051147461
20260824,Cnorm,./images/train2017/000000082143.jpg,gaussian_noise:0.03,1.0596938133239746
20260824,Cnorm,./images/train2017/000000414664.jpg,gaussian_noise:0.03,1.0257099866867065
20260824,Cnorm,./images/train2017/000000518472.jpg,gaussian_noise:0.03,1.1467036008834839
20260824,Cnorm,./images/train2017/000000494175.jpg,gaussian_noise:0.03,1.2094131708145142
20260824,Cnorm,./images/train2017/000000566832.jpg,gaussian_noise:0.03,1.1606210470199585
20260824,Cnorm,./images/train2017/000000120767.jpg,gaussian_noise:0.03,1.1035575866699219
20260824,Cnorm,./images/train2017/000000053448.jpg,gaussian_noise:0.03,1.0284029245376587
20260824,Cnorm,./images/train2017/000000181453.jpg,gaussian_noise:0.03,1.1056426763534546
20260824,Cnorm,./images/train2017/000000473159.jpg,gaussian_noise:0.03,1.037804365158081
20260824,Cnorm,./images/train2017/000000562943.jpg,gaussian_noise:0.03,0.8897899985313416
20260824,Cnorm,./images/train2017/000000237600.jpg,gaussian_noise:0.03,1.0830837488174438
20260824,Cnorm,./images/train2017/000000312935.jpg,gaussian_noise:0.03,1.0577433109283447
20260824,Cnorm,./images/train2017/000000227736.jpg,gaussian_noise:0.03,1.0960307121276855
20260824,Cnorm,./images/train2017/000000371486.jpg,gaussian_noise:0.03,1.0064034461975098
20260824,Cnorm,./images/train2017/000000477042.jpg,gaussian_noise:0.03,1.1563987731933594
20260824,Cnorm,./images/train2017/000000295358.jpg,gaussian_noise:0.03,1.111222505569458
20260824,Cnorm,./images/train2017/000000204962.jpg,gaussian_noise:0.03,1.086067795753479
20260824,Cnorm,./images/train2017/000000077455.jpg,gaussian_noise:0.03,0.9475412964820862
20260824,Cnorm,./images/train2017/000000022683.jpg,gaussian_noise:0.03,1.0491113662719727
20260824,Cnorm,./images/train2017/000000304909.jpg,gaussian_noise:0.03,0.8614184856414795
20260824,Cnorm,./images/train2017/000000428943.jpg,gaussian_noise:0.03,1.2653508186340332
20260824,Cnorm,./images/train2017/000000081842.jpg,gaussian_noise:0.03,1.0647860765457153
20260824,Cnorm,./images/train2017/000000264381.jpg,gaussian_noise:0.03,1.020155906677246
20260824,Cnorm,./images/train2017/000000545919.jpg,gaussian_noise:0.03,1.1486676931381226
20260824,Cnorm,./images/train2017/000000058089.jpg,gaussian_noise:0.03,1.0459388494491577
20260824,Cnorm,./images/train2017/000000386127.jpg,gaussian_noise:0.03,0.9617946147918701
20260824,Cnorm,./images/train2017/000000362062.jpg,gaussian_noise:0.03,0.8176324367523193
20260824,Cnorm,./images/train2017/000000566855.jpg,gaussian_noise:0.03,1.038383960723877
20260824,Cnorm,./images/train2017/000000355186.jpg,gaussian_noise:0.03,0.9597203731536865
20260824,Cnorm,./images/train2017/000000346978.jpg,gaussian_noise:0.03,0.9817184209823608
20260824,Cnorm,./images/train2017/000000444496.jpg,gaussian_noise:0.03,0.9828698635101318
20260824,Cnorm,./images/train2017/000000335189.jpg,gaussian_noise:0.03,1.0898374319076538
20260824,Cnorm,./images/train2017/000000495438.jpg,gaussian_noise:0.03,1.0154939889907837
20260824,Cnorm,./images/train2017/000000081749.jpg,gaussian_noise:0.03,1.0341217517852783
20260824,Cnorm,./images/train2017/000000310258.jpg,gaussian_noise:0.03,1.0342191457748413
20260824,Cnorm,./images/train2017/000000379820.jpg,gaussian_noise:0.03,1.1170786619186401
20260824,Cnorm,./images/train2017/000000026578.jpg,gaussian_noise:0.03,0.9487956166267395
20260824,Cnorm,./images/train2017/000000350969.jpg,gaussian_noise:0.03,1.0224796533584595
20260824,Cnorm,./images/train2017/000000377012.jpg,gaussian_noise:0.03,0.9384105205535889
20260824,Cnorm,./images/train2017/000000271666.jpg,gaussian_noise:0.03,1.058268666267395
20260824,Cnorm,./images/train2017/000000509933.jpg,gaussian_noise:0.03,1.0571528673171997
20260824,Cnorm,./images/train2017/000000248952.jpg,gaussian_noise:0.03,0.970133900642395
20260824,Cnorm,./images/train2017/000000196922.jpg,gaussian_noise:0.03,0.91713547706604
20260824,Cnorm,./images/train2017/000000170327.jpg,gaussian_noise:0.03,1.0419037342071533
20260824,Cnorm,./images/train2017/000000113839.jpg,gaussian_noise:0.03,1.0558042526245117
20260824,Cnorm,./images/train2017/000000282855.jpg,gaussian_noise:0.03,1.0109684467315674
20260824,Cnorm,./images/train2017/000000167901.jpg,gaussian_noise:0.03,1.1141501665115356
20260824,Cnorm,./images/train2017/000000098631.jpg,gaussian_noise:0.03,1.147404670715332
20260824,Cnorm,./images/train2017/000000312254.jpg,gaussian_noise:0.03,1.0069434642791748
20260824,Cnorm,./images/train2017/000000477949.jpg,gaussian_noise:0.03,0.9923539757728577
20260824,Cnorm,./images/train2017/000000468133.jpg,gaussian_noise:0.03,1.1298953294754028
20260824,Cnorm,./images/train2017/000000213457.jpg,gaussian_noise:0.03,1.1018342971801758
20260824,Cnorm,./images/train2017/000000378007.jpg,gaussian_noise:0.03,1.0110000371932983
20260824,Cnorm,./images/train2017/000000552744.jpg,gaussian_noise:0.03,0.9823179841041565
20260824,Cnorm,./images/train2017/000000193011.jpg,gaussian_noise:0.03,1.0366705656051636
20260824,Cnorm,./images/train2017/000000564781.jpg,gaussian_noise:0.03,0.8345770835876465
20260824,Cnorm,./images/train2017/000000311401.jpg,gaussian_noise:0.03,1.1308567523956299
20260824,Cnorm,./images/train2017/000000571078.jpg,gaussian_noise:0.03,1.0769351720809937
20260824,Cnorm,./images/train2017/000000463299.jpg,gaussian_noise:0.03,1.1001880168914795
20260824,Cnorm,./images/train2017/000000173925.jpg,gaussian_noise:0.03,0.8506049513816833
20260824,Cnorm,./images/train2017/000000336843.jpg,gaussian_noise:0.03,1.0064222812652588
20260824,Cnorm,./images/train2017/000000395766.jpg,gaussian_noise:0.03,1.1690385341644287
20260824,Cnorm,./images/train2017/000000531659.jpg,gaussian_noise:0.03,1.103193998336792
20260824,Cnorm,./images/train2017/000000000110.jpg,gaussian_noise:0.03,1.061059832572937
20260824,Cnorm,./images/train2017/000000154801.jpg,gaussian_noise:0.03,0.8965097069740295
20260824,Cnorm,./images/train2017/000000564609.jpg,gaussian_noise:0.03,0.9384893774986267
20260824,Cnorm,./images/train2017/000000477641.jpg,gaussian_noise:0.03,1.1266663074493408
20260824,Cnorm,./images/train2017/000000080123.jpg,gaussian_noise:0.03,0.9790175557136536
20260824,Cnorm,./images/train2017/000000362568.jpg,gaussian_noise:0.03,0.911494255065918
20260824,Cnorm,./images/train2017/000000404702.jpg,gaussian_noise:0.03,0.9778481125831604
20260824,Cnorm,./images/train2017/000000197005.jpg,gaussian_noise:0.03,1.1329011917114258
20260824,Cnorm,./images/train2017/000000124240.jpg,gaussian_noise:0.03,1.0577727556228638
20260824,Cnorm,./images/train2017/000000502644.jpg,gaussian_noise:0.03,0.8914294838905334
20260824,Cnorm,./images/train2017/000000147228.jpg,gaussian_noise:0.03,1.0242584943771362
20260824,Cnorm,./images/train2017/000000010907.jpg,gaussian_noise:0.03,0.9512914419174194
20260824,Cnorm,./images/train2017/000000255093.jpg,gaussian_noise:0.03,1.1939940452575684
20260824,Cnorm,./images/train2017/000000155884.jpg,gaussian_noise:0.03,1.1913642883300781
20260824,Cnorm,./images/train2017/000000200386.jpg,gaussian_noise:0.03,0.9607580900192261
20260824,Cnorm,./images/train2017/000000152483.jpg,gaussian_noise:0.03,1.0236070156097412
20260824,Cnorm,./images/train2017/000000060992.jpg,gaussian_noise:0.03,1.0928826332092285
20260824,Cnorm,./images/train2017/000000431480.jpg,gaussian_noise:0.03,1.0075457096099854
20260824,Cnorm,./images/train2017/000000374576.jpg,gaussian_noise:0.03,1.0726604461669922
20260824,Cnorm,./images/train2017/000000337342.jpg,gaussian_noise:0.03,1.0284509658813477
20260824,Cnorm,./images/train2017/000000476901.jpg,gaussian_noise:0.03,0.9516298770904541
20260824,Cnorm,./images/train2017/000000084762.jpg,gaussian_noise:0.03,1.0576913356781006
20260824,Cnorm,./images/train2017/000000504259.jpg,gaussian_noise:0.06,1.0469701290130615
20260824,Cnorm,./images/train2017/000000107620.jpg,gaussian_noise:0.06,1.0800963640213013
20260824,Cnorm,./images/train2017/000000560103.jpg,gaussian_noise:0.06,1.0892033576965332
20260824,Cnorm,./images/train2017/000000325634.jpg,gaussian_noise:0.06,1.0617566108703613
20260824,Cnorm,./images/train2017/000000062937.jpg,gaussian_noise:0.06,1.1853843927383423
20260824,Cnorm,./images/train2017/000000326290.jpg,gaussian_noise:0.06,1.0135902166366577
20260824,Cnorm,./images/train2017/000000560660.jpg,gaussian_noise:0.06,1.1588809490203857
20260824,Cnorm,./images/train2017/000000423355.jpg,gaussian_noise:0.06,1.0568073987960815
20260824,Cnorm,./images/train2017/000000062311.jpg,gaussian_noise:0.06,1.073814868927002
20260824,Cnorm,./images/train2017/000000075327.jpg,gaussian_noise:0.06,1.1034533977508545
20260824,Cnorm,./images/train2017/000000124364.jpg,gaussian_noise:0.06,1.2423009872436523
20260824,Cnorm,./images/train2017/000000226957.jpg,gaussian_noise:0.06,1.0311212539672852
20260824,Cnorm,./images/train2017/000000026573.jpg,gaussian_noise:0.06,1.1730380058288574
20260824,Cnorm,./images/train2017/000000518548.jpg,gaussian_noise:0.06,1.1186565160751343
20260824,Cnorm,./images/train2017/000000467766.jpg,gaussian_noise:0.06,1.1229807138442993
20260824,Cnorm,./images/train2017/000000146819.jpg,gaussian_noise:0.06,1.1157281398773193
20260824,Cnorm,./images/train2017/000000346367.jpg,gaussian_noise:0.06,1.0368822813034058
20260824,Cnorm,./images/train2017/000000404710.jpg,gaussian_noise:0.06,1.1184725761413574
20260824,Cnorm,./images/train2017/000000028517.jpg,gaussian_noise:0.06,1.0175127983093262
20260824,Cnorm,./images/train2017/000000180851.jpg,gaussian_noise:0.06,1.0642378330230713
20260824,Cnorm,./images/train2017/000000513585.jpg,gaussian_noise:0.06,1.1592620611190796
20260824,Cnorm,./images/train2017/000000123892.jpg,gaussian_noise:0.06,1.1672221422195435
20260824,Cnorm,./images/train2017/000000257874.jpg,gaussian_noise:0.06,1.1807847023010254
20260824,Cnorm,./images/train2017/000000220376.jpg,gaussian_noise:0.06,1.0766677856445312
20260824,Cnorm,./images/train2017/000000219117.jpg,gaussian_noise:0.06,1.072255253791809
20260824,Cnorm,./images/train2017/000000423193.jpg,gaussian_noise:0.06,1.0533912181854248
20260824,Cnorm,./images/train2017/000000259793.jpg,gaussian_noise:0.06,1.180379033088684
20260824,Cnorm,./images/train2017/000000465701.jpg,gaussian_noise:0.06,1.105699896812439
20260824,Cnorm,./images/train2017/000000054796.jpg,gaussian_noise:0.06,1.105082392692566
20260824,Cnorm,./images/train2017/000000253054.jpg,gaussian_noise:0.06,1.20708167552948
20260824,Cnorm,./images/train2017/000000036113.jpg,gaussian_noise:0.06,1.248058795928955
20260824,Cnorm,./images/train2017/000000345711.jpg,gaussian_noise:0.06,0.9311652183532715
20260824,Cnorm,./images/train2017/000000034340.jpg,gaussian_noise:0.06,1.0637861490249634
20260824,Cnorm,./images/train2017/000000456315.jpg,gaussian_noise:0.06,1.1282341480255127
20260824,Cnorm,./images/train2017/000000482195.jpg,gaussian_noise:0.06,1.0970335006713867
20260824,Cnorm,./images/train2017/000000553660.jpg,gaussian_noise:0.06,1.0780099630355835
20260824,Cnorm,./images/train2017/000000569500.jpg,gaussian_noise:0.06,1.081132411956787
20260824,Cnorm,./images/train2017/000000027556.jpg,gaussian_noise:0.06,0.9372058510780334
20260824,Cnorm,./images/train2017/000000534845.jpg,gaussian_noise:0.06,1.034353494644165
20260824,Cnorm,./images/train2017/000000020376.jpg,gaussian_noise:0.06,1.0172921419143677
20260824,Cnorm,./images/train2017/000000285998.jpg,gaussian_noise:0.06,1.1884268522262573
20260824,Cnorm,./images/train2017/000000284644.jpg,gaussian_noise:0.06,1.129262924194336
20260824,Cnorm,./images/train2017/000000319345.jpg,gaussian_noise:0.06,1.1338375806808472
20260824,Cnorm,./images/train2017/000000082143.jpg,gaussian_noise:0.06,1.0961551666259766
20260824,Cnorm,./images/train2017/000000414664.jpg,gaussian_noise:0.06,1.0143647193908691
20260824,Cnorm,./images/train2017/000000518472.jpg,gaussian_noise:0.06,1.2376222610473633
20260824,Cnorm,./images/train2017/000000494175.jpg,gaussian_noise:0.06,1.2329530715942383
20260824,Cnorm,./images/train2017/000000566832.jpg,gaussian_noise:0.06,1.0555177927017212
20260824,Cnorm,./images/train2017/000000120767.jpg,gaussian_noise:0.06,1.1422322988510132
20260824,Cnorm,./images/train2017/000000053448.jpg,gaussian_noise:0.06,1.0999259948730469
20260824,Cnorm,./images/train2017/000000181453.jpg,gaussian_noise:0.06,1.14975106716156
20260824,Cnorm,./images/train2017/000000473159.jpg,gaussian_noise:0.06,1.0003961324691772
20260824,Cnorm,./images/train2017/000000562943.jpg,gaussian_noise:0.06,0.7314566969871521
20260824,Cnorm,./images/train2017/000000237600.jpg,gaussian_noise:0.06,1.133885383605957
20260824,Cnorm,./images/train2017/000000312935.jpg,gaussian_noise:0.06,1.0671474933624268
20260824,Cnorm,./images/train2017/000000227736.jpg,gaussian_noise:0.06,1.0730936527252197
20260824,Cnorm,./images/train2017/000000371486.jpg,gaussian_noise:0.06,1.0353327989578247
20260824,Cnorm,./images/train2017/000000477042.jpg,gaussian_noise:0.06,1.1118125915527344
20260824,Cnorm,./images/train2017/000000295358.jpg,gaussian_noise:0.06,0.9583415985107422
20260824,Cnorm,./images/train2017/000000204962.jpg,gaussian_noise:0.06,1.145180583000183
20260824,Cnorm,./images/train2017/000000077455.jpg,gaussian_noise:0.06,0.9538873434066772
20260824,Cnorm,./images/train2017/000000022683.jpg,gaussian_noise:0.06,1.088795781135559
20260824,Cnorm,./images/train2017/000000304909.jpg,gaussian_noise:0.06,0.9958591461181641
20260824,Cnorm,./images/train2017/000000428943.jpg,gaussian_noise:0.06,1.2067073583602905
20260824,Cnorm,./images/train2017/000000081842.jpg,gaussian_noise:0.06,0.9809735417366028
20260824,Cnorm,./images/train2017/000000264381.jpg,gaussian_noise:0.06,1.051769495010376
20260824,Cnorm,./images/train2017/000000545919.jpg,gaussian_noise:0.06,1.1425381898880005
20260824,Cnorm,./images/train2017/000000058089.jpg,gaussian_noise:0.06,1.0603049993515015
20260824,Cnorm,./images/train2017/000000386127.jpg,gaussian_noise:0.06,1.0728733539581299
20260824,Cnorm,./images/train2017/000000362062.jpg,gaussian_noise:0.06,0.9602460861206055
20260824,Cnorm,./images/train2017/000000566855.jpg,gaussian_noise:0.06,1.121806025505066
20260824,Cnorm,./images/train2017/000000355186.jpg,gaussian_noise:0.06,0.9498623013496399
20260824,Cnorm,./images/train2017/000000346978.jpg,gaussian_noise:0.06,1.1044753789901733
20260824,Cnorm,./images/train2017/000000444496.jpg,gaussian_noise:0.06,0.9829133749008179
20260824,Cnorm,./images/train2017/000000335189.jpg,gaussian_noise:0.06,1.1052939891815186
20260824,Cnorm,./images/train2017/000000495438.jpg,gaussian_noise:0.06,1.0621109008789062
20260824,Cnorm,./images/train2017/000000081749.jpg,gaussian_noise:0.06,1.0473718643188477
20260824,Cnorm,./images/train2017/000000310258.jpg,gaussian_noise:0.06,1.053720474243164
20260824,Cnorm,./images/train2017/000000379820.jpg,gaussian_noise:0.06,1.1429373025894165
20260824,Cnorm,./images/train2017/000000026578.jpg,gaussian_noise:0.06,0.9765135049819946
20260824,Cnorm,./images/train2017/000000350969.jpg,gaussian_noise:0.06,0.9917629361152649
20260824,Cnorm,./images/train2017/000000377012.jpg,gaussian_noise:0.06,1.019309639930725
20260824,Cnorm,./images/train2017/000000271666.jpg,gaussian_noise:0.06,0.9423559308052063
20260824,Cnorm,./images/train2017/000000509933.jpg,gaussian_noise:0.06,1.0909438133239746
20260824,Cnorm,./images/train2017/000000248952.jpg,gaussian_noise:0.06,1.0603115558624268
20260824,Cnorm,./images/train2017/000000196922.jpg,gaussian_noise:0.06,0.9963226914405823
20260824,Cnorm,./images/train2017/000000170327.jpg,gaussian_noise:0.06,1.0923839807510376
20260824,Cnorm,./images/train2017/000000113839.jpg,gaussian_noise:0.06,1.1337703466415405
20260824,Cnorm,./images/train2017/000000282855.jpg,gaussian_noise:0.06,1.078405499458313
20260824,Cnorm,./images/train2017/000000167901.jpg,gaussian_noise:0.06,1.2092838287353516
20260824,Cnorm,./images/train2017/000000098631.jpg,gaussian_noise:0.06,1.2702372074127197
20260824,Cnorm,./images/train2017/000000312254.jpg,gaussian_noise:0.06,1.0486085414886475
20260824,Cnorm,./images/train2017/000000477949.jpg,gaussian_noise:0.06,0.9842926263809204
20260824,Cnorm,./images/train2017/000000468133.jpg,gaussian_noise:0.06,1.0913585424423218
20260824,Cnorm,./images/train2017/000000213457.jpg,gaussian_noise:0.06,1.0868520736694336
20260824,Cnorm,./images/train2017/000000378007.jpg,gaussian_noise:0.06,1.0396274328231812
20260824,Cnorm,./images/train2017/000000552744.jpg,gaussian_noise:0.06,1.011266827583313
20260824,Cnorm,./images/train2017/000000193011.jpg,gaussian_noise:0.06,1.0121314525604248
20260824,Cnorm,./images/train2017/000000564781.jpg,gaussian_noise:0.06,0.9030781984329224
20260824,Cnorm,./images/train2017/000000311401.jpg,gaussian_noise:0.06,1.1263948678970337
20260824,Cnorm,./images/train2017/000000571078.jpg,gaussian_noise:0.06,1.0714061260223389
20260824,Cnorm,./images/train2017/000000463299.jpg,gaussian_noise:0.06,1.0857975482940674
20260824,Cnorm,./images/train2017/000000173925.jpg,gaussian_noise:0.06,0.9815528392791748
20260824,Cnorm,./images/train2017/000000336843.jpg,gaussian_noise:0.06,1.031962513923645
20260824,Cnorm,./images/train2017/000000395766.jpg,gaussian_noise:0.06,1.209280252456665
20260824,Cnorm,./images/train2017/000000531659.jpg,gaussian_noise:0.06,1.1558674573898315
20260824,Cnorm,./images/train2017/000000000110.jpg,gaussian_noise:0.06,1.1520358324050903
20260824,Cnorm,./images/train2017/000000154801.jpg,gaussian_noise:0.06,0.8860307335853577
20260824,Cnorm,./images/train2017/000000564609.jpg,gaussian_noise:0.06,1.0437614917755127
20260824,Cnorm,./images/train2017/000000477641.jpg,gaussian_noise:0.06,1.1953879594802856
20260824,Cnorm,./images/train2017/000000080123.jpg,gaussian_noise:0.06,1.0578999519348145
20260824,Cnorm,./images/train2017/000000362568.jpg,gaussian_noise:0.06,1.0765671730041504
20260824,Cnorm,./images/train2017/000000404702.jpg,gaussian_noise:0.06,0.984225869178772
20260824,Cnorm,./images/train2017/000000197005.jpg,gaussian_noise:0.06,1.1123604774475098
20260824,Cnorm,./images/train2017/000000124240.jpg,gaussian_noise:0.06,1.0725284814834595
20260824,Cnorm,./images/train2017/000000502644.jpg,gaussian_noise:0.06,1.0935873985290527
20260824,Cnorm,./images/train2017/000000147228.jpg,gaussian_noise:0.06,1.0411015748977661
20260824,Cnorm,./images/train2017/000000010907.jpg,gaussian_noise:0.06,0.9572256207466125
20260824,Cnorm,./images/train2017/000000255093.jpg,gaussian_noise:0.06,1.1568495035171509
20260824,Cnorm,./images/train2017/000000155884.jpg,gaussian_noise:0.06,1.203995943069458
20260824,Cnorm,./images/train2017/000000200386.jpg,gaussian_noise:0.06,1.048349380493164
20260824,Cnorm,./images/train2017/000000152483.jpg,gaussian_noise:0.06,0.9938531517982483
20260824,Cnorm,./images/train2017/000000060992.jpg,gaussian_noise:0.06,1.102020263671875
20260824,Cnorm,./images/train2017/000000431480.jpg,gaussian_noise:0.06,1.0863263607025146
20260824,Cnorm,./images/train2017/000000374576.jpg,gaussian_noise:0.06,1.0613911151885986
20260824,Cnorm,./images/train2017/000000337342.jpg,gaussian_noise:0.06,1.011375904083252
20260824,Cnorm,./images/train2017/000000476901.jpg,gaussian_noise:0.06,0.9920814037322998
20260824,Cnorm,./images/train2017/000000084762.jpg,gaussian_noise:0.06,1.1200252771377563
20260825,B,./images/train2017/000000504259.jpg,brightness:0.8,1.0288814306259155
20260825,B,./images/train2017/000000107620.jpg,brightness:0.8,0.9593289494514465
20260825,B,./images/train2017/000000560103.jpg,brightness:0.8,0.9798122644424438
20260825,B,./images/train2017/000000325634.jpg,brightness:0.8,1.0457268953323364
20260825,B,./images/train2017/000000062937.jpg,brightness:0.8,1.0343962907791138
20260825,B,./images/train2017/000000326290.jpg,brightness:0.8,1.0205903053283691
20260825,B,./images/train2017/000000560660.jpg,brightness:0.8,0.9122382998466492
20260825,B,./images/train2017/000000423355.jpg,brightness:0.8,1.028865933418274
20260825,B,./images/train2017/000000062311.jpg,brightness:0.8,1.0019843578338623
20260825,B,./images/train2017/000000075327.jpg,brightness:0.8,0.9766232967376709
20260825,B,./images/train2017/000000124364.jpg,brightness:0.8,1.052786946296692
20260825,B,./images/train2017/000000226957.jpg,brightness:0.8,1.0121034383773804
20260825,B,./images/train2017/000000026573.jpg,brightness:0.8,1.0107232332229614
20260825,B,./images/train2017/000000518548.jpg,brightness:0.8,0.9736121296882629
20260825,B,./images/train2017/000000467766.jpg,brightness:0.8,1.0162125825881958
20260825,B,./images/train2017/000000146819.jpg,brightness:0.8,0.9958212375640869
20260825,B,./images/train2017/000000346367.jpg,brightness:0.8,0.9566015601158142
20260825,B,./images/train2017/000000404710.jpg,brightness:0.8,0.9506679177284241
20260825,B,./images/train2017/000000028517.jpg,brightness:0.8,0.9970151782035828
20260825,B,./images/train2017/000000180851.jpg,brightness:0.8,0.909655749797821
20260825,B,./images/train2017/000000513585.jpg,brightness:0.8,0.9987112283706665
20260825,B,./images/train2017/000000123892.jpg,brightness:0.8,0.9981257319450378
20260825,B,./images/train2017/000000257874.jpg,brightness:0.8,1.043968915939331
20260825,B,./images/train2017/000000220376.jpg,brightness:0.8,0.9460290670394897
20260825,B,./images/train2017/000000219117.jpg,brightness:0.8,0.9521350264549255
20260825,B,./images/train2017/000000423193.jpg,brightness:0.8,0.9105522632598877
20260825,B,./images/train2017/000000259793.jpg,brightness:0.8,1.0458287000656128
20260825,B,./images/train2017/000000465701.jpg,brightness:0.8,0.9664829969406128
20260825,B,./images/train2017/000000054796.jpg,brightness:0.8,1.0824220180511475
20260825,B,./images/train2017/000000253054.jpg,brightness:0.8,1.0069721937179565
20260825,B,./images/train2017/000000036113.jpg,brightness:0.8,0.9298481345176697
20260825,B,./images/train2017/000000345711.jpg,brightness:0.8,0.9762836694717407
20260825,B,./images/train2017/000000034340.jpg,brightness:0.8,1.044551134109497
20260825,B,./images/train2017/000000456315.jpg,brightness:0.8,0.9975749254226685
20260825,B,./images/train2017/000000482195.jpg,brightness:0.8,1.0145825147628784
20260825,B,./images/train2017/000000553660.jpg,brightness:0.8,1.0329806804656982
20260825,B,./images/train2017/000000569500.jpg,brightness:0.8,1.0072801113128662
20260825,B,./images/train2017/000000027556.jpg,brightness:0.8,0.9419910907745361
20260825,B,./images/train2017/000000534845.jpg,brightness:0.8,0.9947292804718018
20260825,B,./images/train2017/000000020376.jpg,brightness:0.8,1.0506093502044678
20260825,B,./images/train2017/000000285998.jpg,brightness:0.8,0.966828465461731
20260825,B,./images/train2017/000000284644.jpg,brightness:0.8,0.9832931756973267
20260825,B,./images/train2017/000000319345.jpg,brightness:0.8,1.0275816917419434
20260825,B,./images/train2017/000000082143.jpg,brightness:0.8,0.9965780377388
20260825,B,./images/train2017/000000414664.jpg,brightness:0.8,0.995644748210907
20260825,B,./images/train2017/000000518472.jpg,brightness:0.8,0.9755278825759888
20260825,B,./images/train2017/000000494175.jpg,brightness:0.8,0.9860467314720154
20260825,B,./images/train2017/000000566832.jpg,brightness:0.8,1.0079621076583862
20260825,B,./images/train2017/000000120767.jpg,brightness:0.8,1.0159770250320435
20260825,B,./images/train2017/000000053448.jpg,brightness:0.8,1.0060234069824219
20260825,B,./images/train2017/000000181453.jpg,brightness:0.8,0.9841159582138062
20260825,B,./images/train2017/000000473159.jpg,brightness:0.8,1.0221620798110962
20260825,B,./images/train2017/000000562943.jpg,brightness:0.8,1.0707978010177612
20260825,B,./images/train2017/000000237600.jpg,brightness:0.8,1.017843246459961
20260825,B,./images/train2017/000000312935.jpg,brightness:0.8,0.9896600246429443
20260825,B,./images/train2017/000000227736.jpg,brightness:0.8,0.9929883480072021
20260825,B,./images/train2017/000000371486.jpg,brightness:0.8,1.0030947923660278
20260825,B,./images/train2017/000000477042.jpg,brightness:0.8,0.9983952045440674
20260825,B,./images/train2017/000000295358.jpg,brightness:0.8,1.0270112752914429
20260825,B,./images/train2017/000000204962.jpg,brightness:0.8,1.0211814641952515
20260825,B,./images/train2017/000000077455.jpg,brightness:0.8,0.9810109734535217
20260825,B,./images/train2017/000000022683.jpg,brightness:0.8,1.0164361000061035
20260825,B,./images/train2017/000000304909.jpg,brightness:0.8,0.9296128749847412
20260825,B,./images/train2017/000000428943.jpg,brightness:0.8,0.9614143371582031
20260825,B,./images/train2017/000000081842.jpg,brightness:0.8,0.9985870122909546
20260825,B,./images/train2017/000000264381.jpg,brightness:0.8,0.988466739654541
20260825,B,./images/train2017/000000545919.jpg,brightness:0.8,1.004347562789917
20260825,B,./images/train2017/000000058089.jpg,brightness:0.8,0.9502372741699219
20260825,B,./images/train2017/000000386127.jpg,brightness:0.8,1.0736675262451172
20260825,B,./images/train2017/000000362062.jpg,brightness:0.8,1.035270094871521
20260825,B,./images/train2017/000000566855.jpg,brightness:0.8,0.9986515641212463
20260825,B,./images/train2017/000000355186.jpg,brightness:0.8,1.0667043924331665
20260825,B,./images/train2017/000000346978.jpg,brightness:0.8,1.0433220863342285
20260825,B,./images/train2017/000000444496.jpg,brightness:0.8,0.9879124164581299
20260825,B,./images/train2017/000000335189.jpg,brightness:0.8,1.0623034238815308
20260825,B,./images/train2017/000000495438.jpg,brightness:0.8,1.0789989233016968
20260825,B,./images/train2017/000000081749.jpg,brightness:0.8,0.9621888399124146
20260825,B,./images/train2017/000000310258.jpg,brightness:0.8,1.0231220722198486
20260825,B,./images/train2017/000000379820.jpg,brightness:0.8,0.9789096117019653
20260825,B,./images/train2017/000000026578.jpg,brightness:0.8,0.9306284189224243
20260825,B,./images/train2017/000000350969.jpg,brightness:0.8,0.9868855476379395
20260825,B,./images/train2017/000000377012.jpg,brightness:0.8,0.963331937789917
20260825,B,./images/train2017/000000271666.jpg,brightness:0.8,0.9197883605957031
20260825,B,./images/train2017/000000509933.jpg,brightness:0.8,0.9605015516281128
20260825,B,./images/train2017/000000248952.jpg,brightness:0.8,1.0121179819107056
20260825,B,./images/train2017/000000196922.jpg,brightness:0.8,0.973622739315033
20260825,B,./images/train2017/000000170327.jpg,brightness:0.8,1.0267657041549683
20260825,B,./images/train2017/000000113839.jpg,brightness:0.8,0.9882609248161316
20260825,B,./images/train2017/000000282855.jpg,brightness:0.8,0.9831680059432983
20260825,B,./images/train2017/000000167901.jpg,brightness:0.8,1.079588532447815
20260825,B,./images/train2017/000000098631.jpg,brightness:0.8,1.005503535270691
20260825,B,./images/train2017/000000312254.jpg,brightness:0.8,0.9871864914894104
20260825,B,./images/train2017/000000477949.jpg,brightness:0.8,0.9690678119659424
20260825,B,./images/train2017/000000468133.jpg,brightness:0.8,1.000662922859192
20260825,B,./images/train2017/000000213457.jpg,brightness:0.8,1.014054536819458
20260825,B,./images/train2017/000000378007.jpg,brightness:0.8,1.0159201622009277
20260825,B,./images/train2017/000000552744.jpg,brightness:0.8,1.0471291542053223
20260825,B,./images/train2017/000000193011.jpg,brightness:0.8,0.9657359719276428
20260825,B,./images/train2017/000000564781.jpg,brightness:0.8,1.0050766468048096
20260825,B,./images/train2017/000000311401.jpg,brightness:0.8,0.8741227388381958
20260825,B,./images/train2017/000000571078.jpg,brightness:0.8,1.014813780784607
20260825,B,./images/train2017/000000463299.jpg,brightness:0.8,0.9088111519813538
20260825,B,./images/train2017/000000173925.jpg,brightness:0.8,1.0341424942016602
20260825,B,./images/train2017/000000336843.jpg,brightness:0.8,0.97944176197052
20260825,B,./images/train2017/000000395766.jpg,brightness:0.8,0.9640648365020752
20260825,B,./images/train2017/000000531659.jpg,brightness:0.8,0.9902967214584351
20260825,B,./images/train2017/000000000110.jpg,brightness:0.8,1.0053751468658447
20260825,B,./images/train2017/000000154801.jpg,brightness:0.8,0.9845278263092041
20260825,B,./images/train2017/000000564609.jpg,brightness:0.8,0.9863405227661133
20260825,B,./images/train2017/000000477641.jpg,brightness:0.8,0.9802606105804443
20260825,B,./images/train2017/000000080123.jpg,brightness:0.8,0.9770686030387878
20260825,B,./images/train2017/000000362568.jpg,brightness:0.8,0.9887413382530212
20260825,B,./images/train2017/000000404702.jpg,brightness:0.8,0.9209131002426147
20260825,B,./images/train2017/000000197005.jpg,brightness:0.8,1.0042041540145874
20260825,B,./images/train2017/000000124240.jpg,brightness:0.8,0.8853944540023804
20260825,B,./images/train2017/000000502644.jpg,brightness:0.8,1.0116016864776611
20260825,B,./images/train2017/000000147228.jpg,brightness:0.8,1.0401581525802612
20260825,B,./images/train2017/000000010907.jpg,brightness:0.8,0.9667859077453613
20260825,B,./images/train2017/000000255093.jpg,brightness:0.8,1.0144627094268799
20260825,B,./images/train2017/000000155884.jpg,brightness:0.8,0.9905430674552917
20260825,B,./images/train2017/000000200386.jpg,brightness:0.8,1.023228645324707
20260825,B,./images/train2017/000000152483.jpg,brightness:0.8,0.9690849184989929
20260825,B,./images/train2017/000000060992.jpg,brightness:0.8,1.1418992280960083
20260825,B,./images/train2017/000000431480.jpg,brightness:0.8,0.9710027575492859
20260825,B,./images/train2017/000000374576.jpg,brightness:0.8,0.99928879737854
20260825,B,./images/train2017/000000337342.jpg,brightness:0.8,1.0256028175354004
20260825,B,./images/train2017/000000476901.jpg,brightness:0.8,0.9726853370666504
20260825,B,./images/train2017/000000084762.jpg,brightness:0.8,1.016930341720581
20260825,B,./images/train2017/000000504259.jpg,brightness:0.6,1.0408685207366943
20260825,B,./images/train2017/000000107620.jpg,brightness:0.6,0.9672260880470276
20260825,B,./images/train2017/000000560103.jpg,brightness:0.6,1.009141445159912
20260825,B,./images/train2017/000000325634.jpg,brightness:0.6,1.0029648542404175
20260825,B,./images/train2017/000000062937.jpg,brightness:0.6,1.0084245204925537
20260825,B,./images/train2017/000000326290.jpg,brightness:0.6,1.0268537998199463
20260825,B,./images/train2017/000000560660.jpg,brightness:0.6,0.9230015873908997
20260825,B,./images/train2017/000000423355.jpg,brightness:0.6,1.017801284790039
20260825,B,./images/train2017/000000062311.jpg,brightness:0.6,1.0498789548873901
20260825,B,./images/train2017/000000075327.jpg,brightness:0.6,0.9814051389694214
20260825,B,./images/train2017/000000124364.jpg,brightness:0.6,1.0132339000701904
20260825,B,./images/train2017/000000226957.jpg,brightness:0.6,0.980086624622345
20260825,B,./images/train2017/000000026573.jpg,brightness:0.6,1.0094529390335083
20260825,B,./images/train2017/000000518548.jpg,brightness:0.6,0.9154613614082336
20260825,B,./images/train2017/000000467766.jpg,brightness:0.6,1.0260632038116455
20260825,B,./images/train2017/000000146819.jpg,brightness:0.6,1.0069807767868042
20260825,B,./images/train2017/000000346367.jpg,brightness:0.6,0.978875994682312
20260825,B,./images/train2017/000000404710.jpg,brightness:0.6,0.9553950428962708
20260825,B,./images/train2017/000000028517.jpg,brightness:0.6,0.9952800869941711
20260825,B,./images/train2017/000000180851.jpg,brightness:0.6,0.9465360641479492
20260825,B,./images/train2017/000000513585.jpg,brightness:0.6,1.048154592514038
20260825,B,./images/train2017/000000123892.jpg,brightness:0.6,1.0251249074935913
20260825,B,./images/train2017/000000257874.jpg,brightness:0.6,1.044611930847168
20260825,B,./images/train2017/000000220376.jpg,brightness:0.6,0.9530843496322632
20260825,B,./images/train2017/000000219117.jpg,brightness:0.6,0.9429915547370911
20260825,B,./images/train2017/000000423193.jpg,brightness:0.6,0.88446444272995
20260825,B,./images/train2017/000000259793.jpg,brightness:0.6,1.042648196220398
20260825,B,./images/train2017/000000465701.jpg,brightness:0.6,0.955145001411438
20260825,B,./images/train2017/000000054796.jpg,brightness:0.6,1.0503228902816772
20260825,B,./images/train2017/000000253054.jpg,brightness:0.6,1.0131497383117676
20260825,B,./images/train2017/000000036113.jpg,brightness:0.6,0.9434837102890015
20260825,B,./images/train2017/000000345711.jpg,brightness:0.6,0.947863757610321
20260825,B,./images/train2017/000000034340.jpg,brightness:0.6,1.044344425201416
20260825,B,./images/train2017/000000456315.jpg,brightness:0.6,1.0059787034988403
20260825,B,./images/train2017/000000482195.jpg,brightness:0.6,1.00308096408844
20260825,B,./images/train2017/000000553660.jpg,brightness:0.6,1.0253232717514038
20260825,B,./images/train2017/000000569500.jpg,brightness:0.6,0.9588200449943542
20260825,B,./images/train2017/000000027556.jpg,brightness:0.6,0.9146363139152527
20260825,B,./images/train2017/000000534845.jpg,brightness:0.6,1.006601095199585
20260825,B,./images/train2017/000000020376.jpg,brightness:0.6,1.0520199537277222
20260825,B,./images/train2017/000000285998.jpg,brightness:0.6,0.9635990262031555
20260825,B,./images/train2017/000000284644.jpg,brightness:0.6,0.9868224263191223
20260825,B,./images/train2017/000000319345.jpg,brightness:0.6,0.9891769886016846
20260825,B,./images/train2017/000000082143.jpg,brightness:0.6,1.062151312828064
20260825,B,./images/train2017/000000414664.jpg,brightness:0.6,1.0142370462417603
20260825,B,./images/train2017/000000518472.jpg,brightness:0.6,0.9872770309448242
20260825,B,./images/train2017/000000494175.jpg,brightness:0.6,0.9320034980773926
20260825,B,./images/train2017/000000566832.jpg,brightness:0.6,1.0312249660491943
20260825,B,./images/train2017/000000120767.jpg,brightness:0.6,1.01735258102417
20260825,B,./images/train2017/000000053448.jpg,brightness:0.6,1.0452817678451538
20260825,B,./images/train2017/000000181453.jpg,brightness:0.6,0.9754992723464966
20260825,B,./images/train2017/000000473159.jpg,brightness:0.6,1.0013465881347656
20260825,B,./images/train2017/000000562943.jpg,brightness:0.6,1.2340679168701172
20260825,B,./images/train2017/000000237600.jpg,brightness:0.6,1.0250316858291626
20260825,B,./images/train2017/000000312935.jpg,brightness:0.6,1.0083422660827637
20260825,B,./images/train2017/000000227736.jpg,brightness:0.6,0.9789741039276123
20260825,B,./images/train2017/000000371486.jpg,brightness:0.6,0.9905672669410706
20260825,B,./images/train2017/000000477042.jpg,brightness:0.6,1.0260424613952637
20260825,B,./images/train2017/000000295358.jpg,brightness:0.6,1.0478813648223877
20260825,B,./images/train2017/000000204962.jpg,brightness:0.6,1.0113885402679443
20260825,B,./images/train2017/000000077455.jpg,brightness:0.6,0.9609928131103516
20260825,B,./images/train2017/000000022683.jpg,brightness:0.6,1.0350714921951294
20260825,B,./images/train2017/000000304909.jpg,brightness:0.6,0.9248424172401428
20260825,B,./images/train2017/000000428943.jpg,brightness:0.6,0.9623051881790161
20260825,B,./images/train2017/000000081842.jpg,brightness:0.6,0.995155394077301
20260825,B,./images/train2017/000000264381.jpg,brightness:0.6,1.0059747695922852
20260825,B,./images/train2017/000000545919.jpg,brightness:0.6,1.0507093667984009
20260825,B,./images/train2017/000000058089.jpg,brightness:0.6,0.9892238974571228
20260825,B,./images/train2017/000000386127.jpg,brightness:0.6,1.0343165397644043
20260825,B,./images/train2017/000000362062.jpg,brightness:0.6,1.0205085277557373
20260825,B,./images/train2017/000000566855.jpg,brightness:0.6,1.009985327720642
20260825,B,./images/train2017/000000355186.jpg,brightness:0.6,1.059746503829956
20260825,B,./images/train2017/000000346978.jpg,brightness:0.6,1.0596085786819458
20260825,B,./images/train2017/000000444496.jpg,brightness:0.6,1.009758710861206
20260825,B,./images/train2017/000000335189.jpg,brightness:0.6,1.0505685806274414
20260825,B,./images/train2017/000000495438.jpg,brightness:0.6,1.0378248691558838
20260825,B,./images/train2017/000000081749.jpg,brightness:0.6,0.9667250514030457
20260825,B,./images/train2017/000000310258.jpg,brightness:0.6,0.9671195149421692
20260825,B,./images/train2017/000000379820.jpg,brightness:0.6,0.9748660326004028
20260825,B,./images/train2017/000000026578.jpg,brightness:0.6,0.9381285905838013
20260825,B,./images/train2017/000000350969.jpg,brightness:0.6,0.9842591881752014
20260825,B,./images/train2017/000000377012.jpg,brightness:0.6,0.9668183922767639
20260825,B,./images/train2017/000000271666.jpg,brightness:0.6,0.8266778588294983
20260825,B,./images/train2017/000000509933.jpg,brightness:0.6,0.9746580719947815
20260825,B,./images/train2017/000000248952.jpg,brightness:0.6,1.0476651191711426
20260825,B,./images/train2017/000000196922.jpg,brightness:0.6,0.9849790334701538
20260825,B,./images/train2017/000000170327.jpg,brightness:0.6,1.0721535682678223
20260825,B,./images/train2017/000000113839.jpg,brightness:0.6,0.9879695773124695
20260825,B,./images/train2017/000000282855.jpg,brightness:0.6,1.0235711336135864
20260825,B,./images/train2017/000000167901.jpg,brightness:0.6,1.0564301013946533
20260825,B,./images/train2017/000000098631.jpg,brightness:0.6,1.0065563917160034
20260825,B,./images/train2017/000000312254.jpg,brightness:0.6,1.0133360624313354
20260825,B,./images/train2017/000000477949.jpg,brightness:0.6,1.0052646398544312
20260825,B,./images/train2017/000000468133.jpg,brightness:0.6,1.0200796127319336
20260825,B,./images/train2017/000000213457.jpg,brightness:0.6,1.0151022672653198
20260825,B,./images/train2017/000000378007.jpg,brightness:0.6,1.047994613647461
20260825,B,./images/train2017/000000552744.jpg,brightness:0.6,1.0317615270614624
20260825,B,./images/train2017/000000193011.jpg,brightness:0.6,0.9717656373977661
20260825,B,./images/train2017/000000564781.jpg,brightness:0.6,1.0001022815704346
20260825,B,./images/train2017/000000311401.jpg,brightness:0.6,1.0041406154632568
20260825,B,./images/train2017/000000571078.jpg,brightness:0.6,1.01473867893219
20260825,B,./images/train2017/000000463299.jpg,brightness:0.6,0.939646303653717
20260825,B,./images/train2017/000000173925.jpg,brightness:0.6,0.9961062669754028
20260825,B,./images/train2017/000000336843.jpg,brightness:0.6,0.9973742365837097
20260825,B,./images/train2017/000000395766.jpg,brightness:0.6,0.9619617462158203
20260825,B,./images/train2017/000000531659.jpg,brightness:0.6,0.9933342337608337
20260825,B,./images/train2017/000000000110.jpg,brightness:0.6,0.9919945001602173
20260825,B,./images/train2017/000000154801.jpg,brightness:0.6,1.0265594720840454
20260825,B,./images/train2017/000000564609.jpg,brightness:0.6,1.013279676437378
20260825,B,./images/train2017/000000477641.jpg,brightness:0.6,0.9621309638023376
20260825,B,./images/train2017/000000080123.jpg,brightness:0.6,0.9524937868118286
20260825,B,./images/train2017/000000362568.jpg,brightness:0.6,0.9911993741989136
20260825,B,./images/train2017/000000404702.jpg,brightness:0.6,0.9339107871055603
20260825,B,./images/train2017/000000197005.jpg,brightness:0.6,0.968392014503479
20260825,B,./images/train2017/000000124240.jpg,brightness:0.6,0.8665962815284729
20260825,B,./images/train2017/000000502644.jpg,brightness:0.6,1.064552903175354
20260825,B,./images/train2017/000000147228.jpg,brightness:0.6,1.0425963401794434
20260825,B,./images/train2017/000000010907.jpg,brightness:0.6,0.9929031729698181
20260825,B,./images/train2017/000000255093.jpg,brightness:0.6,1.011886715888977
20260825,B,./images/train2017/000000155884.jpg,brightness:0.6,0.9775020480155945
20260825,B,./images/train2017/000000200386.jpg,brightness:0.6,1.0010535717010498
20260825,B,./images/train2017/000000152483.jpg,brightness:0.6,0.9964780211448669
20260825,B,./images/train2017/000000060992.jpg,brightness:0.6,1.0233789682388306
20260825,B,./images/train2017/000000431480.jpg,brightness:0.6,1.0356577634811401
20260825,B,./images/train2017/000000374576.jpg,brightness:0.6,1.0182973146438599
20260825,B,./images/train2017/000000337342.jpg,brightness:0.6,1.0660637617111206
20260825,B,./images/train2017/000000476901.jpg,brightness:0.6,0.9710724353790283
20260825,B,./images/train2017/000000084762.jpg,brightness:0.6,1.0000160932540894
20260825,B,./images/train2017/000000504259.jpg,contrast:0.75,1.0159540176391602
20260825,B,./images/train2017/000000107620.jpg,contrast:0.75,1.0180323123931885
20260825,B,./images/train2017/000000560103.jpg,contrast:0.75,1.0087939500808716
20260825,B,./images/train2017/000000325634.jpg,contrast:0.75,1.008638858795166
20260825,B,./images/train2017/000000062937.jpg,contrast:0.75,1.0346972942352295
20260825,B,./images/train2017/000000326290.jpg,contrast:0.75,0.9734944105148315
20260825,B,./images/train2017/000000560660.jpg,contrast:0.75,0.9865268468856812
20260825,B,./images/train2017/000000423355.jpg,contrast:0.75,0.9925592541694641
20260825,B,./images/train2017/000000062311.jpg,contrast:0.75,1.0315029621124268
20260825,B,./images/train2017/000000075327.jpg,contrast:0.75,0.9924578666687012
20260825,B,./images/train2017/000000124364.jpg,contrast:0.75,1.0844693183898926
20260825,B,./images/train2017/000000226957.jpg,contrast:0.75,1.0148471593856812
20260825,B,./images/train2017/000000026573.jpg,contrast:0.75,0.9888230562210083
20260825,B,./images/train2017/000000518548.jpg,contrast:0.75,1.0244840383529663
20260825,B,./images/train2017/000000467766.jpg,contrast:0.75,0.9991608262062073
20260825,B,./images/train2017/000000146819.jpg,contrast:0.75,1.0174243450164795
20260825,B,./images/train2017/000000346367.jpg,contrast:0.75,1.0043073892593384
20260825,B,./images/train2017/000000404710.jpg,contrast:0.75,0.9877555966377258
20260825,B,./images/train2017/000000028517.jpg,contrast:0.75,1.029981017112732
20260825,B,./images/train2017/000000180851.jpg,contrast:0.75,1.0337419509887695
20260825,B,./images/train2017/000000513585.jpg,contrast:0.75,0.9743761420249939
20260825,B,./images/train2017/000000123892.jpg,contrast:0.75,1.018486499786377
20260825,B,./images/train2017/000000257874.jpg,contrast:0.75,0.9718854427337646
20260825,B,./images/train2017/000000220376.jpg,contrast:0.75,1.0531761646270752
20260825,B,./images/train2017/000000219117.jpg,contrast:0.75,1.0496629476547241
20260825,B,./images/train2017/000000423193.jpg,contrast:0.75,0.9552261829376221
20260825,B,./images/train2017/000000259793.jpg,contrast:0.75,0.9871110916137695
20260825,B,./images/train2017/000000465701.jpg,contrast:0.75,0.9847053289413452
20260825,B,./images/train2017/000000054796.jpg,contrast:0.75,0.9847820401191711
20260825,B,./images/train2017/000000253054.jpg,contrast:0.75,1.0409632921218872
20260825,B,./images/train2017/000000036113.jpg,contrast:0.75,0.9848681092262268
20260825,B,./images/train2017/000000345711.jpg,contrast:0.75,0.9398784041404724
20260825,B,./images/train2017/000000034340.jpg,contrast:0.75,0.958548903465271
20260825,B,./images/train2017/000000456315.jpg,contrast:0.75,0.9740917086601257
20260825,B,./images/train2017/000000482195.jpg,contrast:0.75,0.9606607556343079
20260825,B,./images/train2017/000000553660.jpg,contrast:0.75,1.0371688604354858
20260825,B,./images/train2017/000000569500.jpg,contrast:0.75,1.0539096593856812
20260825,B,./images/train2017/000000027556.jpg,contrast:0.75,0.9675585031509399
20260825,B,./images/train2017/000000534845.jpg,contrast:0.75,1.0138192176818848
20260825,B,./images/train2017/000000020376.jpg,contrast:0.75,1.054591178894043
20260825,B,./images/train2017/000000285998.jpg,contrast:0.75,1.049190640449524
20260825,B,./images/train2017/000000284644.jpg,contrast:0.75,0.9319616556167603
20260825,B,./images/train2017/000000319345.jpg,contrast:0.75,0.9903963804244995
20260825,B,./images/train2017/000000082143.jpg,contrast:0.75,0.9875430464744568
20260825,B,./images/train2017/000000414664.jpg,contrast:0.75,0.9846159815788269
20260825,B,./images/train2017/000000518472.jpg,contrast:0.75,0.9854289889335632
20260825,B,./images/train2017/000000494175.jpg,contrast:0.75,0.9853068590164185
20260825,B,./images/train2017/000000566832.jpg,contrast:0.75,1.0433729887008667
20260825,B,./images/train2017/000000120767.jpg,contrast:0.75,0.9824917316436768
20260825,B,./images/train2017/000000053448.jpg,contrast:0.75,0.9395971894264221
20260825,B,./images/train2017/000000181453.jpg,contrast:0.75,0.9936231970787048
20260825,B,./images/train2017/000000473159.jpg,contrast:0.75,1.008636474609375
20260825,B,./images/train2017/000000562943.jpg,contrast:0.75,0.9241846203804016
20260825,B,./images/train2017/000000237600.jpg,contrast:0.75,1.058646321296692
20260825,B,./images/train2017/000000312935.jpg,contrast:0.75,0.9951174259185791
20260825,B,./images/train2017/000000227736.jpg,contrast:0.75,0.9557108879089355
20260825,B,./images/train2017/000000371486.jpg,contrast:0.75,1.0317904949188232
20260825,B,./images/train2017/000000477042.jpg,contrast:0.75,0.9761823415756226
20260825,B,./images/train2017/000000295358.jpg,contrast:0.75,1.111296534538269
20260825,B,./images/train2017/000000204962.jpg,contrast:0.75,0.9688330292701721
20260825,B,./images/train2017/000000077455.jpg,contrast:0.75,0.9938315749168396
20260825,B,./images/train2017/000000022683.jpg,contrast:0.75,0.9615862965583801
20260825,B,./images/train2017/000000304909.jpg,contrast:0.75,1.0069595575332642
20260825,B,./images/train2017/000000428943.jpg,contrast:0.75,0.9887703061103821
20260825,B,./images/train2017/000000081842.jpg,contrast:0.75,0.98073810338974
20260825,B,./images/train2017/000000264381.jpg,contrast:0.75,1.0362706184387207
20260825,B,./images/train2017/000000545919.jpg,contrast:0.75,1.0182195901870728
20260825,B,./images/train2017/000000058089.jpg,contrast:0.75,0.9793084263801575
20260825,B,./images/train2017/000000386127.jpg,contrast:0.75,0.9598574042320251
20260825,B,./images/train2017/000000362062.jpg,contrast:0.75,0.9876087307929993
20260825,B,./images/train2017/000000566855.jpg,contrast:0.75,1.0022931098937988
20260825,B,./images/train2017/000000355186.jpg,contrast:0.75,1.0794150829315186
20260825,B,./images/train2017/000000346978.jpg,contrast:0.75,0.9888103008270264
20260825,B,./images/train2017/000000444496.jpg,contrast:0.75,0.9271439909934998
20260825,B,./images/train2017/000000335189.jpg,contrast:0.75,1.0232661962509155
20260825,B,./images/train2017/000000495438.jpg,contrast:0.75,0.9908053874969482
20260825,B,./images/train2017/000000081749.jpg,contrast:0.75,1.0447744131088257
20260825,B,./images/train2017/000000310258.jpg,contrast:0.75,1.0041539669036865
20260825,B,./images/train2017/000000379820.jpg,contrast:0.75,1.0400586128234863
20260825,B,./images/train2017/000000026578.jpg,contrast:0.75,0.9471231698989868
20260825,B,./images/train2017/000000350969.jpg,contrast:0.75,0.9638012647628784
20260825,B,./images/train2017/000000377012.jpg,contrast:0.75,0.9616822004318237
20260825,B,./images/train2017/000000271666.jpg,contrast:0.75,1.0082734823226929
20260825,B,./images/train2017/000000509933.jpg,contrast:0.75,1.005278468132019
20260825,B,./images/train2017/000000248952.jpg,contrast:0.75,1.021770715713501
20260825,B,./images/train2017/000000196922.jpg,contrast:0.75,0.9722225069999695
20260825,B,./images/train2017/000000170327.jpg,contrast:0.75,1.0446717739105225
20260825,B,./images/train2017/000000113839.jpg,contrast:0.75,0.9798110127449036
20260825,B,./images/train2017/000000282855.jpg,contrast:0.75,1.0512574911117554
20260825,B,./images/train2017/000000167901.jpg,contrast:0.75,1.1522823572158813
20260825,B,./images/train2017/000000098631.jpg,contrast:0.75,0.9349297285079956
20260825,B,./images/train2017/000000312254.jpg,contrast:0.75,0.9480088949203491
20260825,B,./images/train2017/000000477949.jpg,contrast:0.75,1.012775182723999
20260825,B,./images/train2017/000000468133.jpg,contrast:0.75,1.0122274160385132
20260825,B,./images/train2017/000000213457.jpg,contrast:0.75,1.0291866064071655
20260825,B,./images/train2017/000000378007.jpg,contrast:0.75,0.9592170119285583
20260825,B,./images/train2017/000000552744.jpg,contrast:0.75,0.998773455619812
20260825,B,./images/train2017/000000193011.jpg,contrast:0.75,1.0338443517684937
20260825,B,./images/train2017/000000564781.jpg,contrast:0.75,0.998919665813446
20260825,B,./images/train2017/000000311401.jpg,contrast:0.75,1.030360221862793
20260825,B,./images/train2017/000000571078.jpg,contrast:0.75,1.0282282829284668
20260825,B,./images/train2017/000000463299.jpg,contrast:0.75,0.9908014535903931
20260825,B,./images/train2017/000000173925.jpg,contrast:0.75,0.9886772036552429
20260825,B,./images/train2017/000000336843.jpg,contrast:0.75,1.0089569091796875
20260825,B,./images/train2017/000000395766.jpg,contrast:0.75,0.9971099495887756
20260825,B,./images/train2017/000000531659.jpg,contrast:0.75,1.033814787864685
20260825,B,./images/train2017/000000000110.jpg,contrast:0.75,0.9773256778717041
20260825,B,./images/train2017/000000154801.jpg,contrast:0.75,1.0023493766784668
20260825,B,./images/train2017/000000564609.jpg,contrast:0.75,0.9713099598884583
20260825,B,./images/train2017/000000477641.jpg,contrast:0.75,0.9943183064460754
20260825,B,./images/train2017/000000080123.jpg,contrast:0.75,0.9723825454711914
20260825,B,./images/train2017/000000362568.jpg,contrast:0.75,0.9688030481338501
20260825,B,./images/train2017/000000404702.jpg,contrast:0.75,0.9520649313926697
20260825,B,./images/train2017/000000197005.jpg,contrast:0.75,0.955653965473175
20260825,B,./images/train2017/000000124240.jpg,contrast:0.75,0.9178338050842285
20260825,B,./images/train2017/000000502644.jpg,contrast:0.75,0.9654893279075623
20260825,B,./images/train2017/000000147228.jpg,contrast:0.75,1.0454570055007935
20260825,B,./images/train2017/000000010907.jpg,contrast:0.75,0.9661129713058472
20260825,B,./images/train2017/000000255093.jpg,contrast:0.75,1.0138192176818848
20260825,B,./images/train2017/000000155884.jpg,contrast:0.75,1.029768466949463
20260825,B,./images/train2017/000000200386.jpg,contrast:0.75,1.0014480352401733
20260825,B,./images/train2017/000000152483.jpg,contrast:0.75,1.0093693733215332
20260825,B,./images/train2017/000000060992.jpg,contrast:0.75,1.0258700847625732
20260825,B,./images/train2017/000000431480.jpg,contrast:0.75,0.9656326770782471
20260825,B,./images/train2017/000000374576.jpg,contrast:0.75,1.030635952949524
20260825,B,./images/train2017/000000337342.jpg,contrast:0.75,1.0308963060379028
20260825,B,./images/train2017/000000476901.jpg,contrast:0.75,0.9878994226455688
20260825,B,./images/train2017/000000084762.jpg,contrast:0.75,1.0075280666351318
20260825,B,./images/train2017/000000504259.jpg,contrast:0.5,0.9978630542755127
20260825,B,./images/train2017/000000107620.jpg,contrast:0.5,1.0113942623138428
20260825,B,./images/train2017/000000560103.jpg,contrast:0.5,1.028428554534912
20260825,B,./images/train2017/000000325634.jpg,contrast:0.5,0.9650922417640686
20260825,B,./images/train2017/000000062937.jpg,contrast:0.5,1.0465607643127441
20260825,B,./images/train2017/000000326290.jpg,contrast:0.5,1.0190399885177612
20260825,B,./images/train2017/000000560660.jpg,contrast:0.5,0.9800160527229309
20260825,B,./images/train2017/000000423355.jpg,contrast:0.5,1.0307751893997192
20260825,B,./images/train2017/000000062311.jpg,contrast:0.5,1.0709580183029175
20260825,B,./images/train2017/000000075327.jpg,contrast:0.5,1.003462314605713
20260825,B,./images/train2017/000000124364.jpg,contrast:0.5,1.0709127187728882
20260825,B,./images/train2017/000000226957.jpg,contrast:0.5,1.0217622518539429
20260825,B,./images/train2017/000000026573.jpg,contrast:0.5,0.9966834187507629
20260825,B,./images/train2017/000000518548.jpg,contrast:0.5,1.03029203414917
20260825,B,./images/train2017/000000467766.jpg,contrast:0.5,1.0098401308059692
20260825,B,./images/train2017/000000146819.jpg,contrast:0.5,1.0235600471496582
20260825,B,./images/train2017/000000346367.jpg,contrast:0.5,1.0149954557418823
20260825,B,./images/train2017/000000404710.jpg,contrast:0.5,0.9913536310195923
20260825,B,./images/train2017/000000028517.jpg,contrast:0.5,1.0659366846084595
20260825,B,./images/train2017/000000180851.jpg,contrast:0.5,1.0082429647445679
20260825,B,./images/train2017/000000513585.jpg,contrast:0.5,1.0100641250610352
20260825,B,./images/train2017/000000123892.jpg,contrast:0.5,1.0124826431274414
20260825,B,./images/train2017/000000257874.jpg,contrast:0.5,0.9489818215370178
20260825,B,./images/train2017/000000220376.jpg,contrast:0.5,1.1123377084732056
20260825,B,./images/train2017/000000219117.jpg,contrast:0.5,1.0752239227294922
20260825,B,./images/train2017/000000423193.jpg,contrast:0.5,1.0063053369522095
20260825,B,./images/train2017/000000259793.jpg,contrast:0.5,0.9987019896507263
20260825,B,./images/train2017/000000465701.jpg,contrast:0.5,1.008086085319519
20260825,B,./images/train2017/000000054796.jpg,contrast:0.5,0.9521812796592712
20260825,B,./images/train2017/000000253054.jpg,contrast:0.5,1.0184106826782227
20260825,B,./images/train2017/000000036113.jpg,contrast:0.5,0.9932188987731934
20260825,B,./images/train2017/000000345711.jpg,contrast:0.5,0.9741610288619995
20260825,B,./images/train2017/000000034340.jpg,contrast:0.5,0.9682392477989197
20260825,B,./images/train2017/000000456315.jpg,contrast:0.5,0.9847496151924133
20260825,B,./images/train2017/000000482195.jpg,contrast:0.5,0.9632918238639832
20260825,B,./images/train2017/000000553660.jpg,contrast:0.5,1.0792406797409058
20260825,B,./images/train2017/000000569500.jpg,contrast:0.5,1.0207582712173462
20260825,B,./images/train2017/000000027556.jpg,contrast:0.5,1.0238897800445557
20260825,B,./images/train2017/000000534845.jpg,contrast:0.5,1.00295090675354
20260825,B,./images/train2017/000000020376.jpg,contrast:0.5,1.0715957880020142
20260825,B,./images/train2017/000000285998.jpg,contrast:0.5,1.1039056777954102
20260825,B,./images/train2017/000000284644.jpg,contrast:0.5,1.0043251514434814
20260825,B,./images/train2017/000000319345.jpg,contrast:0.5,0.9676191210746765
20260825,B,./images/train2017/000000082143.jpg,contrast:0.5,0.9268553256988525
20260825,B,./images/train2017/000000414664.jpg,contrast:0.5,1.003621220588684
20260825,B,./images/train2017/000000518472.jpg,contrast:0.5,0.993764340877533
20260825,B,./images/train2017/000000494175.jpg,contrast:0.5,0.950958788394928
20260825,B,./images/train2017/000000566832.jpg,contrast:0.5,0.988446831703186
20260825,B,./images/train2017/000000120767.jpg,contrast:0.5,1.0051010847091675
20260825,B,./images/train2017/000000053448.jpg,contrast:0.5,0.9725036025047302
20260825,B,./images/train2017/000000181453.jpg,contrast:0.5,1.009432077407837
20260825,B,./images/train2017/000000473159.jpg,contrast:0.5,1.0026395320892334
20260825,B,./images/train2017/000000562943.jpg,contrast:0.5,0.9412537217140198
20260825,B,./images/train2017/000000237600.jpg,contrast:0.5,1.0490540266036987
20260825,B,./images/train2017/000000312935.jpg,contrast:0.5,1.0242788791656494
20260825,B,./images/train2017/000000227736.jpg,contrast:0.5,0.9934792518615723
20260825,B,./images/train2017/000000371486.jpg,contrast:0.5,1.0179567337036133
20260825,B,./images/train2017/000000477042.jpg,contrast:0.5,1.012415885925293
20260825,B,./images/train2017/000000295358.jpg,contrast:0.5,1.1042423248291016
20260825,B,./images/train2017/000000204962.jpg,contrast:0.5,0.9915243983268738
20260825,B,./images/train2017/000000077455.jpg,contrast:0.5,1.059278130531311
20260825,B,./images/train2017/000000022683.jpg,contrast:0.5,0.9708073139190674
20260825,B,./images/train2017/000000304909.jpg,contrast:0.5,1.0092891454696655
20260825,B,./images/train2017/000000428943.jpg,contrast:0.5,0.9807124137878418
20260825,B,./images/train2017/000000081842.jpg,contrast:0.5,1.0451478958129883
20260825,B,./images/train2017/000000264381.jpg,contrast:0.5,1.0383182764053345
20260825,B,./images/train2017/000000545919.jpg,contrast:0.5,1.0301098823547363
20260825,B,./images/train2017/000000058089.jpg,contrast:0.5,0.9865937232971191
20260825,B,./images/train2017/000000386127.jpg,contrast:0.5,0.953389048576355
20260825,B,./images/train2017/000000362062.jpg,contrast:0.5,1.0532469749450684
20260825,B,./images/train2017/000000566855.jpg,contrast:0.5,0.9886702299118042
20260825,B,./images/train2017/000000355186.jpg,contrast:0.5,1.0202957391738892
20260825,B,./images/train2017/000000346978.jpg,contrast:0.5,1.0193204879760742
20260825,B,./images/train2017/000000444496.jpg,contrast:0.5,0.9673293232917786
20260825,B,./images/train2017/000000335189.jpg,contrast:0.5,0.9748262166976929
20260825,B,./images/train2017/000000495438.jpg,contrast:0.5,0.9909842610359192
20260825,B,./images/train2017/000000081749.jpg,contrast:0.5,0.9861388206481934
20260825,B,./images/train2017/000000310258.jpg,contrast:0.5,0.9961439371109009
20260825,B,./images/train2017/000000379820.jpg,contrast:0.5,1.044642448425293
20260825,B,./images/train2017/000000026578.jpg,contrast:0.5,0.9385475516319275
20260825,B,./images/train2017/000000350969.jpg,contrast:0.5,0.9612811207771301
20260825,B,./images/train2017/000000377012.jpg,contrast:0.5,0.9585538506507874
20260825,B,./images/train2017/000000271666.jpg,contrast:0.5,0.9328043460845947
20260825,B,./images/train2017/000000509933.jpg,contrast:0.5,1.004806637763977
20260825,B,./images/train2017/000000248952.jpg,contrast:0.5,1.0150659084320068
20260825,B,./images/train2017/000000196922.jpg,contrast:0.5,1.01133394241333
20260825,B,./images/train2017/000000170327.jpg,contrast:0.5,0.987332820892334
20260825,B,./images/train2017/000000113839.jpg,contrast:0.5,0.9286662340164185
20260825,B,./images/train2017/000000282855.jpg,contrast:0.5,1.0721445083618164
20260825,B,./images/train2017/000000167901.jpg,contrast:0.5,1.122119665145874
20260825,B,./images/train2017/000000098631.jpg,contrast:0.5,0.9237407445907593
20260825,B,./images/train2017/000000312254.jpg,contrast:0.5,0.9965857267379761
20260825,B,./images/train2017/000000477949.jpg,contrast:0.5,1.0119777917861938
20260825,B,./images/train2017/000000468133.jpg,contrast:0.5,1.0058554410934448
20260825,B,./images/train2017/000000213457.jpg,contrast:0.5,1.047453761100769
20260825,B,./images/train2017/000000378007.jpg,contrast:0.5,0.9669865369796753
20260825,B,./images/train2017/000000552744.jpg,contrast:0.5,1.0251331329345703
20260825,B,./images/train2017/000000193011.jpg,contrast:0.5,1.013602375984192
20260825,B,./images/train2017/000000564781.jpg,contrast:0.5,1.0261882543563843
20260825,B,./images/train2017/000000311401.jpg,contrast:0.5,1.068804383277893
20260825,B,./images/train2017/000000571078.jpg,contrast:0.5,1.0165247917175293
20260825,B,./images/train2017/000000463299.jpg,contrast:0.5,0.9955605864524841
20260825,B,./images/train2017/000000173925.jpg,contrast:0.5,1.0190765857696533
20260825,B,./images/train2017/000000336843.jpg,contrast:0.5,1.027194619178772
20260825,B,./images/train2017/000000395766.jpg,contrast:0.5,0.9984560012817383
20260825,B,./images/train2017/000000531659.jpg,contrast:0.5,1.0580531358718872
20260825,B,./images/train2017/000000000110.jpg,contrast:0.5,0.981127917766571
20260825,B,./images/train2017/000000154801.jpg,contrast:0.5,1.0330287218093872
20260825,B,./images/train2017/000000564609.jpg,contrast:0.5,0.9918463826179504
20260825,B,./images/train2017/000000477641.jpg,contrast:0.5,1.0079103708267212
20260825,B,./images/train2017/000000080123.jpg,contrast:0.5,1.0184564590454102
20260825,B,./images/train2017/000000362568.jpg,contrast:0.5,0.9680464863777161
20260825,B,./images/train2017/000000404702.jpg,contrast:0.5,0.9992494583129883
20260825,B,./images/train2017/000000197005.jpg,contrast:0.5,0.9724822640419006
20260825,B,./images/train2017/000000124240.jpg,contrast:0.5,0.9219846725463867
20260825,B,./images/train2017/000000502644.jpg,contrast:0.5,1.0062414407730103
20260825,B,./images/train2017/000000147228.jpg,contrast:0.5,1.0377085208892822
20260825,B,./images/train2017/000000010907.jpg,contrast:0.5,0.9726341366767883
20260825,B,./images/train2017/000000255093.jpg,contrast:0.5,1.0310710668563843
20260825,B,./images/train2017/000000155884.jpg,contrast:0.5,1.0449225902557373
20260825,B,./images/train2017/000000200386.jpg,contrast:0.5,1.0351195335388184
20260825,B,./images/train2017/000000152483.jpg,contrast:0.5,1.008317232131958
20260825,B,./images/train2017/000000060992.jpg,contrast:0.5,1.0149238109588623
20260825,B,./images/train2017/000000431480.jpg,contrast:0.5,1.0024962425231934
20260825,B,./images/train2017/000000374576.jpg,contrast:0.5,1.0549112558364868
20260825,B,./images/train2017/000000337342.jpg,contrast:0.5,0.9992367625236511
20260825,B,./images/train2017/000000476901.jpg,contrast:0.5,0.9928655624389648
20260825,B,./images/train2017/000000084762.jpg,contrast:0.5,0.9933828115463257
20260825,B,./images/train2017/000000504259.jpg,gaussian_blur:1.0,1.0298153162002563
20260825,B,./images/train2017/000000107620.jpg,gaussian_blur:1.0,0.9879870414733887
20260825,B,./images/train2017/000000560103.jpg,gaussian_blur:1.0,1.0502969026565552
20260825,B,./images/train2017/000000325634.jpg,gaussian_blur:1.0,1.0326242446899414
20260825,B,./images/train2017/000000062937.jpg,gaussian_blur:1.0,1.0436139106750488
20260825,B,./images/train2017/000000326290.jpg,gaussian_blur:1.0,1.0234848260879517
20260825,B,./images/train2017/000000560660.jpg,gaussian_blur:1.0,0.946261465549469
20260825,B,./images/train2017/000000423355.jpg,gaussian_blur:1.0,0.9872382283210754
20260825,B,./images/train2017/000000062311.jpg,gaussian_blur:1.0,0.9520118832588196
20260825,B,./images/train2017/000000075327.jpg,gaussian_blur:1.0,0.9941743612289429
20260825,B,./images/train2017/000000124364.jpg,gaussian_blur:1.0,0.9608453512191772
20260825,B,./images/train2017/000000226957.jpg,gaussian_blur:1.0,0.960867166519165
20260825,B,./images/train2017/000000026573.jpg,gaussian_blur:1.0,1.0272489786148071
20260825,B,./images/train2017/000000518548.jpg,gaussian_blur:1.0,1.0595554113388062
20260825,B,./images/train2017/000000467766.jpg,gaussian_blur:1.0,1.002018928527832
20260825,B,./images/train2017/000000146819.jpg,gaussian_blur:1.0,1.0035897493362427
20260825,B,./images/train2017/000000346367.jpg,gaussian_blur:1.0,1.0430835485458374
20260825,B,./images/train2017/000000404710.jpg,gaussian_blur:1.0,0.997497022151947
20260825,B,./images/train2017/000000028517.jpg,gaussian_blur:1.0,1.0184239149093628
20260825,B,./images/train2017/000000180851.jpg,gaussian_blur:1.0,1.0102224349975586
20260825,B,./images/train2017/000000513585.jpg,gaussian_blur:1.0,1.0174221992492676
20260825,B,./images/train2017/000000123892.jpg,gaussian_blur:1.0,1.0006979703903198
20260825,B,./images/train2017/000000257874.jpg,gaussian_blur:1.0,1.0494810342788696
20260825,B,./images/train2017/000000220376.jpg,gaussian_blur:1.0,0.9707246422767639
20260825,B,./images/train2017/000000219117.jpg,gaussian_blur:1.0,1.070691466331482
20260825,B,./images/train2017/000000423193.jpg,gaussian_blur:1.0,1.0016380548477173
20260825,B,./images/train2017/000000259793.jpg,gaussian_blur:1.0,0.9963032007217407
20260825,B,./images/train2017/000000465701.jpg,gaussian_blur:1.0,1.0431619882583618
20260825,B,./images/train2017/000000054796.jpg,gaussian_blur:1.0,1.0392013788223267
20260825,B,./images/train2017/000000253054.jpg,gaussian_blur:1.0,0.9789134860038757
20260825,B,./images/train2017/000000036113.jpg,gaussian_blur:1.0,1.087145447731018
20260825,B,./images/train2017/000000345711.jpg,gaussian_blur:1.0,1.0199120044708252
20260825,B,./images/train2017/000000034340.jpg,gaussian_blur:1.0,1.0364910364151
20260825,B,./images/train2017/000000456315.jpg,gaussian_blur:1.0,0.9956189393997192
20260825,B,./images/train2017/000000482195.jpg,gaussian_blur:1.0,1.0412930250167847
20260825,B,./images/train2017/000000553660.jpg,gaussian_blur:1.0,1.0264225006103516
20260825,B,./images/train2017/000000569500.jpg,gaussian_blur:1.0,1.0198602676391602
20260825,B,./images/train2017/000000027556.jpg,gaussian_blur:1.0,0.9928120970726013
20260825,B,./images/train2017/000000534845.jpg,gaussian_blur:1.0,0.9055864810943604
20260825,B,./images/train2017/000000020376.jpg,gaussian_blur:1.0,1.039960503578186
20260825,B,./images/train2017/000000285998.jpg,gaussian_blur:1.0,1.0192373991012573
20260825,B,./images/train2017/000000284644.jpg,gaussian_blur:1.0,0.9525980949401855
20260825,B,./images/train2017/000000319345.jpg,gaussian_blur:1.0,0.971511960029602
20260825,B,./images/train2017/000000082143.jpg,gaussian_blur:1.0,0.9898453950881958
20260825,B,./images/train2017/000000414664.jpg,gaussian_blur:1.0,0.9751007556915283
20260825,B,./images/train2017/000000518472.jpg,gaussian_blur:1.0,0.9958000779151917
20260825,B,./images/train2017/000000494175.jpg,gaussian_blur:1.0,1.0249689817428589
20260825,B,./images/train2017/000000566832.jpg,gaussian_blur:1.0,0.9693465232849121
20260825,B,./images/train2017/000000120767.jpg,gaussian_blur:1.0,1.0057506561279297
20260825,B,./images/train2017/000000053448.jpg,gaussian_blur:1.0,1.0543391704559326
20260825,B,./images/train2017/000000181453.jpg,gaussian_blur:1.0,0.9427528381347656
20260825,B,./images/train2017/000000473159.jpg,gaussian_blur:1.0,0.9591010212898254
20260825,B,./images/train2017/000000562943.jpg,gaussian_blur:1.0,1.052134394645691
20260825,B,./images/train2017/000000237600.jpg,gaussian_blur:1.0,1.0620440244674683
20260825,B,./images/train2017/000000312935.jpg,gaussian_blur:1.0,0.9951940178871155
20260825,B,./images/train2017/000000227736.jpg,gaussian_blur:1.0,1.0677111148834229
20260825,B,./images/train2017/000000371486.jpg,gaussian_blur:1.0,0.9922963380813599
20260825,B,./images/train2017/000000477042.jpg,gaussian_blur:1.0,1.0294806957244873
20260825,B,./images/train2017/000000295358.jpg,gaussian_blur:1.0,1.0386251211166382
20260825,B,./images/train2017/000000204962.jpg,gaussian_blur:1.0,1.055993914604187
20260825,B,./images/train2017/000000077455.jpg,gaussian_blur:1.0,0.9995368123054504
20260825,B,./images/train2017/000000022683.jpg,gaussian_blur:1.0,0.9627742767333984
20260825,B,./images/train2017/000000304909.jpg,gaussian_blur:1.0,0.9873533248901367
20260825,B,./images/train2017/000000428943.jpg,gaussian_blur:1.0,0.9789586663246155
20260825,B,./images/train2017/000000081842.jpg,gaussian_blur:1.0,1.0444120168685913
20260825,B,./images/train2017/000000264381.jpg,gaussian_blur:1.0,1.050545573234558
20260825,B,./images/train2017/000000545919.jpg,gaussian_blur:1.0,1.0083438158035278
20260825,B,./images/train2017/000000058089.jpg,gaussian_blur:1.0,1.0365527868270874
20260825,B,./images/train2017/000000386127.jpg,gaussian_blur:1.0,0.9763423800468445
20260825,B,./images/train2017/000000362062.jpg,gaussian_blur:1.0,0.9910468459129333
20260825,B,./images/train2017/000000566855.jpg,gaussian_blur:1.0,0.9978008270263672
20260825,B,./images/train2017/000000355186.jpg,gaussian_blur:1.0,1.032881259918213
20260825,B,./images/train2017/000000346978.jpg,gaussian_blur:1.0,1.051961064338684
20260825,B,./images/train2017/000000444496.jpg,gaussian_blur:1.0,1.0653358697891235
20260825,B,./images/train2017/000000335189.jpg,gaussian_blur:1.0,1.015313744544983
20260825,B,./images/train2017/000000495438.jpg,gaussian_blur:1.0,1.0637428760528564
20260825,B,./images/train2017/000000081749.jpg,gaussian_blur:1.0,1.0572768449783325
20260825,B,./images/train2017/000000310258.jpg,gaussian_blur:1.0,0.9849842190742493
20260825,B,./images/train2017/000000379820.jpg,gaussian_blur:1.0,1.0110344886779785
20260825,B,./images/train2017/000000026578.jpg,gaussian_blur:1.0,1.02033531665802
20260825,B,./images/train2017/000000350969.jpg,gaussian_blur:1.0,1.024438738822937
20260825,B,./images/train2017/000000377012.jpg,gaussian_blur:1.0,1.019231915473938
20260825,B,./images/train2017/000000271666.jpg,gaussian_blur:1.0,0.8878982067108154
20260825,B,./images/train2017/000000509933.jpg,gaussian_blur:1.0,1.0326428413391113
20260825,B,./images/train2017/000000248952.jpg,gaussian_blur:1.0,1.0387831926345825
20260825,B,./images/train2017/000000196922.jpg,gaussian_blur:1.0,1.03020441532135
20260825,B,./images/train2017/000000170327.jpg,gaussian_blur:1.0,1.0653114318847656
20260825,B,./images/train2017/000000113839.jpg,gaussian_blur:1.0,0.9160640239715576
20260825,B,./images/train2017/000000282855.jpg,gaussian_blur:1.0,0.9920058250427246
20260825,B,./images/train2017/000000167901.jpg,gaussian_blur:1.0,1.023400068283081
20260825,B,./images/train2017/000000098631.jpg,gaussian_blur:1.0,0.9989724159240723
20260825,B,./images/train2017/000000312254.jpg,gaussian_blur:1.0,1.0609372854232788
20260825,B,./images/train2017/000000477949.jpg,gaussian_blur:1.0,1.007899522781372
20260825,B,./images/train2017/000000468133.jpg,gaussian_blur:1.0,0.9920116066932678
20260825,B,./images/train2017/000000213457.jpg,gaussian_blur:1.0,0.9793642163276672
20260825,B,./images/train2017/000000378007.jpg,gaussian_blur:1.0,1.0045807361602783
20260825,B,./images/train2017/000000552744.jpg,gaussian_blur:1.0,1.0880807638168335
20260825,B,./images/train2017/000000193011.jpg,gaussian_blur:1.0,0.9915342330932617
20260825,B,./images/train2017/000000564781.jpg,gaussian_blur:1.0,1.026992917060852
20260825,B,./images/train2017/000000311401.jpg,gaussian_blur:1.0,0.9997400641441345
20260825,B,./images/train2017/000000571078.jpg,gaussian_blur:1.0,1.1126770973205566
20260825,B,./images/train2017/000000463299.jpg,gaussian_blur:1.0,1.0349277257919312
20260825,B,./images/train2017/000000173925.jpg,gaussian_blur:1.0,0.9720256328582764
20260825,B,./images/train2017/000000336843.jpg,gaussian_blur:1.0,1.0051161050796509
20260825,B,./images/train2017/000000395766.jpg,gaussian_blur:1.0,1.015321969985962
20260825,B,./images/train2017/000000531659.jpg,gaussian_blur:1.0,1.0096538066864014
20260825,B,./images/train2017/000000000110.jpg,gaussian_blur:1.0,1.0260213613510132
20260825,B,./images/train2017/000000154801.jpg,gaussian_blur:1.0,1.0089164972305298
20260825,B,./images/train2017/000000564609.jpg,gaussian_blur:1.0,1.0357122421264648
20260825,B,./images/train2017/000000477641.jpg,gaussian_blur:1.0,1.0586522817611694
20260825,B,./images/train2017/000000080123.jpg,gaussian_blur:1.0,1.042136549949646
20260825,B,./images/train2017/000000362568.jpg,gaussian_blur:1.0,0.9994463324546814
20260825,B,./images/train2017/000000404702.jpg,gaussian_blur:1.0,1.0275051593780518
20260825,B,./images/train2017/000000197005.jpg,gaussian_blur:1.0,0.9781131148338318
20260825,B,./images/train2017/000000124240.jpg,gaussian_blur:1.0,1.0213027000427246
20260825,B,./images/train2017/000000502644.jpg,gaussian_blur:1.0,1.0006189346313477
20260825,B,./images/train2017/000000147228.jpg,gaussian_blur:1.0,0.9969056844711304
20260825,B,./images/train2017/000000010907.jpg,gaussian_blur:1.0,1.0138721466064453
20260825,B,./images/train2017/000000255093.jpg,gaussian_blur:1.0,1.0078234672546387
20260825,B,./images/train2017/000000155884.jpg,gaussian_blur:1.0,1.0777382850646973
20260825,B,./images/train2017/000000200386.jpg,gaussian_blur:1.0,1.0113677978515625
20260825,B,./images/train2017/000000152483.jpg,gaussian_blur:1.0,1.0221179723739624
20260825,B,./images/train2017/000000060992.jpg,gaussian_blur:1.0,1.0792169570922852
20260825,B,./images/train2017/000000431480.jpg,gaussian_blur:1.0,1.022403597831726
20260825,B,./images/train2017/000000374576.jpg,gaussian_blur:1.0,1.0763592720031738
20260825,B,./images/train2017/000000337342.jpg,gaussian_blur:1.0,1.0306663513183594
20260825,B,./images/train2017/000000476901.jpg,gaussian_blur:1.0,0.955646276473999
20260825,B,./images/train2017/000000084762.jpg,gaussian_blur:1.0,1.0591964721679688
20260825,B,./images/train2017/000000504259.jpg,gaussian_blur:2.0,1.0076090097427368
20260825,B,./images/train2017/000000107620.jpg,gaussian_blur:2.0,0.8980613946914673
20260825,B,./images/train2017/000000560103.jpg,gaussian_blur:2.0,1.0258386135101318
20260825,B,./images/train2017/000000325634.jpg,gaussian_blur:2.0,1.0186514854431152
20260825,B,./images/train2017/000000062937.jpg,gaussian_blur:2.0,1.047101616859436
20260825,B,./images/train2017/000000326290.jpg,gaussian_blur:2.0,0.9997211694717407
20260825,B,./images/train2017/000000560660.jpg,gaussian_blur:2.0,0.9288918972015381
20260825,B,./images/train2017/000000423355.jpg,gaussian_blur:2.0,0.9304282665252686
20260825,B,./images/train2017/000000062311.jpg,gaussian_blur:2.0,0.8891345858573914
20260825,B,./images/train2017/000000075327.jpg,gaussian_blur:2.0,0.9813252091407776
20260825,B,./images/train2017/000000124364.jpg,gaussian_blur:2.0,0.9742917418479919
20260825,B,./images/train2017/000000226957.jpg,gaussian_blur:2.0,0.9800500273704529
20260825,B,./images/train2017/000000026573.jpg,gaussian_blur:2.0,0.9996349811553955
20260825,B,./images/train2017/000000518548.jpg,gaussian_blur:2.0,1.043277621269226
20260825,B,./images/train2017/000000467766.jpg,gaussian_blur:2.0,1.0488712787628174
20260825,B,./images/train2017/000000146819.jpg,gaussian_blur:2.0,0.9607958197593689
20260825,B,./images/train2017/000000346367.jpg,gaussian_blur:2.0,0.9603778719902039
20260825,B,./images/train2017/000000404710.jpg,gaussian_blur:2.0,1.0196387767791748
20260825,B,./images/train2017/000000028517.jpg,gaussian_blur:2.0,1.038924217224121
20260825,B,./images/train2017/000000180851.jpg,gaussian_blur:2.0,1.0235137939453125
20260825,B,./images/train2017/000000513585.jpg,gaussian_blur:2.0,0.9400649666786194
20260825,B,./images/train2017/000000123892.jpg,gaussian_blur:2.0,0.9718108773231506
20260825,B,./images/train2017/000000257874.jpg,gaussian_blur:2.0,0.9815452098846436
20260825,B,./images/train2017/000000220376.jpg,gaussian_blur:2.0,0.9980762600898743
20260825,B,./images/train2017/000000219117.jpg,gaussian_blur:2.0,1.0382041931152344
20260825,B,./images/train2017/000000423193.jpg,gaussian_blur:2.0,1.0372819900512695
20260825,B,./images/train2017/000000259793.jpg,gaussian_blur:2.0,0.9643944501876831
20260825,B,./images/train2017/000000465701.jpg,gaussian_blur:2.0,1.0433212518692017
20260825,B,./images/train2017/000000054796.jpg,gaussian_blur:2.0,1.0224827527999878
20260825,B,./images/train2017/000000253054.jpg,gaussian_blur:2.0,0.8525364995002747
20260825,B,./images/train2017/000000036113.jpg,gaussian_blur:2.0,1.0759447813034058
20260825,B,./images/train2017/000000345711.jpg,gaussian_blur:2.0,1.0002410411834717
20260825,B,./images/train2017/000000034340.jpg,gaussian_blur:2.0,1.053286075592041
20260825,B,./images/train2017/000000456315.jpg,gaussian_blur:2.0,1.0122874975204468
20260825,B,./images/train2017/000000482195.jpg,gaussian_blur:2.0,1.0207831859588623
20260825,B,./images/train2017/000000553660.jpg,gaussian_blur:2.0,1.000791072845459
20260825,B,./images/train2017/000000569500.jpg,gaussian_blur:2.0,0.9433407783508301
20260825,B,./images/train2017/000000027556.jpg,gaussian_blur:2.0,1.0064702033996582
20260825,B,./images/train2017/000000534845.jpg,gaussian_blur:2.0,0.97509765625
20260825,B,./images/train2017/000000020376.jpg,gaussian_blur:2.0,1.030503511428833
20260825,B,./images/train2017/000000285998.jpg,gaussian_blur:2.0,0.942909300327301
20260825,B,./images/train2017/000000284644.jpg,gaussian_blur:2.0,0.9298493266105652
20260825,B,./images/train2017/000000319345.jpg,gaussian_blur:2.0,0.9160417318344116
20260825,B,./images/train2017/000000082143.jpg,gaussian_blur:2.0,1.0074225664138794
20260825,B,./images/train2017/000000414664.jpg,gaussian_blur:2.0,0.956361711025238
20260825,B,./images/train2017/000000518472.jpg,gaussian_blur:2.0,0.9869558215141296
20260825,B,./images/train2017/000000494175.jpg,gaussian_blur:2.0,1.0227967500686646
20260825,B,./images/train2017/000000566832.jpg,gaussian_blur:2.0,0.8969134092330933
20260825,B,./images/train2017/000000120767.jpg,gaussian_blur:2.0,1.005639672279358
20260825,B,./images/train2017/000000053448.jpg,gaussian_blur:2.0,0.8978211283683777
20260825,B,./images/train2017/000000181453.jpg,gaussian_blur:2.0,0.896979570388794
20260825,B,./images/train2017/000000473159.jpg,gaussian_blur:2.0,0.9902326464653015
20260825,B,./images/train2017/000000562943.jpg,gaussian_blur:2.0,1.055367350578308
20260825,B,./images/train2017/000000237600.jpg,gaussian_blur:2.0,1.006073236465454
20260825,B,./images/train2017/000000312935.jpg,gaussian_blur:2.0,0.8937446475028992
20260825,B,./images/train2017/000000227736.jpg,gaussian_blur:2.0,1.0962892770767212
20260825,B,./images/train2017/000000371486.jpg,gaussian_blur:2.0,0.99505615234375
20260825,B,./images/train2017/000000477042.jpg,gaussian_blur:2.0,1.001853108406067
20260825,B,./images/train2017/000000295358.jpg,gaussian_blur:2.0,0.9974287748336792
20260825,B,./images/train2017/000000204962.jpg,gaussian_blur:2.0,0.9861756563186646
20260825,B,./images/train2017/000000077455.jpg,gaussian_blur:2.0,0.9824956655502319
20260825,B,./images/train2017/000000022683.jpg,gaussian_blur:2.0,0.9710204005241394
20260825,B,./images/train2017/000000304909.jpg,gaussian_blur:2.0,0.9789164066314697
20260825,B,./images/train2017/000000428943.jpg,gaussian_blur:2.0,0.9698131084442139
20260825,B,./images/train2017/000000081842.jpg,gaussian_blur:2.0,1.001855492591858
20260825,B,./images/train2017/000000264381.jpg,gaussian_blur:2.0,1.0165767669677734
20260825,B,./images/train2017/000000545919.jpg,gaussian_blur:2.0,1.023356318473816
20260825,B,./images/train2017/000000058089.jpg,gaussian_blur:2.0,0.9611138105392456
20260825,B,./images/train2017/000000386127.jpg,gaussian_blur:2.0,0.9540743827819824
20260825,B,./images/train2017/000000362062.jpg,gaussian_blur:2.0,1.0228842496871948
20260825,B,./images/train2017/000000566855.jpg,gaussian_blur:2.0,0.891987681388855
20260825,B,./images/train2017/000000355186.jpg,gaussian_blur:2.0,0.9514123201370239
20260825,B,./images/train2017/000000346978.jpg,gaussian_blur:2.0,0.9834808111190796
20260825,B,./images/train2017/000000444496.jpg,gaussian_blur:2.0,1.0531351566314697
20260825,B,./images/train2017/000000335189.jpg,gaussian_blur:2.0,1.0109139680862427
20260825,B,./images/train2017/000000495438.jpg,gaussian_blur:2.0,0.9904609322547913
20260825,B,./images/train2017/000000081749.jpg,gaussian_blur:2.0,1.0955731868743896
20260825,B,./images/train2017/000000310258.jpg,gaussian_blur:2.0,1.0089718103408813
20260825,B,./images/train2017/000000379820.jpg,gaussian_blur:2.0,0.9191003441810608
20260825,B,./images/train2017/000000026578.jpg,gaussian_blur:2.0,0.9989675283432007
20260825,B,./images/train2017/000000350969.jpg,gaussian_blur:2.0,0.9752359390258789
20260825,B,./images/train2017/000000377012.jpg,gaussian_blur:2.0,1.0379891395568848
20260825,B,./images/train2017/000000271666.jpg,gaussian_blur:2.0,1.034041404724121
20260825,B,./images/train2017/000000509933.jpg,gaussian_blur:2.0,1.0007946491241455
20260825,B,./images/train2017/000000248952.jpg,gaussian_blur:2.0,1.027696132659912
20260825,B,./images/train2017/000000196922.jpg,gaussian_blur:2.0,1.0669488906860352
20260825,B,./images/train2017/000000170327.jpg,gaussian_blur:2.0,1.0662046670913696
20260825,B,./images/train2017/000000113839.jpg,gaussian_blur:2.0,0.8731400370597839
20260825,B,./images/train2017/000000282855.jpg,gaussian_blur:2.0,0.9418197870254517
20260825,B,./images/train2017/000000167901.jpg,gaussian_blur:2.0,1.0777302980422974
20260825,B,./images/train2017/000000098631.jpg,gaussian_blur:2.0,0.9240573644638062
20260825,B,./images/train2017/000000312254.jpg,gaussian_blur:2.0,1.091331958770752
20260825,B,./images/train2017/000000477949.jpg,gaussian_blur:2.0,0.9994329214096069
20260825,B,./images/train2017/000000468133.jpg,gaussian_blur:2.0,1.0404547452926636
20260825,B,./images/train2017/000000213457.jpg,gaussian_blur:2.0,1.0017037391662598
20260825,B,./images/train2017/000000378007.jpg,gaussian_blur:2.0,0.9997271299362183
20260825,B,./images/train2017/000000552744.jpg,gaussian_blur:2.0,1.024071216583252
20260825,B,./images/train2017/000000193011.jpg,gaussian_blur:2.0,1.0638213157653809
20260825,B,./images/train2017/000000564781.jpg,gaussian_blur:2.0,1.0456385612487793
20260825,B,./images/train2017/000000311401.jpg,gaussian_blur:2.0,0.9835353493690491
20260825,B,./images/train2017/000000571078.jpg,gaussian_blur:2.0,1.0273491144180298
20260825,B,./images/train2017/000000463299.jpg,gaussian_blur:2.0,0.9564164876937866
20260825,B,./images/train2017/000000173925.jpg,gaussian_blur:2.0,0.9493924975395203
20260825,B,./images/train2017/000000336843.jpg,gaussian_blur:2.0,0.9617264270782471
20260825,B,./images/train2017/000000395766.jpg,gaussian_blur:2.0,0.9338532090187073
20260825,B,./images/train2017/000000531659.jpg,gaussian_blur:2.0,1.0241140127182007
20260825,B,./images/train2017/000000000110.jpg,gaussian_blur:2.0,0.9323937892913818
20260825,B,./images/train2017/000000154801.jpg,gaussian_blur:2.0,0.9737942814826965
20260825,B,./images/train2017/000000564609.jpg,gaussian_blur:2.0,0.9943246841430664
20260825,B,./images/train2017/000000477641.jpg,gaussian_blur:2.0,1.0121513605117798
20260825,B,./images/train2017/000000080123.jpg,gaussian_blur:2.0,1.0237188339233398
20260825,B,./images/train2017/000000362568.jpg,gaussian_blur:2.0,1.0239074230194092
20260825,B,./images/train2017/000000404702.jpg,gaussian_blur:2.0,1.0135053396224976
20260825,B,./images/train2017/000000197005.jpg,gaussian_blur:2.0,0.9780234098434448
20260825,B,./images/train2017/000000124240.jpg,gaussian_blur:2.0,1.0183851718902588
20260825,B,./images/train2017/000000502644.jpg,gaussian_blur:2.0,0.9121344089508057
20260825,B,./images/train2017/000000147228.jpg,gaussian_blur:2.0,0.9745397567749023
20260825,B,./images/train2017/000000010907.jpg,gaussian_blur:2.0,1.0293530225753784
20260825,B,./images/train2017/000000255093.jpg,gaussian_blur:2.0,0.9981005787849426
20260825,B,./images/train2017/000000155884.jpg,gaussian_blur:2.0,1.0090701580047607
20260825,B,./images/train2017/000000200386.jpg,gaussian_blur:2.0,0.9693713188171387
20260825,B,./images/train2017/000000152483.jpg,gaussian_blur:2.0,1.0381382703781128
20260825,B,./images/train2017/000000060992.jpg,gaussian_blur:2.0,1.0385195016860962
20260825,B,./images/train2017/000000431480.jpg,gaussian_blur:2.0,1.0319968461990356
20260825,B,./images/train2017/000000374576.jpg,gaussian_blur:2.0,1.0569777488708496
20260825,B,./images/train2017/000000337342.jpg,gaussian_blur:2.0,0.9758657217025757
20260825,B,./images/train2017/000000476901.jpg,gaussian_blur:2.0,0.9638679623603821
20260825,B,./images/train2017/000000084762.jpg,gaussian_blur:2.0,1.0407549142837524
20260825,B,./images/train2017/000000504259.jpg,gaussian_noise:0.03,1.0359572172164917
20260825,B,./images/train2017/000000107620.jpg,gaussian_noise:0.03,1.1585688591003418
20260825,B,./images/train2017/000000560103.jpg,gaussian_noise:0.03,1.2903403043746948
20260825,B,./images/train2017/000000325634.jpg,gaussian_noise:0.03,1.2235264778137207
20260825,B,./images/train2017/000000062937.jpg,gaussian_noise:0.03,1.1779189109802246
20260825,B,./images/train2017/000000326290.jpg,gaussian_noise:0.03,1.1249239444732666
20260825,B,./images/train2017/000000560660.jpg,gaussian_noise:0.03,0.9448384642601013
20260825,B,./images/train2017/000000423355.jpg,gaussian_noise:0.03,1.1874711513519287
20260825,B,./images/train2017/000000062311.jpg,gaussian_noise:0.03,1.156052827835083
20260825,B,./images/train2017/000000075327.jpg,gaussian_noise:0.03,1.1148382425308228
20260825,B,./images/train2017/000000124364.jpg,gaussian_noise:0.03,1.3156588077545166
20260825,B,./images/train2017/000000226957.jpg,gaussian_noise:0.03,1.1182254552841187
20260825,B,./images/train2017/000000026573.jpg,gaussian_noise:0.03,1.2099101543426514
20260825,B,./images/train2017/000000518548.jpg,gaussian_noise:0.03,1.0793802738189697
20260825,B,./images/train2017/000000467766.jpg,gaussian_noise:0.03,1.0807470083236694
20260825,B,./images/train2017/000000146819.jpg,gaussian_noise:0.03,1.1259377002716064
20260825,B,./images/train2017/000000346367.jpg,gaussian_noise:0.03,1.138614535331726
20260825,B,./images/train2017/000000404710.jpg,gaussian_noise:0.03,1.2724714279174805
20260825,B,./images/train2017/000000028517.jpg,gaussian_noise:0.03,1.2018182277679443
20260825,B,./images/train2017/000000180851.jpg,gaussian_noise:0.03,1.1651283502578735
20260825,B,./images/train2017/000000513585.jpg,gaussian_noise:0.03,1.1882038116455078
20260825,B,./images/train2017/000000123892.jpg,gaussian_noise:0.03,1.1159054040908813
20260825,B,./images/train2017/000000257874.jpg,gaussian_noise:0.03,1.2468539476394653
20260825,B,./images/train2017/000000220376.jpg,gaussian_noise:0.03,1.232606291770935
20260825,B,./images/train2017/000000219117.jpg,gaussian_noise:0.03,1.169202208518982
20260825,B,./images/train2017/000000423193.jpg,gaussian_noise:0.03,1.1471723318099976
20260825,B,./images/train2017/000000259793.jpg,gaussian_noise:0.03,1.3291285037994385
20260825,B,./images/train2017/000000465701.jpg,gaussian_noise:0.03,1.0669262409210205
20260825,B,./images/train2017/000000054796.jpg,gaussian_noise:0.03,1.12537682056427
20260825,B,./images/train2017/000000253054.jpg,gaussian_noise:0.03,1.1913299560546875
20260825,B,./images/train2017/000000036113.jpg,gaussian_noise:0.03,1.2161378860473633
20260825,B,./images/train2017/000000345711.jpg,gaussian_noise:0.03,0.9781138300895691
20260825,B,./images/train2017/000000034340.jpg,gaussian_noise:0.03,1.1666040420532227
20260825,B,./images/train2017/000000456315.jpg,gaussian_noise:0.03,1.157114863395691
20260825,B,./images/train2017/000000482195.jpg,gaussian_noise:0.03,1.227591633796692
20260825,B,./images/train2017/000000553660.jpg,gaussian_noise:0.03,1.1781384944915771
20260825,B,./images/train2017/000000569500.jpg,gaussian_noise:0.03,1.118077278137207
20260825,B,./images/train2017/000000027556.jpg,gaussian_noise:0.03,1.0295706987380981
20260825,B,./images/train2017/000000534845.jpg,gaussian_noise:0.03,1.0187901258468628
20260825,B,./images/train2017/000000020376.jpg,gaussian_noise:0.03,1.1334267854690552
20260825,B,./images/train2017/000000285998.jpg,gaussian_noise:0.03,1.3151416778564453
20260825,B,./images/train2017/000000284644.jpg,gaussian_noise:0.03,1.212057113647461
20260825,B,./images/train2017/000000319345.jpg,gaussian_noise:0.03,1.212302803993225
20260825,B,./images/train2017/000000082143.jpg,gaussian_noise:0.03,0.9753791093826294
20260825,B,./images/train2017/000000414664.jpg,gaussian_noise:0.03,1.0215070247650146
20260825,B,./images/train2017/000000518472.jpg,gaussian_noise:0.03,1.2359280586242676
20260825,B,./images/train2017/000000494175.jpg,gaussian_noise:0.03,1.1472386121749878
20260825,B,./images/train2017/000000566832.jpg,gaussian_noise:0.03,1.0822501182556152
20260825,B,./images/train2017/000000120767.jpg,gaussian_noise:0.03,1.2807244062423706
20260825,B,./images/train2017/000000053448.jpg,gaussian_noise:0.03,1.2379820346832275
20260825,B,./images/train2017/000000181453.jpg,gaussian_noise:0.03,1.1575884819030762
20260825,B,./images/train2017/000000473159.jpg,gaussian_noise:0.03,1.0665075778961182
20260825,B,./images/train2017/000000562943.jpg,gaussian_noise:0.03,0.8455424308776855
20260825,B,./images/train2017/000000237600.jpg,gaussian_noise:0.03,1.2376195192337036
20260825,B,./images/train2017/000000312935.jpg,gaussian_noise:0.03,1.1415573358535767
20260825,B,./images/train2017/000000227736.jpg,gaussian_noise:0.03,1.1428031921386719
20260825,B,./images/train2017/000000371486.jpg,gaussian_noise:0.03,1.1167774200439453
20260825,B,./images/train2017/000000477042.jpg,gaussian_noise:0.03,1.123606562614441
20260825,B,./images/train2017/000000295358.jpg,gaussian_noise:0.03,1.1685830354690552
20260825,B,./images/train2017/000000204962.jpg,gaussian_noise:0.03,1.2553139925003052
20260825,B,./images/train2017/000000077455.jpg,gaussian_noise:0.03,0.9164921045303345
20260825,B,./images/train2017/000000022683.jpg,gaussian_noise:0.03,1.1923081874847412
20260825,B,./images/train2017/000000304909.jpg,gaussian_noise:0.03,1.1087311506271362
20260825,B,./images/train2017/000000428943.jpg,gaussian_noise:0.03,1.2791000604629517
20260825,B,./images/train2017/000000081842.jpg,gaussian_noise:0.03,1.013833999633789
20260825,B,./images/train2017/000000264381.jpg,gaussian_noise:0.03,1.115695834159851
20260825,B,./images/train2017/000000545919.jpg,gaussian_noise:0.03,1.0266462564468384
20260825,B,./images/train2017/000000058089.jpg,gaussian_noise:0.03,1.242984414100647
20260825,B,./images/train2017/000000386127.jpg,gaussian_noise:0.03,1.0954807996749878
20260825,B,./images/train2017/000000362062.jpg,gaussian_noise:0.03,1.1071804761886597
20260825,B,./images/train2017/000000566855.jpg,gaussian_noise:0.03,1.1439902782440186
20260825,B,./images/train2017/000000355186.jpg,gaussian_noise:0.03,0.9970196485519409
20260825,B,./images/train2017/000000346978.jpg,gaussian_noise:0.03,1.1695687770843506
20260825,B,./images/train2017/000000444496.jpg,gaussian_noise:0.03,1.0619869232177734
20260825,B,./images/train2017/000000335189.jpg,gaussian_noise:0.03,1.1790236234664917
20260825,B,./images/train2017/000000495438.jpg,gaussian_noise:0.03,1.2015317678451538
20260825,B,./images/train2017/000000081749.jpg,gaussian_noise:0.03,1.1156551837921143
20260825,B,./images/train2017/000000310258.jpg,gaussian_noise:0.03,1.0479077100753784
20260825,B,./images/train2017/000000379820.jpg,gaussian_noise:0.03,1.2589693069458008
20260825,B,./images/train2017/000000026578.jpg,gaussian_noise:0.03,1.066663146018982
20260825,B,./images/train2017/000000350969.jpg,gaussian_noise:0.03,1.0780916213989258
20260825,B,./images/train2017/000000377012.jpg,gaussian_noise:0.03,1.1134974956512451
20260825,B,./images/train2017/000000271666.jpg,gaussian_noise:0.03,0.9801870584487915
20260825,B,./images/train2017/000000509933.jpg,gaussian_noise:0.03,1.1258246898651123
20260825,B,./images/train2017/000000248952.jpg,gaussian_noise:0.03,1.08462655544281
20260825,B,./images/train2017/000000196922.jpg,gaussian_noise:0.03,1.0452516078948975
20260825,B,./images/train2017/000000170327.jpg,gaussian_noise:0.03,1.144771695137024
20260825,B,./images/train2017/000000113839.jpg,gaussian_noise:0.03,1.1583404541015625
20260825,B,./images/train2017/000000282855.jpg,gaussian_noise:0.03,1.210993766784668
20260825,B,./images/train2017/000000167901.jpg,gaussian_noise:0.03,1.2476273775100708
20260825,B,./images/train2017/000000098631.jpg,gaussian_noise:0.03,1.3263007402420044
20260825,B,./images/train2017/000000312254.jpg,gaussian_noise:0.03,1.1510955095291138
20260825,B,./images/train2017/000000477949.jpg,gaussian_noise:0.03,0.9777774810791016
20260825,B,./images/train2017/000000468133.jpg,gaussian_noise:0.03,1.1565725803375244
20260825,B,./images/train2017/000000213457.jpg,gaussian_noise:0.03,1.0191493034362793
20260825,B,./images/train2017/000000378007.jpg,gaussian_noise:0.03,1.0099256038665771
20260825,B,./images/train2017/000000552744.jpg,gaussian_noise:0.03,1.0992352962493896
20260825,B,./images/train2017/000000193011.jpg,gaussian_noise:0.03,1.1029284000396729
20260825,B,./images/train2017/000000564781.jpg,gaussian_noise:0.03,1.1145141124725342
20260825,B,./images/train2017/000000311401.jpg,gaussian_noise:0.03,1.2158747911453247
20260825,B,./images/train2017/000000571078.jpg,gaussian_noise:0.03,1.1055368185043335
20260825,B,./images/train2017/000000463299.jpg,gaussian_noise:0.03,1.0894194841384888
20260825,B,./images/train2017/000000173925.jpg,gaussian_noise:0.03,0.9646946787834167
20260825,B,./images/train2017/000000336843.jpg,gaussian_noise:0.03,1.2323250770568848
20260825,B,./images/train2017/000000395766.jpg,gaussian_noise:0.03,1.1895592212677002
20260825,B,./images/train2017/000000531659.jpg,gaussian_noise:0.03,1.194115161895752
20260825,B,./images/train2017/000000000110.jpg,gaussian_noise:0.03,1.1419192552566528
20260825,B,./images/train2017/000000154801.jpg,gaussian_noise:0.03,1.1210429668426514
20260825,B,./images/train2017/000000564609.jpg,gaussian_noise:0.03,1.1001747846603394
20260825,B,./images/train2017/000000477641.jpg,gaussian_noise:0.03,1.2479119300842285
20260825,B,./images/train2017/000000080123.jpg,gaussian_noise:0.03,1.0894317626953125
20260825,B,./images/train2017/000000362568.jpg,gaussian_noise:0.03,1.150423526763916
20260825,B,./images/train2017/000000404702.jpg,gaussian_noise:0.03,1.1031684875488281
20260825,B,./images/train2017/000000197005.jpg,gaussian_noise:0.03,1.211631178855896
20260825,B,./images/train2017/000000124240.jpg,gaussian_noise:0.03,1.0104107856750488
20260825,B,./images/train2017/000000502644.jpg,gaussian_noise:0.03,1.0397388935089111
20260825,B,./images/train2017/000000147228.jpg,gaussian_noise:0.03,1.2460474967956543
20260825,B,./images/train2017/000000010907.jpg,gaussian_noise:0.03,1.1196165084838867
20260825,B,./images/train2017/000000255093.jpg,gaussian_noise:0.03,1.2606945037841797
20260825,B,./images/train2017/000000155884.jpg,gaussian_noise:0.03,1.197228193283081
20260825,B,./images/train2017/000000200386.jpg,gaussian_noise:0.03,1.1266076564788818
20260825,B,./images/train2017/000000152483.jpg,gaussian_noise:0.03,1.0232963562011719
20260825,B,./images/train2017/000000060992.jpg,gaussian_noise:0.03,1.1632087230682373
20260825,B,./images/train2017/000000431480.jpg,gaussian_noise:0.03,1.0147788524627686
20260825,B,./images/train2017/000000374576.jpg,gaussian_noise:0.03,1.1667240858078003
20260825,B,./images/train2017/000000337342.jpg,gaussian_noise:0.03,1.018776535987854
20260825,B,./images/train2017/000000476901.jpg,gaussian_noise:0.03,1.0361822843551636
20260825,B,./images/train2017/000000084762.jpg,gaussian_noise:0.03,0.9558476209640503
20260825,B,./images/train2017/000000504259.jpg,gaussian_noise:0.06,1.0068838596343994
20260825,B,./images/train2017/000000107620.jpg,gaussian_noise:0.06,1.1309106349945068
20260825,B,./images/train2017/000000560103.jpg,gaussian_noise:0.06,1.2815618515014648
20260825,B,./images/train2017/000000325634.jpg,gaussian_noise:0.06,1.1932482719421387
20260825,B,./images/train2017/000000062937.jpg,gaussian_noise:0.06,1.2472751140594482
20260825,B,./images/train2017/000000326290.jpg,gaussian_noise:0.06,1.0694183111190796
20260825,B,./images/train2017/000000560660.jpg,gaussian_noise:0.06,0.9062812924385071
20260825,B,./images/train2017/000000423355.jpg,gaussian_noise:0.06,1.1165670156478882
20260825,B,./images/train2017/000000062311.jpg,gaussian_noise:0.06,1.111260175704956
20260825,B,./images/train2017/000000075327.jpg,gaussian_noise:0.06,1.1623330116271973
20260825,B,./images/train2017/000000124364.jpg,gaussian_noise:0.06,1.260515809059143
20260825,B,./images/train2017/000000226957.jpg,gaussian_noise:0.06,1.1308772563934326
20260825,B,./images/train2017/000000026573.jpg,gaussian_noise:0.06,1.2386983633041382
20260825,B,./images/train2017/000000518548.jpg,gaussian_noise:0.06,1.1419481039047241
20260825,B,./images/train2017/000000467766.jpg,gaussian_noise:0.06,1.0910452604293823
20260825,B,./images/train2017/000000146819.jpg,gaussian_noise:0.06,1.149215817451477
20260825,B,./images/train2017/000000346367.jpg,gaussian_noise:0.06,1.1940356492996216
20260825,B,./images/train2017/000000404710.jpg,gaussian_noise:0.06,1.31095552444458
20260825,B,./images/train2017/000000028517.jpg,gaussian_noise:0.06,1.2478079795837402
20260825,B,./images/train2017/000000180851.jpg,gaussian_noise:0.06,1.0955145359039307
20260825,B,./images/train2017/000000513585.jpg,gaussian_noise:0.06,1.236085295677185
20260825,B,./images/train2017/000000123892.jpg,gaussian_noise:0.06,1.088965654373169
20260825,B,./images/train2017/000000257874.jpg,gaussian_noise:0.06,1.2498282194137573
20260825,B,./images/train2017/000000220376.jpg,gaussian_noise:0.06,1.1798756122589111
20260825,B,./images/train2017/000000219117.jpg,gaussian_noise:0.06,1.1307724714279175
20260825,B,./images/train2017/000000423193.jpg,gaussian_noise:0.06,1.169883370399475
20260825,B,./images/train2017/000000259793.jpg,gaussian_noise:0.06,1.1604081392288208
20260825,B,./images/train2017/000000465701.jpg,gaussian_noise:0.06,1.0913972854614258
20260825,B,./images/train2017/000000054796.jpg,gaussian_noise:0.06,1.0613027811050415
20260825,B,./images/train2017/000000253054.jpg,gaussian_noise:0.06,1.1436420679092407
20260825,B,./images/train2017/000000036113.jpg,gaussian_noise:0.06,1.2497453689575195
20260825,B,./images/train2017/000000345711.jpg,gaussian_noise:0.06,1.0152827501296997
20260825,B,./images/train2017/000000034340.jpg,gaussian_noise:0.06,1.1420130729675293
20260825,B,./images/train2017/000000456315.jpg,gaussian_noise:0.06,0.9959736466407776
20260825,B,./images/train2017/000000482195.jpg,gaussian_noise:0.06,1.1392911672592163
20260825,B,./images/train2017/000000553660.jpg,gaussian_noise:0.06,1.127872347831726
20260825,B,./images/train2017/000000569500.jpg,gaussian_noise:0.06,1.124224066734314
20260825,B,./images/train2017/000000027556.jpg,gaussian_noise:0.06,1.0075623989105225
20260825,B,./images/train2017/000000534845.jpg,gaussian_noise:0.06,0.9815419316291809
20260825,B,./images/train2017/000000020376.jpg,gaussian_noise:0.06,1.1261385679244995
20260825,B,./images/train2017/000000285998.jpg,gaussian_noise:0.06,1.2853446006774902
20260825,B,./images/train2017/000000284644.jpg,gaussian_noise:0.06,1.161341905593872
20260825,B,./images/train2017/000000319345.jpg,gaussian_noise:0.06,1.1488637924194336
20260825,B,./images/train2017/000000082143.jpg,gaussian_noise:0.06,0.9987912774085999
20260825,B,./images/train2017/000000414664.jpg,gaussian_noise:0.06,1.0505098104476929
20260825,B,./images/train2017/000000518472.jpg,gaussian_noise:0.06,1.3002676963806152
20260825,B,./images/train2017/000000494175.jpg,gaussian_noise:0.06,1.1839898824691772
20260825,B,./images/train2017/000000566832.jpg,gaussian_noise:0.06,1.0990235805511475
20260825,B,./images/train2017/000000120767.jpg,gaussian_noise:0.06,1.2610819339752197
20260825,B,./images/train2017/000000053448.jpg,gaussian_noise:0.06,1.1726137399673462
20260825,B,./images/train2017/000000181453.jpg,gaussian_noise:0.06,1.1637290716171265
20260825,B,./images/train2017/000000473159.jpg,gaussian_noise:0.06,1.0113611221313477
20260825,B,./images/train2017/000000562943.jpg,gaussian_noise:0.06,0.731523871421814
20260825,B,./images/train2017/000000237600.jpg,gaussian_noise:0.06,1.243344783782959
20260825,B,./images/train2017/000000312935.jpg,gaussian_noise:0.06,1.150583267211914
20260825,B,./images/train2017/000000227736.jpg,gaussian_noise:0.06,1.090189814567566
20260825,B,./images/train2017/000000371486.jpg,gaussian_noise:0.06,1.164483904838562
20260825,B,./images/train2017/000000477042.jpg,gaussian_noise:0.06,1.1145474910736084
20260825,B,./images/train2017/000000295358.jpg,gaussian_noise:0.06,1.015843391418457
20260825,B,./images/train2017/000000204962.jpg,gaussian_noise:0.06,1.2601041793823242
20260825,B,./images/train2017/000000077455.jpg,gaussian_noise:0.06,0.9246599078178406
20260825,B,./images/train2017/000000022683.jpg,gaussian_noise:0.06,1.2096883058547974
20260825,B,./images/train2017/000000304909.jpg,gaussian_noise:0.06,1.115976095199585
20260825,B,./images/train2017/000000428943.jpg,gaussian_noise:0.06,1.3074456453323364
20260825,B,./images/train2017/000000081842.jpg,gaussian_noise:0.06,0.9811046719551086
20260825,B,./images/train2017/000000264381.jpg,gaussian_noise:0.06,1.16049063205719
20260825,B,./images/train2017/000000545919.jpg,gaussian_noise:0.06,1.110132098197937
20260825,B,./images/train2017/000000058089.jpg,gaussian_noise:0.06,1.2478792667388916
20260825,B,./images/train2017/000000386127.jpg,gaussian_noise:0.06,1.1645169258117676
20260825,B,./images/train2017/000000362062.jpg,gaussian_noise:0.06,1.1415337324142456
20260825,B,./images/train2017/000000566855.jpg,gaussian_noise:0.06,1.1675117015838623
20260825,B,./images/train2017/000000355186.jpg,gaussian_noise:0.06,1.0367718935012817
20260825,B,./images/train2017/000000346978.jpg,gaussian_noise:0.06,1.1855077743530273
20260825,B,./images/train2017/000000444496.jpg,gaussian_noise:0.06,1.0489617586135864
20260825,B,./images/train2017/000000335189.jpg,gaussian_noise:0.06,1.2013163566589355
20260825,B,./images/train2017/000000495438.jpg,gaussian_noise:0.06,1.2521307468414307
20260825,B,./images/train2017/000000081749.jpg,gaussian_noise:0.06,1.2249822616577148
20260825,B,./images/train2017/000000310258.jpg,gaussian_noise:0.06,1.0455222129821777
20260825,B,./images/train2017/000000379820.jpg,gaussian_noise:0.06,1.2565827369689941
20260825,B,./images/train2017/000000026578.jpg,gaussian_noise:0.06,1.0677318572998047
20260825,B,./images/train2017/000000350969.jpg,gaussian_noise:0.06,1.0820671319961548
20260825,B,./images/train2017/000000377012.jpg,gaussian_noise:0.06,1.0836985111236572
20260825,B,./images/train2017/000000271666.jpg,gaussian_noise:0.06,0.9385576844215393
20260825,B,./images/train2017/000000509933.jpg,gaussian_noise:0.06,1.1453394889831543
20260825,B,./images/train2017/000000248952.jpg,gaussian_noise:0.06,1.0823339223861694
20260825,B,./images/train2017/000000196922.jpg,gaussian_noise:0.06,1.1029698848724365
20260825,B,./images/train2017/000000170327.jpg,gaussian_noise:0.06,1.124598741531372
20260825,B,./images/train2017/000000113839.jpg,gaussian_noise:0.06,1.2210116386413574
20260825,B,./images/train2017/000000282855.jpg,gaussian_noise:0.06,1.2162457704544067
20260825,B,./images/train2017/000000167901.jpg,gaussian_noise:0.06,1.1768310070037842
20260825,B,./images/train2017/000000098631.jpg,gaussian_noise:0.06,1.3630863428115845
20260825,B,./images/train2017/000000312254.jpg,gaussian_noise:0.06,1.2545654773712158
20260825,B,./images/train2017/000000477949.jpg,gaussian_noise:0.06,0.9622681140899658
20260825,B,./images/train2017/000000468133.jpg,gaussian_noise:0.06,1.0591429471969604
20260825,B,./images/train2017/000000213457.jpg,gaussian_noise:0.06,0.9774192571640015
20260825,B,./images/train2017/000000378007.jpg,gaussian_noise:0.06,0.9999021887779236
20260825,B,./images/train2017/000000552744.jpg,gaussian_noise:0.06,1.1571073532104492
20260825,B,./images/train2017/000000193011.jpg,gaussian_noise:0.06,1.0821436643600464
20260825,B,./images/train2017/000000564781.jpg,gaussian_noise:0.06,1.2189594507217407
20260825,B,./images/train2017/000000311401.jpg,gaussian_noise:0.06,1.1711379289627075
20260825,B,./images/train2017/000000571078.jpg,gaussian_noise:0.06,1.0851619243621826
20260825,B,./images/train2017/000000463299.jpg,gaussian_noise:0.06,0.9833722114562988
20260825,B,./images/train2017/000000173925.jpg,gaussian_noise:0.06,1.0768954753875732
20260825,B,./images/train2017/000000336843.jpg,gaussian_noise:0.06,1.2266342639923096
20260825,B,./images/train2017/000000395766.jpg,gaussian_noise:0.06,1.2247778177261353
20260825,B,./images/train2017/000000531659.jpg,gaussian_noise:0.06,1.0316880941390991
20260825,B,./images/train2017/000000000110.jpg,gaussian_noise:0.06,1.174025058746338
20260825,B,./images/train2017/000000154801.jpg,gaussian_noise:0.06,1.0640308856964111
20260825,B,./images/train2017/000000564609.jpg,gaussian_noise:0.06,1.195267677307129
20260825,B,./images/train2017/000000477641.jpg,gaussian_noise:0.06,1.2905546426773071
20260825,B,./images/train2017/000000080123.jpg,gaussian_noise:0.06,1.0845446586608887
20260825,B,./images/train2017/000000362568.jpg,gaussian_noise:0.06,1.14730966091156
20260825,B,./images/train2017/000000404702.jpg,gaussian_noise:0.06,1.1175330877304077
20260825,B,./images/train2017/000000197005.jpg,gaussian_noise:0.06,1.2008800506591797
20260825,B,./images/train2017/000000124240.jpg,gaussian_noise:0.06,1.0263694524765015
20260825,B,./images/train2017/000000502644.jpg,gaussian_noise:0.06,1.106154203414917
20260825,B,./images/train2017/000000147228.jpg,gaussian_noise:0.06,1.1566567420959473
20260825,B,./images/train2017/000000010907.jpg,gaussian_noise:0.06,1.0922290086746216
20260825,B,./images/train2017/000000255093.jpg,gaussian_noise:0.06,1.179000973701477
20260825,B,./images/train2017/000000155884.jpg,gaussian_noise:0.06,1.24149489402771
20260825,B,./images/train2017/000000200386.jpg,gaussian_noise:0.06,1.093578815460205
20260825,B,./images/train2017/000000152483.jpg,gaussian_noise:0.06,1.054809331893921
20260825,B,./images/train2017/000000060992.jpg,gaussian_noise:0.06,1.1396582126617432
20260825,B,./images/train2017/000000431480.jpg,gaussian_noise:0.06,1.0162055492401123
20260825,B,./images/train2017/000000374576.jpg,gaussian_noise:0.06,1.1542503833770752
20260825,B,./images/train2017/000000337342.jpg,gaussian_noise:0.06,0.9891209006309509
20260825,B,./images/train2017/000000476901.jpg,gaussian_noise:0.06,1.052794337272644
20260825,B,./images/train2017/000000084762.jpg,gaussian_noise:0.06,1.0090234279632568
20260825,Cnorm,./images/train2017/000000504259.jpg,brightness:0.8,1.0127227306365967
20260825,Cnorm,./images/train2017/000000107620.jpg,brightness:0.8,1.0077342987060547
20260825,Cnorm,./images/train2017/000000560103.jpg,brightness:0.8,0.9785717129707336
20260825,Cnorm,./images/train2017/000000325634.jpg,brightness:0.8,0.9979541897773743
20260825,Cnorm,./images/train2017/000000062937.jpg,brightness:0.8,1.0157437324523926
20260825,Cnorm,./images/train2017/000000326290.jpg,brightness:0.8,1.0220905542373657
20260825,Cnorm,./images/train2017/000000560660.jpg,brightness:0.8,0.9287111759185791
20260825,Cnorm,./images/train2017/000000423355.jpg,brightness:0.8,1.0186814069747925
20260825,Cnorm,./images/train2017/000000062311.jpg,brightness:0.8,0.9839788675308228
20260825,Cnorm,./images/train2017/000000075327.jpg,brightness:0.8,0.9609830975532532
20260825,Cnorm,./images/train2017/000000124364.jpg,brightness:0.8,1.0079296827316284
20260825,Cnorm,./images/train2017/000000226957.jpg,brightness:0.8,1.0824898481369019
20260825,Cnorm,./images/train2017/000000026573.jpg,brightness:0.8,1.005028486251831
20260825,Cnorm,./images/train2017/000000518548.jpg,brightness:0.8,0.9692867994308472
20260825,Cnorm,./images/train2017/000000467766.jpg,brightness:0.8,0.9719893336296082
20260825,Cnorm,./images/train2017/000000146819.jpg,brightness:0.8,0.9734406471252441
20260825,Cnorm,./images/train2017/000000346367.jpg,brightness:0.8,0.9106597900390625
20260825,Cnorm,./images/train2017/000000404710.jpg,brightness:0.8,0.9551620483398438
20260825,Cnorm,./images/train2017/000000028517.jpg,brightness:0.8,0.9904024600982666
20260825,Cnorm,./images/train2017/000000180851.jpg,brightness:0.8,0.9306519031524658
20260825,Cnorm,./images/train2017/000000513585.jpg,brightness:0.8,1.058341383934021
20260825,Cnorm,./images/train2017/000000123892.jpg,brightness:0.8,0.9862099289894104
20260825,Cnorm,./images/train2017/000000257874.jpg,brightness:0.8,1.0306451320648193
20260825,Cnorm,./images/train2017/000000220376.jpg,brightness:0.8,0.8932219743728638
20260825,Cnorm,./images/train2017/000000219117.jpg,brightness:0.8,1.0315121412277222
20260825,Cnorm,./images/train2017/000000423193.jpg,brightness:0.8,0.9680031538009644
20260825,Cnorm,./images/train2017/000000259793.jpg,brightness:0.8,1.005262017250061
20260825,Cnorm,./images/train2017/000000465701.jpg,brightness:0.8,1.0705714225769043
20260825,Cnorm,./images/train2017/000000054796.jpg,brightness:0.8,1.0644493103027344
20260825,Cnorm,./images/train2017/000000253054.jpg,brightness:0.8,0.9987629652023315
20260825,Cnorm,./images/train2017/000000036113.jpg,brightness:0.8,0.9822986125946045
20260825,Cnorm,./images/train2017/000000345711.jpg,brightness:0.8,0.9643646478652954
20260825,Cnorm,./images/train2017/000000034340.jpg,brightness:0.8,1.0050264596939087
20260825,Cnorm,./images/train2017/000000456315.jpg,brightness:0.8,1.0208740234375
20260825,Cnorm,./images/train2017/000000482195.jpg,brightness:0.8,1.0222904682159424
20260825,Cnorm,./images/train2017/000000553660.jpg,brightness:0.8,1.0348687171936035
20260825,Cnorm,./images/train2017/000000569500.jpg,brightness:0.8,1.0101336240768433
20260825,Cnorm,./images/train2017/000000027556.jpg,brightness:0.8,0.9754080176353455
20260825,Cnorm,./images/train2017/000000534845.jpg,brightness:0.8,0.9906230568885803
20260825,Cnorm,./images/train2017/000000020376.jpg,brightness:0.8,1.0881439447402954
20260825,Cnorm,./images/train2017/000000285998.jpg,brightness:0.8,0.9596024751663208
20260825,Cnorm,./images/train2017/000000284644.jpg,brightness:0.8,0.9764336347579956
20260825,Cnorm,./images/train2017/000000319345.jpg,brightness:0.8,1.0292199850082397
20260825,Cnorm,./images/train2017/000000082143.jpg,brightness:0.8,0.9911959767341614
20260825,Cnorm,./images/train2017/000000414664.jpg,brightness:0.8,0.9793865084648132
20260825,Cnorm,./images/train2017/000000518472.jpg,brightness:0.8,0.9853320121765137
20260825,Cnorm,./images/train2017/000000494175.jpg,brightness:0.8,0.9706881642341614
20260825,Cnorm,./images/train2017/000000566832.jpg,brightness:0.8,0.9771974086761475
20260825,Cnorm,./images/train2017/000000120767.jpg,brightness:0.8,0.9642851948738098
20260825,Cnorm,./images/train2017/000000053448.jpg,brightness:0.8,0.9919174313545227
20260825,Cnorm,./images/train2017/000000181453.jpg,brightness:0.8,0.959010124206543
20260825,Cnorm,./images/train2017/000000473159.jpg,brightness:0.8,1.0666706562042236
20260825,Cnorm,./images/train2017/000000562943.jpg,brightness:0.8,1.0933005809783936
20260825,Cnorm,./images/train2017/000000237600.jpg,brightness:0.8,1.088198184967041
20260825,Cnorm,./images/train2017/000000312935.jpg,brightness:0.8,0.9850471019744873
20260825,Cnorm,./images/train2017/000000227736.jpg,brightness:0.8,1.067419171333313
20260825,Cnorm,./images/train2017/000000371486.jpg,brightness:0.8,1.0362812280654907
20260825,Cnorm,./images/train2017/000000477042.jpg,brightness:0.8,0.9496808648109436
20260825,Cnorm,./images/train2017/000000295358.jpg,brightness:0.8,1.0113325119018555
20260825,Cnorm,./images/train2017/000000204962.jpg,brightness:0.8,1.0220584869384766
20260825,Cnorm,./images/train2017/000000077455.jpg,brightness:0.8,1.0315645933151245
20260825,Cnorm,./images/train2017/000000022683.jpg,brightness:0.8,1.0201317071914673
20260825,Cnorm,./images/train2017/000000304909.jpg,brightness:0.8,0.9528699517250061
20260825,Cnorm,./images/train2017/000000428943.jpg,brightness:0.8,1.038299560546875
20260825,Cnorm,./images/train2017/000000081842.jpg,brightness:0.8,1.0038951635360718
20260825,Cnorm,./images/train2017/000000264381.jpg,brightness:0.8,0.9532164335250854
20260825,Cnorm,./images/train2017/000000545919.jpg,brightness:0.8,0.9831719994544983
20260825,Cnorm,./images/train2017/000000058089.jpg,brightness:0.8,0.9613124132156372
20260825,Cnorm,./images/train2017/000000386127.jpg,brightness:0.8,1.0277135372161865
20260825,Cnorm,./images/train2017/000000362062.jpg,brightness:0.8,1.0509368181228638
20260825,Cnorm,./images/train2017/000000566855.jpg,brightness:0.8,1.0125161409378052
20260825,Cnorm,./images/train2017/000000355186.jpg,brightness:0.8,1.0394927263259888
20260825,Cnorm,./images/train2017/000000346978.jpg,brightness:0.8,1.015218734741211
20260825,Cnorm,./images/train2017/000000444496.jpg,brightness:0.8,1.013818383216858
20260825,Cnorm,./images/train2017/000000335189.jpg,brightness:0.8,1.0086705684661865
20260825,Cnorm,./images/train2017/000000495438.jpg,brightness:0.8,1.0125327110290527
20260825,Cnorm,./images/train2017/000000081749.jpg,brightness:0.8,0.9435888528823853
20260825,Cnorm,./images/train2017/000000310258.jpg,brightness:0.8,0.9823393821716309
20260825,Cnorm,./images/train2017/000000379820.jpg,brightness:0.8,0.9841334819793701
20260825,Cnorm,./images/train2017/000000026578.jpg,brightness:0.8,0.978050947189331
20260825,Cnorm,./images/train2017/000000350969.jpg,brightness:0.8,0.9780825972557068
20260825,Cnorm,./images/train2017/000000377012.jpg,brightness:0.8,0.9546297788619995
20260825,Cnorm,./images/train2017/000000271666.jpg,brightness:0.8,0.9661887884140015
20260825,Cnorm,./images/train2017/000000509933.jpg,brightness:0.8,0.9819719195365906
20260825,Cnorm,./images/train2017/000000248952.jpg,brightness:0.8,1.0408700704574585
20260825,Cnorm,./images/train2017/000000196922.jpg,brightness:0.8,0.9749417304992676
20260825,Cnorm,./images/train2017/000000170327.jpg,brightness:0.8,0.99583500623703
20260825,Cnorm,./images/train2017/000000113839.jpg,brightness:0.8,1.0549747943878174
20260825,Cnorm,./images/train2017/000000282855.jpg,brightness:0.8,0.9600231647491455
20260825,Cnorm,./images/train2017/000000167901.jpg,brightness:0.8,1.0261610746383667
20260825,Cnorm,./images/train2017/000000098631.jpg,brightness:0.8,1.0003209114074707
20260825,Cnorm,./images/train2017/000000312254.jpg,brightness:0.8,1.0300970077514648
20260825,Cnorm,./images/train2017/000000477949.jpg,brightness:0.8,0.9932411313056946
20260825,Cnorm,./images/train2017/000000468133.jpg,brightness:0.8,0.99994295835495
20260825,Cnorm,./images/train2017/000000213457.jpg,brightness:0.8,0.9000698328018188
20260825,Cnorm,./images/train2017/000000378007.jpg,brightness:0.8,0.9940703511238098
20260825,Cnorm,./images/train2017/000000552744.jpg,brightness:0.8,1.0578083992004395
20260825,Cnorm,./images/train2017/000000193011.jpg,brightness:0.8,0.9459701776504517
20260825,Cnorm,./images/train2017/000000564781.jpg,brightness:0.8,0.997878909111023
20260825,Cnorm,./images/train2017/000000311401.jpg,brightness:0.8,0.9364479780197144
20260825,Cnorm,./images/train2017/000000571078.jpg,brightness:0.8,0.918273389339447
20260825,Cnorm,./images/train2017/000000463299.jpg,brightness:0.8,1.0209689140319824
20260825,Cnorm,./images/train2017/000000173925.jpg,brightness:0.8,1.0313094854354858
20260825,Cnorm,./images/train2017/000000336843.jpg,brightness:0.8,1.0018731355667114
20260825,Cnorm,./images/train2017/000000395766.jpg,brightness:0.8,1.0144602060317993
20260825,Cnorm,./images/train2017/000000531659.jpg,brightness:0.8,0.9366574287414551
20260825,Cnorm,./images/train2017/000000000110.jpg,brightness:0.8,0.9369674921035767
20260825,Cnorm,./images/train2017/000000154801.jpg,brightness:0.8,0.9185320138931274
20260825,Cnorm,./images/train2017/000000564609.jpg,brightness:0.8,1.0001564025878906
20260825,Cnorm,./images/train2017/000000477641.jpg,brightness:0.8,0.9685149192810059
20260825,Cnorm,./images/train2017/000000080123.jpg,brightness:0.8,1.0225465297698975
20260825,Cnorm,./images/train2017/000000362568.jpg,brightness:0.8,0.9921595454216003
20260825,Cnorm,./images/train2017/000000404702.jpg,brightness:0.8,0.9967895746231079
20260825,Cnorm,./images/train2017/000000197005.jpg,brightness:0.8,0.985870361328125
20260825,Cnorm,./images/train2017/000000124240.jpg,brightness:0.8,0.9624882340431213
20260825,Cnorm,./images/train2017/000000502644.jpg,brightness:0.8,1.0082311630249023
20260825,Cnorm,./images/train2017/000000147228.jpg,brightness:0.8,1.0216952562332153
20260825,Cnorm,./images/train2017/000000010907.jpg,brightness:0.8,0.9894054532051086
20260825,Cnorm,./images/train2017/000000255093.jpg,brightness:0.8,1.0047944784164429
20260825,Cnorm,./images/train2017/000000155884.jpg,brightness:0.8,0.9889538288116455
20260825,Cnorm,./images/train2017/000000200386.jpg,brightness:0.8,0.9996397495269775
20260825,Cnorm,./images/train2017/000000152483.jpg,brightness:0.8,0.9959928393363953
20260825,Cnorm,./images/train2017/000000060992.jpg,brightness:0.8,1.067047357559204
20260825,Cnorm,./images/train2017/000000431480.jpg,brightness:0.8,1.0905272960662842
20260825,Cnorm,./images/train2017/000000374576.jpg,brightness:0.8,1.0008944272994995
20260825,Cnorm,./images/train2017/000000337342.jpg,brightness:0.8,0.9457051753997803
20260825,Cnorm,./images/train2017/000000476901.jpg,brightness:0.8,0.9735786318778992
20260825,Cnorm,./images/train2017/000000084762.jpg,brightness:0.8,1.0126780271530151
20260825,Cnorm,./images/train2017/000000504259.jpg,brightness:0.6,1.0399867296218872
20260825,Cnorm,./images/train2017/000000107620.jpg,brightness:0.6,1.017395257949829
20260825,Cnorm,./images/train2017/000000560103.jpg,brightness:0.6,1.0073788166046143
20260825,Cnorm,./images/train2017/000000325634.jpg,brightness:0.6,0.9779168367385864
20260825,Cnorm,./images/train2017/000000062937.jpg,brightness:0.6,0.9676560759544373
20260825,Cnorm,./images/train2017/000000326290.jpg,brightness:0.6,1.0148532390594482
20260825,Cnorm,./images/train2017/000000560660.jpg,brightness:0.6,0.9608039855957031
20260825,Cnorm,./images/train2017/000000423355.jpg,brightness:0.6,0.9964694380760193
20260825,Cnorm,./images/train2017/000000062311.jpg,brightness:0.6,1.0072753429412842
20260825,Cnorm,./images/train2017/000000075327.jpg,brightness:0.6,0.9454272389411926
20260825,Cnorm,./images/train2017/000000124364.jpg,brightness:0.6,1.038045883178711
20260825,Cnorm,./images/train2017/000000226957.jpg,brightness:0.6,1.0298962593078613
20260825,Cnorm,./images/train2017/000000026573.jpg,brightness:0.6,1.0257594585418701
20260825,Cnorm,./images/train2017/000000518548.jpg,brightness:0.6,0.9732527732849121
20260825,Cnorm,./images/train2017/000000467766.jpg,brightness:0.6,1.001513123512268
20260825,Cnorm,./images/train2017/000000146819.jpg,brightness:0.6,0.9490516185760498
20260825,Cnorm,./images/train2017/000000346367.jpg,brightness:0.6,0.9391026496887207
20260825,Cnorm,./images/train2017/000000404710.jpg,brightness:0.6,0.9709739089012146
20260825,Cnorm,./images/train2017/000000028517.jpg,brightness:0.6,0.993431568145752
20260825,Cnorm,./images/train2017/000000180851.jpg,brightness:0.6,0.9176391959190369
20260825,Cnorm,./images/train2017/000000513585.jpg,brightness:0.6,1.0724188089370728
20260825,Cnorm,./images/train2017/000000123892.jpg,brightness:0.6,1.0181232690811157
20260825,Cnorm,./images/train2017/000000257874.jpg,brightness:0.6,1.0257518291473389
20260825,Cnorm,./images/train2017/000000220376.jpg,brightness:0.6,0.9477471709251404
20260825,Cnorm,./images/train2017/000000219117.jpg,brightness:0.6,0.9925483465194702
20260825,Cnorm,./images/train2017/000000423193.jpg,brightness:0.6,0.9654120206832886
20260825,Cnorm,./images/train2017/000000259793.jpg,brightness:0.6,0.9872463941574097
20260825,Cnorm,./images/train2017/000000465701.jpg,brightness:0.6,1.081284999847412
20260825,Cnorm,./images/train2017/000000054796.jpg,brightness:0.6,1.0357601642608643
20260825,Cnorm,./images/train2017/000000253054.jpg,brightness:0.6,1.0243343114852905
20260825,Cnorm,./images/train2017/000000036113.jpg,brightness:0.6,0.9874266386032104
20260825,Cnorm,./images/train2017/000000345711.jpg,brightness:0.6,0.9090031981468201
20260825,Cnorm,./images/train2017/000000034340.jpg,brightness:0.6,0.9998319149017334
20260825,Cnorm,./images/train2017/000000456315.jpg,brightness:0.6,1.0384186506271362
20260825,Cnorm,./images/train2017/000000482195.jpg,brightness:0.6,0.9984784126281738
20260825,Cnorm,./images/train2017/000000553660.jpg,brightness:0.6,1.0329335927963257
20260825,Cnorm,./images/train2017/000000569500.jpg,brightness:0.6,0.9578549861907959
20260825,Cnorm,./images/train2017/000000027556.jpg,brightness:0.6,0.9614458680152893
20260825,Cnorm,./images/train2017/000000534845.jpg,brightness:0.6,1.0084601640701294
20260825,Cnorm,./images/train2017/000000020376.jpg,brightness:0.6,1.0710211992263794
20260825,Cnorm,./images/train2017/000000285998.jpg,brightness:0.6,0.9818629622459412
20260825,Cnorm,./images/train2017/000000284644.jpg,brightness:0.6,0.9908130168914795
20260825,Cnorm,./images/train2017/000000319345.jpg,brightness:0.6,1.015357494354248
20260825,Cnorm,./images/train2017/000000082143.jpg,brightness:0.6,1.0991113185882568
20260825,Cnorm,./images/train2017/000000414664.jpg,brightness:0.6,1.0095205307006836
20260825,Cnorm,./images/train2017/000000518472.jpg,brightness:0.6,0.99236661195755
20260825,Cnorm,./images/train2017/000000494175.jpg,brightness:0.6,0.9508931040763855
20260825,Cnorm,./images/train2017/000000566832.jpg,brightness:0.6,1.0087462663650513
20260825,Cnorm,./images/train2017/000000120767.jpg,brightness:0.6,0.9754891395568848
20260825,Cnorm,./images/train2017/000000053448.jpg,brightness:0.6,1.0342615842819214
20260825,Cnorm,./images/train2017/000000181453.jpg,brightness:0.6,0.9614533185958862
20260825,Cnorm,./images/train2017/000000473159.jpg,brightness:0.6,1.0589067935943604
20260825,Cnorm,./images/train2017/000000562943.jpg,brightness:0.6,1.1078566312789917
20260825,Cnorm,./images/train2017/000000237600.jpg,brightness:0.6,1.0676745176315308
20260825,Cnorm,./images/train2017/000000312935.jpg,brightness:0.6,1.015022873878479
20260825,Cnorm,./images/train2017/000000227736.jpg,brightness:0.6,1.1194148063659668
20260825,Cnorm,./images/train2017/000000371486.jpg,brightness:0.6,1.0302910804748535
20260825,Cnorm,./images/train2017/000000477042.jpg,brightness:0.6,0.9872530698776245
20260825,Cnorm,./images/train2017/000000295358.jpg,brightness:0.6,1.020911693572998
20260825,Cnorm,./images/train2017/000000204962.jpg,brightness:0.6,1.0109100341796875
20260825,Cnorm,./images/train2017/000000077455.jpg,brightness:0.6,1.0642573833465576
20260825,Cnorm,./images/train2017/000000022683.jpg,brightness:0.6,1.0264559984207153
20260825,Cnorm,./images/train2017/000000304909.jpg,brightness:0.6,0.9583784937858582
20260825,Cnorm,./images/train2017/000000428943.jpg,brightness:0.6,0.9775769114494324
20260825,Cnorm,./images/train2017/000000081842.jpg,brightness:0.6,1.0242905616760254
20260825,Cnorm,./images/train2017/000000264381.jpg,brightness:0.6,0.9702600240707397
20260825,Cnorm,./images/train2017/000000545919.jpg,brightness:0.6,0.9922423362731934
20260825,Cnorm,./images/train2017/000000058089.jpg,brightness:0.6,0.9721447825431824
20260825,Cnorm,./images/train2017/000000386127.jpg,brightness:0.6,0.9812147617340088
20260825,Cnorm,./images/train2017/000000362062.jpg,brightness:0.6,1.0058836936950684
20260825,Cnorm,./images/train2017/000000566855.jpg,brightness:0.6,1.0079407691955566
20260825,Cnorm,./images/train2017/000000355186.jpg,brightness:0.6,1.053476333618164
20260825,Cnorm,./images/train2017/000000346978.jpg,brightness:0.6,1.022574543952942
20260825,Cnorm,./images/train2017/000000444496.jpg,brightness:0.6,1.009621500968933
20260825,Cnorm,./images/train2017/000000335189.jpg,brightness:0.6,1.0137267112731934
20260825,Cnorm,./images/train2017/000000495438.jpg,brightness:0.6,0.9917156100273132
20260825,Cnorm,./images/train2017/000000081749.jpg,brightness:0.6,0.966313362121582
20260825,Cnorm,./images/train2017/000000310258.jpg,brightness:0.6,0.9400745034217834
20260825,Cnorm,./images/train2017/000000379820.jpg,brightness:0.6,1.0072611570358276
20260825,Cnorm,./images/train2017/000000026578.jpg,brightness:0.6,0.9884524941444397
20260825,Cnorm,./images/train2017/000000350969.jpg,brightness:0.6,0.9628868699073792
20260825,Cnorm,./images/train2017/000000377012.jpg,brightness:0.6,0.9761393666267395
20260825,Cnorm,./images/train2017/000000271666.jpg,brightness:0.6,0.9149854779243469
20260825,Cnorm,./images/train2017/000000509933.jpg,brightness:0.6,0.979281485080719
20260825,Cnorm,./images/train2017/000000248952.jpg,brightness:0.6,0.9919597506523132
20260825,Cnorm,./images/train2017/000000196922.jpg,brightness:0.6,1.00481379032135
20260825,Cnorm,./images/train2017/000000170327.jpg,brightness:0.6,1.0222299098968506
20260825,Cnorm,./images/train2017/000000113839.jpg,brightness:0.6,1.04422926902771
20260825,Cnorm,./images/train2017/000000282855.jpg,brightness:0.6,0.9606072306632996
20260825,Cnorm,./images/train2017/000000167901.jpg,brightness:0.6,1.0057578086853027
20260825,Cnorm,./images/train2017/000000098631.jpg,brightness:0.6,0.9919465184211731
20260825,Cnorm,./images/train2017/000000312254.jpg,brightness:0.6,1.0215429067611694
20260825,Cnorm,./images/train2017/000000477949.jpg,brightness:0.6,0.9948137998580933
20260825,Cnorm,./images/train2017/000000468133.jpg,brightness:0.6,1.0018831491470337
20260825,Cnorm,./images/train2017/000000213457.jpg,brightness:0.6,0.999416172504425
20260825,Cnorm,./images/train2017/000000378007.jpg,brightness:0.6,1.0747610330581665
20260825,Cnorm,./images/train2017/000000552744.jpg,brightness:0.6,1.0329259634017944
20260825,Cnorm,./images/train2017/000000193011.jpg,brightness:0.6,1.0017971992492676
20260825,Cnorm,./images/train2017/000000564781.jpg,brightness:0.6,0.979369580745697
20260825,Cnorm,./images/train2017/000000311401.jpg,brightness:0.6,0.969249963760376
20260825,Cnorm,./images/train2017/000000571078.jpg,brightness:0.6,0.9814927577972412
20260825,Cnorm,./images/train2017/000000463299.jpg,brightness:0.6,0.9940073490142822
20260825,Cnorm,./images/train2017/000000173925.jpg,brightness:0.6,1.006171703338623
20260825,Cnorm,./images/train2017/000000336843.jpg,brightness:0.6,1.0596027374267578
20260825,Cnorm,./images/train2017/000000395766.jpg,brightness:0.6,1.0092155933380127
20260825,Cnorm,./images/train2017/000000531659.jpg,brightness:0.6,1.0088248252868652
20260825,Cnorm,./images/train2017/000000000110.jpg,brightness:0.6,0.9821184277534485
20260825,Cnorm,./images/train2017/000000154801.jpg,brightness:0.6,0.9506744146347046
20260825,Cnorm,./images/train2017/000000564609.jpg,brightness:0.6,0.9912632703781128
20260825,Cnorm,./images/train2017/000000477641.jpg,brightness:0.6,0.973982572555542
20260825,Cnorm,./images/train2017/000000080123.jpg,brightness:0.6,1.0049675703048706
20260825,Cnorm,./images/train2017/000000362568.jpg,brightness:0.6,0.9829156994819641
20260825,Cnorm,./images/train2017/000000404702.jpg,brightness:0.6,1.0040868520736694
20260825,Cnorm,./images/train2017/000000197005.jpg,brightness:0.6,1.0075428485870361
20260825,Cnorm,./images/train2017/000000124240.jpg,brightness:0.6,0.9602277874946594
20260825,Cnorm,./images/train2017/000000502644.jpg,brightness:0.6,1.0510199069976807
20260825,Cnorm,./images/train2017/000000147228.jpg,brightness:0.6,1.0225147008895874
20260825,Cnorm,./images/train2017/000000010907.jpg,brightness:0.6,0.9661576151847839
20260825,Cnorm,./images/train2017/000000255093.jpg,brightness:0.6,1.0558977127075195
20260825,Cnorm,./images/train2017/000000155884.jpg,brightness:0.6,0.9973799586296082
20260825,Cnorm,./images/train2017/000000200386.jpg,brightness:0.6,0.983464777469635
20260825,Cnorm,./images/train2017/000000152483.jpg,brightness:0.6,1.0013009309768677
20260825,Cnorm,./images/train2017/000000060992.jpg,brightness:0.6,1.0094635486602783
20260825,Cnorm,./images/train2017/000000431480.jpg,brightness:0.6,1.065326452255249
20260825,Cnorm,./images/train2017/000000374576.jpg,brightness:0.6,1.0227993726730347
20260825,Cnorm,./images/train2017/000000337342.jpg,brightness:0.6,1.026859164237976
20260825,Cnorm,./images/train2017/000000476901.jpg,brightness:0.6,1.0256332159042358
20260825,Cnorm,./images/train2017/000000084762.jpg,brightness:0.6,0.9639397859573364
20260825,Cnorm,./images/train2017/000000504259.jpg,contrast:0.75,1.0254530906677246
20260825,Cnorm,./images/train2017/000000107620.jpg,contrast:0.75,0.9952933192253113
20260825,Cnorm,./images/train2017/000000560103.jpg,contrast:0.75,1.0212548971176147
20260825,Cnorm,./images/train2017/000000325634.jpg,contrast:0.75,0.9592705368995667
20260825,Cnorm,./images/train2017/000000062937.jpg,contrast:0.75,1.0296317338943481
20260825,Cnorm,./images/train2017/000000326290.jpg,contrast:0.75,1.0000009536743164
20260825,Cnorm,./images/train2017/000000560660.jpg,contrast:0.75,0.8902462124824524
20260825,Cnorm,./images/train2017/000000423355.jpg,contrast:0.75,0.9970455169677734
20260825,Cnorm,./images/train2017/000000062311.jpg,contrast:0.75,0.9881187677383423
20260825,Cnorm,./images/train2017/000000075327.jpg,contrast:0.75,0.9954019784927368
20260825,Cnorm,./images/train2017/000000124364.jpg,contrast:0.75,1.028408408164978
20260825,Cnorm,./images/train2017/000000226957.jpg,contrast:0.75,1.0286372900009155
20260825,Cnorm,./images/train2017/000000026573.jpg,contrast:0.75,1.0230016708374023
20260825,Cnorm,./images/train2017/000000518548.jpg,contrast:0.75,1.050783634185791
20260825,Cnorm,./images/train2017/000000467766.jpg,contrast:0.75,0.9710381031036377
20260825,Cnorm,./images/train2017/000000146819.jpg,contrast:0.75,0.97806316614151
20260825,Cnorm,./images/train2017/000000346367.jpg,contrast:0.75,0.9600113034248352
20260825,Cnorm,./images/train2017/000000404710.jpg,contrast:0.75,0.9911292791366577
20260825,Cnorm,./images/train2017/000000028517.jpg,contrast:0.75,0.9889450073242188
20260825,Cnorm,./images/train2017/000000180851.jpg,contrast:0.75,0.9906681180000305
20260825,Cnorm,./images/train2017/000000513585.jpg,contrast:0.75,1.0588313341140747
20260825,Cnorm,./images/train2017/000000123892.jpg,contrast:0.75,1.0120104551315308
20260825,Cnorm,./images/train2017/000000257874.jpg,contrast:0.75,0.9755516052246094
20260825,Cnorm,./images/train2017/000000220376.jpg,contrast:0.75,0.9052030444145203
20260825,Cnorm,./images/train2017/000000219117.jpg,contrast:0.75,1.0020735263824463
20260825,Cnorm,./images/train2017/000000423193.jpg,contrast:0.75,0.9959408044815063
20260825,Cnorm,./images/train2017/000000259793.jpg,contrast:0.75,0.9457998871803284
20260825,Cnorm,./images/train2017/000000465701.jpg,contrast:0.75,1.0724365711212158
20260825,Cnorm,./images/train2017/000000054796.jpg,contrast:0.75,0.989874005317688
20260825,Cnorm,./images/train2017/000000253054.jpg,contrast:0.75,1.0223585367202759
20260825,Cnorm,./images/train2017/000000036113.jpg,contrast:0.75,0.9681838750839233
20260825,Cnorm,./images/train2017/000000345711.jpg,contrast:0.75,0.979613721370697
20260825,Cnorm,./images/train2017/000000034340.jpg,contrast:0.75,0.9945328831672668
20260825,Cnorm,./images/train2017/000000456315.jpg,contrast:0.75,1.0063810348510742
20260825,Cnorm,./images/train2017/000000482195.jpg,contrast:0.75,1.0009039640426636
20260825,Cnorm,./images/train2017/000000553660.jpg,contrast:0.75,1.063577651977539
20260825,Cnorm,./images/train2017/000000569500.jpg,contrast:0.75,1.0834386348724365
20260825,Cnorm,./images/train2017/000000027556.jpg,contrast:0.75,1.1693416833877563
20260825,Cnorm,./images/train2017/000000534845.jpg,contrast:0.75,0.9911448955535889
20260825,Cnorm,./images/train2017/000000020376.jpg,contrast:0.75,1.0280115604400635
20260825,Cnorm,./images/train2017/000000285998.jpg,contrast:0.75,0.9588887095451355
20260825,Cnorm,./images/train2017/000000284644.jpg,contrast:0.75,0.9351231455802917
20260825,Cnorm,./images/train2017/000000319345.jpg,contrast:0.75,0.9977264404296875
20260825,Cnorm,./images/train2017/000000082143.jpg,contrast:0.75,0.9926072955131531
20260825,Cnorm,./images/train2017/000000414664.jpg,contrast:0.75,0.9867279529571533
20260825,Cnorm,./images/train2017/000000518472.jpg,contrast:0.75,1.0349526405334473
20260825,Cnorm,./images/train2017/000000494175.jpg,contrast:0.75,1.0221014022827148
20260825,Cnorm,./images/train2017/000000566832.jpg,contrast:0.75,1.0314617156982422
20260825,Cnorm,./images/train2017/000000120767.jpg,contrast:0.75,0.9876828193664551
20260825,Cnorm,./images/train2017/000000053448.jpg,contrast:0.75,1.006751537322998
20260825,Cnorm,./images/train2017/000000181453.jpg,contrast:0.75,1.0309078693389893
20260825,Cnorm,./images/train2017/000000473159.jpg,contrast:0.75,0.9833577275276184
20260825,Cnorm,./images/train2017/000000562943.jpg,contrast:0.75,0.9662644267082214
20260825,Cnorm,./images/train2017/000000237600.jpg,contrast:0.75,1.0987657308578491
20260825,Cnorm,./images/train2017/000000312935.jpg,contrast:0.75,0.9917677044868469
20260825,Cnorm,./images/train2017/000000227736.jpg,contrast:0.75,0.9888163805007935
20260825,Cnorm,./images/train2017/000000371486.jpg,contrast:0.75,0.9855115413665771
20260825,Cnorm,./images/train2017/000000477042.jpg,contrast:0.75,0.9878295063972473
20260825,Cnorm,./images/train2017/000000295358.jpg,contrast:0.75,1.0238693952560425
20260825,Cnorm,./images/train2017/000000204962.jpg,contrast:0.75,0.9570647478103638
20260825,Cnorm,./images/train2017/000000077455.jpg,contrast:0.75,1.03219473361969
20260825,Cnorm,./images/train2017/000000022683.jpg,contrast:0.75,0.9802215099334717
20260825,Cnorm,./images/train2017/000000304909.jpg,contrast:0.75,1.0002211332321167
20260825,Cnorm,./images/train2017/000000428943.jpg,contrast:0.75,0.9990988373756409
20260825,Cnorm,./images/train2017/000000081842.jpg,contrast:0.75,0.9975763559341431
20260825,Cnorm,./images/train2017/000000264381.jpg,contrast:0.75,1.0521979331970215
20260825,Cnorm,./images/train2017/000000545919.jpg,contrast:0.75,0.9979367852210999
20260825,Cnorm,./images/train2017/000000058089.jpg,contrast:0.75,0.9700888991355896
20260825,Cnorm,./images/train2017/000000386127.jpg,contrast:0.75,0.8934091925621033
20260825,Cnorm,./images/train2017/000000362062.jpg,contrast:0.75,1.0131916999816895
20260825,Cnorm,./images/train2017/000000566855.jpg,contrast:0.75,1.0104016065597534
20260825,Cnorm,./images/train2017/000000355186.jpg,contrast:0.75,1.0607038736343384
20260825,Cnorm,./images/train2017/000000346978.jpg,contrast:0.75,0.9798246026039124
20260825,Cnorm,./images/train2017/000000444496.jpg,contrast:0.75,0.9413232803344727
20260825,Cnorm,./images/train2017/000000335189.jpg,contrast:0.75,0.997312068939209
20260825,Cnorm,./images/train2017/000000495438.jpg,contrast:0.75,1.0167062282562256
20260825,Cnorm,./images/train2017/000000081749.jpg,contrast:0.75,0.986863374710083
20260825,Cnorm,./images/train2017/000000310258.jpg,contrast:0.75,1.0339244604110718
20260825,Cnorm,./images/train2017/000000379820.jpg,contrast:0.75,1.0383408069610596
20260825,Cnorm,./images/train2017/000000026578.jpg,contrast:0.75,0.9201461672782898
20260825,Cnorm,./images/train2017/000000350969.jpg,contrast:0.75,0.968601644039154
20260825,Cnorm,./images/train2017/000000377012.jpg,contrast:0.75,1.0466957092285156
20260825,Cnorm,./images/train2017/000000271666.jpg,contrast:0.75,1.1799384355545044
20260825,Cnorm,./images/train2017/000000509933.jpg,contrast:0.75,0.9939306974411011
20260825,Cnorm,./images/train2017/000000248952.jpg,contrast:0.75,1.048317790031433
20260825,Cnorm,./images/train2017/000000196922.jpg,contrast:0.75,0.9944419860839844
20260825,Cnorm,./images/train2017/000000170327.jpg,contrast:0.75,1.0714154243469238
20260825,Cnorm,./images/train2017/000000113839.jpg,contrast:0.75,1.020713448524475
20260825,Cnorm,./images/train2017/000000282855.jpg,contrast:0.75,0.9821702837944031
20260825,Cnorm,./images/train2017/000000167901.jpg,contrast:0.75,1.0879546403884888
20260825,Cnorm,./images/train2017/000000098631.jpg,contrast:0.75,0.9695820808410645
20260825,Cnorm,./images/train2017/000000312254.jpg,contrast:0.75,0.9820126891136169
20260825,Cnorm,./images/train2017/000000477949.jpg,contrast:0.75,0.9740418791770935
20260825,Cnorm,./images/train2017/000000468133.jpg,contrast:0.75,1.009705901145935
20260825,Cnorm,./images/train2017/000000213457.jpg,contrast:0.75,1.0744078159332275
20260825,Cnorm,./images/train2017/000000378007.jpg,contrast:0.75,1.032079815864563
20260825,Cnorm,./images/train2017/000000552744.jpg,contrast:0.75,0.993045449256897
20260825,Cnorm,./images/train2017/000000193011.jpg,contrast:0.75,0.9804821014404297
20260825,Cnorm,./images/train2017/000000564781.jpg,contrast:0.75,0.9775181412696838
20260825,Cnorm,./images/train2017/000000311401.jpg,contrast:0.75,1.0272778272628784
20260825,Cnorm,./images/train2017/000000571078.jpg,contrast:0.75,1.036374568939209
20260825,Cnorm,./images/train2017/000000463299.jpg,contrast:0.75,1.0534383058547974
20260825,Cnorm,./images/train2017/000000173925.jpg,contrast:0.75,0.9875865578651428
20260825,Cnorm,./images/train2017/000000336843.jpg,contrast:0.75,1.0296554565429688
20260825,Cnorm,./images/train2017/000000395766.jpg,contrast:0.75,1.0080983638763428
20260825,Cnorm,./images/train2017/000000531659.jpg,contrast:0.75,0.9903348684310913
20260825,Cnorm,./images/train2017/000000000110.jpg,contrast:0.75,0.9643810987472534
20260825,Cnorm,./images/train2017/000000154801.jpg,contrast:0.75,0.9930576682090759
20260825,Cnorm,./images/train2017/000000564609.jpg,contrast:0.75,0.9982616305351257
20260825,Cnorm,./images/train2017/000000477641.jpg,contrast:0.75,1.0087836980819702
20260825,Cnorm,./images/train2017/000000080123.jpg,contrast:0.75,0.9952245354652405
20260825,Cnorm,./images/train2017/000000362568.jpg,contrast:0.75,0.992647111415863
20260825,Cnorm,./images/train2017/000000404702.jpg,contrast:0.75,1.000205636024475
20260825,Cnorm,./images/train2017/000000197005.jpg,contrast:0.75,1.0216546058654785
20260825,Cnorm,./images/train2017/000000124240.jpg,contrast:0.75,0.994505763053894
20260825,Cnorm,./images/train2017/000000502644.jpg,contrast:0.75,1.010642170906067
20260825,Cnorm,./images/train2017/000000147228.jpg,contrast:0.75,1.0462837219238281
20260825,Cnorm,./images/train2017/000000010907.jpg,contrast:0.75,0.9858111143112183
20260825,Cnorm,./images/train2017/000000255093.jpg,contrast:0.75,1.0241270065307617
20260825,Cnorm,./images/train2017/000000155884.jpg,contrast:0.75,0.994343101978302
20260825,Cnorm,./images/train2017/000000200386.jpg,contrast:0.75,1.0264497995376587
20260825,Cnorm,./images/train2017/000000152483.jpg,contrast:0.75,1.0009021759033203
20260825,Cnorm,./images/train2017/000000060992.jpg,contrast:0.75,1.0072497129440308
20260825,Cnorm,./images/train2017/000000431480.jpg,contrast:0.75,0.9493317604064941
20260825,Cnorm,./images/train2017/000000374576.jpg,contrast:0.75,0.9998106956481934
20260825,Cnorm,./images/train2017/000000337342.jpg,contrast:0.75,1.0092023611068726
20260825,Cnorm,./images/train2017/000000476901.jpg,contrast:0.75,0.9979601502418518
20260825,Cnorm,./images/train2017/000000084762.jpg,contrast:0.75,1.0327985286712646
20260825,Cnorm,./images/train2017/000000504259.jpg,contrast:0.5,1.0286288261413574
20260825,Cnorm,./images/train2017/000000107620.jpg,contrast:0.5,1.027523398399353
20260825,Cnorm,./images/train2017/000000560103.jpg,contrast:0.5,1.045807123184204
20260825,Cnorm,./images/train2017/000000325634.jpg,contrast:0.5,0.9230797290802002
20260825,Cnorm,./images/train2017/000000062937.jpg,contrast:0.5,0.9837148189544678
20260825,Cnorm,./images/train2017/000000326290.jpg,contrast:0.5,1.0170695781707764
20260825,Cnorm,./images/train2017/000000560660.jpg,contrast:0.5,0.8809766173362732
20260825,Cnorm,./images/train2017/000000423355.jpg,contrast:0.5,0.9782613515853882
20260825,Cnorm,./images/train2017/000000062311.jpg,contrast:0.5,1.0191528797149658
20260825,Cnorm,./images/train2017/000000075327.jpg,contrast:0.5,1.0287152528762817
20260825,Cnorm,./images/train2017/000000124364.jpg,contrast:0.5,1.0218617916107178
20260825,Cnorm,./images/train2017/000000226957.jpg,contrast:0.5,1.0214000940322876
20260825,Cnorm,./images/train2017/000000026573.jpg,contrast:0.5,1.0304476022720337
20260825,Cnorm,./images/train2017/000000518548.jpg,contrast:0.5,1.0159895420074463
20260825,Cnorm,./images/train2017/000000467766.jpg,contrast:0.5,0.9740622043609619
20260825,Cnorm,./images/train2017/000000146819.jpg,contrast:0.5,0.9927124381065369
20260825,Cnorm,./images/train2017/000000346367.jpg,contrast:0.5,0.9623168706893921
20260825,Cnorm,./images/train2017/000000404710.jpg,contrast:0.5,0.9774423241615295
20260825,Cnorm,./images/train2017/000000028517.jpg,contrast:0.5,0.9959807991981506
20260825,Cnorm,./images/train2017/000000180851.jpg,contrast:0.5,0.9767306447029114
20260825,Cnorm,./images/train2017/000000513585.jpg,contrast:0.5,1.0298497676849365
20260825,Cnorm,./images/train2017/000000123892.jpg,contrast:0.5,0.9975840449333191
20260825,Cnorm,./images/train2017/000000257874.jpg,contrast:0.5,0.9531188011169434
20260825,Cnorm,./images/train2017/000000220376.jpg,contrast:0.5,0.9155777096748352
20260825,Cnorm,./images/train2017/000000219117.jpg,contrast:0.5,1.0475434064865112
20260825,Cnorm,./images/train2017/000000423193.jpg,contrast:0.5,0.9934309720993042
20260825,Cnorm,./images/train2017/000000259793.jpg,contrast:0.5,0.9610588550567627
20260825,Cnorm,./images/train2017/000000465701.jpg,contrast:0.5,1.092030644416809
20260825,Cnorm,./images/train2017/000000054796.jpg,contrast:0.5,0.9839795827865601
20260825,Cnorm,./images/train2017/000000253054.jpg,contrast:0.5,0.995615541934967
20260825,Cnorm,./images/train2017/000000036113.jpg,contrast:0.5,0.9868162274360657
20260825,Cnorm,./images/train2017/000000345711.jpg,contrast:0.5,1.019972562789917
20260825,Cnorm,./images/train2017/000000034340.jpg,contrast:0.5,1.0085854530334473
20260825,Cnorm,./images/train2017/000000456315.jpg,contrast:0.5,1.0075401067733765
20260825,Cnorm,./images/train2017/000000482195.jpg,contrast:0.5,0.9636595249176025
20260825,Cnorm,./images/train2017/000000553660.jpg,contrast:0.5,1.069150447845459
20260825,Cnorm,./images/train2017/000000569500.jpg,contrast:0.5,1.0575950145721436
20260825,Cnorm,./images/train2017/000000027556.jpg,contrast:0.5,1.140917181968689
20260825,Cnorm,./images/train2017/000000534845.jpg,contrast:0.5,0.9849517941474915
20260825,Cnorm,./images/train2017/000000020376.jpg,contrast:0.5,1.0509247779846191
20260825,Cnorm,./images/train2017/000000285998.jpg,contrast:0.5,1.0172734260559082
20260825,Cnorm,./images/train2017/000000284644.jpg,contrast:0.5,0.993790328502655
20260825,Cnorm,./images/train2017/000000319345.jpg,contrast:0.5,1.000628113746643
20260825,Cnorm,./images/train2017/000000082143.jpg,contrast:0.5,0.939713716506958
20260825,Cnorm,./images/train2017/000000414664.jpg,contrast:0.5,0.9855319857597351
20260825,Cnorm,./images/train2017/000000518472.jpg,contrast:0.5,1.016599178314209
20260825,Cnorm,./images/train2017/000000494175.jpg,contrast:0.5,1.055954933166504
20260825,Cnorm,./images/train2017/000000566832.jpg,contrast:0.5,1.022666573524475
20260825,Cnorm,./images/train2017/000000120767.jpg,contrast:0.5,1.0130248069763184
20260825,Cnorm,./images/train2017/000000053448.jpg,contrast:0.5,1.0183675289154053
20260825,Cnorm,./images/train2017/000000181453.jpg,contrast:0.5,1.0444872379302979
20260825,Cnorm,./images/train2017/000000473159.jpg,contrast:0.5,0.9945659041404724
20260825,Cnorm,./images/train2017/000000562943.jpg,contrast:0.5,0.9609079957008362
20260825,Cnorm,./images/train2017/000000237600.jpg,contrast:0.5,1.0926814079284668
20260825,Cnorm,./images/train2017/000000312935.jpg,contrast:0.5,1.0153050422668457
20260825,Cnorm,./images/train2017/000000227736.jpg,contrast:0.5,1.0288547277450562
20260825,Cnorm,./images/train2017/000000371486.jpg,contrast:0.5,0.9974151253700256
20260825,Cnorm,./images/train2017/000000477042.jpg,contrast:0.5,1.0058499574661255
20260825,Cnorm,./images/train2017/000000295358.jpg,contrast:0.5,1.0631121397018433
20260825,Cnorm,./images/train2017/000000204962.jpg,contrast:0.5,0.974542498588562
20260825,Cnorm,./images/train2017/000000077455.jpg,contrast:0.5,1.095428705215454
20260825,Cnorm,./images/train2017/000000022683.jpg,contrast:0.5,0.9998942017555237
20260825,Cnorm,./images/train2017/000000304909.jpg,contrast:0.5,1.0155853033065796
20260825,Cnorm,./images/train2017/000000428943.jpg,contrast:0.5,1.0390568971633911
20260825,Cnorm,./images/train2017/000000081842.jpg,contrast:0.5,1.033827543258667
20260825,Cnorm,./images/train2017/000000264381.jpg,contrast:0.5,1.0374555587768555
20260825,Cnorm,./images/train2017/000000545919.jpg,contrast:0.5,0.9921456575393677
20260825,Cnorm,./images/train2017/000000058089.jpg,contrast:0.5,0.9758776426315308
20260825,Cnorm,./images/train2017/000000386127.jpg,contrast:0.5,0.9770535826683044
20260825,Cnorm,./images/train2017/000000362062.jpg,contrast:0.5,1.0299280881881714
20260825,Cnorm,./images/train2017/000000566855.jpg,contrast:0.5,0.9724892377853394
20260825,Cnorm,./images/train2017/000000355186.jpg,contrast:0.5,1.0006893873214722
20260825,Cnorm,./images/train2017/000000346978.jpg,contrast:0.5,0.9927586317062378
20260825,Cnorm,./images/train2017/000000444496.jpg,contrast:0.5,0.9266483783721924
20260825,Cnorm,./images/train2017/000000335189.jpg,contrast:0.5,0.998232901096344
20260825,Cnorm,./images/train2017/000000495438.jpg,contrast:0.5,1.0186598300933838
20260825,Cnorm,./images/train2017/000000081749.jpg,contrast:0.5,0.9472420811653137
20260825,Cnorm,./images/train2017/000000310258.jpg,contrast:0.5,1.0361582040786743
20260825,Cnorm,./images/train2017/000000379820.jpg,contrast:0.5,1.0439801216125488
20260825,Cnorm,./images/train2017/000000026578.jpg,contrast:0.5,0.9543988704681396
20260825,Cnorm,./images/train2017/000000350969.jpg,contrast:0.5,0.9788298010826111
20260825,Cnorm,./images/train2017/000000377012.jpg,contrast:0.5,1.0414633750915527
20260825,Cnorm,./images/train2017/000000271666.jpg,contrast:0.5,1.1546968221664429
20260825,Cnorm,./images/train2017/000000509933.jpg,contrast:0.5,0.9848840236663818
20260825,Cnorm,./images/train2017/000000248952.jpg,contrast:0.5,1.0221482515335083
20260825,Cnorm,./images/train2017/000000196922.jpg,contrast:0.5,1.0731830596923828
20260825,Cnorm,./images/train2017/000000170327.jpg,contrast:0.5,1.044756531715393
20260825,Cnorm,./images/train2017/000000113839.jpg,contrast:0.5,0.9609084725379944
20260825,Cnorm,./images/train2017/000000282855.jpg,contrast:0.5,1.0246937274932861
20260825,Cnorm,./images/train2017/000000167901.jpg,contrast:0.5,1.1473727226257324
20260825,Cnorm,./images/train2017/000000098631.jpg,contrast:0.5,0.9877630472183228
20260825,Cnorm,./images/train2017/000000312254.jpg,contrast:0.5,0.9679936766624451
20260825,Cnorm,./images/train2017/000000477949.jpg,contrast:0.5,0.9835838079452515
20260825,Cnorm,./images/train2017/000000468133.jpg,contrast:0.5,1.0453577041625977
20260825,Cnorm,./images/train2017/000000213457.jpg,contrast:0.5,1.0360260009765625
20260825,Cnorm,./images/train2017/000000378007.jpg,contrast:0.5,1.0202387571334839
20260825,Cnorm,./images/train2017/000000552744.jpg,contrast:0.5,1.0181798934936523
20260825,Cnorm,./images/train2017/000000193011.jpg,contrast:0.5,0.9688843488693237
20260825,Cnorm,./images/train2017/000000564781.jpg,contrast:0.5,0.9762285351753235
20260825,Cnorm,./images/train2017/000000311401.jpg,contrast:0.5,1.081303596496582
20260825,Cnorm,./images/train2017/000000571078.jpg,contrast:0.5,0.9960710406303406
20260825,Cnorm,./images/train2017/000000463299.jpg,contrast:0.5,1.0472451448440552
20260825,Cnorm,./images/train2017/000000173925.jpg,contrast:0.5,0.9995842576026917
20260825,Cnorm,./images/train2017/000000336843.jpg,contrast:0.5,1.0648571252822876
20260825,Cnorm,./images/train2017/000000395766.jpg,contrast:0.5,1.0154403448104858
20260825,Cnorm,./images/train2017/000000531659.jpg,contrast:0.5,1.0407538414001465
20260825,Cnorm,./images/train2017/000000000110.jpg,contrast:0.5,0.979836106300354
20260825,Cnorm,./images/train2017/000000154801.jpg,contrast:0.5,1.0056407451629639
20260825,Cnorm,./images/train2017/000000564609.jpg,contrast:0.5,0.9862982034683228
20260825,Cnorm,./images/train2017/000000477641.jpg,contrast:0.5,1.0177048444747925
20260825,Cnorm,./images/train2017/000000080123.jpg,contrast:0.5,1.0256561040878296
20260825,Cnorm,./images/train2017/000000362568.jpg,contrast:0.5,1.0061168670654297
20260825,Cnorm,./images/train2017/000000404702.jpg,contrast:0.5,0.9777827858924866
20260825,Cnorm,./images/train2017/000000197005.jpg,contrast:0.5,1.0044054985046387
20260825,Cnorm,./images/train2017/000000124240.jpg,contrast:0.5,0.9821473360061646
20260825,Cnorm,./images/train2017/000000502644.jpg,contrast:0.5,1.0057247877120972
20260825,Cnorm,./images/train2017/000000147228.jpg,contrast:0.5,1.0614769458770752
20260825,Cnorm,./images/train2017/000000010907.jpg,contrast:0.5,1.0179965496063232
20260825,Cnorm,./images/train2017/000000255093.jpg,contrast:0.5,0.994730532169342
20260825,Cnorm,./images/train2017/000000155884.jpg,contrast:0.5,1.0225402116775513
20260825,Cnorm,./images/train2017/000000200386.jpg,contrast:0.5,1.0242936611175537
20260825,Cnorm,./images/train2017/000000152483.jpg,contrast:0.5,1.0121474266052246
20260825,Cnorm,./images/train2017/000000060992.jpg,contrast:0.5,1.0362930297851562
20260825,Cnorm,./images/train2017/000000431480.jpg,contrast:0.5,1.0016953945159912
20260825,Cnorm,./images/train2017/000000374576.jpg,contrast:0.5,1.0360122919082642
20260825,Cnorm,./images/train2017/000000337342.jpg,contrast:0.5,1.0076936483383179
20260825,Cnorm,./images/train2017/000000476901.jpg,contrast:0.5,0.9922932386398315
20260825,Cnorm,./images/train2017/000000084762.jpg,contrast:0.5,1.0407090187072754
20260825,Cnorm,./images/train2017/000000504259.jpg,gaussian_blur:1.0,1.0842951536178589
20260825,Cnorm,./images/train2017/000000107620.jpg,gaussian_blur:1.0,1.00728440284729
20260825,Cnorm,./images/train2017/000000560103.jpg,gaussian_blur:1.0,1.025490164756775
20260825,Cnorm,./images/train2017/000000325634.jpg,gaussian_blur:1.0,1.004132866859436
20260825,Cnorm,./images/train2017/000000062937.jpg,gaussian_blur:1.0,1.012778401374817
20260825,Cnorm,./images/train2017/000000326290.jpg,gaussian_blur:1.0,1.0026100873947144
20260825,Cnorm,./images/train2017/000000560660.jpg,gaussian_blur:1.0,1.0336965322494507
20260825,Cnorm,./images/train2017/000000423355.jpg,gaussian_blur:1.0,0.987278163433075
20260825,Cnorm,./images/train2017/000000062311.jpg,gaussian_blur:1.0,0.9779430627822876
20260825,Cnorm,./images/train2017/000000075327.jpg,gaussian_blur:1.0,1.0066689252853394
20260825,Cnorm,./images/train2017/000000124364.jpg,gaussian_blur:1.0,0.9688286781311035
20260825,Cnorm,./images/train2017/000000226957.jpg,gaussian_blur:1.0,0.9641810655593872
20260825,Cnorm,./images/train2017/000000026573.jpg,gaussian_blur:1.0,1.041795253753662
20260825,Cnorm,./images/train2017/000000518548.jpg,gaussian_blur:1.0,1.1241189241409302
20260825,Cnorm,./images/train2017/000000467766.jpg,gaussian_blur:1.0,0.9150175452232361
20260825,Cnorm,./images/train2017/000000146819.jpg,gaussian_blur:1.0,0.9839328527450562
20260825,Cnorm,./images/train2017/000000346367.jpg,gaussian_blur:1.0,1.0492639541625977
20260825,Cnorm,./images/train2017/000000404710.jpg,gaussian_blur:1.0,1.005367636680603
20260825,Cnorm,./images/train2017/000000028517.jpg,gaussian_blur:1.0,1.0351128578186035
20260825,Cnorm,./images/train2017/000000180851.jpg,gaussian_blur:1.0,0.9951033592224121
20260825,Cnorm,./images/train2017/000000513585.jpg,gaussian_blur:1.0,1.0563530921936035
20260825,Cnorm,./images/train2017/000000123892.jpg,gaussian_blur:1.0,1.0097061395645142
20260825,Cnorm,./images/train2017/000000257874.jpg,gaussian_blur:1.0,1.062172293663025
20260825,Cnorm,./images/train2017/000000220376.jpg,gaussian_blur:1.0,1.0194201469421387
20260825,Cnorm,./images/train2017/000000219117.jpg,gaussian_blur:1.0,1.0238903760910034
20260825,Cnorm,./images/train2017/000000423193.jpg,gaussian_blur:1.0,1.0035560131072998
20260825,Cnorm,./images/train2017/000000259793.jpg,gaussian_blur:1.0,0.9998838305473328
20260825,Cnorm,./images/train2017/000000465701.jpg,gaussian_blur:1.0,1.0965096950531006
20260825,Cnorm,./images/train2017/000000054796.jpg,gaussian_blur:1.0,0.9747980237007141
20260825,Cnorm,./images/train2017/000000253054.jpg,gaussian_blur:1.0,0.9815824627876282
20260825,Cnorm,./images/train2017/000000036113.jpg,gaussian_blur:1.0,1.0938670635223389
20260825,Cnorm,./images/train2017/000000345711.jpg,gaussian_blur:1.0,1.010588526725769
20260825,Cnorm,./images/train2017/000000034340.jpg,gaussian_blur:1.0,0.9917438626289368
20260825,Cnorm,./images/train2017/000000456315.jpg,gaussian_blur:1.0,1.0501015186309814
20260825,Cnorm,./images/train2017/000000482195.jpg,gaussian_blur:1.0,1.0648362636566162
20260825,Cnorm,./images/train2017/000000553660.jpg,gaussian_blur:1.0,1.0006506443023682
20260825,Cnorm,./images/train2017/000000569500.jpg,gaussian_blur:1.0,1.0381666421890259
20260825,Cnorm,./images/train2017/000000027556.jpg,gaussian_blur:1.0,1.0718544721603394
20260825,Cnorm,./images/train2017/000000534845.jpg,gaussian_blur:1.0,0.9843711853027344
20260825,Cnorm,./images/train2017/000000020376.jpg,gaussian_blur:1.0,1.0678961277008057
20260825,Cnorm,./images/train2017/000000285998.jpg,gaussian_blur:1.0,1.027359962463379
20260825,Cnorm,./images/train2017/000000284644.jpg,gaussian_blur:1.0,0.983555018901825
20260825,Cnorm,./images/train2017/000000319345.jpg,gaussian_blur:1.0,0.9809403419494629
20260825,Cnorm,./images/train2017/000000082143.jpg,gaussian_blur:1.0,0.9458865523338318
20260825,Cnorm,./images/train2017/000000414664.jpg,gaussian_blur:1.0,0.9865586161613464
20260825,Cnorm,./images/train2017/000000518472.jpg,gaussian_blur:1.0,1.0261931419372559
20260825,Cnorm,./images/train2017/000000494175.jpg,gaussian_blur:1.0,1.068215012550354
20260825,Cnorm,./images/train2017/000000566832.jpg,gaussian_blur:1.0,0.9726901054382324
20260825,Cnorm,./images/train2017/000000120767.jpg,gaussian_blur:1.0,1.0376536846160889
20260825,Cnorm,./images/train2017/000000053448.jpg,gaussian_blur:1.0,1.0218755006790161
20260825,Cnorm,./images/train2017/000000181453.jpg,gaussian_blur:1.0,0.9087374806404114
20260825,Cnorm,./images/train2017/000000473159.jpg,gaussian_blur:1.0,0.9919151067733765
20260825,Cnorm,./images/train2017/000000562943.jpg,gaussian_blur:1.0,1.0157889127731323
20260825,Cnorm,./images/train2017/000000237600.jpg,gaussian_blur:1.0,1.0425074100494385
20260825,Cnorm,./images/train2017/000000312935.jpg,gaussian_blur:1.0,0.9913132786750793
20260825,Cnorm,./images/train2017/000000227736.jpg,gaussian_blur:1.0,1.0169090032577515
20260825,Cnorm,./images/train2017/000000371486.jpg,gaussian_blur:1.0,1.0217154026031494
20260825,Cnorm,./images/train2017/000000477042.jpg,gaussian_blur:1.0,0.9810770750045776
20260825,Cnorm,./images/train2017/000000295358.jpg,gaussian_blur:1.0,1.0460227727890015
20260825,Cnorm,./images/train2017/000000204962.jpg,gaussian_blur:1.0,1.0313800573349
20260825,Cnorm,./images/train2017/000000077455.jpg,gaussian_blur:1.0,1.0834869146347046
20260825,Cnorm,./images/train2017/000000022683.jpg,gaussian_blur:1.0,0.9597868323326111
20260825,Cnorm,./images/train2017/000000304909.jpg,gaussian_blur:1.0,0.9737822413444519
20260825,Cnorm,./images/train2017/000000428943.jpg,gaussian_blur:1.0,1.0145124197006226
20260825,Cnorm,./images/train2017/000000081842.jpg,gaussian_blur:1.0,1.0725500583648682
20260825,Cnorm,./images/train2017/000000264381.jpg,gaussian_blur:1.0,1.030030608177185
20260825,Cnorm,./images/train2017/000000545919.jpg,gaussian_blur:1.0,0.9855215549468994
20260825,Cnorm,./images/train2017/000000058089.jpg,gaussian_blur:1.0,1.0247050523757935
20260825,Cnorm,./images/train2017/000000386127.jpg,gaussian_blur:1.0,0.9526635408401489
20260825,Cnorm,./images/train2017/000000362062.jpg,gaussian_blur:1.0,0.9735668897628784
20260825,Cnorm,./images/train2017/000000566855.jpg,gaussian_blur:1.0,0.991507351398468
20260825,Cnorm,./images/train2017/000000355186.jpg,gaussian_blur:1.0,1.019516944885254
20260825,Cnorm,./images/train2017/000000346978.jpg,gaussian_blur:1.0,1.0453444719314575
20260825,Cnorm,./images/train2017/000000444496.jpg,gaussian_blur:1.0,1.0886191129684448
20260825,Cnorm,./images/train2017/000000335189.jpg,gaussian_blur:1.0,1.0014111995697021
20260825,Cnorm,./images/train2017/000000495438.jpg,gaussian_blur:1.0,1.0067424774169922
20260825,Cnorm,./images/train2017/000000081749.jpg,gaussian_blur:1.0,1.0308876037597656
20260825,Cnorm,./images/train2017/000000310258.jpg,gaussian_blur:1.0,0.9829385876655579
20260825,Cnorm,./images/train2017/000000379820.jpg,gaussian_blur:1.0,1.0212773084640503
20260825,Cnorm,./images/train2017/000000026578.jpg,gaussian_blur:1.0,1.01132333278656
20260825,Cnorm,./images/train2017/000000350969.jpg,gaussian_blur:1.0,1.1071367263793945
20260825,Cnorm,./images/train2017/000000377012.jpg,gaussian_blur:1.0,1.0128352642059326
20260825,Cnorm,./images/train2017/000000271666.jpg,gaussian_blur:1.0,1.1037728786468506
20260825,Cnorm,./images/train2017/000000509933.jpg,gaussian_blur:1.0,1.0006641149520874
20260825,Cnorm,./images/train2017/000000248952.jpg,gaussian_blur:1.0,1.081452488899231
20260825,Cnorm,./images/train2017/000000196922.jpg,gaussian_blur:1.0,1.022052526473999
20260825,Cnorm,./images/train2017/000000170327.jpg,gaussian_blur:1.0,1.0890834331512451
20260825,Cnorm,./images/train2017/000000113839.jpg,gaussian_blur:1.0,0.8797532320022583
20260825,Cnorm,./images/train2017/000000282855.jpg,gaussian_blur:1.0,1.0109647512435913
20260825,Cnorm,./images/train2017/000000167901.jpg,gaussian_blur:1.0,0.9942347407341003
20260825,Cnorm,./images/train2017/000000098631.jpg,gaussian_blur:1.0,1.057124137878418
20260825,Cnorm,./images/train2017/000000312254.jpg,gaussian_blur:1.0,1.0508506298065186
20260825,Cnorm,./images/train2017/000000477949.jpg,gaussian_blur:1.0,1.0159623622894287
20260825,Cnorm,./images/train2017/000000468133.jpg,gaussian_blur:1.0,1.0419658422470093
20260825,Cnorm,./images/train2017/000000213457.jpg,gaussian_blur:1.0,0.968172013759613
20260825,Cnorm,./images/train2017/000000378007.jpg,gaussian_blur:1.0,1.0173362493515015
20260825,Cnorm,./images/train2017/000000552744.jpg,gaussian_blur:1.0,1.035032868385315
20260825,Cnorm,./images/train2017/000000193011.jpg,gaussian_blur:1.0,1.0257213115692139
20260825,Cnorm,./images/train2017/000000564781.jpg,gaussian_blur:1.0,0.9873070120811462
20260825,Cnorm,./images/train2017/000000311401.jpg,gaussian_blur:1.0,0.9996417760848999
20260825,Cnorm,./images/train2017/000000571078.jpg,gaussian_blur:1.0,1.028703212738037
20260825,Cnorm,./images/train2017/000000463299.jpg,gaussian_blur:1.0,1.0317598581314087
20260825,Cnorm,./images/train2017/000000173925.jpg,gaussian_blur:1.0,1.1169319152832031
20260825,Cnorm,./images/train2017/000000336843.jpg,gaussian_blur:1.0,1.0241292715072632
20260825,Cnorm,./images/train2017/000000395766.jpg,gaussian_blur:1.0,1.0337446928024292
20260825,Cnorm,./images/train2017/000000531659.jpg,gaussian_blur:1.0,0.9819868803024292
20260825,Cnorm,./images/train2017/000000000110.jpg,gaussian_blur:1.0,0.9993005990982056
20260825,Cnorm,./images/train2017/000000154801.jpg,gaussian_blur:1.0,1.0127872228622437
20260825,Cnorm,./images/train2017/000000564609.jpg,gaussian_blur:1.0,1.0256824493408203
20260825,Cnorm,./images/train2017/000000477641.jpg,gaussian_blur:1.0,1.0707972049713135
20260825,Cnorm,./images/train2017/000000080123.jpg,gaussian_blur:1.0,1.0271433591842651
20260825,Cnorm,./images/train2017/000000362568.jpg,gaussian_blur:1.0,0.9868314266204834
20260825,Cnorm,./images/train2017/000000404702.jpg,gaussian_blur:1.0,1.0413800477981567
20260825,Cnorm,./images/train2017/000000197005.jpg,gaussian_blur:1.0,0.9614802598953247
20260825,Cnorm,./images/train2017/000000124240.jpg,gaussian_blur:1.0,0.9740319848060608
20260825,Cnorm,./images/train2017/000000502644.jpg,gaussian_blur:1.0,0.9804441928863525
20260825,Cnorm,./images/train2017/000000147228.jpg,gaussian_blur:1.0,0.9831331968307495
20260825,Cnorm,./images/train2017/000000010907.jpg,gaussian_blur:1.0,1.0735141038894653
20260825,Cnorm,./images/train2017/000000255093.jpg,gaussian_blur:1.0,1.0079126358032227
20260825,Cnorm,./images/train2017/000000155884.jpg,gaussian_blur:1.0,1.013160228729248
20260825,Cnorm,./images/train2017/000000200386.jpg,gaussian_blur:1.0,1.0084391832351685
20260825,Cnorm,./images/train2017/000000152483.jpg,gaussian_blur:1.0,0.9730685949325562
20260825,Cnorm,./images/train2017/000000060992.jpg,gaussian_blur:1.0,1.0444027185440063
20260825,Cnorm,./images/train2017/000000431480.jpg,gaussian_blur:1.0,1.130708932876587
20260825,Cnorm,./images/train2017/000000374576.jpg,gaussian_blur:1.0,1.1026763916015625
20260825,Cnorm,./images/train2017/000000337342.jpg,gaussian_blur:1.0,1.0699772834777832
20260825,Cnorm,./images/train2017/000000476901.jpg,gaussian_blur:1.0,1.0168873071670532
20260825,Cnorm,./images/train2017/000000084762.jpg,gaussian_blur:1.0,1.0313358306884766
20260825,Cnorm,./images/train2017/000000504259.jpg,gaussian_blur:2.0,0.9516857862472534
20260825,Cnorm,./images/train2017/000000107620.jpg,gaussian_blur:2.0,0.9046990275382996
20260825,Cnorm,./images/train2017/000000560103.jpg,gaussian_blur:2.0,0.9649694561958313
20260825,Cnorm,./images/train2017/000000325634.jpg,gaussian_blur:2.0,0.9195911288261414
20260825,Cnorm,./images/train2017/000000062937.jpg,gaussian_blur:2.0,1.0069862604141235
20260825,Cnorm,./images/train2017/000000326290.jpg,gaussian_blur:2.0,0.9766684770584106
20260825,Cnorm,./images/train2017/000000560660.jpg,gaussian_blur:2.0,1.0127050876617432
20260825,Cnorm,./images/train2017/000000423355.jpg,gaussian_blur:2.0,0.9704811573028564
20260825,Cnorm,./images/train2017/000000062311.jpg,gaussian_blur:2.0,0.9364328980445862
20260825,Cnorm,./images/train2017/000000075327.jpg,gaussian_blur:2.0,0.9349469542503357
20260825,Cnorm,./images/train2017/000000124364.jpg,gaussian_blur:2.0,0.9707241654396057
20260825,Cnorm,./images/train2017/000000226957.jpg,gaussian_blur:2.0,0.9904512763023376
20260825,Cnorm,./images/train2017/000000026573.jpg,gaussian_blur:2.0,1.015217900276184
20260825,Cnorm,./images/train2017/000000518548.jpg,gaussian_blur:2.0,1.0684151649475098
20260825,Cnorm,./images/train2017/000000467766.jpg,gaussian_blur:2.0,1.061501383781433
20260825,Cnorm,./images/train2017/000000146819.jpg,gaussian_blur:2.0,0.9777522683143616
20260825,Cnorm,./images/train2017/000000346367.jpg,gaussian_blur:2.0,0.9629590511322021
20260825,Cnorm,./images/train2017/000000404710.jpg,gaussian_blur:2.0,1.0164729356765747
20260825,Cnorm,./images/train2017/000000028517.jpg,gaussian_blur:2.0,1.0436629056930542
20260825,Cnorm,./images/train2017/000000180851.jpg,gaussian_blur:2.0,1.0052739381790161
20260825,Cnorm,./images/train2017/000000513585.jpg,gaussian_blur:2.0,0.9610084295272827
20260825,Cnorm,./images/train2017/000000123892.jpg,gaussian_blur:2.0,0.9512079954147339
20260825,Cnorm,./images/train2017/000000257874.jpg,gaussian_blur:2.0,0.972016453742981
20260825,Cnorm,./images/train2017/000000220376.jpg,gaussian_blur:2.0,1.038017749786377
20260825,Cnorm,./images/train2017/000000219117.jpg,gaussian_blur:2.0,1.0157173871994019
20260825,Cnorm,./images/train2017/000000423193.jpg,gaussian_blur:2.0,1.0318293571472168
20260825,Cnorm,./images/train2017/000000259793.jpg,gaussian_blur:2.0,0.9258005619049072
20260825,Cnorm,./images/train2017/000000465701.jpg,gaussian_blur:2.0,1.0179293155670166
20260825,Cnorm,./images/train2017/000000054796.jpg,gaussian_blur:2.0,0.92917400598526
20260825,Cnorm,./images/train2017/000000253054.jpg,gaussian_blur:2.0,0.9070581793785095
20260825,Cnorm,./images/train2017/000000036113.jpg,gaussian_blur:2.0,1.0911924839019775
20260825,Cnorm,./images/train2017/000000345711.jpg,gaussian_blur:2.0,1.010920524597168
20260825,Cnorm,./images/train2017/000000034340.jpg,gaussian_blur:2.0,1.0383883714675903
20260825,Cnorm,./images/train2017/000000456315.jpg,gaussian_blur:2.0,0.9923757910728455
20260825,Cnorm,./images/train2017/000000482195.jpg,gaussian_blur:2.0,1.028456211090088
20260825,Cnorm,./images/train2017/000000553660.jpg,gaussian_blur:2.0,0.9920874238014221
20260825,Cnorm,./images/train2017/000000569500.jpg,gaussian_blur:2.0,0.9648250937461853
20260825,Cnorm,./images/train2017/000000027556.jpg,gaussian_blur:2.0,0.9677355289459229
20260825,Cnorm,./images/train2017/000000534845.jpg,gaussian_blur:2.0,0.9972259402275085
20260825,Cnorm,./images/train2017/000000020376.jpg,gaussian_blur:2.0,1.0371865034103394
20260825,Cnorm,./images/train2017/000000285998.jpg,gaussian_blur:2.0,0.9418444037437439
20260825,Cnorm,./images/train2017/000000284644.jpg,gaussian_blur:2.0,0.9171894788742065
20260825,Cnorm,./images/train2017/000000319345.jpg,gaussian_blur:2.0,0.8938406705856323
20260825,Cnorm,./images/train2017/000000082143.jpg,gaussian_blur:2.0,0.9674898386001587
20260825,Cnorm,./images/train2017/000000414664.jpg,gaussian_blur:2.0,0.9629330635070801
20260825,Cnorm,./images/train2017/000000518472.jpg,gaussian_blur:2.0,1.0036877393722534
20260825,Cnorm,./images/train2017/000000494175.jpg,gaussian_blur:2.0,1.0213217735290527
20260825,Cnorm,./images/train2017/000000566832.jpg,gaussian_blur:2.0,0.9154191017150879
20260825,Cnorm,./images/train2017/000000120767.jpg,gaussian_blur:2.0,0.9855344295501709
20260825,Cnorm,./images/train2017/000000053448.jpg,gaussian_blur:2.0,0.8849442601203918
20260825,Cnorm,./images/train2017/000000181453.jpg,gaussian_blur:2.0,0.9111995697021484
20260825,Cnorm,./images/train2017/000000473159.jpg,gaussian_blur:2.0,0.9994357228279114
20260825,Cnorm,./images/train2017/000000562943.jpg,gaussian_blur:2.0,1.0934357643127441
20260825,Cnorm,./images/train2017/000000237600.jpg,gaussian_blur:2.0,1.0168672800064087
20260825,Cnorm,./images/train2017/000000312935.jpg,gaussian_blur:2.0,0.8983660936355591
20260825,Cnorm,./images/train2017/000000227736.jpg,gaussian_blur:2.0,1.1351457834243774
20260825,Cnorm,./images/train2017/000000371486.jpg,gaussian_blur:2.0,0.9827873706817627
20260825,Cnorm,./images/train2017/000000477042.jpg,gaussian_blur:2.0,1.0147901773452759
20260825,Cnorm,./images/train2017/000000295358.jpg,gaussian_blur:2.0,1.0061582326889038
20260825,Cnorm,./images/train2017/000000204962.jpg,gaussian_blur:2.0,1.0173232555389404
20260825,Cnorm,./images/train2017/000000077455.jpg,gaussian_blur:2.0,1.0895944833755493
20260825,Cnorm,./images/train2017/000000022683.jpg,gaussian_blur:2.0,0.9969326257705688
20260825,Cnorm,./images/train2017/000000304909.jpg,gaussian_blur:2.0,0.9958623647689819
20260825,Cnorm,./images/train2017/000000428943.jpg,gaussian_blur:2.0,1.0189268589019775
20260825,Cnorm,./images/train2017/000000081842.jpg,gaussian_blur:2.0,1.0267423391342163
20260825,Cnorm,./images/train2017/000000264381.jpg,gaussian_blur:2.0,1.0120457410812378
20260825,Cnorm,./images/train2017/000000545919.jpg,gaussian_blur:2.0,0.997199535369873
20260825,Cnorm,./images/train2017/000000058089.jpg,gaussian_blur:2.0,0.9579669833183289
20260825,Cnorm,./images/train2017/000000386127.jpg,gaussian_blur:2.0,0.942131757736206
20260825,Cnorm,./images/train2017/000000362062.jpg,gaussian_blur:2.0,1.0282080173492432
20260825,Cnorm,./images/train2017/000000566855.jpg,gaussian_blur:2.0,0.8868715167045593
20260825,Cnorm,./images/train2017/000000355186.jpg,gaussian_blur:2.0,0.9247899651527405
20260825,Cnorm,./images/train2017/000000346978.jpg,gaussian_blur:2.0,0.9742979407310486
20260825,Cnorm,./images/train2017/000000444496.jpg,gaussian_blur:2.0,1.0679184198379517
20260825,Cnorm,./images/train2017/000000335189.jpg,gaussian_blur:2.0,0.9821596741676331
20260825,Cnorm,./images/train2017/000000495438.jpg,gaussian_blur:2.0,0.9770296216011047
20260825,Cnorm,./images/train2017/000000081749.jpg,gaussian_blur:2.0,1.0713226795196533
20260825,Cnorm,./images/train2017/000000310258.jpg,gaussian_blur:2.0,1.0351790189743042
20260825,Cnorm,./images/train2017/000000379820.jpg,gaussian_blur:2.0,0.9374511241912842
20260825,Cnorm,./images/train2017/000000026578.jpg,gaussian_blur:2.0,0.9938634037971497
20260825,Cnorm,./images/train2017/000000350969.jpg,gaussian_blur:2.0,1.0343669652938843
20260825,Cnorm,./images/train2017/000000377012.jpg,gaussian_blur:2.0,1.0389916896820068
20260825,Cnorm,./images/train2017/000000271666.jpg,gaussian_blur:2.0,1.0975890159606934
20260825,Cnorm,./images/train2017/000000509933.jpg,gaussian_blur:2.0,0.9945784211158752
20260825,Cnorm,./images/train2017/000000248952.jpg,gaussian_blur:2.0,1.048453450202942
20260825,Cnorm,./images/train2017/000000196922.jpg,gaussian_blur:2.0,1.0426864624023438
20260825,Cnorm,./images/train2017/000000170327.jpg,gaussian_blur:2.0,1.0647858381271362
20260825,Cnorm,./images/train2017/000000113839.jpg,gaussian_blur:2.0,0.8454664349555969
20260825,Cnorm,./images/train2017/000000282855.jpg,gaussian_blur:2.0,0.9266121983528137
20260825,Cnorm,./images/train2017/000000167901.jpg,gaussian_blur:2.0,1.0625063180923462
20260825,Cnorm,./images/train2017/000000098631.jpg,gaussian_blur:2.0,1.036755919456482
20260825,Cnorm,./images/train2017/000000312254.jpg,gaussian_blur:2.0,1.0779622793197632
20260825,Cnorm,./images/train2017/000000477949.jpg,gaussian_blur:2.0,1.0044194459915161
20260825,Cnorm,./images/train2017/000000468133.jpg,gaussian_blur:2.0,1.0433566570281982
20260825,Cnorm,./images/train2017/000000213457.jpg,gaussian_blur:2.0,0.9471521973609924
20260825,Cnorm,./images/train2017/000000378007.jpg,gaussian_blur:2.0,1.0545822381973267
20260825,Cnorm,./images/train2017/000000552744.jpg,gaussian_blur:2.0,0.9993953704833984
20260825,Cnorm,./images/train2017/000000193011.jpg,gaussian_blur:2.0,1.0719050168991089
20260825,Cnorm,./images/train2017/000000564781.jpg,gaussian_blur:2.0,0.99620121717453
20260825,Cnorm,./images/train2017/000000311401.jpg,gaussian_blur:2.0,0.9858444333076477
20260825,Cnorm,./images/train2017/000000571078.jpg,gaussian_blur:2.0,0.982954204082489
20260825,Cnorm,./images/train2017/000000463299.jpg,gaussian_blur:2.0,0.9284999370574951
20260825,Cnorm,./images/train2017/000000173925.jpg,gaussian_blur:2.0,1.031751036643982
20260825,Cnorm,./images/train2017/000000336843.jpg,gaussian_blur:2.0,0.9459412097930908
20260825,Cnorm,./images/train2017/000000395766.jpg,gaussian_blur:2.0,0.9851136803627014
20260825,Cnorm,./images/train2017/000000531659.jpg,gaussian_blur:2.0,1.0404998064041138
20260825,Cnorm,./images/train2017/000000000110.jpg,gaussian_blur:2.0,0.9179759621620178
20260825,Cnorm,./images/train2017/000000154801.jpg,gaussian_blur:2.0,0.964043140411377
20260825,Cnorm,./images/train2017/000000564609.jpg,gaussian_blur:2.0,1.0256540775299072
20260825,Cnorm,./images/train2017/000000477641.jpg,gaussian_blur:2.0,0.9900710582733154
20260825,Cnorm,./images/train2017/000000080123.jpg,gaussian_blur:2.0,1.0176126956939697
20260825,Cnorm,./images/train2017/000000362568.jpg,gaussian_blur:2.0,1.0101935863494873
20260825,Cnorm,./images/train2017/000000404702.jpg,gaussian_blur:2.0,1.0307115316390991
20260825,Cnorm,./images/train2017/000000197005.jpg,gaussian_blur:2.0,0.9595658183097839
20260825,Cnorm,./images/train2017/000000124240.jpg,gaussian_blur:2.0,1.0155047178268433
20260825,Cnorm,./images/train2017/000000502644.jpg,gaussian_blur:2.0,0.8826395273208618
20260825,Cnorm,./images/train2017/000000147228.jpg,gaussian_blur:2.0,0.9955064654350281
20260825,Cnorm,./images/train2017/000000010907.jpg,gaussian_blur:2.0,1.060680627822876
20260825,Cnorm,./images/train2017/000000255093.jpg,gaussian_blur:2.0,0.9618600606918335
20260825,Cnorm,./images/train2017/000000155884.jpg,gaussian_blur:2.0,0.9440059065818787
20260825,Cnorm,./images/train2017/000000200386.jpg,gaussian_blur:2.0,1.0049439668655396
20260825,Cnorm,./images/train2017/000000152483.jpg,gaussian_blur:2.0,1.0234131813049316
20260825,Cnorm,./images/train2017/000000060992.jpg,gaussian_blur:2.0,0.9817333221435547
20260825,Cnorm,./images/train2017/000000431480.jpg,gaussian_blur:2.0,1.0577183961868286
20260825,Cnorm,./images/train2017/000000374576.jpg,gaussian_blur:2.0,1.056898832321167
20260825,Cnorm,./images/train2017/000000337342.jpg,gaussian_blur:2.0,1.0275613069534302
20260825,Cnorm,./images/train2017/000000476901.jpg,gaussian_blur:2.0,0.9940937161445618
20260825,Cnorm,./images/train2017/000000084762.jpg,gaussian_blur:2.0,0.9825661778450012
20260825,Cnorm,./images/train2017/000000504259.jpg,gaussian_noise:0.03,1.0519205331802368
20260825,Cnorm,./images/train2017/000000107620.jpg,gaussian_noise:0.03,1.1742314100265503
20260825,Cnorm,./images/train2017/000000560103.jpg,gaussian_noise:0.03,1.2008510828018188
20260825,Cnorm,./images/train2017/000000325634.jpg,gaussian_noise:0.03,1.1516364812850952
20260825,Cnorm,./images/train2017/000000062937.jpg,gaussian_noise:0.03,1.1731551885604858
20260825,Cnorm,./images/train2017/000000326290.jpg,gaussian_noise:0.03,1.0848420858383179
20260825,Cnorm,./images/train2017/000000560660.jpg,gaussian_noise:0.03,1.129500389099121
20260825,Cnorm,./images/train2017/000000423355.jpg,gaussian_noise:0.03,1.2537777423858643
20260825,Cnorm,./images/train2017/000000062311.jpg,gaussian_noise:0.03,1.1440153121948242
20260825,Cnorm,./images/train2017/000000075327.jpg,gaussian_noise:0.03,1.0646231174468994
20260825,Cnorm,./images/train2017/000000124364.jpg,gaussian_noise:0.03,1.2763606309890747
20260825,Cnorm,./images/train2017/000000226957.jpg,gaussian_noise:0.03,1.1471699476242065
20260825,Cnorm,./images/train2017/000000026573.jpg,gaussian_noise:0.03,1.1399224996566772
20260825,Cnorm,./images/train2017/000000518548.jpg,gaussian_noise:0.03,1.0611945390701294
20260825,Cnorm,./images/train2017/000000467766.jpg,gaussian_noise:0.03,1.1072736978530884
20260825,Cnorm,./images/train2017/000000146819.jpg,gaussian_noise:0.03,1.166789174079895
20260825,Cnorm,./images/train2017/000000346367.jpg,gaussian_noise:0.03,1.124772548675537
20260825,Cnorm,./images/train2017/000000404710.jpg,gaussian_noise:0.03,1.1451466083526611
20260825,Cnorm,./images/train2017/000000028517.jpg,gaussian_noise:0.03,1.1341526508331299
20260825,Cnorm,./images/train2017/000000180851.jpg,gaussian_noise:0.03,1.1247738599777222
20260825,Cnorm,./images/train2017/000000513585.jpg,gaussian_noise:0.03,1.2022793292999268
20260825,Cnorm,./images/train2017/000000123892.jpg,gaussian_noise:0.03,1.1329759359359741
20260825,Cnorm,./images/train2017/000000257874.jpg,gaussian_noise:0.03,1.2611582279205322
20260825,Cnorm,./images/train2017/000000220376.jpg,gaussian_noise:0.03,1.1321098804473877
20260825,Cnorm,./images/train2017/000000219117.jpg,gaussian_noise:0.03,1.2376548051834106
20260825,Cnorm,./images/train2017/000000423193.jpg,gaussian_noise:0.03,1.0549885034561157
20260825,Cnorm,./images/train2017/000000259793.jpg,gaussian_noise:0.03,1.1628082990646362
20260825,Cnorm,./images/train2017/000000465701.jpg,gaussian_noise:0.03,1.1354968547821045
20260825,Cnorm,./images/train2017/000000054796.jpg,gaussian_noise:0.03,1.2078638076782227
20260825,Cnorm,./images/train2017/000000253054.jpg,gaussian_noise:0.03,1.177858829498291
20260825,Cnorm,./images/train2017/000000036113.jpg,gaussian_noise:0.03,1.1168493032455444
20260825,Cnorm,./images/train2017/000000345711.jpg,gaussian_noise:0.03,1.0350048542022705
20260825,Cnorm,./images/train2017/000000034340.jpg,gaussian_noise:0.03,1.1808640956878662
20260825,Cnorm,./images/train2017/000000456315.jpg,gaussian_noise:0.03,1.2326878309249878
20260825,Cnorm,./images/train2017/000000482195.jpg,gaussian_noise:0.03,1.2682759761810303
20260825,Cnorm,./images/train2017/000000553660.jpg,gaussian_noise:0.03,1.1330597400665283
20260825,Cnorm,./images/train2017/000000569500.jpg,gaussian_noise:0.03,1.125784993171692
20260825,Cnorm,./images/train2017/000000027556.jpg,gaussian_noise:0.03,1.1121553182601929
20260825,Cnorm,./images/train2017/000000534845.jpg,gaussian_noise:0.03,1.0004024505615234
20260825,Cnorm,./images/train2017/000000020376.jpg,gaussian_noise:0.03,1.10837984085083
20260825,Cnorm,./images/train2017/000000285998.jpg,gaussian_noise:0.03,1.269309639930725
20260825,Cnorm,./images/train2017/000000284644.jpg,gaussian_noise:0.03,1.1708004474639893
20260825,Cnorm,./images/train2017/000000319345.jpg,gaussian_noise:0.03,1.1915549039840698
20260825,Cnorm,./images/train2017/000000082143.jpg,gaussian_noise:0.03,1.1291282176971436
20260825,Cnorm,./images/train2017/000000414664.jpg,gaussian_noise:0.03,0.9926592111587524
20260825,Cnorm,./images/train2017/000000518472.jpg,gaussian_noise:0.03,1.2201945781707764
20260825,Cnorm,./images/train2017/000000494175.jpg,gaussian_noise:0.03,1.2861919403076172
20260825,Cnorm,./images/train2017/000000566832.jpg,gaussian_noise:0.03,1.105492353439331
20260825,Cnorm,./images/train2017/000000120767.jpg,gaussian_noise:0.03,1.2223751544952393
20260825,Cnorm,./images/train2017/000000053448.jpg,gaussian_noise:0.03,1.1368911266326904
20260825,Cnorm,./images/train2017/000000181453.jpg,gaussian_noise:0.03,1.159883975982666
20260825,Cnorm,./images/train2017/000000473159.jpg,gaussian_noise:0.03,1.0148777961730957
20260825,Cnorm,./images/train2017/000000562943.jpg,gaussian_noise:0.03,0.8674015998840332
20260825,Cnorm,./images/train2017/000000237600.jpg,gaussian_noise:0.03,1.1583524942398071
20260825,Cnorm,./images/train2017/000000312935.jpg,gaussian_noise:0.03,1.1030075550079346
20260825,Cnorm,./images/train2017/000000227736.jpg,gaussian_noise:0.03,1.1392583847045898
20260825,Cnorm,./images/train2017/000000371486.jpg,gaussian_noise:0.03,1.1137940883636475
20260825,Cnorm,./images/train2017/000000477042.jpg,gaussian_noise:0.03,1.1969802379608154
20260825,Cnorm,./images/train2017/000000295358.jpg,gaussian_noise:0.03,1.1345572471618652
20260825,Cnorm,./images/train2017/000000204962.jpg,gaussian_noise:0.03,1.2154052257537842
20260825,Cnorm,./images/train2017/000000077455.jpg,gaussian_noise:0.03,0.9358678460121155
20260825,Cnorm,./images/train2017/000000022683.jpg,gaussian_noise:0.03,1.2109192609786987
20260825,Cnorm,./images/train2017/000000304909.jpg,gaussian_noise:0.03,1.0252487659454346
20260825,Cnorm,./images/train2017/000000428943.jpg,gaussian_noise:0.03,1.3572438955307007
20260825,Cnorm,./images/train2017/000000081842.jpg,gaussian_noise:0.03,1.0585922002792358
20260825,Cnorm,./images/train2017/000000264381.jpg,gaussian_noise:0.03,1.1015450954437256
20260825,Cnorm,./images/train2017/000000545919.jpg,gaussian_noise:0.03,1.1350244283676147
20260825,Cnorm,./images/train2017/000000058089.jpg,gaussian_noise:0.03,1.1615922451019287
20260825,Cnorm,./images/train2017/000000386127.jpg,gaussian_noise:0.03,1.0208946466445923
20260825,Cnorm,./images/train2017/000000362062.jpg,gaussian_noise:0.03,1.0164031982421875
20260825,Cnorm,./images/train2017/000000566855.jpg,gaussian_noise:0.03,1.078697919845581
20260825,Cnorm,./images/train2017/000000355186.jpg,gaussian_noise:0.03,0.9687157869338989
20260825,Cnorm,./images/train2017/000000346978.jpg,gaussian_noise:0.03,1.1740479469299316
20260825,Cnorm,./images/train2017/000000444496.jpg,gaussian_noise:0.03,1.068502426147461
20260825,Cnorm,./images/train2017/000000335189.jpg,gaussian_noise:0.03,1.1473102569580078
20260825,Cnorm,./images/train2017/000000495438.jpg,gaussian_noise:0.03,1.137406587600708
20260825,Cnorm,./images/train2017/000000081749.jpg,gaussian_noise:0.03,1.1094309091567993
20260825,Cnorm,./images/train2017/000000310258.jpg,gaussian_noise:0.03,1.0844074487686157
20260825,Cnorm,./images/train2017/000000379820.jpg,gaussian_noise:0.03,1.2336688041687012
20260825,Cnorm,./images/train2017/000000026578.jpg,gaussian_noise:0.03,1.0840665102005005
20260825,Cnorm,./images/train2017/000000350969.jpg,gaussian_noise:0.03,1.0201433897018433
20260825,Cnorm,./images/train2017/000000377012.jpg,gaussian_noise:0.03,1.133177638053894
20260825,Cnorm,./images/train2017/000000271666.jpg,gaussian_noise:0.03,1.1369209289550781
20260825,Cnorm,./images/train2017/000000509933.jpg,gaussian_noise:0.03,1.1663423776626587
20260825,Cnorm,./images/train2017/000000248952.jpg,gaussian_noise:0.03,0.9878311157226562
20260825,Cnorm,./images/train2017/000000196922.jpg,gaussian_noise:0.03,1.0115011930465698
20260825,Cnorm,./images/train2017/000000170327.jpg,gaussian_noise:0.03,1.1042793989181519
20260825,Cnorm,./images/train2017/000000113839.jpg,gaussian_noise:0.03,1.089754343032837
20260825,Cnorm,./images/train2017/000000282855.jpg,gaussian_noise:0.03,1.2285898923873901
20260825,Cnorm,./images/train2017/000000167901.jpg,gaussian_noise:0.03,1.3044655323028564
20260825,Cnorm,./images/train2017/000000098631.jpg,gaussian_noise:0.03,1.0169854164123535
20260825,Cnorm,./images/train2017/000000312254.jpg,gaussian_noise:0.03,1.1500017642974854
20260825,Cnorm,./images/train2017/000000477949.jpg,gaussian_noise:0.03,1.0008355379104614
20260825,Cnorm,./images/train2017/000000468133.jpg,gaussian_noise:0.03,1.2512637376785278
20260825,Cnorm,./images/train2017/000000213457.jpg,gaussian_noise:0.03,1.1223301887512207
20260825,Cnorm,./images/train2017/000000378007.jpg,gaussian_noise:0.03,1.0592341423034668
20260825,Cnorm,./images/train2017/000000552744.jpg,gaussian_noise:0.03,1.0305867195129395
20260825,Cnorm,./images/train2017/000000193011.jpg,gaussian_noise:0.03,1.037581205368042
20260825,Cnorm,./images/train2017/000000564781.jpg,gaussian_noise:0.03,1.0390293598175049
20260825,Cnorm,./images/train2017/000000311401.jpg,gaussian_noise:0.03,1.2052855491638184
20260825,Cnorm,./images/train2017/000000571078.jpg,gaussian_noise:0.03,1.1763395071029663
20260825,Cnorm,./images/train2017/000000463299.jpg,gaussian_noise:0.03,1.1263980865478516
20260825,Cnorm,./images/train2017/000000173925.jpg,gaussian_noise:0.03,0.9588596820831299
20260825,Cnorm,./images/train2017/000000336843.jpg,gaussian_noise:0.03,1.2296802997589111
20260825,Cnorm,./images/train2017/000000395766.jpg,gaussian_noise:0.03,1.1468788385391235
20260825,Cnorm,./images/train2017/000000531659.jpg,gaussian_noise:0.03,1.227007269859314
20260825,Cnorm,./images/train2017/000000000110.jpg,gaussian_noise:0.03,1.1993777751922607
20260825,Cnorm,./images/train2017/000000154801.jpg,gaussian_noise:0.03,1.1332857608795166
20260825,Cnorm,./images/train2017/000000564609.jpg,gaussian_noise:0.03,1.034342885017395
20260825,Cnorm,./images/train2017/000000477641.jpg,gaussian_noise:0.03,1.1668365001678467
20260825,Cnorm,./images/train2017/000000080123.jpg,gaussian_noise:0.03,1.0690181255340576
20260825,Cnorm,./images/train2017/000000362568.jpg,gaussian_noise:0.03,1.1423133611679077
20260825,Cnorm,./images/train2017/000000404702.jpg,gaussian_noise:0.03,1.0853570699691772
20260825,Cnorm,./images/train2017/000000197005.jpg,gaussian_noise:0.03,1.2024716138839722
20260825,Cnorm,./images/train2017/000000124240.jpg,gaussian_noise:0.03,1.0490379333496094
20260825,Cnorm,./images/train2017/000000502644.jpg,gaussian_noise:0.03,1.1157608032226562
20260825,Cnorm,./images/train2017/000000147228.jpg,gaussian_noise:0.03,1.1507190465927124
20260825,Cnorm,./images/train2017/000000010907.jpg,gaussian_noise:0.03,1.1620558500289917
20260825,Cnorm,./images/train2017/000000255093.jpg,gaussian_noise:0.03,1.2025094032287598
20260825,Cnorm,./images/train2017/000000155884.jpg,gaussian_noise:0.03,1.1363589763641357
20260825,Cnorm,./images/train2017/000000200386.jpg,gaussian_noise:0.03,1.0857030153274536
20260825,Cnorm,./images/train2017/000000152483.jpg,gaussian_noise:0.03,1.0349042415618896
20260825,Cnorm,./images/train2017/000000060992.jpg,gaussian_noise:0.03,1.1765632629394531
20260825,Cnorm,./images/train2017/000000431480.jpg,gaussian_noise:0.03,0.9997309446334839
20260825,Cnorm,./images/train2017/000000374576.jpg,gaussian_noise:0.03,1.1669254302978516
20260825,Cnorm,./images/train2017/000000337342.jpg,gaussian_noise:0.03,1.0818936824798584
20260825,Cnorm,./images/train2017/000000476901.jpg,gaussian_noise:0.03,1.068497657775879
20260825,Cnorm,./images/train2017/000000084762.jpg,gaussian_noise:0.03,1.0249561071395874
20260825,Cnorm,./images/train2017/000000504259.jpg,gaussian_noise:0.06,1.0216259956359863
20260825,Cnorm,./images/train2017/000000107620.jpg,gaussian_noise:0.06,1.1570308208465576
20260825,Cnorm,./images/train2017/000000560103.jpg,gaussian_noise:0.06,1.2065510749816895
20260825,Cnorm,./images/train2017/000000325634.jpg,gaussian_noise:0.06,1.2253037691116333
20260825,Cnorm,./images/train2017/000000062937.jpg,gaussian_noise:0.06,1.2034404277801514
20260825,Cnorm,./images/train2017/000000326290.jpg,gaussian_noise:0.06,1.0343208312988281
20260825,Cnorm,./images/train2017/000000560660.jpg,gaussian_noise:0.06,1.055344581604004
20260825,Cnorm,./images/train2017/000000423355.jpg,gaussian_noise:0.06,1.1481819152832031
20260825,Cnorm,./images/train2017/000000062311.jpg,gaussian_noise:0.06,1.1376326084136963
20260825,Cnorm,./images/train2017/000000075327.jpg,gaussian_noise:0.06,1.0336086750030518
20260825,Cnorm,./images/train2017/000000124364.jpg,gaussian_noise:0.06,1.259171962738037
20260825,Cnorm,./images/train2017/000000226957.jpg,gaussian_noise:0.06,1.1147534847259521
20260825,Cnorm,./images/train2017/000000026573.jpg,gaussian_noise:0.06,1.1835860013961792
20260825,Cnorm,./images/train2017/000000518548.jpg,gaussian_noise:0.06,1.0916657447814941
20260825,Cnorm,./images/train2017/000000467766.jpg,gaussian_noise:0.06,1.1028581857681274
20260825,Cnorm,./images/train2017/000000146819.jpg,gaussian_noise:0.06,1.1585185527801514
20260825,Cnorm,./images/train2017/000000346367.jpg,gaussian_noise:0.06,1.1517577171325684
20260825,Cnorm,./images/train2017/000000404710.jpg,gaussian_noise:0.06,1.243984580039978
20260825,Cnorm,./images/train2017/000000028517.jpg,gaussian_noise:0.06,1.2078028917312622
20260825,Cnorm,./images/train2017/000000180851.jpg,gaussian_noise:0.06,1.0847941637039185
20260825,Cnorm,./images/train2017/000000513585.jpg,gaussian_noise:0.06,1.2400790452957153
20260825,Cnorm,./images/train2017/000000123892.jpg,gaussian_noise:0.06,1.1463309526443481
20260825,Cnorm,./images/train2017/000000257874.jpg,gaussian_noise:0.06,1.2429039478302002
20260825,Cnorm,./images/train2017/000000220376.jpg,gaussian_noise:0.06,1.0986770391464233
20260825,Cnorm,./images/train2017/000000219117.jpg,gaussian_noise:0.06,1.223250389099121
20260825,Cnorm,./images/train2017/000000423193.jpg,gaussian_noise:0.06,1.137982726097107
20260825,Cnorm,./images/train2017/000000259793.jpg,gaussian_noise:0.06,1.1232011318206787
20260825,Cnorm,./images/train2017/000000465701.jpg,gaussian_noise:0.06,1.1538805961608887
20260825,Cnorm,./images/train2017/000000054796.jpg,gaussian_noise:0.06,1.157044768333435
20260825,Cnorm,./images/train2017/000000253054.jpg,gaussian_noise:0.06,1.188143014907837
20260825,Cnorm,./images/train2017/000000036113.jpg,gaussian_noise:0.06,1.2080001831054688
20260825,Cnorm,./images/train2017/000000345711.jpg,gaussian_noise:0.06,1.0768038034439087
20260825,Cnorm,./images/train2017/000000034340.jpg,gaussian_noise:0.06,1.1864056587219238
20260825,Cnorm,./images/train2017/000000456315.jpg,gaussian_noise:0.06,1.127179741859436
20260825,Cnorm,./images/train2017/000000482195.jpg,gaussian_noise:0.06,1.1643601655960083
20260825,Cnorm,./images/train2017/000000553660.jpg,gaussian_noise:0.06,1.0958316326141357
20260825,Cnorm,./images/train2017/000000569500.jpg,gaussian_noise:0.06,1.1886303424835205
20260825,Cnorm,./images/train2017/000000027556.jpg,gaussian_noise:0.06,0.9134927988052368
20260825,Cnorm,./images/train2017/000000534845.jpg,gaussian_noise:0.06,0.9844462275505066
20260825,Cnorm,./images/train2017/000000020376.jpg,gaussian_noise:0.06,1.1336840391159058
20260825,Cnorm,./images/train2017/000000285998.jpg,gaussian_noise:0.06,1.2457395792007446
20260825,Cnorm,./images/train2017/000000284644.jpg,gaussian_noise:0.06,1.143011450767517
20260825,Cnorm,./images/train2017/000000319345.jpg,gaussian_noise:0.06,1.1409696340560913
20260825,Cnorm,./images/train2017/000000082143.jpg,gaussian_noise:0.06,1.1759356260299683
20260825,Cnorm,./images/train2017/000000414664.jpg,gaussian_noise:0.06,0.9915882349014282
20260825,Cnorm,./images/train2017/000000518472.jpg,gaussian_noise:0.06,1.2928376197814941
20260825,Cnorm,./images/train2017/000000494175.jpg,gaussian_noise:0.06,1.2732224464416504
20260825,Cnorm,./images/train2017/000000566832.jpg,gaussian_noise:0.06,1.0982177257537842
20260825,Cnorm,./images/train2017/000000120767.jpg,gaussian_noise:0.06,1.249351978302002
20260825,Cnorm,./images/train2017/000000053448.jpg,gaussian_noise:0.06,1.1377111673355103
20260825,Cnorm,./images/train2017/000000181453.jpg,gaussian_noise:0.06,1.21443772315979
20260825,Cnorm,./images/train2017/000000473159.jpg,gaussian_noise:0.06,1.0019397735595703
20260825,Cnorm,./images/train2017/000000562943.jpg,gaussian_noise:0.06,0.7245528101921082
20260825,Cnorm,./images/train2017/000000237600.jpg,gaussian_noise:0.06,1.2456213235855103
20260825,Cnorm,./images/train2017/000000312935.jpg,gaussian_noise:0.06,1.1234955787658691
20260825,Cnorm,./images/train2017/000000227736.jpg,gaussian_noise:0.06,1.136643409729004
20260825,Cnorm,./images/train2017/000000371486.jpg,gaussian_noise:0.06,1.1462764739990234
20260825,Cnorm,./images/train2017/000000477042.jpg,gaussian_noise:0.06,1.1702649593353271
20260825,Cnorm,./images/train2017/000000295358.jpg,gaussian_noise:0.06,1.010515570640564
20260825,Cnorm,./images/train2017/000000204962.jpg,gaussian_noise:0.06,1.2230615615844727
20260825,Cnorm,./images/train2017/000000077455.jpg,gaussian_noise:0.06,1.0159615278244019
20260825,Cnorm,./images/train2017/000000022683.jpg,gaussian_noise:0.06,1.220719575881958
20260825,Cnorm,./images/train2017/000000304909.jpg,gaussian_noise:0.06,1.0415480136871338
20260825,Cnorm,./images/train2017/000000428943.jpg,gaussian_noise:0.06,1.2943321466445923
20260825,Cnorm,./images/train2017/000000081842.jpg,gaussian_noise:0.06,0.9838275909423828
20260825,Cnorm,./images/train2017/000000264381.jpg,gaussian_noise:0.06,1.1527488231658936
20260825,Cnorm,./images/train2017/000000545919.jpg,gaussian_noise:0.06,1.1467514038085938
20260825,Cnorm,./images/train2017/000000058089.jpg,gaussian_noise:0.06,1.2091883420944214
20260825,Cnorm,./images/train2017/000000386127.jpg,gaussian_noise:0.06,1.0968329906463623
20260825,Cnorm,./images/train2017/000000362062.jpg,gaussian_noise:0.06,1.0215941667556763
20260825,Cnorm,./images/train2017/000000566855.jpg,gaussian_noise:0.06,1.1442110538482666
20260825,Cnorm,./images/train2017/000000355186.jpg,gaussian_noise:0.06,0.9922081828117371
20260825,Cnorm,./images/train2017/000000346978.jpg,gaussian_noise:0.06,1.1864914894104004
20260825,Cnorm,./images/train2017/000000444496.jpg,gaussian_noise:0.06,1.0669655799865723
20260825,Cnorm,./images/train2017/000000335189.jpg,gaussian_noise:0.06,1.1678913831710815
20260825,Cnorm,./images/train2017/000000495438.jpg,gaussian_noise:0.06,1.2114570140838623
20260825,Cnorm,./images/train2017/000000081749.jpg,gaussian_noise:0.06,1.1963239908218384
20260825,Cnorm,./images/train2017/000000310258.jpg,gaussian_noise:0.06,1.1076740026474
20260825,Cnorm,./images/train2017/000000379820.jpg,gaussian_noise:0.06,1.2607203722000122
20260825,Cnorm,./images/train2017/000000026578.jpg,gaussian_noise:0.06,1.03909432888031
20260825,Cnorm,./images/train2017/000000350969.jpg,gaussian_noise:0.06,1.0444010496139526
20260825,Cnorm,./images/train2017/000000377012.jpg,gaussian_noise:0.06,1.0829564332962036
20260825,Cnorm,./images/train2017/000000271666.jpg,gaussian_noise:0.06,0.8852357864379883
20260825,Cnorm,./images/train2017/000000509933.jpg,gaussian_noise:0.06,1.1545637845993042
20260825,Cnorm,./images/train2017/000000248952.jpg,gaussian_noise:0.06,1.0290660858154297
20260825,Cnorm,./images/train2017/000000196922.jpg,gaussian_noise:0.06,1.0951790809631348
20260825,Cnorm,./images/train2017/000000170327.jpg,gaussian_noise:0.06,1.1508883237838745
20260825,Cnorm,./images/train2017/000000113839.jpg,gaussian_noise:0.06,1.2236082553863525
20260825,Cnorm,./images/train2017/000000282855.jpg,gaussian_noise:0.06,1.1853423118591309
20260825,Cnorm,./images/train2017/000000167901.jpg,gaussian_noise:0.06,1.3344967365264893
20260825,Cnorm,./images/train2017/000000098631.jpg,gaussian_noise:0.06,1.096672534942627
20260825,Cnorm,./images/train2017/000000312254.jpg,gaussian_noise:0.06,1.2561979293823242
20260825,Cnorm,./images/train2017/000000477949.jpg,gaussian_noise:0.06,0.960939884185791
20260825,Cnorm,./images/train2017/000000468133.jpg,gaussian_noise:0.06,1.1726499795913696
20260825,Cnorm,./images/train2017/000000213457.jpg,gaussian_noise:0.06,1.1172157526016235
20260825,Cnorm,./images/train2017/000000378007.jpg,gaussian_noise:0.06,1.0722758769989014
20260825,Cnorm,./images/train2017/000000552744.jpg,gaussian_noise:0.06,1.1016511917114258
20260825,Cnorm,./images/train2017/000000193011.jpg,gaussian_noise:0.06,1.0415120124816895
20260825,Cnorm,./images/train2017/000000564781.jpg,gaussian_noise:0.06,1.0684961080551147
20260825,Cnorm,./images/train2017/000000311401.jpg,gaussian_noise:0.06,1.1561813354492188
20260825,Cnorm,./images/train2017/000000571078.jpg,gaussian_noise:0.06,1.1200861930847168
20260825,Cnorm,./images/train2017/000000463299.jpg,gaussian_noise:0.06,1.0684282779693604
20260825,Cnorm,./images/train2017/000000173925.jpg,gaussian_noise:0.06,1.0484572649002075
20260825,Cnorm,./images/train2017/000000336843.jpg,gaussian_noise:0.06,1.2134242057800293
20260825,Cnorm,./images/train2017/000000395766.jpg,gaussian_noise:0.06,1.2064534425735474
20260825,Cnorm,./images/train2017/000000531659.jpg,gaussian_noise:0.06,1.187750220298767
20260825,Cnorm,./images/train2017/000000000110.jpg,gaussian_noise:0.06,1.2362927198410034
20260825,Cnorm,./images/train2017/000000154801.jpg,gaussian_noise:0.06,1.0729252099990845
20260825,Cnorm,./images/train2017/000000564609.jpg,gaussian_noise:0.06,1.127208948135376
20260825,Cnorm,./images/train2017/000000477641.jpg,gaussian_noise:0.06,1.1970291137695312
20260825,Cnorm,./images/train2017/000000080123.jpg,gaussian_noise:0.06,1.0748889446258545
20260825,Cnorm,./images/train2017/000000362568.jpg,gaussian_noise:0.06,1.1364448070526123
20260825,Cnorm,./images/train2017/000000404702.jpg,gaussian_noise:0.06,1.10820472240448
20260825,Cnorm,./images/train2017/000000197005.jpg,gaussian_noise:0.06,1.1875704526901245
20260825,Cnorm,./images/train2017/000000124240.jpg,gaussian_noise:0.06,1.063849687576294
20260825,Cnorm,./images/train2017/000000502644.jpg,gaussian_noise:0.06,1.1167123317718506
20260825,Cnorm,./images/train2017/000000147228.jpg,gaussian_noise:0.06,1.1418824195861816
20260825,Cnorm,./images/train2017/000000010907.jpg,gaussian_noise:0.06,1.0913976430892944
20260825,Cnorm,./images/train2017/000000255093.jpg,gaussian_noise:0.06,1.1657739877700806
20260825,Cnorm,./images/train2017/000000155884.jpg,gaussian_noise:0.06,1.1736512184143066
20260825,Cnorm,./images/train2017/000000200386.jpg,gaussian_noise:0.06,1.0755372047424316
20260825,Cnorm,./images/train2017/000000152483.jpg,gaussian_noise:0.06,0.9982657432556152
20260825,Cnorm,./images/train2017/000000060992.jpg,gaussian_noise:0.06,1.2053933143615723
20260825,Cnorm,./images/train2017/000000431480.jpg,gaussian_noise:0.06,1.0625208616256714
20260825,Cnorm,./images/train2017/000000374576.jpg,gaussian_noise:0.06,1.1662226915359497
20260825,Cnorm,./images/train2017/000000337342.jpg,gaussian_noise:0.06,0.9492040872573853
20260825,Cnorm,./images/train2017/000000476901.jpg,gaussian_noise:0.06,1.0493124723434448
20260825,Cnorm,./images/train2017/000000084762.jpg,gaussian_noise:0.06,1.0920162200927734
20260826,B,./images/train2017/000000504259.jpg,brightness:0.8,1.0344085693359375
20260826,B,./images/train2017/000000107620.jpg,brightness:0.8,1.024355173110962
20260826,B,./images/train2017/000000560103.jpg,brightness:0.8,1.0033791065216064
20260826,B,./images/train2017/000000325634.jpg,brightness:0.8,0.9609979391098022
20260826,B,./images/train2017/000000062937.jpg,brightness:0.8,1.0340265035629272
20260826,B,./images/train2017/000000326290.jpg,brightness:0.8,1.0010955333709717
20260826,B,./images/train2017/000000560660.jpg,brightness:0.8,0.9911061525344849
20260826,B,./images/train2017/000000423355.jpg,brightness:0.8,0.9841254949569702
20260826,B,./images/train2017/000000062311.jpg,brightness:0.8,1.053368091583252
20260826,B,./images/train2017/000000075327.jpg,brightness:0.8,0.9817346930503845
20260826,B,./images/train2017/000000124364.jpg,brightness:0.8,1.0108728408813477
20260826,B,./images/train2017/000000226957.jpg,brightness:0.8,1.019461989402771
20260826,B,./images/train2017/000000026573.jpg,brightness:0.8,0.9860744476318359
20260826,B,./images/train2017/000000518548.jpg,brightness:0.8,0.9825383424758911
20260826,B,./images/train2017/000000467766.jpg,brightness:0.8,0.9932973384857178
20260826,B,./images/train2017/000000146819.jpg,brightness:0.8,1.0301874876022339
20260826,B,./images/train2017/000000346367.jpg,brightness:0.8,0.9534613490104675
20260826,B,./images/train2017/000000404710.jpg,brightness:0.8,0.976065993309021
20260826,B,./images/train2017/000000028517.jpg,brightness:0.8,0.9805229902267456
20260826,B,./images/train2017/000000180851.jpg,brightness:0.8,0.9735040068626404
20260826,B,./images/train2017/000000513585.jpg,brightness:0.8,1.0397045612335205
20260826,B,./images/train2017/000000123892.jpg,brightness:0.8,1.0216867923736572
20260826,B,./images/train2017/000000257874.jpg,brightness:0.8,1.0133416652679443
20260826,B,./images/train2017/000000220376.jpg,brightness:0.8,0.9944552183151245
20260826,B,./images/train2017/000000219117.jpg,brightness:0.8,0.9908645153045654
20260826,B,./images/train2017/000000423193.jpg,brightness:0.8,0.9886858463287354
20260826,B,./images/train2017/000000259793.jpg,brightness:0.8,1.029815435409546
20260826,B,./images/train2017/000000465701.jpg,brightness:0.8,1.0512558221817017
20260826,B,./images/train2017/000000054796.jpg,brightness:0.8,1.0109325647354126
20260826,B,./images/train2017/000000253054.jpg,brightness:0.8,1.0078037977218628
20260826,B,./images/train2017/000000036113.jpg,brightness:0.8,0.9826828241348267
20260826,B,./images/train2017/000000345711.jpg,brightness:0.8,1.0119651556015015
20260826,B,./images/train2017/000000034340.jpg,brightness:0.8,0.9957964420318604
20260826,B,./images/train2017/000000456315.jpg,brightness:0.8,0.9567932486534119
20260826,B,./images/train2017/000000482195.jpg,brightness:0.8,0.9993408918380737
20260826,B,./images/train2017/000000553660.jpg,brightness:0.8,1.0588475465774536
20260826,B,./images/train2017/000000569500.jpg,brightness:0.8,1.0128889083862305
20260826,B,./images/train2017/000000027556.jpg,brightness:0.8,1.0093814134597778
20260826,B,./images/train2017/000000534845.jpg,brightness:0.8,1.0318604707717896
20260826,B,./images/train2017/000000020376.jpg,brightness:0.8,1.0086357593536377
20260826,B,./images/train2017/000000285998.jpg,brightness:0.8,1.0107539892196655
20260826,B,./images/train2017/000000284644.jpg,brightness:0.8,1.0013442039489746
20260826,B,./images/train2017/000000319345.jpg,brightness:0.8,0.9844934940338135
20260826,B,./images/train2017/000000082143.jpg,brightness:0.8,0.9923602342605591
20260826,B,./images/train2017/000000414664.jpg,brightness:0.8,0.958835244178772
20260826,B,./images/train2017/000000518472.jpg,brightness:0.8,0.9569172859191895
20260826,B,./images/train2017/000000494175.jpg,brightness:0.8,0.9603447318077087
20260826,B,./images/train2017/000000566832.jpg,brightness:0.8,0.9468199014663696
20260826,B,./images/train2017/000000120767.jpg,brightness:0.8,1.0579674243927002
20260826,B,./images/train2017/000000053448.jpg,brightness:0.8,1.0197930335998535
20260826,B,./images/train2017/000000181453.jpg,brightness:0.8,1.0220773220062256
20260826,B,./images/train2017/000000473159.jpg,brightness:0.8,1.0311397314071655
20260826,B,./images/train2017/000000562943.jpg,brightness:0.8,1.0946637392044067
20260826,B,./images/train2017/000000237600.jpg,brightness:0.8,1.0895646810531616
20260826,B,./images/train2017/000000312935.jpg,brightness:0.8,0.9926886558532715
20260826,B,./images/train2017/000000227736.jpg,brightness:0.8,0.991290271282196
20260826,B,./images/train2017/000000371486.jpg,brightness:0.8,1.0244477987289429
20260826,B,./images/train2017/000000477042.jpg,brightness:0.8,0.9459202289581299
20260826,B,./images/train2017/000000295358.jpg,brightness:0.8,1.01486337184906
20260826,B,./images/train2017/000000204962.jpg,brightness:0.8,0.9927213788032532
20260826,B,./images/train2017/000000077455.jpg,brightness:0.8,1.0255138874053955
20260826,B,./images/train2017/000000022683.jpg,brightness:0.8,0.9957692623138428
20260826,B,./images/train2017/000000304909.jpg,brightness:0.8,0.9588562846183777
20260826,B,./images/train2017/000000428943.jpg,brightness:0.8,0.9885067343711853
20260826,B,./images/train2017/000000081842.jpg,brightness:0.8,1.004839301109314
20260826,B,./images/train2017/000000264381.jpg,brightness:0.8,1.0024179220199585
20260826,B,./images/train2017/000000545919.jpg,brightness:0.8,1.0187851190567017
20260826,B,./images/train2017/000000058089.jpg,brightness:0.8,0.9688276052474976
20260826,B,./images/train2017/000000386127.jpg,brightness:0.8,1.0092719793319702
20260826,B,./images/train2017/000000362062.jpg,brightness:0.8,1.0465762615203857
20260826,B,./images/train2017/000000566855.jpg,brightness:0.8,1.0038609504699707
20260826,B,./images/train2017/000000355186.jpg,brightness:0.8,1.0476751327514648
20260826,B,./images/train2017/000000346978.jpg,brightness:0.8,1.0641357898712158
20260826,B,./images/train2017/000000444496.jpg,brightness:0.8,1.074502944946289
20260826,B,./images/train2017/000000335189.jpg,brightness:0.8,1.012012243270874
20260826,B,./images/train2017/000000495438.jpg,brightness:0.8,1.0120936632156372
20260826,B,./images/train2017/000000081749.jpg,brightness:0.8,0.9752136468887329
20260826,B,./images/train2017/000000310258.jpg,brightness:0.8,1.023147463798523
20260826,B,./images/train2017/000000379820.jpg,brightness:0.8,0.9907085299491882
20260826,B,./images/train2017/000000026578.jpg,brightness:0.8,0.9233253598213196
20260826,B,./images/train2017/000000350969.jpg,brightness:0.8,0.9709419012069702
20260826,B,./images/train2017/000000377012.jpg,brightness:0.8,0.9732189178466797
20260826,B,./images/train2017/000000271666.jpg,brightness:0.8,0.9650465250015259
20260826,B,./images/train2017/000000509933.jpg,brightness:0.8,1.0241097211837769
20260826,B,./images/train2017/000000248952.jpg,brightness:0.8,1.0709038972854614
20260826,B,./images/train2017/000000196922.jpg,brightness:0.8,1.0071815252304077
20260826,B,./images/train2017/000000170327.jpg,brightness:0.8,1.0099070072174072
20260826,B,./images/train2017/000000113839.jpg,brightness:0.8,0.953589141368866
20260826,B,./images/train2017/000000282855.jpg,brightness:0.8,1.027334213256836
20260826,B,./images/train2017/000000167901.jpg,brightness:0.8,1.0353131294250488
20260826,B,./images/train2017/000000098631.jpg,brightness:0.8,0.9898706078529358
20260826,B,./images/train2017/000000312254.jpg,brightness:0.8,1.0162736177444458
20260826,B,./images/train2017/000000477949.jpg,brightness:0.8,0.9619510173797607
20260826,B,./images/train2017/000000468133.jpg,brightness:0.8,1.0220425128936768
20260826,B,./images/train2017/000000213457.jpg,brightness:0.8,0.9886786937713623
20260826,B,./images/train2017/000000378007.jpg,brightness:0.8,0.9407243132591248
20260826,B,./images/train2017/000000552744.jpg,brightness:0.8,1.0330445766448975
20260826,B,./images/train2017/000000193011.jpg,brightness:0.8,0.9946750402450562
20260826,B,./images/train2017/000000564781.jpg,brightness:0.8,1.042546272277832
20260826,B,./images/train2017/000000311401.jpg,brightness:0.8,1.0095314979553223
20260826,B,./images/train2017/000000571078.jpg,brightness:0.8,0.9862759709358215
20260826,B,./images/train2017/000000463299.jpg,brightness:0.8,1.0111422538757324
20260826,B,./images/train2017/000000173925.jpg,brightness:0.8,0.9844638705253601
20260826,B,./images/train2017/000000336843.jpg,brightness:0.8,1.0227571725845337
20260826,B,./images/train2017/000000395766.jpg,brightness:0.8,0.9620230793952942
20260826,B,./images/train2017/000000531659.jpg,brightness:0.8,0.9964447021484375
20260826,B,./images/train2017/000000000110.jpg,brightness:0.8,0.9954953789710999
20260826,B,./images/train2017/000000154801.jpg,brightness:0.8,0.969931960105896
20260826,B,./images/train2017/000000564609.jpg,brightness:0.8,0.9683393836021423
20260826,B,./images/train2017/000000477641.jpg,brightness:0.8,0.973457932472229
20260826,B,./images/train2017/000000080123.jpg,brightness:0.8,0.9770304560661316
20260826,B,./images/train2017/000000362568.jpg,brightness:0.8,0.9616947174072266
20260826,B,./images/train2017/000000404702.jpg,brightness:0.8,1.0114595890045166
20260826,B,./images/train2017/000000197005.jpg,brightness:0.8,0.9763907194137573
20260826,B,./images/train2017/000000124240.jpg,brightness:0.8,0.9379693269729614
20260826,B,./images/train2017/000000502644.jpg,brightness:0.8,1.0293928384780884
20260826,B,./images/train2017/000000147228.jpg,brightness:0.8,1.0676920413970947
20260826,B,./images/train2017/000000010907.jpg,brightness:0.8,0.998028576374054
20260826,B,./images/train2017/000000255093.jpg,brightness:0.8,1.0124725103378296
20260826,B,./images/train2017/000000155884.jpg,brightness:0.8,1.0332483053207397
20260826,B,./images/train2017/000000200386.jpg,brightness:0.8,1.051474928855896
20260826,B,./images/train2017/000000152483.jpg,brightness:0.8,1.010751724243164
20260826,B,./images/train2017/000000060992.jpg,brightness:0.8,1.0683122873306274
20260826,B,./images/train2017/000000431480.jpg,brightness:0.8,0.9553052186965942
20260826,B,./images/train2017/000000374576.jpg,brightness:0.8,1.0143067836761475
20260826,B,./images/train2017/000000337342.jpg,brightness:0.8,0.9921408891677856
20260826,B,./images/train2017/000000476901.jpg,brightness:0.8,0.9643635153770447
20260826,B,./images/train2017/000000084762.jpg,brightness:0.8,0.9963556528091431
20260826,B,./images/train2017/000000504259.jpg,brightness:0.6,1.0621871948242188
20260826,B,./images/train2017/000000107620.jpg,brightness:0.6,1.0167052745819092
20260826,B,./images/train2017/000000560103.jpg,brightness:0.6,1.0296350717544556
20260826,B,./images/train2017/000000325634.jpg,brightness:0.6,0.9734538197517395
20260826,B,./images/train2017/000000062937.jpg,brightness:0.6,1.0216343402862549
20260826,B,./images/train2017/000000326290.jpg,brightness:0.6,0.9937395453453064
20260826,B,./images/train2017/000000560660.jpg,brightness:0.6,0.9915984869003296
20260826,B,./images/train2017/000000423355.jpg,brightness:0.6,0.9904493093490601
20260826,B,./images/train2017/000000062311.jpg,brightness:0.6,1.037663459777832
20260826,B,./images/train2017/000000075327.jpg,brightness:0.6,0.9792888164520264
20260826,B,./images/train2017/000000124364.jpg,brightness:0.6,1.0119414329528809
20260826,B,./images/train2017/000000226957.jpg,brightness:0.6,1.0402880907058716
20260826,B,./images/train2017/000000026573.jpg,brightness:0.6,1.0153369903564453
20260826,B,./images/train2017/000000518548.jpg,brightness:0.6,0.9688589572906494
20260826,B,./images/train2017/000000467766.jpg,brightness:0.6,1.003895878791809
20260826,B,./images/train2017/000000146819.jpg,brightness:0.6,1.0153313875198364
20260826,B,./images/train2017/000000346367.jpg,brightness:0.6,0.9645040035247803
20260826,B,./images/train2017/000000404710.jpg,brightness:0.6,1.004314661026001
20260826,B,./images/train2017/000000028517.jpg,brightness:0.6,0.993533730506897
20260826,B,./images/train2017/000000180851.jpg,brightness:0.6,1.088199496269226
20260826,B,./images/train2017/000000513585.jpg,brightness:0.6,1.0474133491516113
20260826,B,./images/train2017/000000123892.jpg,brightness:0.6,1.0340564250946045
20260826,B,./images/train2017/000000257874.jpg,brightness:0.6,0.9979705214500427
20260826,B,./images/train2017/000000220376.jpg,brightness:0.6,1.020117163658142
20260826,B,./images/train2017/000000219117.jpg,brightness:0.6,1.0468599796295166
20260826,B,./images/train2017/000000423193.jpg,brightness:0.6,0.9926563501358032
20260826,B,./images/train2017/000000259793.jpg,brightness:0.6,1.0389235019683838
20260826,B,./images/train2017/000000465701.jpg,brightness:0.6,1.0599204301834106
20260826,B,./images/train2017/000000054796.jpg,brightness:0.6,0.9656482934951782
20260826,B,./images/train2017/000000253054.jpg,brightness:0.6,1.0315052270889282
20260826,B,./images/train2017/000000036113.jpg,brightness:0.6,1.004511833190918
20260826,B,./images/train2017/000000345711.jpg,brightness:0.6,0.9987190961837769
20260826,B,./images/train2017/000000034340.jpg,brightness:0.6,1.002640962600708
20260826,B,./images/train2017/000000456315.jpg,brightness:0.6,0.9769666194915771
20260826,B,./images/train2017/000000482195.jpg,brightness:0.6,0.9694564342498779
20260826,B,./images/train2017/000000553660.jpg,brightness:0.6,1.0661404132843018
20260826,B,./images/train2017/000000569500.jpg,brightness:0.6,1.0376508235931396
20260826,B,./images/train2017/000000027556.jpg,brightness:0.6,1.0298031568527222
20260826,B,./images/train2017/000000534845.jpg,brightness:0.6,1.0083732604980469
20260826,B,./images/train2017/000000020376.jpg,brightness:0.6,1.0187345743179321
20260826,B,./images/train2017/000000285998.jpg,brightness:0.6,1.0229119062423706
20260826,B,./images/train2017/000000284644.jpg,brightness:0.6,1.0066413879394531
20260826,B,./images/train2017/000000319345.jpg,brightness:0.6,0.9896879196166992
20260826,B,./images/train2017/000000082143.jpg,brightness:0.6,1.020352840423584
20260826,B,./images/train2017/000000414664.jpg,brightness:0.6,0.9879048466682434
20260826,B,./images/train2017/000000518472.jpg,brightness:0.6,0.9187790155410767
20260826,B,./images/train2017/000000494175.jpg,brightness:0.6,0.9287961721420288
20260826,B,./images/train2017/000000566832.jpg,brightness:0.6,0.9594367146492004
20260826,B,./images/train2017/000000120767.jpg,brightness:0.6,1.0211138725280762
20260826,B,./images/train2017/000000053448.jpg,brightness:0.6,1.0327277183532715
20260826,B,./images/train2017/000000181453.jpg,brightness:0.6,1.0067667961120605
20260826,B,./images/train2017/000000473159.jpg,brightness:0.6,0.9985825419425964
20260826,B,./images/train2017/000000562943.jpg,brightness:0.6,1.1083564758300781
20260826,B,./images/train2017/000000237600.jpg,brightness:0.6,1.012917399406433
20260826,B,./images/train2017/000000312935.jpg,brightness:0.6,0.9957593679428101
20260826,B,./images/train2017/000000227736.jpg,brightness:0.6,0.9979873299598694
20260826,B,./images/train2017/000000371486.jpg,brightness:0.6,1.0090019702911377
20260826,B,./images/train2017/000000477042.jpg,brightness:0.6,1.0033104419708252
20260826,B,./images/train2017/000000295358.jpg,brightness:0.6,0.9997921586036682
20260826,B,./images/train2017/000000204962.jpg,brightness:0.6,0.9854589104652405
20260826,B,./images/train2017/000000077455.jpg,brightness:0.6,1.018307089805603
20260826,B,./images/train2017/000000022683.jpg,brightness:0.6,1.002636432647705
20260826,B,./images/train2017/000000304909.jpg,brightness:0.6,0.9789865016937256
20260826,B,./images/train2017/000000428943.jpg,brightness:0.6,0.9766562581062317
20260826,B,./images/train2017/000000081842.jpg,brightness:0.6,1.011550784111023
20260826,B,./images/train2017/000000264381.jpg,brightness:0.6,1.0109072923660278
20260826,B,./images/train2017/000000545919.jpg,brightness:0.6,1.0286825895309448
20260826,B,./images/train2017/000000058089.jpg,brightness:0.6,0.9739135503768921
20260826,B,./images/train2017/000000386127.jpg,brightness:0.6,1.006716012954712
20260826,B,./images/train2017/000000362062.jpg,brightness:0.6,1.0527127981185913
20260826,B,./images/train2017/000000566855.jpg,brightness:0.6,0.9985782504081726
20260826,B,./images/train2017/000000355186.jpg,brightness:0.6,1.0401822328567505
20260826,B,./images/train2017/000000346978.jpg,brightness:0.6,1.0726882219314575
20260826,B,./images/train2017/000000444496.jpg,brightness:0.6,1.089254379272461
20260826,B,./images/train2017/000000335189.jpg,brightness:0.6,0.9915359020233154
20260826,B,./images/train2017/000000495438.jpg,brightness:0.6,1.0196707248687744
20260826,B,./images/train2017/000000081749.jpg,brightness:0.6,0.9613638520240784
20260826,B,./images/train2017/000000310258.jpg,brightness:0.6,0.990583062171936
20260826,B,./images/train2017/000000379820.jpg,brightness:0.6,1.0066930055618286
20260826,B,./images/train2017/000000026578.jpg,brightness:0.6,0.9551519155502319
20260826,B,./images/train2017/000000350969.jpg,brightness:0.6,0.9761343598365784
20260826,B,./images/train2017/000000377012.jpg,brightness:0.6,0.9957276582717896
20260826,B,./images/train2017/000000271666.jpg,brightness:0.6,0.9707489609718323
20260826,B,./images/train2017/000000509933.jpg,brightness:0.6,0.9935839772224426
20260826,B,./images/train2017/000000248952.jpg,brightness:0.6,1.0985345840454102
20260826,B,./images/train2017/000000196922.jpg,brightness:0.6,1.0098199844360352
20260826,B,./images/train2017/000000170327.jpg,brightness:0.6,1.0164093971252441
20260826,B,./images/train2017/000000113839.jpg,brightness:0.6,0.9551868438720703
20260826,B,./images/train2017/000000282855.jpg,brightness:0.6,1.035972237586975
20260826,B,./images/train2017/000000167901.jpg,brightness:0.6,1.0851346254348755
20260826,B,./images/train2017/000000098631.jpg,brightness:0.6,1.002591848373413
20260826,B,./images/train2017/000000312254.jpg,brightness:0.6,1.0390855073928833
20260826,B,./images/train2017/000000477949.jpg,brightness:0.6,0.9711833000183105
20260826,B,./images/train2017/000000468133.jpg,brightness:0.6,0.9991394281387329
20260826,B,./images/train2017/000000213457.jpg,brightness:0.6,1.0125595331192017
20260826,B,./images/train2017/000000378007.jpg,brightness:0.6,0.9775035977363586
20260826,B,./images/train2017/000000552744.jpg,brightness:0.6,1.0321364402770996
20260826,B,./images/train2017/000000193011.jpg,brightness:0.6,1.0027589797973633
20260826,B,./images/train2017/000000564781.jpg,brightness:0.6,0.9998389482498169
20260826,B,./images/train2017/000000311401.jpg,brightness:0.6,1.0343493223190308
20260826,B,./images/train2017/000000571078.jpg,brightness:0.6,1.0029727220535278
20260826,B,./images/train2017/000000463299.jpg,brightness:0.6,1.0049629211425781
20260826,B,./images/train2017/000000173925.jpg,brightness:0.6,0.981572687625885
20260826,B,./images/train2017/000000336843.jpg,brightness:0.6,1.047969937324524
20260826,B,./images/train2017/000000395766.jpg,brightness:0.6,0.9854639768600464
20260826,B,./images/train2017/000000531659.jpg,brightness:0.6,1.048128604888916
20260826,B,./images/train2017/000000000110.jpg,brightness:0.6,1.0145162343978882
20260826,B,./images/train2017/000000154801.jpg,brightness:0.6,0.977256715297699
20260826,B,./images/train2017/000000564609.jpg,brightness:0.6,0.996271550655365
20260826,B,./images/train2017/000000477641.jpg,brightness:0.6,0.976546049118042
20260826,B,./images/train2017/000000080123.jpg,brightness:0.6,0.9699959754943848
20260826,B,./images/train2017/000000362568.jpg,brightness:0.6,0.9468201398849487
20260826,B,./images/train2017/000000404702.jpg,brightness:0.6,1.0237079858779907
20260826,B,./images/train2017/000000197005.jpg,brightness:0.6,0.9903161525726318
20260826,B,./images/train2017/000000124240.jpg,brightness:0.6,0.95860356092453
20260826,B,./images/train2017/000000502644.jpg,brightness:0.6,1.051024079322815
20260826,B,./images/train2017/000000147228.jpg,brightness:0.6,1.0482149124145508
20260826,B,./images/train2017/000000010907.jpg,brightness:0.6,0.9978221654891968
20260826,B,./images/train2017/000000255093.jpg,brightness:0.6,1.0315608978271484
20260826,B,./images/train2017/000000155884.jpg,brightness:0.6,1.0501941442489624
20260826,B,./images/train2017/000000200386.jpg,brightness:0.6,1.0525323152542114
20260826,B,./images/train2017/000000152483.jpg,brightness:0.6,1.004164457321167
20260826,B,./images/train2017/000000060992.jpg,brightness:0.6,0.9241207242012024
20260826,B,./images/train2017/000000431480.jpg,brightness:0.6,0.9525529742240906
20260826,B,./images/train2017/000000374576.jpg,brightness:0.6,1.0310319662094116
20260826,B,./images/train2017/000000337342.jpg,brightness:0.6,1.0060676336288452
20260826,B,./images/train2017/000000476901.jpg,brightness:0.6,0.941429615020752
20260826,B,./images/train2017/000000084762.jpg,brightness:0.6,0.99318927526474
20260826,B,./images/train2017/000000504259.jpg,contrast:0.75,0.9580222368240356
20260826,B,./images/train2017/000000107620.jpg,contrast:0.75,1.034273624420166
20260826,B,./images/train2017/000000560103.jpg,contrast:0.75,1.0238168239593506
20260826,B,./images/train2017/000000325634.jpg,contrast:0.75,0.9867429137229919
20260826,B,./images/train2017/000000062937.jpg,contrast:0.75,1.055100679397583
20260826,B,./images/train2017/000000326290.jpg,contrast:0.75,0.9819105267524719
20260826,B,./images/train2017/000000560660.jpg,contrast:0.75,1.0400958061218262
20260826,B,./images/train2017/000000423355.jpg,contrast:0.75,1.0414191484451294
20260826,B,./images/train2017/000000062311.jpg,contrast:0.75,1.0353490114212036
20260826,B,./images/train2017/000000075327.jpg,contrast:0.75,0.9604301452636719
20260826,B,./images/train2017/000000124364.jpg,contrast:0.75,0.9997417330741882
20260826,B,./images/train2017/000000226957.jpg,contrast:0.75,1.0288954973220825
20260826,B,./images/train2017/000000026573.jpg,contrast:0.75,0.9645901918411255
20260826,B,./images/train2017/000000518548.jpg,contrast:0.75,1.0027276277542114
20260826,B,./images/train2017/000000467766.jpg,contrast:0.75,0.9932197332382202
20260826,B,./images/train2017/000000146819.jpg,contrast:0.75,0.9937311410903931
20260826,B,./images/train2017/000000346367.jpg,contrast:0.75,0.9877742528915405
20260826,B,./images/train2017/000000404710.jpg,contrast:0.75,0.955012321472168
20260826,B,./images/train2017/000000028517.jpg,contrast:0.75,1.0227091312408447
20260826,B,./images/train2017/000000180851.jpg,contrast:0.75,1.0061023235321045
20260826,B,./images/train2017/000000513585.jpg,contrast:0.75,0.9806498289108276
20260826,B,./images/train2017/000000123892.jpg,contrast:0.75,1.0049821138381958
20260826,B,./images/train2017/000000257874.jpg,contrast:0.75,0.9716747999191284
20260826,B,./images/train2017/000000220376.jpg,contrast:0.75,1.0490062236785889
20260826,B,./images/train2017/000000219117.jpg,contrast:0.75,1.0664217472076416
20260826,B,./images/train2017/000000423193.jpg,contrast:0.75,1.0356475114822388
20260826,B,./images/train2017/000000259793.jpg,contrast:0.75,0.9936338663101196
20260826,B,./images/train2017/000000465701.jpg,contrast:0.75,1.0224946737289429
20260826,B,./images/train2017/000000054796.jpg,contrast:0.75,0.9511919021606445
20260826,B,./images/train2017/000000253054.jpg,contrast:0.75,1.0391792058944702
20260826,B,./images/train2017/000000036113.jpg,contrast:0.75,1.0281635522842407
20260826,B,./images/train2017/000000345711.jpg,contrast:0.75,0.9586723446846008
20260826,B,./images/train2017/000000034340.jpg,contrast:0.75,1.0366395711898804
20260826,B,./images/train2017/000000456315.jpg,contrast:0.75,0.9984652996063232
20260826,B,./images/train2017/000000482195.jpg,contrast:0.75,0.9419288635253906
20260826,B,./images/train2017/000000553660.jpg,contrast:0.75,1.0119032859802246
20260826,B,./images/train2017/000000569500.jpg,contrast:0.75,1.0636732578277588
20260826,B,./images/train2017/000000027556.jpg,contrast:0.75,1.0344586372375488
20260826,B,./images/train2017/000000534845.jpg,contrast:0.75,1.005765676498413
20260826,B,./images/train2017/000000020376.jpg,contrast:0.75,1.0257688760757446
20260826,B,./images/train2017/000000285998.jpg,contrast:0.75,1.057135820388794
20260826,B,./images/train2017/000000284644.jpg,contrast:0.75,0.9465169310569763
20260826,B,./images/train2017/000000319345.jpg,contrast:0.75,0.9830234050750732
20260826,B,./images/train2017/000000082143.jpg,contrast:0.75,1.0404841899871826
20260826,B,./images/train2017/000000414664.jpg,contrast:0.75,0.9788317084312439
20260826,B,./images/train2017/000000518472.jpg,contrast:0.75,0.9777238368988037
20260826,B,./images/train2017/000000494175.jpg,contrast:0.75,0.9132703542709351
20260826,B,./images/train2017/000000566832.jpg,contrast:0.75,0.9640586376190186
20260826,B,./images/train2017/000000120767.jpg,contrast:0.75,1.0354292392730713
20260826,B,./images/train2017/000000053448.jpg,contrast:0.75,0.9947144389152527
20260826,B,./images/train2017/000000181453.jpg,contrast:0.75,0.9988231658935547
20260826,B,./images/train2017/000000473159.jpg,contrast:0.75,0.9834389686584473
20260826,B,./images/train2017/000000562943.jpg,contrast:0.75,1.0402125120162964
20260826,B,./images/train2017/000000237600.jpg,contrast:0.75,1.1537261009216309
20260826,B,./images/train2017/000000312935.jpg,contrast:0.75,1.0023316144943237
20260826,B,./images/train2017/000000227736.jpg,contrast:0.75,0.9619670510292053
20260826,B,./images/train2017/000000371486.jpg,contrast:0.75,1.0058766603469849
20260826,B,./images/train2017/000000477042.jpg,contrast:0.75,0.9869377613067627
20260826,B,./images/train2017/000000295358.jpg,contrast:0.75,1.0220167636871338
20260826,B,./images/train2017/000000204962.jpg,contrast:0.75,1.0067791938781738
20260826,B,./images/train2017/000000077455.jpg,contrast:0.75,1.007093906402588
20260826,B,./images/train2017/000000022683.jpg,contrast:0.75,0.9716715812683105
20260826,B,./images/train2017/000000304909.jpg,contrast:0.75,1.0323318243026733
20260826,B,./images/train2017/000000428943.jpg,contrast:0.75,1.005253553390503
20260826,B,./images/train2017/000000081842.jpg,contrast:0.75,1.0673823356628418
20260826,B,./images/train2017/000000264381.jpg,contrast:0.75,1.0137935876846313
20260826,B,./images/train2017/000000545919.jpg,contrast:0.75,1.0026005506515503
20260826,B,./images/train2017/000000058089.jpg,contrast:0.75,0.9666942358016968
20260826,B,./images/train2017/000000386127.jpg,contrast:0.75,0.9767651557922363
20260826,B,./images/train2017/000000362062.jpg,contrast:0.75,1.043723702430725
20260826,B,./images/train2017/000000566855.jpg,contrast:0.75,0.9858771562576294
20260826,B,./images/train2017/000000355186.jpg,contrast:0.75,1.0226377248764038
20260826,B,./images/train2017/000000346978.jpg,contrast:0.75,0.9967966675758362
20260826,B,./images/train2017/000000444496.jpg,contrast:0.75,0.9920739531517029
20260826,B,./images/train2017/000000335189.jpg,contrast:0.75,0.98680180311203
20260826,B,./images/train2017/000000495438.jpg,contrast:0.75,0.9529398083686829
20260826,B,./images/train2017/000000081749.jpg,contrast:0.75,0.9780282974243164
20260826,B,./images/train2017/000000310258.jpg,contrast:0.75,1.01125967502594
20260826,B,./images/train2017/000000379820.jpg,contrast:0.75,1.0185215473175049
20260826,B,./images/train2017/000000026578.jpg,contrast:0.75,0.9622485041618347
20260826,B,./images/train2017/000000350969.jpg,contrast:0.75,0.9830060601234436
20260826,B,./images/train2017/000000377012.jpg,contrast:0.75,0.9786075353622437
20260826,B,./images/train2017/000000271666.jpg,contrast:0.75,1.041434645652771
20260826,B,./images/train2017/000000509933.jpg,contrast:0.75,1.0048203468322754
20260826,B,./images/train2017/000000248952.jpg,contrast:0.75,1.1179736852645874
20260826,B,./images/train2017/000000196922.jpg,contrast:0.75,1.0094916820526123
20260826,B,./images/train2017/000000170327.jpg,contrast:0.75,1.0356427431106567
20260826,B,./images/train2017/000000113839.jpg,contrast:0.75,1.0163323879241943
20260826,B,./images/train2017/000000282855.jpg,contrast:0.75,1.0362597703933716
20260826,B,./images/train2017/000000167901.jpg,contrast:0.75,1.1267305612564087
20260826,B,./images/train2017/000000098631.jpg,contrast:0.75,0.9760392904281616
20260826,B,./images/train2017/000000312254.jpg,contrast:0.75,0.9971778988838196
20260826,B,./images/train2017/000000477949.jpg,contrast:0.75,0.9950655102729797
20260826,B,./images/train2017/000000468133.jpg,contrast:0.75,1.0515347719192505
20260826,B,./images/train2017/000000213457.jpg,contrast:0.75,0.9990198016166687
20260826,B,./images/train2017/000000378007.jpg,contrast:0.75,1.0580329895019531
20260826,B,./images/train2017/000000552744.jpg,contrast:0.75,0.9877350926399231
20260826,B,./images/train2017/000000193011.jpg,contrast:0.75,1.026581883430481
20260826,B,./images/train2017/000000564781.jpg,contrast:0.75,1.0163143873214722
20260826,B,./images/train2017/000000311401.jpg,contrast:0.75,1.0891480445861816
20260826,B,./images/train2017/000000571078.jpg,contrast:0.75,1.0010640621185303
20260826,B,./images/train2017/000000463299.jpg,contrast:0.75,1.0169488191604614
20260826,B,./images/train2017/000000173925.jpg,contrast:0.75,0.9752933979034424
20260826,B,./images/train2017/000000336843.jpg,contrast:0.75,1.0734715461730957
20260826,B,./images/train2017/000000395766.jpg,contrast:0.75,0.9682300686836243
20260826,B,./images/train2017/000000531659.jpg,contrast:0.75,1.0411845445632935
20260826,B,./images/train2017/000000000110.jpg,contrast:0.75,1.0160168409347534
20260826,B,./images/train2017/000000154801.jpg,contrast:0.75,0.9943718314170837
20260826,B,./images/train2017/000000564609.jpg,contrast:0.75,1.0062403678894043
20260826,B,./images/train2017/000000477641.jpg,contrast:0.75,0.9696518778800964
20260826,B,./images/train2017/000000080123.jpg,contrast:0.75,1.008512258529663
20260826,B,./images/train2017/000000362568.jpg,contrast:0.75,0.9456371068954468
20260826,B,./images/train2017/000000404702.jpg,contrast:0.75,1.0343350172042847
20260826,B,./images/train2017/000000197005.jpg,contrast:0.75,0.9871425032615662
20260826,B,./images/train2017/000000124240.jpg,contrast:0.75,0.9606058597564697
20260826,B,./images/train2017/000000502644.jpg,contrast:0.75,1.0221027135849
20260826,B,./images/train2017/000000147228.jpg,contrast:0.75,1.0427318811416626
20260826,B,./images/train2017/000000010907.jpg,contrast:0.75,0.9941356778144836
20260826,B,./images/train2017/000000255093.jpg,contrast:0.75,1.0018056631088257
20260826,B,./images/train2017/000000155884.jpg,contrast:0.75,1.037959337234497
20260826,B,./images/train2017/000000200386.jpg,contrast:0.75,1.0243818759918213
20260826,B,./images/train2017/000000152483.jpg,contrast:0.75,1.0135303735733032
20260826,B,./images/train2017/000000060992.jpg,contrast:0.75,0.9764025807380676
20260826,B,./images/train2017/000000431480.jpg,contrast:0.75,1.0566977262496948
20260826,B,./images/train2017/000000374576.jpg,contrast:0.75,1.0271875858306885
20260826,B,./images/train2017/000000337342.jpg,contrast:0.75,0.9802542924880981
20260826,B,./images/train2017/000000476901.jpg,contrast:0.75,1.0155749320983887
20260826,B,./images/train2017/000000084762.jpg,contrast:0.75,1.0150092840194702
20260826,B,./images/train2017/000000504259.jpg,contrast:0.5,0.9492183923721313
20260826,B,./images/train2017/000000107620.jpg,contrast:0.5,1.0286332368850708
20260826,B,./images/train2017/000000560103.jpg,contrast:0.5,1.0302811861038208
20260826,B,./images/train2017/000000325634.jpg,contrast:0.5,0.931408703327179
20260826,B,./images/train2017/000000062937.jpg,contrast:0.5,1.0230216979980469
20260826,B,./images/train2017/000000326290.jpg,contrast:0.5,1.0064899921417236
20260826,B,./images/train2017/000000560660.jpg,contrast:0.5,1.0317103862762451
20260826,B,./images/train2017/000000423355.jpg,contrast:0.5,1.0408751964569092
20260826,B,./images/train2017/000000062311.jpg,contrast:0.5,1.0260897874832153
20260826,B,./images/train2017/000000075327.jpg,contrast:0.5,0.9817909598350525
20260826,B,./images/train2017/000000124364.jpg,contrast:0.5,1.0381666421890259
20260826,B,./images/train2017/000000226957.jpg,contrast:0.5,1.032773494720459
20260826,B,./images/train2017/000000026573.jpg,contrast:0.5,0.9897107481956482
20260826,B,./images/train2017/000000518548.jpg,contrast:0.5,0.9831222295761108
20260826,B,./images/train2017/000000467766.jpg,contrast:0.5,0.9760817289352417
20260826,B,./images/train2017/000000146819.jpg,contrast:0.5,0.9869681000709534
20260826,B,./images/train2017/000000346367.jpg,contrast:0.5,1.0160280466079712
20260826,B,./images/train2017/000000404710.jpg,contrast:0.5,0.9636645317077637
20260826,B,./images/train2017/000000028517.jpg,contrast:0.5,1.0338629484176636
20260826,B,./images/train2017/000000180851.jpg,contrast:0.5,0.9601300358772278
20260826,B,./images/train2017/000000513585.jpg,contrast:0.5,1.0140941143035889
20260826,B,./images/train2017/000000123892.jpg,contrast:0.5,1.013411045074463
20260826,B,./images/train2017/000000257874.jpg,contrast:0.5,0.9431013464927673
20260826,B,./images/train2017/000000220376.jpg,contrast:0.5,1.076171636581421
20260826,B,./images/train2017/000000219117.jpg,contrast:0.5,1.099514126777649
20260826,B,./images/train2017/000000423193.jpg,contrast:0.5,1.0479490756988525
20260826,B,./images/train2017/000000259793.jpg,contrast:0.5,1.0187746286392212
20260826,B,./images/train2017/000000465701.jpg,contrast:0.5,0.9687193632125854
20260826,B,./images/train2017/000000054796.jpg,contrast:0.5,0.9464693665504456
20260826,B,./images/train2017/000000253054.jpg,contrast:0.5,1.0385639667510986
20260826,B,./images/train2017/000000036113.jpg,contrast:0.5,1.0055334568023682
20260826,B,./images/train2017/000000345711.jpg,contrast:0.5,0.9945980906486511
20260826,B,./images/train2017/000000034340.jpg,contrast:0.5,1.0560072660446167
20260826,B,./images/train2017/000000456315.jpg,contrast:0.5,0.9819838404655457
20260826,B,./images/train2017/000000482195.jpg,contrast:0.5,0.9355062246322632
20260826,B,./images/train2017/000000553660.jpg,contrast:0.5,1.081030011177063
20260826,B,./images/train2017/000000569500.jpg,contrast:0.5,1.0948193073272705
20260826,B,./images/train2017/000000027556.jpg,contrast:0.5,1.04234778881073
20260826,B,./images/train2017/000000534845.jpg,contrast:0.5,1.009363055229187
20260826,B,./images/train2017/000000020376.jpg,contrast:0.5,1.028307318687439
20260826,B,./images/train2017/000000285998.jpg,contrast:0.5,1.1193207502365112
20260826,B,./images/train2017/000000284644.jpg,contrast:0.5,1.0119268894195557
20260826,B,./images/train2017/000000319345.jpg,contrast:0.5,1.0023345947265625
20260826,B,./images/train2017/000000082143.jpg,contrast:0.5,0.9857595562934875
20260826,B,./images/train2017/000000414664.jpg,contrast:0.5,0.9622710943222046
20260826,B,./images/train2017/000000518472.jpg,contrast:0.5,1.0018075704574585
20260826,B,./images/train2017/000000494175.jpg,contrast:0.5,0.8743084669113159
20260826,B,./images/train2017/000000566832.jpg,contrast:0.5,0.9552159905433655
20260826,B,./images/train2017/000000120767.jpg,contrast:0.5,1.041221022605896
20260826,B,./images/train2017/000000053448.jpg,contrast:0.5,1.0018384456634521
20260826,B,./images/train2017/000000181453.jpg,contrast:0.5,1.008044719696045
20260826,B,./images/train2017/000000473159.jpg,contrast:0.5,0.9955764412879944
20260826,B,./images/train2017/000000562943.jpg,contrast:0.5,1.0014584064483643
20260826,B,./images/train2017/000000237600.jpg,contrast:0.5,1.1071922779083252
20260826,B,./images/train2017/000000312935.jpg,contrast:0.5,1.004144310951233
20260826,B,./images/train2017/000000227736.jpg,contrast:0.5,0.9899795651435852
20260826,B,./images/train2017/000000371486.jpg,contrast:0.5,1.0284112691879272
20260826,B,./images/train2017/000000477042.jpg,contrast:0.5,1.0067386627197266
20260826,B,./images/train2017/000000295358.jpg,contrast:0.5,1.0373351573944092
20260826,B,./images/train2017/000000204962.jpg,contrast:0.5,1.0103379487991333
20260826,B,./images/train2017/000000077455.jpg,contrast:0.5,1.0179144144058228
20260826,B,./images/train2017/000000022683.jpg,contrast:0.5,0.9886970520019531
20260826,B,./images/train2017/000000304909.jpg,contrast:0.5,1.0174976587295532
20260826,B,./images/train2017/000000428943.jpg,contrast:0.5,1.0377401113510132
20260826,B,./images/train2017/000000081842.jpg,contrast:0.5,1.0679435729980469
20260826,B,./images/train2017/000000264381.jpg,contrast:0.5,1.0255974531173706
20260826,B,./images/train2017/000000545919.jpg,contrast:0.5,1.0096688270568848
20260826,B,./images/train2017/000000058089.jpg,contrast:0.5,0.9486576318740845
20260826,B,./images/train2017/000000386127.jpg,contrast:0.5,0.9804942011833191
20260826,B,./images/train2017/000000362062.jpg,contrast:0.5,1.0866928100585938
20260826,B,./images/train2017/000000566855.jpg,contrast:0.5,0.9767761826515198
20260826,B,./images/train2017/000000355186.jpg,contrast:0.5,1.0210151672363281
20260826,B,./images/train2017/000000346978.jpg,contrast:0.5,1.0319770574569702
20260826,B,./images/train2017/000000444496.jpg,contrast:0.5,0.9996593594551086
20260826,B,./images/train2017/000000335189.jpg,contrast:0.5,0.9671536087989807
20260826,B,./images/train2017/000000495438.jpg,contrast:0.5,0.9702821969985962
20260826,B,./images/train2017/000000081749.jpg,contrast:0.5,0.9458400011062622
20260826,B,./images/train2017/000000310258.jpg,contrast:0.5,0.9941753149032593
20260826,B,./images/train2017/000000379820.jpg,contrast:0.5,1.0383973121643066
20260826,B,./images/train2017/000000026578.jpg,contrast:0.5,0.970284640789032
20260826,B,./images/train2017/000000350969.jpg,contrast:0.5,0.9990227222442627
20260826,B,./images/train2017/000000377012.jpg,contrast:0.5,0.9899932742118835
20260826,B,./images/train2017/000000271666.jpg,contrast:0.5,1.0076829195022583
20260826,B,./images/train2017/000000509933.jpg,contrast:0.5,1.0206382274627686
20260826,B,./images/train2017/000000248952.jpg,contrast:0.5,1.0905593633651733
20260826,B,./images/train2017/000000196922.jpg,contrast:0.5,0.9965890645980835
20260826,B,./images/train2017/000000170327.jpg,contrast:0.5,1.0428290367126465
20260826,B,./images/train2017/000000113839.jpg,contrast:0.5,1.0009725093841553
20260826,B,./images/train2017/000000282855.jpg,contrast:0.5,1.0594029426574707
20260826,B,./images/train2017/000000167901.jpg,contrast:0.5,1.1648317575454712
20260826,B,./images/train2017/000000098631.jpg,contrast:0.5,0.9800574779510498
20260826,B,./images/train2017/000000312254.jpg,contrast:0.5,1.0717453956604004
20260826,B,./images/train2017/000000477949.jpg,contrast:0.5,1.005772352218628
20260826,B,./images/train2017/000000468133.jpg,contrast:0.5,0.9968405365943909
20260826,B,./images/train2017/000000213457.jpg,contrast:0.5,0.9938711524009705
20260826,B,./images/train2017/000000378007.jpg,contrast:0.5,1.0703681707382202
20260826,B,./images/train2017/000000552744.jpg,contrast:0.5,1.0114631652832031
20260826,B,./images/train2017/000000193011.jpg,contrast:0.5,1.0224157571792603
20260826,B,./images/train2017/000000564781.jpg,contrast:0.5,1.0465404987335205
20260826,B,./images/train2017/000000311401.jpg,contrast:0.5,1.149724006652832
20260826,B,./images/train2017/000000571078.jpg,contrast:0.5,0.9858840107917786
20260826,B,./images/train2017/000000463299.jpg,contrast:0.5,1.0728830099105835
20260826,B,./images/train2017/000000173925.jpg,contrast:0.5,1.0057096481323242
20260826,B,./images/train2017/000000336843.jpg,contrast:0.5,1.0729761123657227
20260826,B,./images/train2017/000000395766.jpg,contrast:0.5,0.9758328795433044
20260826,B,./images/train2017/000000531659.jpg,contrast:0.5,1.0831780433654785
20260826,B,./images/train2017/000000000110.jpg,contrast:0.5,1.0048937797546387
20260826,B,./images/train2017/000000154801.jpg,contrast:0.5,0.9916459321975708
20260826,B,./images/train2017/000000564609.jpg,contrast:0.5,0.9964876174926758
20260826,B,./images/train2017/000000477641.jpg,contrast:0.5,0.9761833548545837
20260826,B,./images/train2017/000000080123.jpg,contrast:0.5,1.029288411140442
20260826,B,./images/train2017/000000362568.jpg,contrast:0.5,0.9465899467468262
20260826,B,./images/train2017/000000404702.jpg,contrast:0.5,1.05793035030365
20260826,B,./images/train2017/000000197005.jpg,contrast:0.5,1.0164521932601929
20260826,B,./images/train2017/000000124240.jpg,contrast:0.5,0.9607670307159424
20260826,B,./images/train2017/000000502644.jpg,contrast:0.5,1.0474141836166382
20260826,B,./images/train2017/000000147228.jpg,contrast:0.5,1.0940078496932983
20260826,B,./images/train2017/000000010907.jpg,contrast:0.5,0.9925797581672668
20260826,B,./images/train2017/000000255093.jpg,contrast:0.5,0.9802815914154053
20260826,B,./images/train2017/000000155884.jpg,contrast:0.5,1.0362039804458618
20260826,B,./images/train2017/000000200386.jpg,contrast:0.5,1.0755585432052612
20260826,B,./images/train2017/000000152483.jpg,contrast:0.5,1.0073227882385254
20260826,B,./images/train2017/000000060992.jpg,contrast:0.5,1.0009844303131104
20260826,B,./images/train2017/000000431480.jpg,contrast:0.5,0.9898675680160522
20260826,B,./images/train2017/000000374576.jpg,contrast:0.5,1.0513904094696045
20260826,B,./images/train2017/000000337342.jpg,contrast:0.5,1.0156910419464111
20260826,B,./images/train2017/000000476901.jpg,contrast:0.5,1.0084412097930908
20260826,B,./images/train2017/000000084762.jpg,contrast:0.5,1.0283551216125488
20260826,B,./images/train2017/000000504259.jpg,gaussian_blur:1.0,1.0536125898361206
20260826,B,./images/train2017/000000107620.jpg,gaussian_blur:1.0,1.0047270059585571
20260826,B,./images/train2017/000000560103.jpg,gaussian_blur:1.0,1.0190001726150513
20260826,B,./images/train2017/000000325634.jpg,gaussian_blur:1.0,0.9993436336517334
20260826,B,./images/train2017/000000062937.jpg,gaussian_blur:1.0,1.0291409492492676
20260826,B,./images/train2017/000000326290.jpg,gaussian_blur:1.0,1.011881947517395
20260826,B,./images/train2017/000000560660.jpg,gaussian_blur:1.0,1.015579104423523
20260826,B,./images/train2017/000000423355.jpg,gaussian_blur:1.0,1.0062620639801025
20260826,B,./images/train2017/000000062311.jpg,gaussian_blur:1.0,0.9475474953651428
20260826,B,./images/train2017/000000075327.jpg,gaussian_blur:1.0,1.0257364511489868
20260826,B,./images/train2017/000000124364.jpg,gaussian_blur:1.0,1.0234410762786865
20260826,B,./images/train2017/000000226957.jpg,gaussian_blur:1.0,1.0092366933822632
20260826,B,./images/train2017/000000026573.jpg,gaussian_blur:1.0,1.0394021272659302
20260826,B,./images/train2017/000000518548.jpg,gaussian_blur:1.0,1.0803147554397583
20260826,B,./images/train2017/000000467766.jpg,gaussian_blur:1.0,0.9863830208778381
20260826,B,./images/train2017/000000146819.jpg,gaussian_blur:1.0,0.9827063083648682
20260826,B,./images/train2017/000000346367.jpg,gaussian_blur:1.0,1.0706744194030762
20260826,B,./images/train2017/000000404710.jpg,gaussian_blur:1.0,0.9739817976951599
20260826,B,./images/train2017/000000028517.jpg,gaussian_blur:1.0,1.004431962966919
20260826,B,./images/train2017/000000180851.jpg,gaussian_blur:1.0,1.0164880752563477
20260826,B,./images/train2017/000000513585.jpg,gaussian_blur:1.0,1.03530752658844
20260826,B,./images/train2017/000000123892.jpg,gaussian_blur:1.0,1.0345097780227661
20260826,B,./images/train2017/000000257874.jpg,gaussian_blur:1.0,1.0758278369903564
20260826,B,./images/train2017/000000220376.jpg,gaussian_blur:1.0,1.0031894445419312
20260826,B,./images/train2017/000000219117.jpg,gaussian_blur:1.0,1.0425615310668945
20260826,B,./images/train2017/000000423193.jpg,gaussian_blur:1.0,1.009552240371704
20260826,B,./images/train2017/000000259793.jpg,gaussian_blur:1.0,0.9906778335571289
20260826,B,./images/train2017/000000465701.jpg,gaussian_blur:1.0,1.0900788307189941
20260826,B,./images/train2017/000000054796.jpg,gaussian_blur:1.0,0.9910712838172913
20260826,B,./images/train2017/000000253054.jpg,gaussian_blur:1.0,0.9951233863830566
20260826,B,./images/train2017/000000036113.jpg,gaussian_blur:1.0,1.0910857915878296
20260826,B,./images/train2017/000000345711.jpg,gaussian_blur:1.0,1.01685631275177
20260826,B,./images/train2017/000000034340.jpg,gaussian_blur:1.0,0.9920457601547241
20260826,B,./images/train2017/000000456315.jpg,gaussian_blur:1.0,1.019149661064148
20260826,B,./images/train2017/000000482195.jpg,gaussian_blur:1.0,1.0340304374694824
20260826,B,./images/train2017/000000553660.jpg,gaussian_blur:1.0,1.0002652406692505
20260826,B,./images/train2017/000000569500.jpg,gaussian_blur:1.0,1.0545052289962769
20260826,B,./images/train2017/000000027556.jpg,gaussian_blur:1.0,1.0347894430160522
20260826,B,./images/train2017/000000534845.jpg,gaussian_blur:1.0,0.9828613996505737
20260826,B,./images/train2017/000000020376.jpg,gaussian_blur:1.0,1.0364875793457031
20260826,B,./images/train2017/000000285998.jpg,gaussian_blur:1.0,1.0315053462982178
20260826,B,./images/train2017/000000284644.jpg,gaussian_blur:1.0,0.9629846215248108
20260826,B,./images/train2017/000000319345.jpg,gaussian_blur:1.0,0.9858771562576294
20260826,B,./images/train2017/000000082143.jpg,gaussian_blur:1.0,0.9884605407714844
20260826,B,./images/train2017/000000414664.jpg,gaussian_blur:1.0,0.9802449941635132
20260826,B,./images/train2017/000000518472.jpg,gaussian_blur:1.0,1.0249199867248535
20260826,B,./images/train2017/000000494175.jpg,gaussian_blur:1.0,1.099518895149231
20260826,B,./images/train2017/000000566832.jpg,gaussian_blur:1.0,0.9806885719299316
20260826,B,./images/train2017/000000120767.jpg,gaussian_blur:1.0,1.051543116569519
20260826,B,./images/train2017/000000053448.jpg,gaussian_blur:1.0,1.0563242435455322
20260826,B,./images/train2017/000000181453.jpg,gaussian_blur:1.0,1.0349363088607788
20260826,B,./images/train2017/000000473159.jpg,gaussian_blur:1.0,1.011196255683899
20260826,B,./images/train2017/000000562943.jpg,gaussian_blur:1.0,0.9879953265190125
20260826,B,./images/train2017/000000237600.jpg,gaussian_blur:1.0,1.0708268880844116
20260826,B,./images/train2017/000000312935.jpg,gaussian_blur:1.0,0.9864553809165955
20260826,B,./images/train2017/000000227736.jpg,gaussian_blur:1.0,1.0483250617980957
20260826,B,./images/train2017/000000371486.jpg,gaussian_blur:1.0,1.0084912776947021
20260826,B,./images/train2017/000000477042.jpg,gaussian_blur:1.0,0.9929234385490417
20260826,B,./images/train2017/000000295358.jpg,gaussian_blur:1.0,1.051932454109192
20260826,B,./images/train2017/000000204962.jpg,gaussian_blur:1.0,1.0266964435577393
20260826,B,./images/train2017/000000077455.jpg,gaussian_blur:1.0,1.028627872467041
20260826,B,./images/train2017/000000022683.jpg,gaussian_blur:1.0,0.9927264451980591
20260826,B,./images/train2017/000000304909.jpg,gaussian_blur:1.0,1.0259227752685547
20260826,B,./images/train2017/000000428943.jpg,gaussian_blur:1.0,0.9516924619674683
20260826,B,./images/train2017/000000081842.jpg,gaussian_blur:1.0,1.007309913635254
20260826,B,./images/train2017/000000264381.jpg,gaussian_blur:1.0,1.0005748271942139
20260826,B,./images/train2017/000000545919.jpg,gaussian_blur:1.0,0.9965311884880066
20260826,B,./images/train2017/000000058089.jpg,gaussian_blur:1.0,1.036620855331421
20260826,B,./images/train2017/000000386127.jpg,gaussian_blur:1.0,0.96158766746521
20260826,B,./images/train2017/000000362062.jpg,gaussian_blur:1.0,0.9734650254249573
20260826,B,./images/train2017/000000566855.jpg,gaussian_blur:1.0,1.040264368057251
20260826,B,./images/train2017/000000355186.jpg,gaussian_blur:1.0,1.072027325630188
20260826,B,./images/train2017/000000346978.jpg,gaussian_blur:1.0,1.0483039617538452
20260826,B,./images/train2017/000000444496.jpg,gaussian_blur:1.0,1.0773046016693115
20260826,B,./images/train2017/000000335189.jpg,gaussian_blur:1.0,0.9777367115020752
20260826,B,./images/train2017/000000495438.jpg,gaussian_blur:1.0,1.0541350841522217
20260826,B,./images/train2017/000000081749.jpg,gaussian_blur:1.0,1.043619990348816
20260826,B,./images/train2017/000000310258.jpg,gaussian_blur:1.0,0.9741331934928894
20260826,B,./images/train2017/000000379820.jpg,gaussian_blur:1.0,1.0118284225463867
20260826,B,./images/train2017/000000026578.jpg,gaussian_blur:1.0,1.0120913982391357
20260826,B,./images/train2017/000000350969.jpg,gaussian_blur:1.0,1.0299423933029175
20260826,B,./images/train2017/000000377012.jpg,gaussian_blur:1.0,1.0292037725448608
20260826,B,./images/train2017/000000271666.jpg,gaussian_blur:1.0,0.9808477163314819
20260826,B,./images/train2017/000000509933.jpg,gaussian_blur:1.0,1.0004059076309204
20260826,B,./images/train2017/000000248952.jpg,gaussian_blur:1.0,1.0790867805480957
20260826,B,./images/train2017/000000196922.jpg,gaussian_blur:1.0,0.9831863045692444
20260826,B,./images/train2017/000000170327.jpg,gaussian_blur:1.0,1.0416696071624756
20260826,B,./images/train2017/000000113839.jpg,gaussian_blur:1.0,1.0119956731796265
20260826,B,./images/train2017/000000282855.jpg,gaussian_blur:1.0,1.0633807182312012
20260826,B,./images/train2017/000000167901.jpg,gaussian_blur:1.0,1.0319092273712158
20260826,B,./images/train2017/000000098631.jpg,gaussian_blur:1.0,1.0497372150421143
20260826,B,./images/train2017/000000312254.jpg,gaussian_blur:1.0,1.082914113998413
20260826,B,./images/train2017/000000477949.jpg,gaussian_blur:1.0,0.9924296736717224
20260826,B,./images/train2017/000000468133.jpg,gaussian_blur:1.0,1.011940360069275
20260826,B,./images/train2017/000000213457.jpg,gaussian_blur:1.0,0.9607413411140442
20260826,B,./images/train2017/000000378007.jpg,gaussian_blur:1.0,0.9864081740379333
20260826,B,./images/train2017/000000552744.jpg,gaussian_blur:1.0,1.075652837753296
20260826,B,./images/train2017/000000193011.jpg,gaussian_blur:1.0,1.048172950744629
20260826,B,./images/train2017/000000564781.jpg,gaussian_blur:1.0,1.0219016075134277
20260826,B,./images/train2017/000000311401.jpg,gaussian_blur:1.0,0.9951662421226501
20260826,B,./images/train2017/000000571078.jpg,gaussian_blur:1.0,1.0691819190979004
20260826,B,./images/train2017/000000463299.jpg,gaussian_blur:1.0,1.0452849864959717
20260826,B,./images/train2017/000000173925.jpg,gaussian_blur:1.0,1.1738834381103516
20260826,B,./images/train2017/000000336843.jpg,gaussian_blur:1.0,1.0007531642913818
20260826,B,./images/train2017/000000395766.jpg,gaussian_blur:1.0,1.0404826402664185
20260826,B,./images/train2017/000000531659.jpg,gaussian_blur:1.0,0.979252278804779
20260826,B,./images/train2017/000000000110.jpg,gaussian_blur:1.0,1.008079171180725
20260826,B,./images/train2017/000000154801.jpg,gaussian_blur:1.0,1.0413204431533813
20260826,B,./images/train2017/000000564609.jpg,gaussian_blur:1.0,1.0091264247894287
20260826,B,./images/train2017/000000477641.jpg,gaussian_blur:1.0,1.0883469581604004
20260826,B,./images/train2017/000000080123.jpg,gaussian_blur:1.0,1.0466407537460327
20260826,B,./images/train2017/000000362568.jpg,gaussian_blur:1.0,0.933413028717041
20260826,B,./images/train2017/000000404702.jpg,gaussian_blur:1.0,1.0346648693084717
20260826,B,./images/train2017/000000197005.jpg,gaussian_blur:1.0,1.003105878829956
20260826,B,./images/train2017/000000124240.jpg,gaussian_blur:1.0,0.9742949604988098
20260826,B,./images/train2017/000000502644.jpg,gaussian_blur:1.0,0.9966862797737122
20260826,B,./images/train2017/000000147228.jpg,gaussian_blur:1.0,1.0069913864135742
20260826,B,./images/train2017/000000010907.jpg,gaussian_blur:1.0,1.037064552307129
20260826,B,./images/train2017/000000255093.jpg,gaussian_blur:1.0,1.0368825197219849
20260826,B,./images/train2017/000000155884.jpg,gaussian_blur:1.0,1.014051914215088
20260826,B,./images/train2017/000000200386.jpg,gaussian_blur:1.0,1.0158360004425049
20260826,B,./images/train2017/000000152483.jpg,gaussian_blur:1.0,0.9898342490196228
20260826,B,./images/train2017/000000060992.jpg,gaussian_blur:1.0,1.0630022287368774
20260826,B,./images/train2017/000000431480.jpg,gaussian_blur:1.0,1.118465781211853
20260826,B,./images/train2017/000000374576.jpg,gaussian_blur:1.0,1.0644851922988892
20260826,B,./images/train2017/000000337342.jpg,gaussian_blur:1.0,1.088492512702942
20260826,B,./images/train2017/000000476901.jpg,gaussian_blur:1.0,0.9567785859107971
20260826,B,./images/train2017/000000084762.jpg,gaussian_blur:1.0,1.0098685026168823
20260826,B,./images/train2017/000000504259.jpg,gaussian_blur:2.0,0.9656505584716797
20260826,B,./images/train2017/000000107620.jpg,gaussian_blur:2.0,0.9946338534355164
20260826,B,./images/train2017/000000560103.jpg,gaussian_blur:2.0,0.9769232273101807
20260826,B,./images/train2017/000000325634.jpg,gaussian_blur:2.0,0.9808335304260254
20260826,B,./images/train2017/000000062937.jpg,gaussian_blur:2.0,1.0101467370986938
20260826,B,./images/train2017/000000326290.jpg,gaussian_blur:2.0,0.996870756149292
20260826,B,./images/train2017/000000560660.jpg,gaussian_blur:2.0,1.0376908779144287
20260826,B,./images/train2017/000000423355.jpg,gaussian_blur:2.0,0.963912844657898
20260826,B,./images/train2017/000000062311.jpg,gaussian_blur:2.0,0.9350343346595764
20260826,B,./images/train2017/000000075327.jpg,gaussian_blur:2.0,0.9915101528167725
20260826,B,./images/train2017/000000124364.jpg,gaussian_blur:2.0,1.0062710046768188
20260826,B,./images/train2017/000000226957.jpg,gaussian_blur:2.0,0.9899613857269287
20260826,B,./images/train2017/000000026573.jpg,gaussian_blur:2.0,1.006149411201477
20260826,B,./images/train2017/000000518548.jpg,gaussian_blur:2.0,1.0602827072143555
20260826,B,./images/train2017/000000467766.jpg,gaussian_blur:2.0,1.027645230293274
20260826,B,./images/train2017/000000146819.jpg,gaussian_blur:2.0,0.9677436351776123
20260826,B,./images/train2017/000000346367.jpg,gaussian_blur:2.0,0.998464822769165
20260826,B,./images/train2017/000000404710.jpg,gaussian_blur:2.0,0.9725674390792847
20260826,B,./images/train2017/000000028517.jpg,gaussian_blur:2.0,1.0465083122253418
20260826,B,./images/train2017/000000180851.jpg,gaussian_blur:2.0,1.0066441297531128
20260826,B,./images/train2017/000000513585.jpg,gaussian_blur:2.0,0.9845426678657532
20260826,B,./images/train2017/000000123892.jpg,gaussian_blur:2.0,0.9914658069610596
20260826,B,./images/train2017/000000257874.jpg,gaussian_blur:2.0,0.9974647760391235
20260826,B,./images/train2017/000000220376.jpg,gaussian_blur:2.0,1.0454154014587402
20260826,B,./images/train2017/000000219117.jpg,gaussian_blur:2.0,1.003002405166626
20260826,B,./images/train2017/000000423193.jpg,gaussian_blur:2.0,1.0455223321914673
20260826,B,./images/train2017/000000259793.jpg,gaussian_blur:2.0,0.9241354465484619
20260826,B,./images/train2017/000000465701.jpg,gaussian_blur:2.0,1.0149635076522827
20260826,B,./images/train2017/000000054796.jpg,gaussian_blur:2.0,0.9892539978027344
20260826,B,./images/train2017/000000253054.jpg,gaussian_blur:2.0,0.88556969165802
20260826,B,./images/train2017/000000036113.jpg,gaussian_blur:2.0,1.0785075426101685
20260826,B,./images/train2017/000000345711.jpg,gaussian_blur:2.0,0.9480834007263184
20260826,B,./images/train2017/000000034340.jpg,gaussian_blur:2.0,1.0872523784637451
20260826,B,./images/train2017/000000456315.jpg,gaussian_blur:2.0,1.0048543214797974
20260826,B,./images/train2017/000000482195.jpg,gaussian_blur:2.0,0.9711748957633972
20260826,B,./images/train2017/000000553660.jpg,gaussian_blur:2.0,0.9935537576675415
20260826,B,./images/train2017/000000569500.jpg,gaussian_blur:2.0,1.0030137300491333
20260826,B,./images/train2017/000000027556.jpg,gaussian_blur:2.0,1.0064107179641724
20260826,B,./images/train2017/000000534845.jpg,gaussian_blur:2.0,1.0194692611694336
20260826,B,./images/train2017/000000020376.jpg,gaussian_blur:2.0,0.9930418133735657
20260826,B,./images/train2017/000000285998.jpg,gaussian_blur:2.0,0.9524625539779663
20260826,B,./images/train2017/000000284644.jpg,gaussian_blur:2.0,0.8853753805160522
20260826,B,./images/train2017/000000319345.jpg,gaussian_blur:2.0,0.928093671798706
20260826,B,./images/train2017/000000082143.jpg,gaussian_blur:2.0,0.9878613352775574
20260826,B,./images/train2017/000000414664.jpg,gaussian_blur:2.0,0.9502319097518921
20260826,B,./images/train2017/000000518472.jpg,gaussian_blur:2.0,1.0016682147979736
20260826,B,./images/train2017/000000494175.jpg,gaussian_blur:2.0,1.0550802946090698
20260826,B,./images/train2017/000000566832.jpg,gaussian_blur:2.0,0.9186357259750366
20260826,B,./images/train2017/000000120767.jpg,gaussian_blur:2.0,1.0104049444198608
20260826,B,./images/train2017/000000053448.jpg,gaussian_blur:2.0,0.955487847328186
20260826,B,./images/train2017/000000181453.jpg,gaussian_blur:2.0,1.0089731216430664
20260826,B,./images/train2017/000000473159.jpg,gaussian_blur:2.0,1.0612722635269165
20260826,B,./images/train2017/000000562943.jpg,gaussian_blur:2.0,1.0659213066101074
20260826,B,./images/train2017/000000237600.jpg,gaussian_blur:2.0,1.0168845653533936
20260826,B,./images/train2017/000000312935.jpg,gaussian_blur:2.0,0.880530595779419
20260826,B,./images/train2017/000000227736.jpg,gaussian_blur:2.0,1.1078490018844604
20260826,B,./images/train2017/000000371486.jpg,gaussian_blur:2.0,0.9988590478897095
20260826,B,./images/train2017/000000477042.jpg,gaussian_blur:2.0,0.9844919443130493
20260826,B,./images/train2017/000000295358.jpg,gaussian_blur:2.0,1.0265796184539795
20260826,B,./images/train2017/000000204962.jpg,gaussian_blur:2.0,1.0064347982406616
20260826,B,./images/train2017/000000077455.jpg,gaussian_blur:2.0,1.0247355699539185
20260826,B,./images/train2017/000000022683.jpg,gaussian_blur:2.0,1.0262295007705688
20260826,B,./images/train2017/000000304909.jpg,gaussian_blur:2.0,1.0416793823242188
20260826,B,./images/train2017/000000428943.jpg,gaussian_blur:2.0,0.9681949615478516
20260826,B,./images/train2017/000000081842.jpg,gaussian_blur:2.0,1.0065885782241821
20260826,B,./images/train2017/000000264381.jpg,gaussian_blur:2.0,1.0129480361938477
20260826,B,./images/train2017/000000545919.jpg,gaussian_blur:2.0,0.9954125881195068
20260826,B,./images/train2017/000000058089.jpg,gaussian_blur:2.0,0.9414637684822083
20260826,B,./images/train2017/000000386127.jpg,gaussian_blur:2.0,0.933110237121582
20260826,B,./images/train2017/000000362062.jpg,gaussian_blur:2.0,1.0077319145202637
20260826,B,./images/train2017/000000566855.jpg,gaussian_blur:2.0,0.9626964330673218
20260826,B,./images/train2017/000000355186.jpg,gaussian_blur:2.0,1.0168787240982056
20260826,B,./images/train2017/000000346978.jpg,gaussian_blur:2.0,1.0226367712020874
20260826,B,./images/train2017/000000444496.jpg,gaussian_blur:2.0,1.0658035278320312
20260826,B,./images/train2017/000000335189.jpg,gaussian_blur:2.0,0.9837484359741211
20260826,B,./images/train2017/000000495438.jpg,gaussian_blur:2.0,0.9572120904922485
20260826,B,./images/train2017/000000081749.jpg,gaussian_blur:2.0,1.1123169660568237
20260826,B,./images/train2017/000000310258.jpg,gaussian_blur:2.0,1.0451180934906006
20260826,B,./images/train2017/000000379820.jpg,gaussian_blur:2.0,0.966166079044342
20260826,B,./images/train2017/000000026578.jpg,gaussian_blur:2.0,1.0355501174926758
20260826,B,./images/train2017/000000350969.jpg,gaussian_blur:2.0,1.0333632230758667
20260826,B,./images/train2017/000000377012.jpg,gaussian_blur:2.0,1.0343499183654785
20260826,B,./images/train2017/000000271666.jpg,gaussian_blur:2.0,1.014986276626587
20260826,B,./images/train2017/000000509933.jpg,gaussian_blur:2.0,0.9607729911804199
20260826,B,./images/train2017/000000248952.jpg,gaussian_blur:2.0,1.0192999839782715
20260826,B,./images/train2017/000000196922.jpg,gaussian_blur:2.0,0.9923166036605835
20260826,B,./images/train2017/000000170327.jpg,gaussian_blur:2.0,1.049699306488037
20260826,B,./images/train2017/000000113839.jpg,gaussian_blur:2.0,0.94788658618927
20260826,B,./images/train2017/000000282855.jpg,gaussian_blur:2.0,1.010804533958435
20260826,B,./images/train2017/000000167901.jpg,gaussian_blur:2.0,1.0381280183792114
20260826,B,./images/train2017/000000098631.jpg,gaussian_blur:2.0,0.9561884999275208
20260826,B,./images/train2017/000000312254.jpg,gaussian_blur:2.0,1.0805243253707886
20260826,B,./images/train2017/000000477949.jpg,gaussian_blur:2.0,0.9861187934875488
20260826,B,./images/train2017/000000468133.jpg,gaussian_blur:2.0,1.0212422609329224
20260826,B,./images/train2017/000000213457.jpg,gaussian_blur:2.0,0.9912071824073792
20260826,B,./images/train2017/000000378007.jpg,gaussian_blur:2.0,1.0590659379959106
20260826,B,./images/train2017/000000552744.jpg,gaussian_blur:2.0,1.0536510944366455
20260826,B,./images/train2017/000000193011.jpg,gaussian_blur:2.0,1.1115931272506714
20260826,B,./images/train2017/000000564781.jpg,gaussian_blur:2.0,1.075464129447937
20260826,B,./images/train2017/000000311401.jpg,gaussian_blur:2.0,0.99020916223526
20260826,B,./images/train2017/000000571078.jpg,gaussian_blur:2.0,1.009450078010559
20260826,B,./images/train2017/000000463299.jpg,gaussian_blur:2.0,0.9643427729606628
20260826,B,./images/train2017/000000173925.jpg,gaussian_blur:2.0,1.053456425666809
20260826,B,./images/train2017/000000336843.jpg,gaussian_blur:2.0,0.9833301901817322
20260826,B,./images/train2017/000000395766.jpg,gaussian_blur:2.0,0.9416468739509583
20260826,B,./images/train2017/000000531659.jpg,gaussian_blur:2.0,1.0438610315322876
20260826,B,./images/train2017/000000000110.jpg,gaussian_blur:2.0,0.9949995279312134
20260826,B,./images/train2017/000000154801.jpg,gaussian_blur:2.0,1.005118727684021
20260826,B,./images/train2017/000000564609.jpg,gaussian_blur:2.0,1.0721299648284912
20260826,B,./images/train2017/000000477641.jpg,gaussian_blur:2.0,1.0146284103393555
20260826,B,./images/train2017/000000080123.jpg,gaussian_blur:2.0,1.0168225765228271
20260826,B,./images/train2017/000000362568.jpg,gaussian_blur:2.0,1.0105705261230469
20260826,B,./images/train2017/000000404702.jpg,gaussian_blur:2.0,1.0516318082809448
20260826,B,./images/train2017/000000197005.jpg,gaussian_blur:2.0,0.982772171497345
20260826,B,./images/train2017/000000124240.jpg,gaussian_blur:2.0,1.0135315656661987
20260826,B,./images/train2017/000000502644.jpg,gaussian_blur:2.0,0.9635102152824402
20260826,B,./images/train2017/000000147228.jpg,gaussian_blur:2.0,0.9916773438453674
20260826,B,./images/train2017/000000010907.jpg,gaussian_blur:2.0,1.0413085222244263
20260826,B,./images/train2017/000000255093.jpg,gaussian_blur:2.0,0.9612582921981812
20260826,B,./images/train2017/000000155884.jpg,gaussian_blur:2.0,1.0100198984146118
20260826,B,./images/train2017/000000200386.jpg,gaussian_blur:2.0,1.0295616388320923
20260826,B,./images/train2017/000000152483.jpg,gaussian_blur:2.0,0.9902055859565735
20260826,B,./images/train2017/000000060992.jpg,gaussian_blur:2.0,0.9978761672973633
20260826,B,./images/train2017/000000431480.jpg,gaussian_blur:2.0,1.0415310859680176
20260826,B,./images/train2017/000000374576.jpg,gaussian_blur:2.0,1.0562047958374023
20260826,B,./images/train2017/000000337342.jpg,gaussian_blur:2.0,1.022323489189148
20260826,B,./images/train2017/000000476901.jpg,gaussian_blur:2.0,0.9484899640083313
20260826,B,./images/train2017/000000084762.jpg,gaussian_blur:2.0,0.9976705312728882
20260826,B,./images/train2017/000000504259.jpg,gaussian_noise:0.03,1.0372402667999268
20260826,B,./images/train2017/000000107620.jpg,gaussian_noise:0.03,1.0092062950134277
20260826,B,./images/train2017/000000560103.jpg,gaussian_noise:0.03,1.207046389579773
20260826,B,./images/train2017/000000325634.jpg,gaussian_noise:0.03,1.0643666982650757
20260826,B,./images/train2017/000000062937.jpg,gaussian_noise:0.03,1.229004144668579
20260826,B,./images/train2017/000000326290.jpg,gaussian_noise:0.03,1.083229899406433
20260826,B,./images/train2017/000000560660.jpg,gaussian_noise:0.03,1.0762380361557007
20260826,B,./images/train2017/000000423355.jpg,gaussian_noise:0.03,1.0358420610427856
20260826,B,./images/train2017/000000062311.jpg,gaussian_noise:0.03,1.1260249614715576
20260826,B,./images/train2017/000000075327.jpg,gaussian_noise:0.03,0.9316325783729553
20260826,B,./images/train2017/000000124364.jpg,gaussian_noise:0.03,1.0032209157943726
20260826,B,./images/train2017/000000226957.jpg,gaussian_noise:0.03,0.9808666706085205
20260826,B,./images/train2017/000000026573.jpg,gaussian_noise:0.03,1.1554025411605835
20260826,B,./images/train2017/000000518548.jpg,gaussian_noise:0.03,0.9871572256088257
20260826,B,./images/train2017/000000467766.jpg,gaussian_noise:0.03,0.9873912334442139
20260826,B,./images/train2017/000000146819.jpg,gaussian_noise:0.03,1.1424891948699951
20260826,B,./images/train2017/000000346367.jpg,gaussian_noise:0.03,1.0604280233383179
20260826,B,./images/train2017/000000404710.jpg,gaussian_noise:0.03,1.1961981058120728
20260826,B,./images/train2017/000000028517.jpg,gaussian_noise:0.03,1.1740347146987915
20260826,B,./images/train2017/000000180851.jpg,gaussian_noise:0.03,1.1577997207641602
20260826,B,./images/train2017/000000513585.jpg,gaussian_noise:0.03,0.984448254108429
20260826,B,./images/train2017/000000123892.jpg,gaussian_noise:0.03,1.021309733390808
20260826,B,./images/train2017/000000257874.jpg,gaussian_noise:0.03,1.2203083038330078
20260826,B,./images/train2017/000000220376.jpg,gaussian_noise:0.03,1.2214312553405762
20260826,B,./images/train2017/000000219117.jpg,gaussian_noise:0.03,1.1606662273406982
20260826,B,./images/train2017/000000423193.jpg,gaussian_noise:0.03,1.077406883239746
20260826,B,./images/train2017/000000259793.jpg,gaussian_noise:0.03,0.9613355398178101
20260826,B,./images/train2017/000000465701.jpg,gaussian_noise:0.03,0.9804125428199768
20260826,B,./images/train2017/000000054796.jpg,gaussian_noise:0.03,1.2052863836288452
20260826,B,./images/train2017/000000253054.jpg,gaussian_noise:0.03,1.0908797979354858
20260826,B,./images/train2017/000000036113.jpg,gaussian_noise:0.03,1.1301966905593872
20260826,B,./images/train2017/000000345711.jpg,gaussian_noise:0.03,0.8508540987968445
20260826,B,./images/train2017/000000034340.jpg,gaussian_noise:0.03,1.2207849025726318
20260826,B,./images/train2017/000000456315.jpg,gaussian_noise:0.03,0.9875458478927612
20260826,B,./images/train2017/000000482195.jpg,gaussian_noise:0.03,1.2615962028503418
20260826,B,./images/train2017/000000553660.jpg,gaussian_noise:0.03,1.2311005592346191
20260826,B,./images/train2017/000000569500.jpg,gaussian_noise:0.03,1.1286559104919434
20260826,B,./images/train2017/000000027556.jpg,gaussian_noise:0.03,0.9877747297286987
20260826,B,./images/train2017/000000534845.jpg,gaussian_noise:0.03,1.0271328687667847
20260826,B,./images/train2017/000000020376.jpg,gaussian_noise:0.03,1.0207271575927734
20260826,B,./images/train2017/000000285998.jpg,gaussian_noise:0.03,1.2326538562774658
20260826,B,./images/train2017/000000284644.jpg,gaussian_noise:0.03,1.0846731662750244
20260826,B,./images/train2017/000000319345.jpg,gaussian_noise:0.03,1.05190908908844
20260826,B,./images/train2017/000000082143.jpg,gaussian_noise:0.03,1.03786301612854
20260826,B,./images/train2017/000000414664.jpg,gaussian_noise:0.03,1.0062159299850464
20260826,B,./images/train2017/000000518472.jpg,gaussian_noise:0.03,1.233031988143921
20260826,B,./images/train2017/000000494175.jpg,gaussian_noise:0.03,1.0467720031738281
20260826,B,./images/train2017/000000566832.jpg,gaussian_noise:0.03,1.06339693069458
20260826,B,./images/train2017/000000120767.jpg,gaussian_noise:0.03,1.2718534469604492
20260826,B,./images/train2017/000000053448.jpg,gaussian_noise:0.03,0.9622775912284851
20260826,B,./images/train2017/000000181453.jpg,gaussian_noise:0.03,1.025123953819275
20260826,B,./images/train2017/000000473159.jpg,gaussian_noise:0.03,1.1045230627059937
20260826,B,./images/train2017/000000562943.jpg,gaussian_noise:0.03,0.8368098139762878
20260826,B,./images/train2017/000000237600.jpg,gaussian_noise:0.03,1.2229609489440918
20260826,B,./images/train2017/000000312935.jpg,gaussian_noise:0.03,1.0247615575790405
20260826,B,./images/train2017/000000227736.jpg,gaussian_noise:0.03,1.0069981813430786
20260826,B,./images/train2017/000000371486.jpg,gaussian_noise:0.03,1.0219396352767944
20260826,B,./images/train2017/000000477042.jpg,gaussian_noise:0.03,1.131149411201477
20260826,B,./images/train2017/000000295358.jpg,gaussian_noise:0.03,1.1091567277908325
20260826,B,./images/train2017/000000204962.jpg,gaussian_noise:0.03,1.002182960510254
20260826,B,./images/train2017/000000077455.jpg,gaussian_noise:0.03,0.988351583480835
20260826,B,./images/train2017/000000022683.jpg,gaussian_noise:0.03,1.1353375911712646
20260826,B,./images/train2017/000000304909.jpg,gaussian_noise:0.03,1.0984569787979126
20260826,B,./images/train2017/000000428943.jpg,gaussian_noise:0.03,1.1780588626861572
20260826,B,./images/train2017/000000081842.jpg,gaussian_noise:0.03,0.9999818205833435
20260826,B,./images/train2017/000000264381.jpg,gaussian_noise:0.03,1.01820969581604
20260826,B,./images/train2017/000000545919.jpg,gaussian_noise:0.03,1.1258336305618286
20260826,B,./images/train2017/000000058089.jpg,gaussian_noise:0.03,1.2014720439910889
20260826,B,./images/train2017/000000386127.jpg,gaussian_noise:0.03,1.003108024597168
20260826,B,./images/train2017/000000362062.jpg,gaussian_noise:0.03,1.1417325735092163
20260826,B,./images/train2017/000000566855.jpg,gaussian_noise:0.03,0.9858999848365784
20260826,B,./images/train2017/000000355186.jpg,gaussian_noise:0.03,1.0563409328460693
20260826,B,./images/train2017/000000346978.jpg,gaussian_noise:0.03,1.1891463994979858
20260826,B,./images/train2017/000000444496.jpg,gaussian_noise:0.03,1.046663761138916
20260826,B,./images/train2017/000000335189.jpg,gaussian_noise:0.03,1.0730774402618408
20260826,B,./images/train2017/000000495438.jpg,gaussian_noise:0.03,1.1238665580749512
20260826,B,./images/train2017/000000081749.jpg,gaussian_noise:0.03,1.192551612854004
20260826,B,./images/train2017/000000310258.jpg,gaussian_noise:0.03,0.945763349533081
20260826,B,./images/train2017/000000379820.jpg,gaussian_noise:0.03,1.1919760704040527
20260826,B,./images/train2017/000000026578.jpg,gaussian_noise:0.03,1.054417610168457
20260826,B,./images/train2017/000000350969.jpg,gaussian_noise:0.03,1.0494050979614258
20260826,B,./images/train2017/000000377012.jpg,gaussian_noise:0.03,1.1237924098968506
20260826,B,./images/train2017/000000271666.jpg,gaussian_noise:0.03,0.9359344840049744
20260826,B,./images/train2017/000000509933.jpg,gaussian_noise:0.03,1.0975205898284912
20260826,B,./images/train2017/000000248952.jpg,gaussian_noise:0.03,1.0013588666915894
20260826,B,./images/train2017/000000196922.jpg,gaussian_noise:0.03,0.9491661787033081
20260826,B,./images/train2017/000000170327.jpg,gaussian_noise:0.03,1.056052803993225
20260826,B,./images/train2017/000000113839.jpg,gaussian_noise:0.03,1.1471025943756104
20260826,B,./images/train2017/000000282855.jpg,gaussian_noise:0.03,1.040973424911499
20260826,B,./images/train2017/000000167901.jpg,gaussian_noise:0.03,1.2643625736236572
20260826,B,./images/train2017/000000098631.jpg,gaussian_noise:0.03,1.1776773929595947
20260826,B,./images/train2017/000000312254.jpg,gaussian_noise:0.03,1.1701340675354004
20260826,B,./images/train2017/000000477949.jpg,gaussian_noise:0.03,0.9982203841209412
20260826,B,./images/train2017/000000468133.jpg,gaussian_noise:0.03,1.2011620998382568
20260826,B,./images/train2017/000000213457.jpg,gaussian_noise:0.03,1.004762053489685
20260826,B,./images/train2017/000000378007.jpg,gaussian_noise:0.03,0.9886642098426819
20260826,B,./images/train2017/000000552744.jpg,gaussian_noise:0.03,1.1087132692337036
20260826,B,./images/train2017/000000193011.jpg,gaussian_noise:0.03,0.9789044857025146
20260826,B,./images/train2017/000000564781.jpg,gaussian_noise:0.03,1.0556321144104004
20260826,B,./images/train2017/000000311401.jpg,gaussian_noise:0.03,1.1973563432693481
20260826,B,./images/train2017/000000571078.jpg,gaussian_noise:0.03,1.1949973106384277
20260826,B,./images/train2017/000000463299.jpg,gaussian_noise:0.03,1.0089869499206543
20260826,B,./images/train2017/000000173925.jpg,gaussian_noise:0.03,1.0365656614303589
20260826,B,./images/train2017/000000336843.jpg,gaussian_noise:0.03,1.121410846710205
20260826,B,./images/train2017/000000395766.jpg,gaussian_noise:0.03,1.1445962190628052
20260826,B,./images/train2017/000000531659.jpg,gaussian_noise:0.03,1.2665278911590576
20260826,B,./images/train2017/000000000110.jpg,gaussian_noise:0.03,0.9641641974449158
20260826,B,./images/train2017/000000154801.jpg,gaussian_noise:0.03,0.9648757576942444
20260826,B,./images/train2017/000000564609.jpg,gaussian_noise:0.03,1.0771998167037964
20260826,B,./images/train2017/000000477641.jpg,gaussian_noise:0.03,1.1789743900299072
20260826,B,./images/train2017/000000080123.jpg,gaussian_noise:0.03,1.0674480199813843
20260826,B,./images/train2017/000000362568.jpg,gaussian_noise:0.03,1.2082054615020752
20260826,B,./images/train2017/000000404702.jpg,gaussian_noise:0.03,1.0637084245681763
20260826,B,./images/train2017/000000197005.jpg,gaussian_noise:0.03,1.072738528251648
20260826,B,./images/train2017/000000124240.jpg,gaussian_noise:0.03,0.9952525496482849
20260826,B,./images/train2017/000000502644.jpg,gaussian_noise:0.03,1.1431126594543457
20260826,B,./images/train2017/000000147228.jpg,gaussian_noise:0.03,1.1553298234939575
20260826,B,./images/train2017/000000010907.jpg,gaussian_noise:0.03,1.0087724924087524
20260826,B,./images/train2017/000000255093.jpg,gaussian_noise:0.03,0.9700198173522949
20260826,B,./images/train2017/000000155884.jpg,gaussian_noise:0.03,1.0253804922103882
20260826,B,./images/train2017/000000200386.jpg,gaussian_noise:0.03,1.1154078245162964
20260826,B,./images/train2017/000000152483.jpg,gaussian_noise:0.03,1.0493134260177612
20260826,B,./images/train2017/000000060992.jpg,gaussian_noise:0.03,1.0829226970672607
20260826,B,./images/train2017/000000431480.jpg,gaussian_noise:0.03,1.0158405303955078
20260826,B,./images/train2017/000000374576.jpg,gaussian_noise:0.03,1.119284749031067
20260826,B,./images/train2017/000000337342.jpg,gaussian_noise:0.03,1.178852915763855
20260826,B,./images/train2017/000000476901.jpg,gaussian_noise:0.03,0.9598684906959534
20260826,B,./images/train2017/000000084762.jpg,gaussian_noise:0.03,1.016236662864685
20260826,B,./images/train2017/000000504259.jpg,gaussian_noise:0.06,1.075089931488037
20260826,B,./images/train2017/000000107620.jpg,gaussian_noise:0.06,0.9887920022010803
20260826,B,./images/train2017/000000560103.jpg,gaussian_noise:0.06,1.219658374786377
20260826,B,./images/train2017/000000325634.jpg,gaussian_noise:0.06,1.1402884721755981
20260826,B,./images/train2017/000000062937.jpg,gaussian_noise:0.06,1.310177206993103
20260826,B,./images/train2017/000000326290.jpg,gaussian_noise:0.06,1.074920654296875
20260826,B,./images/train2017/000000560660.jpg,gaussian_noise:0.06,1.1025186777114868
20260826,B,./images/train2017/000000423355.jpg,gaussian_noise:0.06,1.0532690286636353
20260826,B,./images/train2017/000000062311.jpg,gaussian_noise:0.06,1.1133142709732056
20260826,B,./images/train2017/000000075327.jpg,gaussian_noise:0.06,0.9724563360214233
20260826,B,./images/train2017/000000124364.jpg,gaussian_noise:0.06,1.0834221839904785
20260826,B,./images/train2017/000000226957.jpg,gaussian_noise:0.06,0.9740369915962219
20260826,B,./images/train2017/000000026573.jpg,gaussian_noise:0.06,1.2048431634902954
20260826,B,./images/train2017/000000518548.jpg,gaussian_noise:0.06,1.0926001071929932
20260826,B,./images/train2017/000000467766.jpg,gaussian_noise:0.06,1.0237038135528564
20260826,B,./images/train2017/000000146819.jpg,gaussian_noise:0.06,1.1179358959197998
20260826,B,./images/train2017/000000346367.jpg,gaussian_noise:0.06,1.1710875034332275
20260826,B,./images/train2017/000000404710.jpg,gaussian_noise:0.06,1.2546272277832031
20260826,B,./images/train2017/000000028517.jpg,gaussian_noise:0.06,1.22208833694458
20260826,B,./images/train2017/000000180851.jpg,gaussian_noise:0.06,1.0996655225753784
20260826,B,./images/train2017/000000513585.jpg,gaussian_noise:0.06,1.057508111000061
20260826,B,./images/train2017/000000123892.jpg,gaussian_noise:0.06,0.9926223754882812
20260826,B,./images/train2017/000000257874.jpg,gaussian_noise:0.06,1.258725881576538
20260826,B,./images/train2017/000000220376.jpg,gaussian_noise:0.06,1.109523057937622
20260826,B,./images/train2017/000000219117.jpg,gaussian_noise:0.06,1.187900185585022
20260826,B,./images/train2017/000000423193.jpg,gaussian_noise:0.06,1.1692633628845215
20260826,B,./images/train2017/000000259793.jpg,gaussian_noise:0.06,1.0095914602279663
20260826,B,./images/train2017/000000465701.jpg,gaussian_noise:0.06,1.059482216835022
20260826,B,./images/train2017/000000054796.jpg,gaussian_noise:0.06,1.1820908784866333
20260826,B,./images/train2017/000000253054.jpg,gaussian_noise:0.06,1.15015709400177
20260826,B,./images/train2017/000000036113.jpg,gaussian_noise:0.06,1.194231629371643
20260826,B,./images/train2017/000000345711.jpg,gaussian_noise:0.06,0.9115512371063232
20260826,B,./images/train2017/000000034340.jpg,gaussian_noise:0.06,1.2228302955627441
20260826,B,./images/train2017/000000456315.jpg,gaussian_noise:0.06,0.9528201818466187
20260826,B,./images/train2017/000000482195.jpg,gaussian_noise:0.06,1.1871442794799805
20260826,B,./images/train2017/000000553660.jpg,gaussian_noise:0.06,1.1758058071136475
20260826,B,./images/train2017/000000569500.jpg,gaussian_noise:0.06,1.1795706748962402
20260826,B,./images/train2017/000000027556.jpg,gaussian_noise:0.06,0.9296408891677856
20260826,B,./images/train2017/000000534845.jpg,gaussian_noise:0.06,1.025884747505188
20260826,B,./images/train2017/000000020376.jpg,gaussian_noise:0.06,1.044480800628662
20260826,B,./images/train2017/000000285998.jpg,gaussian_noise:0.06,1.2082915306091309
20260826,B,./images/train2017/000000284644.jpg,gaussian_noise:0.06,1.0853512287139893
20260826,B,./images/train2017/000000319345.jpg,gaussian_noise:0.06,1.0619179010391235
20260826,B,./images/train2017/000000082143.jpg,gaussian_noise:0.06,1.1399773359298706
20260826,B,./images/train2017/000000414664.jpg,gaussian_noise:0.06,1.017327070236206
20260826,B,./images/train2017/000000518472.jpg,gaussian_noise:0.06,1.2973040342330933
20260826,B,./images/train2017/000000494175.jpg,gaussian_noise:0.06,1.1361656188964844
20260826,B,./images/train2017/000000566832.jpg,gaussian_noise:0.06,1.078906774520874
20260826,B,./images/train2017/000000120767.jpg,gaussian_noise:0.06,1.2561190128326416
20260826,B,./images/train2017/000000053448.jpg,gaussian_noise:0.06,0.9704909920692444
20260826,B,./images/train2017/000000181453.jpg,gaussian_noise:0.06,1.0092190504074097
20260826,B,./images/train2017/000000473159.jpg,gaussian_noise:0.06,1.0416877269744873
20260826,B,./images/train2017/000000562943.jpg,gaussian_noise:0.06,0.6771822571754456
20260826,B,./images/train2017/000000237600.jpg,gaussian_noise:0.06,1.3209850788116455
20260826,B,./images/train2017/000000312935.jpg,gaussian_noise:0.06,1.03882896900177
20260826,B,./images/train2017/000000227736.jpg,gaussian_noise:0.06,1.011523962020874
20260826,B,./images/train2017/000000371486.jpg,gaussian_noise:0.06,1.044272780418396
20260826,B,./images/train2017/000000477042.jpg,gaussian_noise:0.06,1.1446157693862915
20260826,B,./images/train2017/000000295358.jpg,gaussian_noise:0.06,1.007137656211853
20260826,B,./images/train2017/000000204962.jpg,gaussian_noise:0.06,1.0406889915466309
20260826,B,./images/train2017/000000077455.jpg,gaussian_noise:0.06,0.9599317312240601
20260826,B,./images/train2017/000000022683.jpg,gaussian_noise:0.06,1.1546517610549927
20260826,B,./images/train2017/000000304909.jpg,gaussian_noise:0.06,1.0691334009170532
20260826,B,./images/train2017/000000428943.jpg,gaussian_noise:0.06,1.2255380153656006
20260826,B,./images/train2017/000000081842.jpg,gaussian_noise:0.06,0.9514080286026001
20260826,B,./images/train2017/000000264381.jpg,gaussian_noise:0.06,1.011897325515747
20260826,B,./images/train2017/000000545919.jpg,gaussian_noise:0.06,1.1258944272994995
20260826,B,./images/train2017/000000058089.jpg,gaussian_noise:0.06,1.2266556024551392
20260826,B,./images/train2017/000000386127.jpg,gaussian_noise:0.06,1.0597145557403564
20260826,B,./images/train2017/000000362062.jpg,gaussian_noise:0.06,1.1650803089141846
20260826,B,./images/train2017/000000566855.jpg,gaussian_noise:0.06,1.0539219379425049
20260826,B,./images/train2017/000000355186.jpg,gaussian_noise:0.06,1.0536587238311768
20260826,B,./images/train2017/000000346978.jpg,gaussian_noise:0.06,1.1950078010559082
20260826,B,./images/train2017/000000444496.jpg,gaussian_noise:0.06,1.0114394426345825
20260826,B,./images/train2017/000000335189.jpg,gaussian_noise:0.06,1.19492506980896
20260826,B,./images/train2017/000000495438.jpg,gaussian_noise:0.06,1.2447426319122314
20260826,B,./images/train2017/000000081749.jpg,gaussian_noise:0.06,1.2790932655334473
20260826,B,./images/train2017/000000310258.jpg,gaussian_noise:0.06,1.0520938634872437
20260826,B,./images/train2017/000000379820.jpg,gaussian_noise:0.06,1.2395669221878052
20260826,B,./images/train2017/000000026578.jpg,gaussian_noise:0.06,1.0822832584381104
20260826,B,./images/train2017/000000350969.jpg,gaussian_noise:0.06,1.051168441772461
20260826,B,./images/train2017/000000377012.jpg,gaussian_noise:0.06,1.1055517196655273
20260826,B,./images/train2017/000000271666.jpg,gaussian_noise:0.06,0.923861026763916
20260826,B,./images/train2017/000000509933.jpg,gaussian_noise:0.06,1.1198184490203857
20260826,B,./images/train2017/000000248952.jpg,gaussian_noise:0.06,0.9787681698799133
20260826,B,./images/train2017/000000196922.jpg,gaussian_noise:0.06,1.0091477632522583
20260826,B,./images/train2017/000000170327.jpg,gaussian_noise:0.06,1.0658336877822876
20260826,B,./images/train2017/000000113839.jpg,gaussian_noise:0.06,1.2749073505401611
20260826,B,./images/train2017/000000282855.jpg,gaussian_noise:0.06,1.031672716140747
20260826,B,./images/train2017/000000167901.jpg,gaussian_noise:0.06,1.206207036972046
20260826,B,./images/train2017/000000098631.jpg,gaussian_noise:0.06,1.2643134593963623
20260826,B,./images/train2017/000000312254.jpg,gaussian_noise:0.06,1.3299260139465332
20260826,B,./images/train2017/000000477949.jpg,gaussian_noise:0.06,0.980730414390564
20260826,B,./images/train2017/000000468133.jpg,gaussian_noise:0.06,1.088637351989746
20260826,B,./images/train2017/000000213457.jpg,gaussian_noise:0.06,1.0311998128890991
20260826,B,./images/train2017/000000378007.jpg,gaussian_noise:0.06,1.0251342058181763
20260826,B,./images/train2017/000000552744.jpg,gaussian_noise:0.06,1.167195439338684
20260826,B,./images/train2017/000000193011.jpg,gaussian_noise:0.06,1.0191935300827026
20260826,B,./images/train2017/000000564781.jpg,gaussian_noise:0.06,1.1228594779968262
20260826,B,./images/train2017/000000311401.jpg,gaussian_noise:0.06,1.159983515739441
20260826,B,./images/train2017/000000571078.jpg,gaussian_noise:0.06,1.179940938949585
20260826,B,./images/train2017/000000463299.jpg,gaussian_noise:0.06,0.9682008624076843
20260826,B,./images/train2017/000000173925.jpg,gaussian_noise:0.06,1.1450095176696777
20260826,B,./images/train2017/000000336843.jpg,gaussian_noise:0.06,1.1991764307022095
20260826,B,./images/train2017/000000395766.jpg,gaussian_noise:0.06,1.1499072313308716
20260826,B,./images/train2017/000000531659.jpg,gaussian_noise:0.06,1.1404236555099487
20260826,B,./images/train2017/000000000110.jpg,gaussian_noise:0.06,1.0142630338668823
20260826,B,./images/train2017/000000154801.jpg,gaussian_noise:0.06,0.9511774182319641
20260826,B,./images/train2017/000000564609.jpg,gaussian_noise:0.06,1.1513185501098633
20260826,B,./images/train2017/000000477641.jpg,gaussian_noise:0.06,1.2125437259674072
20260826,B,./images/train2017/000000080123.jpg,gaussian_noise:0.06,1.0494105815887451
20260826,B,./images/train2017/000000362568.jpg,gaussian_noise:0.06,1.1395211219787598
20260826,B,./images/train2017/000000404702.jpg,gaussian_noise:0.06,1.0953435897827148
20260826,B,./images/train2017/000000197005.jpg,gaussian_noise:0.06,1.1337110996246338
20260826,B,./images/train2017/000000124240.jpg,gaussian_noise:0.06,1.0037260055541992
20260826,B,./images/train2017/000000502644.jpg,gaussian_noise:0.06,1.1718181371688843
20260826,B,./images/train2017/000000147228.jpg,gaussian_noise:0.06,1.1923019886016846
20260826,B,./images/train2017/000000010907.jpg,gaussian_noise:0.06,1.0334182977676392
20260826,B,./images/train2017/000000255093.jpg,gaussian_noise:0.06,1.047294020652771
20260826,B,./images/train2017/000000155884.jpg,gaussian_noise:0.06,1.0258450508117676
20260826,B,./images/train2017/000000200386.jpg,gaussian_noise:0.06,1.1118505001068115
20260826,B,./images/train2017/000000152483.jpg,gaussian_noise:0.06,1.0024535655975342
20260826,B,./images/train2017/000000060992.jpg,gaussian_noise:0.06,1.1621167659759521
20260826,B,./images/train2017/000000431480.jpg,gaussian_noise:0.06,1.0685573816299438
20260826,B,./images/train2017/000000374576.jpg,gaussian_noise:0.06,1.1797146797180176
20260826,B,./images/train2017/000000337342.jpg,gaussian_noise:0.06,1.0688350200653076
20260826,B,./images/train2017/000000476901.jpg,gaussian_noise:0.06,0.9972021579742432
20260826,B,./images/train2017/000000084762.jpg,gaussian_noise:0.06,1.0713646411895752
20260826,Cnorm,./images/train2017/000000504259.jpg,brightness:0.8,1.0580201148986816
20260826,Cnorm,./images/train2017/000000107620.jpg,brightness:0.8,1.019753336906433
20260826,Cnorm,./images/train2017/000000560103.jpg,brightness:0.8,0.9712298512458801
20260826,Cnorm,./images/train2017/000000325634.jpg,brightness:0.8,1.0136077404022217
20260826,Cnorm,./images/train2017/000000062937.jpg,brightness:0.8,1.0295021533966064
20260826,Cnorm,./images/train2017/000000326290.jpg,brightness:0.8,0.9837422370910645
20260826,Cnorm,./images/train2017/000000560660.jpg,brightness:0.8,0.8929973244667053
20260826,Cnorm,./images/train2017/000000423355.jpg,brightness:0.8,1.0014488697052002
20260826,Cnorm,./images/train2017/000000062311.jpg,brightness:0.8,1.0104714632034302
20260826,Cnorm,./images/train2017/000000075327.jpg,brightness:0.8,0.9604244828224182
20260826,Cnorm,./images/train2017/000000124364.jpg,brightness:0.8,1.0284359455108643
20260826,Cnorm,./images/train2017/000000226957.jpg,brightness:0.8,0.9895854592323303
20260826,Cnorm,./images/train2017/000000026573.jpg,brightness:0.8,0.9743533730506897
20260826,Cnorm,./images/train2017/000000518548.jpg,brightness:0.8,0.9569352269172668
20260826,Cnorm,./images/train2017/000000467766.jpg,brightness:0.8,0.9791544675827026
20260826,Cnorm,./images/train2017/000000146819.jpg,brightness:0.8,0.9975975751876831
20260826,Cnorm,./images/train2017/000000346367.jpg,brightness:0.8,0.9251871705055237
20260826,Cnorm,./images/train2017/000000404710.jpg,brightness:0.8,0.9837134480476379
20260826,Cnorm,./images/train2017/000000028517.jpg,brightness:0.8,1.0123745203018188
20260826,Cnorm,./images/train2017/000000180851.jpg,brightness:0.8,0.9835337400436401
20260826,Cnorm,./images/train2017/000000513585.jpg,brightness:0.8,1.0302183628082275
20260826,Cnorm,./images/train2017/000000123892.jpg,brightness:0.8,1.0048326253890991
20260826,Cnorm,./images/train2017/000000257874.jpg,brightness:0.8,1.0423051118850708
20260826,Cnorm,./images/train2017/000000220376.jpg,brightness:0.8,0.908427894115448
20260826,Cnorm,./images/train2017/000000219117.jpg,brightness:0.8,0.9242353439331055
20260826,Cnorm,./images/train2017/000000423193.jpg,brightness:0.8,0.9761399626731873
20260826,Cnorm,./images/train2017/000000259793.jpg,brightness:0.8,1.018891453742981
20260826,Cnorm,./images/train2017/000000465701.jpg,brightness:0.8,0.9437417387962341
20260826,Cnorm,./images/train2017/000000054796.jpg,brightness:0.8,1.1368458271026611
20260826,Cnorm,./images/train2017/000000253054.jpg,brightness:0.8,1.007936954498291
20260826,Cnorm,./images/train2017/000000036113.jpg,brightness:0.8,0.9993744492530823
20260826,Cnorm,./images/train2017/000000345711.jpg,brightness:0.8,0.9704984426498413
20260826,Cnorm,./images/train2017/000000034340.jpg,brightness:0.8,0.9918810129165649
20260826,Cnorm,./images/train2017/000000456315.jpg,brightness:0.8,0.978760838508606
20260826,Cnorm,./images/train2017/000000482195.jpg,brightness:0.8,1.0532654523849487
20260826,Cnorm,./images/train2017/000000553660.jpg,brightness:0.8,1.0235071182250977
20260826,Cnorm,./images/train2017/000000569500.jpg,brightness:0.8,0.9835723638534546
20260826,Cnorm,./images/train2017/000000027556.jpg,brightness:0.8,0.9725310206413269
20260826,Cnorm,./images/train2017/000000534845.jpg,brightness:0.8,0.9764651656150818
20260826,Cnorm,./images/train2017/000000020376.jpg,brightness:0.8,0.9840210676193237
20260826,Cnorm,./images/train2017/000000285998.jpg,brightness:0.8,0.9345464706420898
20260826,Cnorm,./images/train2017/000000284644.jpg,brightness:0.8,0.9954164028167725
20260826,Cnorm,./images/train2017/000000319345.jpg,brightness:0.8,1.0289561748504639
20260826,Cnorm,./images/train2017/000000082143.jpg,brightness:0.8,0.9862419366836548
20260826,Cnorm,./images/train2017/000000414664.jpg,brightness:0.8,0.9925962686538696
20260826,Cnorm,./images/train2017/000000518472.jpg,brightness:0.8,1.0223753452301025
20260826,Cnorm,./images/train2017/000000494175.jpg,brightness:0.8,1.0148879289627075
20260826,Cnorm,./images/train2017/000000566832.jpg,brightness:0.8,0.956260621547699
20260826,Cnorm,./images/train2017/000000120767.jpg,brightness:0.8,1.0180749893188477
20260826,Cnorm,./images/train2017/000000053448.jpg,brightness:0.8,1.0050798654556274
20260826,Cnorm,./images/train2017/000000181453.jpg,brightness:0.8,1.0392173528671265
20260826,Cnorm,./images/train2017/000000473159.jpg,brightness:0.8,1.0326734781265259
20260826,Cnorm,./images/train2017/000000562943.jpg,brightness:0.8,1.0402438640594482
20260826,Cnorm,./images/train2017/000000237600.jpg,brightness:0.8,0.9352566599845886
20260826,Cnorm,./images/train2017/000000312935.jpg,brightness:0.8,0.9578348994255066
20260826,Cnorm,./images/train2017/000000227736.jpg,brightness:0.8,0.9806228280067444
20260826,Cnorm,./images/train2017/000000371486.jpg,brightness:0.8,1.008623480796814
20260826,Cnorm,./images/train2017/000000477042.jpg,brightness:0.8,0.9992402195930481
20260826,Cnorm,./images/train2017/000000295358.jpg,brightness:0.8,1.0300800800323486
20260826,Cnorm,./images/train2017/000000204962.jpg,brightness:0.8,0.9774375557899475
20260826,Cnorm,./images/train2017/000000077455.jpg,brightness:0.8,0.974449098110199
20260826,Cnorm,./images/train2017/000000022683.jpg,brightness:0.8,1.0488816499710083
20260826,Cnorm,./images/train2017/000000304909.jpg,brightness:0.8,0.9670057892799377
20260826,Cnorm,./images/train2017/000000428943.jpg,brightness:0.8,0.9954417943954468
20260826,Cnorm,./images/train2017/000000081842.jpg,brightness:0.8,0.9942616820335388
20260826,Cnorm,./images/train2017/000000264381.jpg,brightness:0.8,0.9562746286392212
20260826,Cnorm,./images/train2017/000000545919.jpg,brightness:0.8,1.0032726526260376
20260826,Cnorm,./images/train2017/000000058089.jpg,brightness:0.8,0.9813398122787476
20260826,Cnorm,./images/train2017/000000386127.jpg,brightness:0.8,1.0190353393554688
20260826,Cnorm,./images/train2017/000000362062.jpg,brightness:0.8,1.0212029218673706
20260826,Cnorm,./images/train2017/000000566855.jpg,brightness:0.8,1.0158518552780151
20260826,Cnorm,./images/train2017/000000355186.jpg,brightness:0.8,1.0082871913909912
20260826,Cnorm,./images/train2017/000000346978.jpg,brightness:0.8,1.0420409440994263
20260826,Cnorm,./images/train2017/000000444496.jpg,brightness:0.8,1.0210081338882446
20260826,Cnorm,./images/train2017/000000335189.jpg,brightness:0.8,1.0351237058639526
20260826,Cnorm,./images/train2017/000000495438.jpg,brightness:0.8,1.0532479286193848
20260826,Cnorm,./images/train2017/000000081749.jpg,brightness:0.8,0.9714808464050293
20260826,Cnorm,./images/train2017/000000310258.jpg,brightness:0.8,0.9978165030479431
20260826,Cnorm,./images/train2017/000000379820.jpg,brightness:0.8,1.0372828245162964
20260826,Cnorm,./images/train2017/000000026578.jpg,brightness:0.8,0.9339738488197327
20260826,Cnorm,./images/train2017/000000350969.jpg,brightness:0.8,0.9571413397789001
20260826,Cnorm,./images/train2017/000000377012.jpg,brightness:0.8,0.9565628170967102
20260826,Cnorm,./images/train2017/000000271666.jpg,brightness:0.8,0.9327020645141602
20260826,Cnorm,./images/train2017/000000509933.jpg,brightness:0.8,0.9742986559867859
20260826,Cnorm,./images/train2017/000000248952.jpg,brightness:0.8,1.009192705154419
20260826,Cnorm,./images/train2017/000000196922.jpg,brightness:0.8,0.9897907972335815
20260826,Cnorm,./images/train2017/000000170327.jpg,brightness:0.8,1.0032153129577637
20260826,Cnorm,./images/train2017/000000113839.jpg,brightness:0.8,0.9845889806747437
20260826,Cnorm,./images/train2017/000000282855.jpg,brightness:0.8,0.9767401814460754
20260826,Cnorm,./images/train2017/000000167901.jpg,brightness:0.8,0.9621594548225403
20260826,Cnorm,./images/train2017/000000098631.jpg,brightness:0.8,1.0115951299667358
20260826,Cnorm,./images/train2017/000000312254.jpg,brightness:0.8,0.9725880026817322
20260826,Cnorm,./images/train2017/000000477949.jpg,brightness:0.8,0.9986279010772705
20260826,Cnorm,./images/train2017/000000468133.jpg,brightness:0.8,1.0044375658035278
20260826,Cnorm,./images/train2017/000000213457.jpg,brightness:0.8,0.9899486303329468
20260826,Cnorm,./images/train2017/000000378007.jpg,brightness:0.8,0.9744091629981995
20260826,Cnorm,./images/train2017/000000552744.jpg,brightness:0.8,1.0543482303619385
20260826,Cnorm,./images/train2017/000000193011.jpg,brightness:0.8,0.9857611060142517
20260826,Cnorm,./images/train2017/000000564781.jpg,brightness:0.8,0.98634272813797
20260826,Cnorm,./images/train2017/000000311401.jpg,brightness:0.8,1.001908540725708
20260826,Cnorm,./images/train2017/000000571078.jpg,brightness:0.8,1.0023183822631836
20260826,Cnorm,./images/train2017/000000463299.jpg,brightness:0.8,0.9237996935844421
20260826,Cnorm,./images/train2017/000000173925.jpg,brightness:0.8,0.9780940413475037
20260826,Cnorm,./images/train2017/000000336843.jpg,brightness:0.8,0.9818644523620605
20260826,Cnorm,./images/train2017/000000395766.jpg,brightness:0.8,0.8989856839179993
20260826,Cnorm,./images/train2017/000000531659.jpg,brightness:0.8,1.0044387578964233
20260826,Cnorm,./images/train2017/000000000110.jpg,brightness:0.8,0.9897539615631104
20260826,Cnorm,./images/train2017/000000154801.jpg,brightness:0.8,0.945999026298523
20260826,Cnorm,./images/train2017/000000564609.jpg,brightness:0.8,0.9819172620773315
20260826,Cnorm,./images/train2017/000000477641.jpg,brightness:0.8,0.9530460834503174
20260826,Cnorm,./images/train2017/000000080123.jpg,brightness:0.8,0.9730611443519592
20260826,Cnorm,./images/train2017/000000362568.jpg,brightness:0.8,0.9807058572769165
20260826,Cnorm,./images/train2017/000000404702.jpg,brightness:0.8,0.9829009175300598
20260826,Cnorm,./images/train2017/000000197005.jpg,brightness:0.8,0.9846928119659424
20260826,Cnorm,./images/train2017/000000124240.jpg,brightness:0.8,0.9132933020591736
20260826,Cnorm,./images/train2017/000000502644.jpg,brightness:0.8,1.0108652114868164
20260826,Cnorm,./images/train2017/000000147228.jpg,brightness:0.8,0.9542790651321411
20260826,Cnorm,./images/train2017/000000010907.jpg,brightness:0.8,1.0205721855163574
20260826,Cnorm,./images/train2017/000000255093.jpg,brightness:0.8,1.0266118049621582
20260826,Cnorm,./images/train2017/000000155884.jpg,brightness:0.8,0.9589298963546753
20260826,Cnorm,./images/train2017/000000200386.jpg,brightness:0.8,1.0212234258651733
20260826,Cnorm,./images/train2017/000000152483.jpg,brightness:0.8,0.9868200421333313
20260826,Cnorm,./images/train2017/000000060992.jpg,brightness:0.8,1.0061993598937988
20260826,Cnorm,./images/train2017/000000431480.jpg,brightness:0.8,1.154749870300293
20260826,Cnorm,./images/train2017/000000374576.jpg,brightness:0.8,0.9908114075660706
20260826,Cnorm,./images/train2017/000000337342.jpg,brightness:0.8,0.9409088492393494
20260826,Cnorm,./images/train2017/000000476901.jpg,brightness:0.8,0.9684692025184631
20260826,Cnorm,./images/train2017/000000084762.jpg,brightness:0.8,0.9814935922622681
20260826,Cnorm,./images/train2017/000000504259.jpg,brightness:0.6,1.0450427532196045
20260826,Cnorm,./images/train2017/000000107620.jpg,brightness:0.6,0.9729906916618347
20260826,Cnorm,./images/train2017/000000560103.jpg,brightness:0.6,0.9487054944038391
20260826,Cnorm,./images/train2017/000000325634.jpg,brightness:0.6,0.9664651155471802
20260826,Cnorm,./images/train2017/000000062937.jpg,brightness:0.6,0.9916386604309082
20260826,Cnorm,./images/train2017/000000326290.jpg,brightness:0.6,0.9988880753517151
20260826,Cnorm,./images/train2017/000000560660.jpg,brightness:0.6,0.9273587465286255
20260826,Cnorm,./images/train2017/000000423355.jpg,brightness:0.6,0.9998064041137695
20260826,Cnorm,./images/train2017/000000062311.jpg,brightness:0.6,1.0146045684814453
20260826,Cnorm,./images/train2017/000000075327.jpg,brightness:0.6,0.9735696911811829
20260826,Cnorm,./images/train2017/000000124364.jpg,brightness:0.6,1.0124987363815308
20260826,Cnorm,./images/train2017/000000226957.jpg,brightness:0.6,1.0027884244918823
20260826,Cnorm,./images/train2017/000000026573.jpg,brightness:0.6,0.9808527827262878
20260826,Cnorm,./images/train2017/000000518548.jpg,brightness:0.6,0.927208423614502
20260826,Cnorm,./images/train2017/000000467766.jpg,brightness:0.6,0.9959601759910583
20260826,Cnorm,./images/train2017/000000146819.jpg,brightness:0.6,1.0021058320999146
20260826,Cnorm,./images/train2017/000000346367.jpg,brightness:0.6,0.9441840648651123
20260826,Cnorm,./images/train2017/000000404710.jpg,brightness:0.6,0.9818922877311707
20260826,Cnorm,./images/train2017/000000028517.jpg,brightness:0.6,0.9650394320487976
20260826,Cnorm,./images/train2017/000000180851.jpg,brightness:0.6,1.006675362586975
20260826,Cnorm,./images/train2017/000000513585.jpg,brightness:0.6,1.0494191646575928
20260826,Cnorm,./images/train2017/000000123892.jpg,brightness:0.6,0.9995817542076111
20260826,Cnorm,./images/train2017/000000257874.jpg,brightness:0.6,1.0088778734207153
20260826,Cnorm,./images/train2017/000000220376.jpg,brightness:0.6,0.9287112951278687
20260826,Cnorm,./images/train2017/000000219117.jpg,brightness:0.6,0.9344882965087891
20260826,Cnorm,./images/train2017/000000423193.jpg,brightness:0.6,0.9628539681434631
20260826,Cnorm,./images/train2017/000000259793.jpg,brightness:0.6,0.9811254739761353
20260826,Cnorm,./images/train2017/000000465701.jpg,brightness:0.6,0.9114056825637817
20260826,Cnorm,./images/train2017/000000054796.jpg,brightness:0.6,1.1123822927474976
20260826,Cnorm,./images/train2017/000000253054.jpg,brightness:0.6,1.0342686176300049
20260826,Cnorm,./images/train2017/000000036113.jpg,brightness:0.6,0.9866639375686646
20260826,Cnorm,./images/train2017/000000345711.jpg,brightness:0.6,0.975746750831604
20260826,Cnorm,./images/train2017/000000034340.jpg,brightness:0.6,0.9934061169624329
20260826,Cnorm,./images/train2017/000000456315.jpg,brightness:0.6,0.9912722110748291
20260826,Cnorm,./images/train2017/000000482195.jpg,brightness:0.6,0.9664461612701416
20260826,Cnorm,./images/train2017/000000553660.jpg,brightness:0.6,1.0333006381988525
20260826,Cnorm,./images/train2017/000000569500.jpg,brightness:0.6,0.9725185036659241
20260826,Cnorm,./images/train2017/000000027556.jpg,brightness:0.6,0.9793016910552979
20260826,Cnorm,./images/train2017/000000534845.jpg,brightness:0.6,0.9986476302146912
20260826,Cnorm,./images/train2017/000000020376.jpg,brightness:0.6,0.9426898956298828
20260826,Cnorm,./images/train2017/000000285998.jpg,brightness:0.6,0.9412469267845154
20260826,Cnorm,./images/train2017/000000284644.jpg,brightness:0.6,1.0118590593338013
20260826,Cnorm,./images/train2017/000000319345.jpg,brightness:0.6,1.0084835290908813
20260826,Cnorm,./images/train2017/000000082143.jpg,brightness:0.6,0.9965184330940247
20260826,Cnorm,./images/train2017/000000414664.jpg,brightness:0.6,1.009103775024414
20260826,Cnorm,./images/train2017/000000518472.jpg,brightness:0.6,1.0254645347595215
20260826,Cnorm,./images/train2017/000000494175.jpg,brightness:0.6,0.9761900305747986
20260826,Cnorm,./images/train2017/000000566832.jpg,brightness:0.6,0.9700109362602234
20260826,Cnorm,./images/train2017/000000120767.jpg,brightness:0.6,0.9977138638496399
20260826,Cnorm,./images/train2017/000000053448.jpg,brightness:0.6,1.0185364484786987
20260826,Cnorm,./images/train2017/000000181453.jpg,brightness:0.6,1.004441499710083
20260826,Cnorm,./images/train2017/000000473159.jpg,brightness:0.6,1.014394998550415
20260826,Cnorm,./images/train2017/000000562943.jpg,brightness:0.6,1.0987502336502075
20260826,Cnorm,./images/train2017/000000237600.jpg,brightness:0.6,0.9150500893592834
20260826,Cnorm,./images/train2017/000000312935.jpg,brightness:0.6,0.9810581207275391
20260826,Cnorm,./images/train2017/000000227736.jpg,brightness:0.6,0.9944875836372375
20260826,Cnorm,./images/train2017/000000371486.jpg,brightness:0.6,1.0270483493804932
20260826,Cnorm,./images/train2017/000000477042.jpg,brightness:0.6,0.9745178818702698
20260826,Cnorm,./images/train2017/000000295358.jpg,brightness:0.6,1.0154107809066772
20260826,Cnorm,./images/train2017/000000204962.jpg,brightness:0.6,0.976374089717865
20260826,Cnorm,./images/train2017/000000077455.jpg,brightness:0.6,0.990095853805542
20260826,Cnorm,./images/train2017/000000022683.jpg,brightness:0.6,1.0284218788146973
20260826,Cnorm,./images/train2017/000000304909.jpg,brightness:0.6,0.9522697925567627
20260826,Cnorm,./images/train2017/000000428943.jpg,brightness:0.6,0.9987134337425232
20260826,Cnorm,./images/train2017/000000081842.jpg,brightness:0.6,0.9958391189575195
20260826,Cnorm,./images/train2017/000000264381.jpg,brightness:0.6,0.9747956395149231
20260826,Cnorm,./images/train2017/000000545919.jpg,brightness:0.6,1.0370742082595825
20260826,Cnorm,./images/train2017/000000058089.jpg,brightness:0.6,0.9905979037284851
20260826,Cnorm,./images/train2017/000000386127.jpg,brightness:0.6,1.0258156061172485
20260826,Cnorm,./images/train2017/000000362062.jpg,brightness:0.6,1.0218013525009155
20260826,Cnorm,./images/train2017/000000566855.jpg,brightness:0.6,1.0032413005828857
20260826,Cnorm,./images/train2017/000000355186.jpg,brightness:0.6,0.9636341333389282
20260826,Cnorm,./images/train2017/000000346978.jpg,brightness:0.6,1.0737686157226562
20260826,Cnorm,./images/train2017/000000444496.jpg,brightness:0.6,1.018336534500122
20260826,Cnorm,./images/train2017/000000335189.jpg,brightness:0.6,1.031937599182129
20260826,Cnorm,./images/train2017/000000495438.jpg,brightness:0.6,1.0377440452575684
20260826,Cnorm,./images/train2017/000000081749.jpg,brightness:0.6,0.9680338501930237
20260826,Cnorm,./images/train2017/000000310258.jpg,brightness:0.6,0.9874330759048462
20260826,Cnorm,./images/train2017/000000379820.jpg,brightness:0.6,1.0198512077331543
20260826,Cnorm,./images/train2017/000000026578.jpg,brightness:0.6,0.9366238117218018
20260826,Cnorm,./images/train2017/000000350969.jpg,brightness:0.6,0.9402533769607544
20260826,Cnorm,./images/train2017/000000377012.jpg,brightness:0.6,0.9965922236442566
20260826,Cnorm,./images/train2017/000000271666.jpg,brightness:0.6,0.9220077395439148
20260826,Cnorm,./images/train2017/000000509933.jpg,brightness:0.6,0.9614686369895935
20260826,Cnorm,./images/train2017/000000248952.jpg,brightness:0.6,0.9689772129058838
20260826,Cnorm,./images/train2017/000000196922.jpg,brightness:0.6,0.9619108438491821
20260826,Cnorm,./images/train2017/000000170327.jpg,brightness:0.6,1.027811884880066
20260826,Cnorm,./images/train2017/000000113839.jpg,brightness:0.6,0.956165075302124
20260826,Cnorm,./images/train2017/000000282855.jpg,brightness:0.6,0.9922286868095398
20260826,Cnorm,./images/train2017/000000167901.jpg,brightness:0.6,0.941963255405426
20260826,Cnorm,./images/train2017/000000098631.jpg,brightness:0.6,1.0009530782699585
20260826,Cnorm,./images/train2017/000000312254.jpg,brightness:0.6,0.9842686057090759
20260826,Cnorm,./images/train2017/000000477949.jpg,brightness:0.6,0.9806286692619324
20260826,Cnorm,./images/train2017/000000468133.jpg,brightness:0.6,1.008286476135254
20260826,Cnorm,./images/train2017/000000213457.jpg,brightness:0.6,0.9651815891265869
20260826,Cnorm,./images/train2017/000000378007.jpg,brightness:0.6,0.9980034828186035
20260826,Cnorm,./images/train2017/000000552744.jpg,brightness:0.6,1.0237693786621094
20260826,Cnorm,./images/train2017/000000193011.jpg,brightness:0.6,1.0465562343597412
20260826,Cnorm,./images/train2017/000000564781.jpg,brightness:0.6,0.9997092485427856
20260826,Cnorm,./images/train2017/000000311401.jpg,brightness:0.6,1.023340106010437
20260826,Cnorm,./images/train2017/000000571078.jpg,brightness:0.6,1.0317387580871582
20260826,Cnorm,./images/train2017/000000463299.jpg,brightness:0.6,0.931494414806366
20260826,Cnorm,./images/train2017/000000173925.jpg,brightness:0.6,0.997544527053833
20260826,Cnorm,./images/train2017/000000336843.jpg,brightness:0.6,0.9939224123954773
20260826,Cnorm,./images/train2017/000000395766.jpg,brightness:0.6,0.9300919771194458
20260826,Cnorm,./images/train2017/000000531659.jpg,brightness:0.6,1.0180420875549316
20260826,Cnorm,./images/train2017/000000000110.jpg,brightness:0.6,0.9895777702331543
20260826,Cnorm,./images/train2017/000000154801.jpg,brightness:0.6,0.96795254945755
20260826,Cnorm,./images/train2017/000000564609.jpg,brightness:0.6,0.9828349351882935
20260826,Cnorm,./images/train2017/000000477641.jpg,brightness:0.6,0.9447798728942871
20260826,Cnorm,./images/train2017/000000080123.jpg,brightness:0.6,0.9853532314300537
20260826,Cnorm,./images/train2017/000000362568.jpg,brightness:0.6,0.9955267906188965
20260826,Cnorm,./images/train2017/000000404702.jpg,brightness:0.6,0.9698485732078552
20260826,Cnorm,./images/train2017/000000197005.jpg,brightness:0.6,0.9899941086769104
20260826,Cnorm,./images/train2017/000000124240.jpg,brightness:0.6,0.8990598320960999
20260826,Cnorm,./images/train2017/000000502644.jpg,brightness:0.6,1.0323774814605713
20260826,Cnorm,./images/train2017/000000147228.jpg,brightness:0.6,0.9667482972145081
20260826,Cnorm,./images/train2017/000000010907.jpg,brightness:0.6,1.012280821800232
20260826,Cnorm,./images/train2017/000000255093.jpg,brightness:0.6,1.0333377122879028
20260826,Cnorm,./images/train2017/000000155884.jpg,brightness:0.6,0.9101197123527527
20260826,Cnorm,./images/train2017/000000200386.jpg,brightness:0.6,0.9843263626098633
20260826,Cnorm,./images/train2017/000000152483.jpg,brightness:0.6,0.9796290397644043
20260826,Cnorm,./images/train2017/000000060992.jpg,brightness:0.6,0.9951907396316528
20260826,Cnorm,./images/train2017/000000431480.jpg,brightness:0.6,1.0973180532455444
20260826,Cnorm,./images/train2017/000000374576.jpg,brightness:0.6,1.0003811120986938
20260826,Cnorm,./images/train2017/000000337342.jpg,brightness:0.6,0.9899519681930542
20260826,Cnorm,./images/train2017/000000476901.jpg,brightness:0.6,0.9717409014701843
20260826,Cnorm,./images/train2017/000000084762.jpg,brightness:0.6,0.9975582957267761
20260826,Cnorm,./images/train2017/000000504259.jpg,contrast:0.75,0.975957453250885
20260826,Cnorm,./images/train2017/000000107620.jpg,contrast:0.75,0.9838570952415466
20260826,Cnorm,./images/train2017/000000560103.jpg,contrast:0.75,0.9871848225593567
20260826,Cnorm,./images/train2017/000000325634.jpg,contrast:0.75,0.9483346343040466
20260826,Cnorm,./images/train2017/000000062937.jpg,contrast:0.75,1.0474207401275635
20260826,Cnorm,./images/train2017/000000326290.jpg,contrast:0.75,0.9658483266830444
20260826,Cnorm,./images/train2017/000000560660.jpg,contrast:0.75,0.9699269533157349
20260826,Cnorm,./images/train2017/000000423355.jpg,contrast:0.75,0.9984886646270752
20260826,Cnorm,./images/train2017/000000062311.jpg,contrast:0.75,1.002824306488037
20260826,Cnorm,./images/train2017/000000075327.jpg,contrast:0.75,1.0444493293762207
20260826,Cnorm,./images/train2017/000000124364.jpg,contrast:0.75,1.0546361207962036
20260826,Cnorm,./images/train2017/000000226957.jpg,contrast:0.75,1.0310370922088623
20260826,Cnorm,./images/train2017/000000026573.jpg,contrast:0.75,1.0132238864898682
20260826,Cnorm,./images/train2017/000000518548.jpg,contrast:0.75,0.9880604147911072
20260826,Cnorm,./images/train2017/000000467766.jpg,contrast:0.75,0.9782336950302124
20260826,Cnorm,./images/train2017/000000146819.jpg,contrast:0.75,0.9597281813621521
20260826,Cnorm,./images/train2017/000000346367.jpg,contrast:0.75,0.9773407578468323
20260826,Cnorm,./images/train2017/000000404710.jpg,contrast:0.75,0.9604946970939636
20260826,Cnorm,./images/train2017/000000028517.jpg,contrast:0.75,0.9919636845588684
20260826,Cnorm,./images/train2017/000000180851.jpg,contrast:0.75,0.9818480610847473
20260826,Cnorm,./images/train2017/000000513585.jpg,contrast:0.75,0.9756451845169067
20260826,Cnorm,./images/train2017/000000123892.jpg,contrast:0.75,1.0291002988815308
20260826,Cnorm,./images/train2017/000000257874.jpg,contrast:0.75,0.9318298101425171
20260826,Cnorm,./images/train2017/000000220376.jpg,contrast:0.75,1.0730684995651245
20260826,Cnorm,./images/train2017/000000219117.jpg,contrast:0.75,1.0103121995925903
20260826,Cnorm,./images/train2017/000000423193.jpg,contrast:0.75,1.0495054721832275
20260826,Cnorm,./images/train2017/000000259793.jpg,contrast:0.75,0.9794337153434753
20260826,Cnorm,./images/train2017/000000465701.jpg,contrast:0.75,1.0578107833862305
20260826,Cnorm,./images/train2017/000000054796.jpg,contrast:0.75,0.9831680655479431
20260826,Cnorm,./images/train2017/000000253054.jpg,contrast:0.75,1.0124136209487915
20260826,Cnorm,./images/train2017/000000036113.jpg,contrast:0.75,0.9953752756118774
20260826,Cnorm,./images/train2017/000000345711.jpg,contrast:0.75,0.9784807562828064
20260826,Cnorm,./images/train2017/000000034340.jpg,contrast:0.75,1.0675232410430908
20260826,Cnorm,./images/train2017/000000456315.jpg,contrast:0.75,0.9669003486633301
20260826,Cnorm,./images/train2017/000000482195.jpg,contrast:0.75,0.9014855027198792
20260826,Cnorm,./images/train2017/000000553660.jpg,contrast:0.75,1.1048978567123413
20260826,Cnorm,./images/train2017/000000569500.jpg,contrast:0.75,1.038154125213623
20260826,Cnorm,./images/train2017/000000027556.jpg,contrast:0.75,1.042431354522705
20260826,Cnorm,./images/train2017/000000534845.jpg,contrast:0.75,1.0335569381713867
20260826,Cnorm,./images/train2017/000000020376.jpg,contrast:0.75,1.002122402191162
20260826,Cnorm,./images/train2017/000000285998.jpg,contrast:0.75,1.0393481254577637
20260826,Cnorm,./images/train2017/000000284644.jpg,contrast:0.75,0.93766188621521
20260826,Cnorm,./images/train2017/000000319345.jpg,contrast:0.75,1.02532958984375
20260826,Cnorm,./images/train2017/000000082143.jpg,contrast:0.75,0.9646228551864624
20260826,Cnorm,./images/train2017/000000414664.jpg,contrast:0.75,0.9997525811195374
20260826,Cnorm,./images/train2017/000000518472.jpg,contrast:0.75,1.037429928779602
20260826,Cnorm,./images/train2017/000000494175.jpg,contrast:0.75,0.9733039140701294
20260826,Cnorm,./images/train2017/000000566832.jpg,contrast:0.75,1.0047736167907715
20260826,Cnorm,./images/train2017/000000120767.jpg,contrast:0.75,1.0365161895751953
20260826,Cnorm,./images/train2017/000000053448.jpg,contrast:0.75,1.0220426321029663
20260826,Cnorm,./images/train2017/000000181453.jpg,contrast:0.75,1.015802264213562
20260826,Cnorm,./images/train2017/000000473159.jpg,contrast:0.75,1.020552635192871
20260826,Cnorm,./images/train2017/000000562943.jpg,contrast:0.75,1.0386451482772827
20260826,Cnorm,./images/train2017/000000237600.jpg,contrast:0.75,1.0458463430404663
20260826,Cnorm,./images/train2017/000000312935.jpg,contrast:0.75,0.9761228561401367
20260826,Cnorm,./images/train2017/000000227736.jpg,contrast:0.75,1.0143117904663086
20260826,Cnorm,./images/train2017/000000371486.jpg,contrast:0.75,0.9977251291275024
20260826,Cnorm,./images/train2017/000000477042.jpg,contrast:0.75,0.99190753698349
20260826,Cnorm,./images/train2017/000000295358.jpg,contrast:0.75,1.0766187906265259
20260826,Cnorm,./images/train2017/000000204962.jpg,contrast:0.75,0.9597520232200623
20260826,Cnorm,./images/train2017/000000077455.jpg,contrast:0.75,1.0128874778747559
20260826,Cnorm,./images/train2017/000000022683.jpg,contrast:0.75,0.989680826663971
20260826,Cnorm,./images/train2017/000000304909.jpg,contrast:0.75,1.016097068786621
20260826,Cnorm,./images/train2017/000000428943.jpg,contrast:0.75,1.0109422206878662
20260826,Cnorm,./images/train2017/000000081842.jpg,contrast:0.75,1.0327847003936768
20260826,Cnorm,./images/train2017/000000264381.jpg,contrast:0.75,1.0579220056533813
20260826,Cnorm,./images/train2017/000000545919.jpg,contrast:0.75,0.9611164927482605
20260826,Cnorm,./images/train2017/000000058089.jpg,contrast:0.75,0.9960689544677734
20260826,Cnorm,./images/train2017/000000386127.jpg,contrast:0.75,0.9235296249389648
20260826,Cnorm,./images/train2017/000000362062.jpg,contrast:0.75,0.9735532402992249
20260826,Cnorm,./images/train2017/000000566855.jpg,contrast:0.75,0.997295081615448
20260826,Cnorm,./images/train2017/000000355186.jpg,contrast:0.75,1.0333304405212402
20260826,Cnorm,./images/train2017/000000346978.jpg,contrast:0.75,0.980431318283081
20260826,Cnorm,./images/train2017/000000444496.jpg,contrast:0.75,1.006046175956726
20260826,Cnorm,./images/train2017/000000335189.jpg,contrast:0.75,1.028549075126648
20260826,Cnorm,./images/train2017/000000495438.jpg,contrast:0.75,1.0248175859451294
20260826,Cnorm,./images/train2017/000000081749.jpg,contrast:0.75,0.9997254014015198
20260826,Cnorm,./images/train2017/000000310258.jpg,contrast:0.75,1.0125434398651123
20260826,Cnorm,./images/train2017/000000379820.jpg,contrast:0.75,1.010945200920105
20260826,Cnorm,./images/train2017/000000026578.jpg,contrast:0.75,0.950312077999115
20260826,Cnorm,./images/train2017/000000350969.jpg,contrast:0.75,0.977301299571991
20260826,Cnorm,./images/train2017/000000377012.jpg,contrast:0.75,0.9223377704620361
20260826,Cnorm,./images/train2017/000000271666.jpg,contrast:0.75,1.0019689798355103
20260826,Cnorm,./images/train2017/000000509933.jpg,contrast:0.75,0.9620010852813721
20260826,Cnorm,./images/train2017/000000248952.jpg,contrast:0.75,1.0783770084381104
20260826,Cnorm,./images/train2017/000000196922.jpg,contrast:0.75,1.0414366722106934
20260826,Cnorm,./images/train2017/000000170327.jpg,contrast:0.75,1.016550064086914
20260826,Cnorm,./images/train2017/000000113839.jpg,contrast:0.75,1.0172786712646484
20260826,Cnorm,./images/train2017/000000282855.jpg,contrast:0.75,1.0509076118469238
20260826,Cnorm,./images/train2017/000000167901.jpg,contrast:0.75,1.1036324501037598
20260826,Cnorm,./images/train2017/000000098631.jpg,contrast:0.75,0.9612240195274353
20260826,Cnorm,./images/train2017/000000312254.jpg,contrast:0.75,0.9654818773269653
20260826,Cnorm,./images/train2017/000000477949.jpg,contrast:0.75,0.9873439073562622
20260826,Cnorm,./images/train2017/000000468133.jpg,contrast:0.75,1.0363472700119019
20260826,Cnorm,./images/train2017/000000213457.jpg,contrast:0.75,1.0367082357406616
20260826,Cnorm,./images/train2017/000000378007.jpg,contrast:0.75,1.0425124168395996
20260826,Cnorm,./images/train2017/000000552744.jpg,contrast:0.75,1.0084741115570068
20260826,Cnorm,./images/train2017/000000193011.jpg,contrast:0.75,1.0529121160507202
20260826,Cnorm,./images/train2017/000000564781.jpg,contrast:0.75,0.9826927185058594
20260826,Cnorm,./images/train2017/000000311401.jpg,contrast:0.75,1.0823472738265991
20260826,Cnorm,./images/train2017/000000571078.jpg,contrast:0.75,1.0210691690444946
20260826,Cnorm,./images/train2017/000000463299.jpg,contrast:0.75,1.0599018335342407
20260826,Cnorm,./images/train2017/000000173925.jpg,contrast:0.75,0.9992849230766296
20260826,Cnorm,./images/train2017/000000336843.jpg,contrast:0.75,1.0000908374786377
20260826,Cnorm,./images/train2017/000000395766.jpg,contrast:0.75,0.9830012321472168
20260826,Cnorm,./images/train2017/000000531659.jpg,contrast:0.75,1.0513629913330078
20260826,Cnorm,./images/train2017/000000000110.jpg,contrast:0.75,0.9825785160064697
20260826,Cnorm,./images/train2017/000000154801.jpg,contrast:0.75,0.9946381449699402
20260826,Cnorm,./images/train2017/000000564609.jpg,contrast:0.75,0.9588369131088257
20260826,Cnorm,./images/train2017/000000477641.jpg,contrast:0.75,1.0018810033798218
20260826,Cnorm,./images/train2017/000000080123.jpg,contrast:0.75,1.0112344026565552
20260826,Cnorm,./images/train2017/000000362568.jpg,contrast:0.75,0.9517800211906433
20260826,Cnorm,./images/train2017/000000404702.jpg,contrast:0.75,1.0297430753707886
20260826,Cnorm,./images/train2017/000000197005.jpg,contrast:0.75,0.9625707864761353
20260826,Cnorm,./images/train2017/000000124240.jpg,contrast:0.75,0.8938900828361511
20260826,Cnorm,./images/train2017/000000502644.jpg,contrast:0.75,1.0103163719177246
20260826,Cnorm,./images/train2017/000000147228.jpg,contrast:0.75,1.0277886390686035
20260826,Cnorm,./images/train2017/000000010907.jpg,contrast:0.75,1.0078749656677246
20260826,Cnorm,./images/train2017/000000255093.jpg,contrast:0.75,0.986311137676239
20260826,Cnorm,./images/train2017/000000155884.jpg,contrast:0.75,1.053220510482788
20260826,Cnorm,./images/train2017/000000200386.jpg,contrast:0.75,0.9951819181442261
20260826,Cnorm,./images/train2017/000000152483.jpg,contrast:0.75,1.0064641237258911
20260826,Cnorm,./images/train2017/000000060992.jpg,contrast:0.75,1.0048850774765015
20260826,Cnorm,./images/train2017/000000431480.jpg,contrast:0.75,1.0150600671768188
20260826,Cnorm,./images/train2017/000000374576.jpg,contrast:0.75,1.041229009628296
20260826,Cnorm,./images/train2017/000000337342.jpg,contrast:0.75,0.9889746904373169
20260826,Cnorm,./images/train2017/000000476901.jpg,contrast:0.75,1.0079764127731323
20260826,Cnorm,./images/train2017/000000084762.jpg,contrast:0.75,1.0056662559509277
20260826,Cnorm,./images/train2017/000000504259.jpg,contrast:0.5,1.0129584074020386
20260826,Cnorm,./images/train2017/000000107620.jpg,contrast:0.5,0.9727891683578491
20260826,Cnorm,./images/train2017/000000560103.jpg,contrast:0.5,1.0154633522033691
20260826,Cnorm,./images/train2017/000000325634.jpg,contrast:0.5,0.9204422235488892
20260826,Cnorm,./images/train2017/000000062937.jpg,contrast:0.5,1.0369365215301514
20260826,Cnorm,./images/train2017/000000326290.jpg,contrast:0.5,0.9630340337753296
20260826,Cnorm,./images/train2017/000000560660.jpg,contrast:0.5,1.0479743480682373
20260826,Cnorm,./images/train2017/000000423355.jpg,contrast:0.5,1.0022462606430054
20260826,Cnorm,./images/train2017/000000062311.jpg,contrast:0.5,0.9993816614151001
20260826,Cnorm,./images/train2017/000000075327.jpg,contrast:0.5,1.040421724319458
20260826,Cnorm,./images/train2017/000000124364.jpg,contrast:0.5,1.0469598770141602
20260826,Cnorm,./images/train2017/000000226957.jpg,contrast:0.5,1.0526599884033203
20260826,Cnorm,./images/train2017/000000026573.jpg,contrast:0.5,1.0222058296203613
20260826,Cnorm,./images/train2017/000000518548.jpg,contrast:0.5,1.0181832313537598
20260826,Cnorm,./images/train2017/000000467766.jpg,contrast:0.5,1.0113987922668457
20260826,Cnorm,./images/train2017/000000146819.jpg,contrast:0.5,0.9635618925094604
20260826,Cnorm,./images/train2017/000000346367.jpg,contrast:0.5,0.9882236123085022
20260826,Cnorm,./images/train2017/000000404710.jpg,contrast:0.5,0.963161051273346
20260826,Cnorm,./images/train2017/000000028517.jpg,contrast:0.5,1.0285836458206177
20260826,Cnorm,./images/train2017/000000180851.jpg,contrast:0.5,0.9691478610038757
20260826,Cnorm,./images/train2017/000000513585.jpg,contrast:0.5,0.989324688911438
20260826,Cnorm,./images/train2017/000000123892.jpg,contrast:0.5,1.013508677482605
20260826,Cnorm,./images/train2017/000000257874.jpg,contrast:0.5,0.9276609420776367
20260826,Cnorm,./images/train2017/000000220376.jpg,contrast:0.5,1.0227031707763672
20260826,Cnorm,./images/train2017/000000219117.jpg,contrast:0.5,1.0658674240112305
20260826,Cnorm,./images/train2017/000000423193.jpg,contrast:0.5,1.0426353216171265
20260826,Cnorm,./images/train2017/000000259793.jpg,contrast:0.5,0.9893053770065308
20260826,Cnorm,./images/train2017/000000465701.jpg,contrast:0.5,1.0132601261138916
20260826,Cnorm,./images/train2017/000000054796.jpg,contrast:0.5,0.9716902375221252
20260826,Cnorm,./images/train2017/000000253054.jpg,contrast:0.5,1.0122309923171997
20260826,Cnorm,./images/train2017/000000036113.jpg,contrast:0.5,1.0100904703140259
20260826,Cnorm,./images/train2017/000000345711.jpg,contrast:0.5,1.0501588582992554
20260826,Cnorm,./images/train2017/000000034340.jpg,contrast:0.5,1.042819857597351
20260826,Cnorm,./images/train2017/000000456315.jpg,contrast:0.5,0.9727864861488342
20260826,Cnorm,./images/train2017/000000482195.jpg,contrast:0.5,0.9106233716011047
20260826,Cnorm,./images/train2017/000000553660.jpg,contrast:0.5,1.109498143196106
20260826,Cnorm,./images/train2017/000000569500.jpg,contrast:0.5,1.0642409324645996
20260826,Cnorm,./images/train2017/000000027556.jpg,contrast:0.5,1.0677014589309692
20260826,Cnorm,./images/train2017/000000534845.jpg,contrast:0.5,1.0292541980743408
20260826,Cnorm,./images/train2017/000000020376.jpg,contrast:0.5,1.011681079864502
20260826,Cnorm,./images/train2017/000000285998.jpg,contrast:0.5,1.063698410987854
20260826,Cnorm,./images/train2017/000000284644.jpg,contrast:0.5,0.9872741103172302
20260826,Cnorm,./images/train2017/000000319345.jpg,contrast:0.5,1.0047374963760376
20260826,Cnorm,./images/train2017/000000082143.jpg,contrast:0.5,0.9551799297332764
20260826,Cnorm,./images/train2017/000000414664.jpg,contrast:0.5,0.9732665419578552
20260826,Cnorm,./images/train2017/000000518472.jpg,contrast:0.5,1.0335884094238281
20260826,Cnorm,./images/train2017/000000494175.jpg,contrast:0.5,0.9776751399040222
20260826,Cnorm,./images/train2017/000000566832.jpg,contrast:0.5,1.0022448301315308
20260826,Cnorm,./images/train2017/000000120767.jpg,contrast:0.5,1.030961036682129
20260826,Cnorm,./images/train2017/000000053448.jpg,contrast:0.5,1.011191487312317
20260826,Cnorm,./images/train2017/000000181453.jpg,contrast:0.5,1.0359638929367065
20260826,Cnorm,./images/train2017/000000473159.jpg,contrast:0.5,1.0048471689224243
20260826,Cnorm,./images/train2017/000000562943.jpg,contrast:0.5,0.99641352891922
20260826,Cnorm,./images/train2017/000000237600.jpg,contrast:0.5,1.022398591041565
20260826,Cnorm,./images/train2017/000000312935.jpg,contrast:0.5,0.9979549050331116
20260826,Cnorm,./images/train2017/000000227736.jpg,contrast:0.5,0.9867459535598755
20260826,Cnorm,./images/train2017/000000371486.jpg,contrast:0.5,0.9876863956451416
20260826,Cnorm,./images/train2017/000000477042.jpg,contrast:0.5,1.0000641345977783
20260826,Cnorm,./images/train2017/000000295358.jpg,contrast:0.5,1.0653033256530762
20260826,Cnorm,./images/train2017/000000204962.jpg,contrast:0.5,0.9969409704208374
20260826,Cnorm,./images/train2017/000000077455.jpg,contrast:0.5,1.0241767168045044
20260826,Cnorm,./images/train2017/000000022683.jpg,contrast:0.5,0.96937096118927
20260826,Cnorm,./images/train2017/000000304909.jpg,contrast:0.5,1.0194462537765503
20260826,Cnorm,./images/train2017/000000428943.jpg,contrast:0.5,1.0213122367858887
20260826,Cnorm,./images/train2017/000000081842.jpg,contrast:0.5,1.0382499694824219
20260826,Cnorm,./images/train2017/000000264381.jpg,contrast:0.5,1.0500017404556274
20260826,Cnorm,./images/train2017/000000545919.jpg,contrast:0.5,0.9503262639045715
20260826,Cnorm,./images/train2017/000000058089.jpg,contrast:0.5,1.0048023462295532
20260826,Cnorm,./images/train2017/000000386127.jpg,contrast:0.5,0.9314677119255066
20260826,Cnorm,./images/train2017/000000362062.jpg,contrast:0.5,1.0307490825653076
20260826,Cnorm,./images/train2017/000000566855.jpg,contrast:0.5,0.9794078469276428
20260826,Cnorm,./images/train2017/000000355186.jpg,contrast:0.5,1.0059772729873657
20260826,Cnorm,./images/train2017/000000346978.jpg,contrast:0.5,1.0617632865905762
20260826,Cnorm,./images/train2017/000000444496.jpg,contrast:0.5,0.9993419647216797
20260826,Cnorm,./images/train2017/000000335189.jpg,contrast:0.5,1.026867389678955
20260826,Cnorm,./images/train2017/000000495438.jpg,contrast:0.5,1.0265944004058838
20260826,Cnorm,./images/train2017/000000081749.jpg,contrast:0.5,0.9850864410400391
20260826,Cnorm,./images/train2017/000000310258.jpg,contrast:0.5,1.0037939548492432
20260826,Cnorm,./images/train2017/000000379820.jpg,contrast:0.5,1.0061674118041992
20260826,Cnorm,./images/train2017/000000026578.jpg,contrast:0.5,0.944546103477478
20260826,Cnorm,./images/train2017/000000350969.jpg,contrast:0.5,0.9420654773712158
20260826,Cnorm,./images/train2017/000000377012.jpg,contrast:0.5,0.9318273067474365
20260826,Cnorm,./images/train2017/000000271666.jpg,contrast:0.5,0.9982706308364868
20260826,Cnorm,./images/train2017/000000509933.jpg,contrast:0.5,0.9597413539886475
20260826,Cnorm,./images/train2017/000000248952.jpg,contrast:0.5,1.0567985773086548
20260826,Cnorm,./images/train2017/000000196922.jpg,contrast:0.5,1.0438987016677856
20260826,Cnorm,./images/train2017/000000170327.jpg,contrast:0.5,1.037802815437317
20260826,Cnorm,./images/train2017/000000113839.jpg,contrast:0.5,0.982539713382721
20260826,Cnorm,./images/train2017/000000282855.jpg,contrast:0.5,1.0857006311416626
20260826,Cnorm,./images/train2017/000000167901.jpg,contrast:0.5,1.103617787361145
20260826,Cnorm,./images/train2017/000000098631.jpg,contrast:0.5,0.942527711391449
20260826,Cnorm,./images/train2017/000000312254.jpg,contrast:0.5,0.994138777256012
20260826,Cnorm,./images/train2017/000000477949.jpg,contrast:0.5,0.9760005474090576
20260826,Cnorm,./images/train2017/000000468133.jpg,contrast:0.5,1.0489964485168457
20260826,Cnorm,./images/train2017/000000213457.jpg,contrast:0.5,1.006151556968689
20260826,Cnorm,./images/train2017/000000378007.jpg,contrast:0.5,1.048987627029419
20260826,Cnorm,./images/train2017/000000552744.jpg,contrast:0.5,1.012952446937561
20260826,Cnorm,./images/train2017/000000193011.jpg,contrast:0.5,1.0801787376403809
20260826,Cnorm,./images/train2017/000000564781.jpg,contrast:0.5,0.9583873748779297
20260826,Cnorm,./images/train2017/000000311401.jpg,contrast:0.5,1.1022610664367676
20260826,Cnorm,./images/train2017/000000571078.jpg,contrast:0.5,1.0047966241836548
20260826,Cnorm,./images/train2017/000000463299.jpg,contrast:0.5,1.0481526851654053
20260826,Cnorm,./images/train2017/000000173925.jpg,contrast:0.5,1.0158456563949585
20260826,Cnorm,./images/train2017/000000336843.jpg,contrast:0.5,1.010328769683838
20260826,Cnorm,./images/train2017/000000395766.jpg,contrast:0.5,0.9908185005187988
20260826,Cnorm,./images/train2017/000000531659.jpg,contrast:0.5,1.0543287992477417
20260826,Cnorm,./images/train2017/000000000110.jpg,contrast:0.5,0.9729379415512085
20260826,Cnorm,./images/train2017/000000154801.jpg,contrast:0.5,0.9875488877296448
20260826,Cnorm,./images/train2017/000000564609.jpg,contrast:0.5,0.9913750290870667
20260826,Cnorm,./images/train2017/000000477641.jpg,contrast:0.5,0.9695258140563965
20260826,Cnorm,./images/train2017/000000080123.jpg,contrast:0.5,1.0539836883544922
20260826,Cnorm,./images/train2017/000000362568.jpg,contrast:0.5,0.9562009572982788
20260826,Cnorm,./images/train2017/000000404702.jpg,contrast:0.5,1.0212198495864868
20260826,Cnorm,./images/train2017/000000197005.jpg,contrast:0.5,0.9992213249206543
20260826,Cnorm,./images/train2017/000000124240.jpg,contrast:0.5,0.899691641330719
20260826,Cnorm,./images/train2017/000000502644.jpg,contrast:0.5,1.0519686937332153
20260826,Cnorm,./images/train2017/000000147228.jpg,contrast:0.5,1.0836281776428223
20260826,Cnorm,./images/train2017/000000010907.jpg,contrast:0.5,0.9912384152412415
20260826,Cnorm,./images/train2017/000000255093.jpg,contrast:0.5,0.9973165988922119
20260826,Cnorm,./images/train2017/000000155884.jpg,contrast:0.5,1.0326647758483887
20260826,Cnorm,./images/train2017/000000200386.jpg,contrast:0.5,1.043566346168518
20260826,Cnorm,./images/train2017/000000152483.jpg,contrast:0.5,0.9977359771728516
20260826,Cnorm,./images/train2017/000000060992.jpg,contrast:0.5,1.035752773284912
20260826,Cnorm,./images/train2017/000000431480.jpg,contrast:0.5,0.9737347364425659
20260826,Cnorm,./images/train2017/000000374576.jpg,contrast:0.5,1.0667322874069214
20260826,Cnorm,./images/train2017/000000337342.jpg,contrast:0.5,0.9885188341140747
20260826,Cnorm,./images/train2017/000000476901.jpg,contrast:0.5,1.0123590230941772
20260826,Cnorm,./images/train2017/000000084762.jpg,contrast:0.5,1.0198862552642822
20260826,Cnorm,./images/train2017/000000504259.jpg,gaussian_blur:1.0,1.0433752536773682
20260826,Cnorm,./images/train2017/000000107620.jpg,gaussian_blur:1.0,0.9850336313247681
20260826,Cnorm,./images/train2017/000000560103.jpg,gaussian_blur:1.0,1.021400809288025
20260826,Cnorm,./images/train2017/000000325634.jpg,gaussian_blur:1.0,0.9889851212501526
20260826,Cnorm,./images/train2017/000000062937.jpg,gaussian_blur:1.0,1.0095280408859253
20260826,Cnorm,./images/train2017/000000326290.jpg,gaussian_blur:1.0,0.9980836510658264
20260826,Cnorm,./images/train2017/000000560660.jpg,gaussian_blur:1.0,1.0085527896881104
20260826,Cnorm,./images/train2017/000000423355.jpg,gaussian_blur:1.0,1.0158255100250244
20260826,Cnorm,./images/train2017/000000062311.jpg,gaussian_blur:1.0,0.9969137907028198
20260826,Cnorm,./images/train2017/000000075327.jpg,gaussian_blur:1.0,1.0187389850616455
20260826,Cnorm,./images/train2017/000000124364.jpg,gaussian_blur:1.0,1.0168966054916382
20260826,Cnorm,./images/train2017/000000226957.jpg,gaussian_blur:1.0,1.0021259784698486
20260826,Cnorm,./images/train2017/000000026573.jpg,gaussian_blur:1.0,1.051993489265442
20260826,Cnorm,./images/train2017/000000518548.jpg,gaussian_blur:1.0,1.0476735830307007
20260826,Cnorm,./images/train2017/000000467766.jpg,gaussian_blur:1.0,0.9932309985160828
20260826,Cnorm,./images/train2017/000000146819.jpg,gaussian_blur:1.0,1.006699562072754
20260826,Cnorm,./images/train2017/000000346367.jpg,gaussian_blur:1.0,1.0456483364105225
20260826,Cnorm,./images/train2017/000000404710.jpg,gaussian_blur:1.0,0.9894244074821472
20260826,Cnorm,./images/train2017/000000028517.jpg,gaussian_blur:1.0,1.0279890298843384
20260826,Cnorm,./images/train2017/000000180851.jpg,gaussian_blur:1.0,1.0234159231185913
20260826,Cnorm,./images/train2017/000000513585.jpg,gaussian_blur:1.0,1.0269423723220825
20260826,Cnorm,./images/train2017/000000123892.jpg,gaussian_blur:1.0,1.0278445482254028
20260826,Cnorm,./images/train2017/000000257874.jpg,gaussian_blur:1.0,1.0711748600006104
20260826,Cnorm,./images/train2017/000000220376.jpg,gaussian_blur:1.0,1.061120629310608
20260826,Cnorm,./images/train2017/000000219117.jpg,gaussian_blur:1.0,1.0188490152359009
20260826,Cnorm,./images/train2017/000000423193.jpg,gaussian_blur:1.0,0.9742682576179504
20260826,Cnorm,./images/train2017/000000259793.jpg,gaussian_blur:1.0,0.9950540065765381
20260826,Cnorm,./images/train2017/000000465701.jpg,gaussian_blur:1.0,1.0213252305984497
20260826,Cnorm,./images/train2017/000000054796.jpg,gaussian_blur:1.0,1.0218501091003418
20260826,Cnorm,./images/train2017/000000253054.jpg,gaussian_blur:1.0,1.0199134349822998
20260826,Cnorm,./images/train2017/000000036113.jpg,gaussian_blur:1.0,1.104477882385254
20260826,Cnorm,./images/train2017/000000345711.jpg,gaussian_blur:1.0,1.0268853902816772
20260826,Cnorm,./images/train2017/000000034340.jpg,gaussian_blur:1.0,1.0227311849594116
20260826,Cnorm,./images/train2017/000000456315.jpg,gaussian_blur:1.0,1.0459129810333252
20260826,Cnorm,./images/train2017/000000482195.jpg,gaussian_blur:1.0,1.0368425846099854
20260826,Cnorm,./images/train2017/000000553660.jpg,gaussian_blur:1.0,1.021557092666626
20260826,Cnorm,./images/train2017/000000569500.jpg,gaussian_blur:1.0,0.981916069984436
20260826,Cnorm,./images/train2017/000000027556.jpg,gaussian_blur:1.0,1.068179726600647
20260826,Cnorm,./images/train2017/000000534845.jpg,gaussian_blur:1.0,0.957851767539978
20260826,Cnorm,./images/train2017/000000020376.jpg,gaussian_blur:1.0,1.0085421800613403
20260826,Cnorm,./images/train2017/000000285998.jpg,gaussian_blur:1.0,1.0031427145004272
20260826,Cnorm,./images/train2017/000000284644.jpg,gaussian_blur:1.0,0.9427600502967834
20260826,Cnorm,./images/train2017/000000319345.jpg,gaussian_blur:1.0,0.9996192455291748
20260826,Cnorm,./images/train2017/000000082143.jpg,gaussian_blur:1.0,0.9750099182128906
20260826,Cnorm,./images/train2017/000000414664.jpg,gaussian_blur:1.0,1.0250086784362793
20260826,Cnorm,./images/train2017/000000518472.jpg,gaussian_blur:1.0,1.020059585571289
20260826,Cnorm,./images/train2017/000000494175.jpg,gaussian_blur:1.0,1.062341332435608
20260826,Cnorm,./images/train2017/000000566832.jpg,gaussian_blur:1.0,0.9825102686882019
20260826,Cnorm,./images/train2017/000000120767.jpg,gaussian_blur:1.0,1.0528361797332764
20260826,Cnorm,./images/train2017/000000053448.jpg,gaussian_blur:1.0,1.0233691930770874
20260826,Cnorm,./images/train2017/000000181453.jpg,gaussian_blur:1.0,0.9906777143478394
20260826,Cnorm,./images/train2017/000000473159.jpg,gaussian_blur:1.0,0.9793881773948669
20260826,Cnorm,./images/train2017/000000562943.jpg,gaussian_blur:1.0,1.0896087884902954
20260826,Cnorm,./images/train2017/000000237600.jpg,gaussian_blur:1.0,0.9992847442626953
20260826,Cnorm,./images/train2017/000000312935.jpg,gaussian_blur:1.0,0.9963579773902893
20260826,Cnorm,./images/train2017/000000227736.jpg,gaussian_blur:1.0,1.0242480039596558
20260826,Cnorm,./images/train2017/000000371486.jpg,gaussian_blur:1.0,1.026859164237976
20260826,Cnorm,./images/train2017/000000477042.jpg,gaussian_blur:1.0,0.9942683577537537
20260826,Cnorm,./images/train2017/000000295358.jpg,gaussian_blur:1.0,1.0519094467163086
20260826,Cnorm,./images/train2017/000000204962.jpg,gaussian_blur:1.0,1.03816819190979
20260826,Cnorm,./images/train2017/000000077455.jpg,gaussian_blur:1.0,1.023010015487671
20260826,Cnorm,./images/train2017/000000022683.jpg,gaussian_blur:1.0,0.9786732196807861
20260826,Cnorm,./images/train2017/000000304909.jpg,gaussian_blur:1.0,0.9735195636749268
20260826,Cnorm,./images/train2017/000000428943.jpg,gaussian_blur:1.0,0.9971601963043213
20260826,Cnorm,./images/train2017/000000081842.jpg,gaussian_blur:1.0,1.040897250175476
20260826,Cnorm,./images/train2017/000000264381.jpg,gaussian_blur:1.0,1.011555552482605
20260826,Cnorm,./images/train2017/000000545919.jpg,gaussian_blur:1.0,0.9980465173721313
20260826,Cnorm,./images/train2017/000000058089.jpg,gaussian_blur:1.0,1.0154378414154053
20260826,Cnorm,./images/train2017/000000386127.jpg,gaussian_blur:1.0,0.9624044299125671
20260826,Cnorm,./images/train2017/000000362062.jpg,gaussian_blur:1.0,0.9922651052474976
20260826,Cnorm,./images/train2017/000000566855.jpg,gaussian_blur:1.0,1.0291476249694824
20260826,Cnorm,./images/train2017/000000355186.jpg,gaussian_blur:1.0,1.091879963874817
20260826,Cnorm,./images/train2017/000000346978.jpg,gaussian_blur:1.0,1.0406817197799683
20260826,Cnorm,./images/train2017/000000444496.jpg,gaussian_blur:1.0,1.0330209732055664
20260826,Cnorm,./images/train2017/000000335189.jpg,gaussian_blur:1.0,1.0023787021636963
20260826,Cnorm,./images/train2017/000000495438.jpg,gaussian_blur:1.0,1.0196585655212402
20260826,Cnorm,./images/train2017/000000081749.jpg,gaussian_blur:1.0,1.0314557552337646
20260826,Cnorm,./images/train2017/000000310258.jpg,gaussian_blur:1.0,0.9674325585365295
20260826,Cnorm,./images/train2017/000000379820.jpg,gaussian_blur:1.0,0.993351936340332
20260826,Cnorm,./images/train2017/000000026578.jpg,gaussian_blur:1.0,0.9758186936378479
20260826,Cnorm,./images/train2017/000000350969.jpg,gaussian_blur:1.0,1.017482042312622
20260826,Cnorm,./images/train2017/000000377012.jpg,gaussian_blur:1.0,1.0056803226470947
20260826,Cnorm,./images/train2017/000000271666.jpg,gaussian_blur:1.0,0.9954231977462769
20260826,Cnorm,./images/train2017/000000509933.jpg,gaussian_blur:1.0,0.985466718673706
20260826,Cnorm,./images/train2017/000000248952.jpg,gaussian_blur:1.0,1.0382758378982544
20260826,Cnorm,./images/train2017/000000196922.jpg,gaussian_blur:1.0,0.9724844694137573
20260826,Cnorm,./images/train2017/000000170327.jpg,gaussian_blur:1.0,1.0102159976959229
20260826,Cnorm,./images/train2017/000000113839.jpg,gaussian_blur:1.0,0.940302848815918
20260826,Cnorm,./images/train2017/000000282855.jpg,gaussian_blur:1.0,1.068556785583496
20260826,Cnorm,./images/train2017/000000167901.jpg,gaussian_blur:1.0,1.009900689125061
20260826,Cnorm,./images/train2017/000000098631.jpg,gaussian_blur:1.0,1.043178677558899
20260826,Cnorm,./images/train2017/000000312254.jpg,gaussian_blur:1.0,1.059923529624939
20260826,Cnorm,./images/train2017/000000477949.jpg,gaussian_blur:1.0,1.0079667568206787
20260826,Cnorm,./images/train2017/000000468133.jpg,gaussian_blur:1.0,0.9856572151184082
20260826,Cnorm,./images/train2017/000000213457.jpg,gaussian_blur:1.0,0.9783680438995361
20260826,Cnorm,./images/train2017/000000378007.jpg,gaussian_blur:1.0,0.9635743498802185
20260826,Cnorm,./images/train2017/000000552744.jpg,gaussian_blur:1.0,1.0556548833847046
20260826,Cnorm,./images/train2017/000000193011.jpg,gaussian_blur:1.0,1.0134907960891724
20260826,Cnorm,./images/train2017/000000564781.jpg,gaussian_blur:1.0,0.9944977164268494
20260826,Cnorm,./images/train2017/000000311401.jpg,gaussian_blur:1.0,1.0135923624038696
20260826,Cnorm,./images/train2017/000000571078.jpg,gaussian_blur:1.0,1.071362853050232
20260826,Cnorm,./images/train2017/000000463299.jpg,gaussian_blur:1.0,1.0046577453613281
20260826,Cnorm,./images/train2017/000000173925.jpg,gaussian_blur:1.0,1.0370683670043945
20260826,Cnorm,./images/train2017/000000336843.jpg,gaussian_blur:1.0,0.9966856837272644
20260826,Cnorm,./images/train2017/000000395766.jpg,gaussian_blur:1.0,1.0086718797683716
20260826,Cnorm,./images/train2017/000000531659.jpg,gaussian_blur:1.0,1.0031315088272095
20260826,Cnorm,./images/train2017/000000000110.jpg,gaussian_blur:1.0,1.0148838758468628
20260826,Cnorm,./images/train2017/000000154801.jpg,gaussian_blur:1.0,1.0412869453430176
20260826,Cnorm,./images/train2017/000000564609.jpg,gaussian_blur:1.0,1.002996563911438
20260826,Cnorm,./images/train2017/000000477641.jpg,gaussian_blur:1.0,1.0610212087631226
20260826,Cnorm,./images/train2017/000000080123.jpg,gaussian_blur:1.0,1.0211780071258545
20260826,Cnorm,./images/train2017/000000362568.jpg,gaussian_blur:1.0,0.9514250755310059
20260826,Cnorm,./images/train2017/000000404702.jpg,gaussian_blur:1.0,1.0273966789245605
20260826,Cnorm,./images/train2017/000000197005.jpg,gaussian_blur:1.0,1.0077672004699707
20260826,Cnorm,./images/train2017/000000124240.jpg,gaussian_blur:1.0,0.9601312875747681
20260826,Cnorm,./images/train2017/000000502644.jpg,gaussian_blur:1.0,1.0119527578353882
20260826,Cnorm,./images/train2017/000000147228.jpg,gaussian_blur:1.0,0.9905909299850464
20260826,Cnorm,./images/train2017/000000010907.jpg,gaussian_blur:1.0,1.033026099205017
20260826,Cnorm,./images/train2017/000000255093.jpg,gaussian_blur:1.0,0.9973493218421936
20260826,Cnorm,./images/train2017/000000155884.jpg,gaussian_blur:1.0,1.0350453853607178
20260826,Cnorm,./images/train2017/000000200386.jpg,gaussian_blur:1.0,1.0123969316482544
20260826,Cnorm,./images/train2017/000000152483.jpg,gaussian_blur:1.0,0.9882553219795227
20260826,Cnorm,./images/train2017/000000060992.jpg,gaussian_blur:1.0,1.0289674997329712
20260826,Cnorm,./images/train2017/000000431480.jpg,gaussian_blur:1.0,1.1135036945343018
20260826,Cnorm,./images/train2017/000000374576.jpg,gaussian_blur:1.0,1.032278060913086
20260826,Cnorm,./images/train2017/000000337342.jpg,gaussian_blur:1.0,1.0793627500534058
20260826,Cnorm,./images/train2017/000000476901.jpg,gaussian_blur:1.0,1.0157313346862793
20260826,Cnorm,./images/train2017/000000084762.jpg,gaussian_blur:1.0,1.0166276693344116
20260826,Cnorm,./images/train2017/000000504259.jpg,gaussian_blur:2.0,0.9399381875991821
20260826,Cnorm,./images/train2017/000000107620.jpg,gaussian_blur:2.0,0.9765576124191284
20260826,Cnorm,./images/train2017/000000560103.jpg,gaussian_blur:2.0,0.9558724761009216
20260826,Cnorm,./images/train2017/000000325634.jpg,gaussian_blur:2.0,0.9732969999313354
20260826,Cnorm,./images/train2017/000000062937.jpg,gaussian_blur:2.0,1.0113810300827026
20260826,Cnorm,./images/train2017/000000326290.jpg,gaussian_blur:2.0,0.9892699122428894
20260826,Cnorm,./images/train2017/000000560660.jpg,gaussian_blur:2.0,0.9933639168739319
20260826,Cnorm,./images/train2017/000000423355.jpg,gaussian_blur:2.0,0.9948096871376038
20260826,Cnorm,./images/train2017/000000062311.jpg,gaussian_blur:2.0,0.9720602631568909
20260826,Cnorm,./images/train2017/000000075327.jpg,gaussian_blur:2.0,0.9963206648826599
20260826,Cnorm,./images/train2017/000000124364.jpg,gaussian_blur:2.0,1.006542682647705
20260826,Cnorm,./images/train2017/000000226957.jpg,gaussian_blur:2.0,0.9672058820724487
20260826,Cnorm,./images/train2017/000000026573.jpg,gaussian_blur:2.0,0.9951381087303162
20260826,Cnorm,./images/train2017/000000518548.jpg,gaussian_blur:2.0,1.0575449466705322
20260826,Cnorm,./images/train2017/000000467766.jpg,gaussian_blur:2.0,1.0259889364242554
20260826,Cnorm,./images/train2017/000000146819.jpg,gaussian_blur:2.0,1.0049787759780884
20260826,Cnorm,./images/train2017/000000346367.jpg,gaussian_blur:2.0,1.0216327905654907
20260826,Cnorm,./images/train2017/000000404710.jpg,gaussian_blur:2.0,0.9753391742706299
20260826,Cnorm,./images/train2017/000000028517.jpg,gaussian_blur:2.0,1.0353578329086304
20260826,Cnorm,./images/train2017/000000180851.jpg,gaussian_blur:2.0,1.028623342514038
20260826,Cnorm,./images/train2017/000000513585.jpg,gaussian_blur:2.0,0.9274417757987976
20260826,Cnorm,./images/train2017/000000123892.jpg,gaussian_blur:2.0,0.9726174473762512
20260826,Cnorm,./images/train2017/000000257874.jpg,gaussian_blur:2.0,0.9743186831474304
20260826,Cnorm,./images/train2017/000000220376.jpg,gaussian_blur:2.0,1.043092131614685
20260826,Cnorm,./images/train2017/000000219117.jpg,gaussian_blur:2.0,1.0431005954742432
20260826,Cnorm,./images/train2017/000000423193.jpg,gaussian_blur:2.0,1.012532114982605
20260826,Cnorm,./images/train2017/000000259793.jpg,gaussian_blur:2.0,0.9208448529243469
20260826,Cnorm,./images/train2017/000000465701.jpg,gaussian_blur:2.0,0.9859818816184998
20260826,Cnorm,./images/train2017/000000054796.jpg,gaussian_blur:2.0,1.0007210969924927
20260826,Cnorm,./images/train2017/000000253054.jpg,gaussian_blur:2.0,0.9484363794326782
20260826,Cnorm,./images/train2017/000000036113.jpg,gaussian_blur:2.0,1.073331356048584
20260826,Cnorm,./images/train2017/000000345711.jpg,gaussian_blur:2.0,0.9707017540931702
20260826,Cnorm,./images/train2017/000000034340.jpg,gaussian_blur:2.0,1.0587860345840454
20260826,Cnorm,./images/train2017/000000456315.jpg,gaussian_blur:2.0,1.007257103919983
20260826,Cnorm,./images/train2017/000000482195.jpg,gaussian_blur:2.0,1.044000267982483
20260826,Cnorm,./images/train2017/000000553660.jpg,gaussian_blur:2.0,1.00405752658844
20260826,Cnorm,./images/train2017/000000569500.jpg,gaussian_blur:2.0,0.9741306304931641
20260826,Cnorm,./images/train2017/000000027556.jpg,gaussian_blur:2.0,1.0284883975982666
20260826,Cnorm,./images/train2017/000000534845.jpg,gaussian_blur:2.0,0.9873015284538269
20260826,Cnorm,./images/train2017/000000020376.jpg,gaussian_blur:2.0,1.0257917642593384
20260826,Cnorm,./images/train2017/000000285998.jpg,gaussian_blur:2.0,0.9541724920272827
20260826,Cnorm,./images/train2017/000000284644.jpg,gaussian_blur:2.0,0.8980277180671692
20260826,Cnorm,./images/train2017/000000319345.jpg,gaussian_blur:2.0,0.9623772501945496
20260826,Cnorm,./images/train2017/000000082143.jpg,gaussian_blur:2.0,0.9566234946250916
20260826,Cnorm,./images/train2017/000000414664.jpg,gaussian_blur:2.0,1.0019060373306274
20260826,Cnorm,./images/train2017/000000518472.jpg,gaussian_blur:2.0,1.0049405097961426
20260826,Cnorm,./images/train2017/000000494175.jpg,gaussian_blur:2.0,1.0268765687942505
20260826,Cnorm,./images/train2017/000000566832.jpg,gaussian_blur:2.0,0.8920891880989075
20260826,Cnorm,./images/train2017/000000120767.jpg,gaussian_blur:2.0,1.0078442096710205
20260826,Cnorm,./images/train2017/000000053448.jpg,gaussian_blur:2.0,1.0105900764465332
20260826,Cnorm,./images/train2017/000000181453.jpg,gaussian_blur:2.0,0.9835491180419922
20260826,Cnorm,./images/train2017/000000473159.jpg,gaussian_blur:2.0,1.0394885540008545
20260826,Cnorm,./images/train2017/000000562943.jpg,gaussian_blur:2.0,1.101851224899292
20260826,Cnorm,./images/train2017/000000237600.jpg,gaussian_blur:2.0,0.9857732057571411
20260826,Cnorm,./images/train2017/000000312935.jpg,gaussian_blur:2.0,0.9486745595932007
20260826,Cnorm,./images/train2017/000000227736.jpg,gaussian_blur:2.0,1.041295051574707
20260826,Cnorm,./images/train2017/000000371486.jpg,gaussian_blur:2.0,0.987300455570221
20260826,Cnorm,./images/train2017/000000477042.jpg,gaussian_blur:2.0,0.9909213185310364
20260826,Cnorm,./images/train2017/000000295358.jpg,gaussian_blur:2.0,1.0351719856262207
20260826,Cnorm,./images/train2017/000000204962.jpg,gaussian_blur:2.0,0.9682396054267883
20260826,Cnorm,./images/train2017/000000077455.jpg,gaussian_blur:2.0,1.013144612312317
20260826,Cnorm,./images/train2017/000000022683.jpg,gaussian_blur:2.0,1.0021822452545166
20260826,Cnorm,./images/train2017/000000304909.jpg,gaussian_blur:2.0,0.9764110445976257
20260826,Cnorm,./images/train2017/000000428943.jpg,gaussian_blur:2.0,1.0084879398345947
20260826,Cnorm,./images/train2017/000000081842.jpg,gaussian_blur:2.0,1.0104326009750366
20260826,Cnorm,./images/train2017/000000264381.jpg,gaussian_blur:2.0,1.0152209997177124
20260826,Cnorm,./images/train2017/000000545919.jpg,gaussian_blur:2.0,1.0048083066940308
20260826,Cnorm,./images/train2017/000000058089.jpg,gaussian_blur:2.0,0.968787670135498
20260826,Cnorm,./images/train2017/000000386127.jpg,gaussian_blur:2.0,0.9367457628250122
20260826,Cnorm,./images/train2017/000000362062.jpg,gaussian_blur:2.0,1.0353502035140991
20260826,Cnorm,./images/train2017/000000566855.jpg,gaussian_blur:2.0,0.9644197225570679
20260826,Cnorm,./images/train2017/000000355186.jpg,gaussian_blur:2.0,1.0179617404937744
20260826,Cnorm,./images/train2017/000000346978.jpg,gaussian_blur:2.0,1.006136178970337
20260826,Cnorm,./images/train2017/000000444496.jpg,gaussian_blur:2.0,1.0399702787399292
20260826,Cnorm,./images/train2017/000000335189.jpg,gaussian_blur:2.0,0.9754360318183899
20260826,Cnorm,./images/train2017/000000495438.jpg,gaussian_blur:2.0,0.9833230972290039
20260826,Cnorm,./images/train2017/000000081749.jpg,gaussian_blur:2.0,1.018834114074707
20260826,Cnorm,./images/train2017/000000310258.jpg,gaussian_blur:2.0,0.9694093465805054
20260826,Cnorm,./images/train2017/000000379820.jpg,gaussian_blur:2.0,0.9552387595176697
20260826,Cnorm,./images/train2017/000000026578.jpg,gaussian_blur:2.0,0.9838122725486755
20260826,Cnorm,./images/train2017/000000350969.jpg,gaussian_blur:2.0,1.0241707563400269
20260826,Cnorm,./images/train2017/000000377012.jpg,gaussian_blur:2.0,1.003656029701233
20260826,Cnorm,./images/train2017/000000271666.jpg,gaussian_blur:2.0,0.9998458027839661
20260826,Cnorm,./images/train2017/000000509933.jpg,gaussian_blur:2.0,0.9556257724761963
20260826,Cnorm,./images/train2017/000000248952.jpg,gaussian_blur:2.0,0.987118124961853
20260826,Cnorm,./images/train2017/000000196922.jpg,gaussian_blur:2.0,1.073618769645691
20260826,Cnorm,./images/train2017/000000170327.jpg,gaussian_blur:2.0,1.0238629579544067
20260826,Cnorm,./images/train2017/000000113839.jpg,gaussian_blur:2.0,0.8739936947822571
20260826,Cnorm,./images/train2017/000000282855.jpg,gaussian_blur:2.0,0.972881019115448
20260826,Cnorm,./images/train2017/000000167901.jpg,gaussian_blur:2.0,1.0237456560134888
20260826,Cnorm,./images/train2017/000000098631.jpg,gaussian_blur:2.0,0.9981613159179688
20260826,Cnorm,./images/train2017/000000312254.jpg,gaussian_blur:2.0,1.1148173809051514
20260826,Cnorm,./images/train2017/000000477949.jpg,gaussian_blur:2.0,1.0096936225891113
20260826,Cnorm,./images/train2017/000000468133.jpg,gaussian_blur:2.0,0.9899215698242188
20260826,Cnorm,./images/train2017/000000213457.jpg,gaussian_blur:2.0,0.9725605845451355
20260826,Cnorm,./images/train2017/000000378007.jpg,gaussian_blur:2.0,1.020390272140503
20260826,Cnorm,./images/train2017/000000552744.jpg,gaussian_blur:2.0,1.0246119499206543
20260826,Cnorm,./images/train2017/000000193011.jpg,gaussian_blur:2.0,1.0392500162124634
20260826,Cnorm,./images/train2017/000000564781.jpg,gaussian_blur:2.0,0.971788763999939
20260826,Cnorm,./images/train2017/000000311401.jpg,gaussian_blur:2.0,0.9872772097587585
20260826,Cnorm,./images/train2017/000000571078.jpg,gaussian_blur:2.0,0.9969627261161804
20260826,Cnorm,./images/train2017/000000463299.jpg,gaussian_blur:2.0,1.0004425048828125
20260826,Cnorm,./images/train2017/000000173925.jpg,gaussian_blur:2.0,1.054303765296936
20260826,Cnorm,./images/train2017/000000336843.jpg,gaussian_blur:2.0,0.9940276145935059
20260826,Cnorm,./images/train2017/000000395766.jpg,gaussian_blur:2.0,0.9308303594589233
20260826,Cnorm,./images/train2017/000000531659.jpg,gaussian_blur:2.0,1.0336496829986572
20260826,Cnorm,./images/train2017/000000000110.jpg,gaussian_blur:2.0,1.0048530101776123
20260826,Cnorm,./images/train2017/000000154801.jpg,gaussian_blur:2.0,0.9983567595481873
20260826,Cnorm,./images/train2017/000000564609.jpg,gaussian_blur:2.0,1.0149803161621094
20260826,Cnorm,./images/train2017/000000477641.jpg,gaussian_blur:2.0,1.0181820392608643
20260826,Cnorm,./images/train2017/000000080123.jpg,gaussian_blur:2.0,1.0038326978683472
20260826,Cnorm,./images/train2017/000000362568.jpg,gaussian_blur:2.0,1.0279380083084106
20260826,Cnorm,./images/train2017/000000404702.jpg,gaussian_blur:2.0,1.0445395708084106
20260826,Cnorm,./images/train2017/000000197005.jpg,gaussian_blur:2.0,1.0187430381774902
20260826,Cnorm,./images/train2017/000000124240.jpg,gaussian_blur:2.0,0.9934332966804504
20260826,Cnorm,./images/train2017/000000502644.jpg,gaussian_blur:2.0,0.9099410772323608
20260826,Cnorm,./images/train2017/000000147228.jpg,gaussian_blur:2.0,0.9830435514450073
20260826,Cnorm,./images/train2017/000000010907.jpg,gaussian_blur:2.0,1.0418875217437744
20260826,Cnorm,./images/train2017/000000255093.jpg,gaussian_blur:2.0,0.9645922780036926
20260826,Cnorm,./images/train2017/000000155884.jpg,gaussian_blur:2.0,0.985464334487915
20260826,Cnorm,./images/train2017/000000200386.jpg,gaussian_blur:2.0,1.0439890623092651
20260826,Cnorm,./images/train2017/000000152483.jpg,gaussian_blur:2.0,0.9850818514823914
20260826,Cnorm,./images/train2017/000000060992.jpg,gaussian_blur:2.0,1.007039189338684
20260826,Cnorm,./images/train2017/000000431480.jpg,gaussian_blur:2.0,1.021736741065979
20260826,Cnorm,./images/train2017/000000374576.jpg,gaussian_blur:2.0,1.0133002996444702
20260826,Cnorm,./images/train2017/000000337342.jpg,gaussian_blur:2.0,1.0009336471557617
20260826,Cnorm,./images/train2017/000000476901.jpg,gaussian_blur:2.0,0.9973901510238647
20260826,Cnorm,./images/train2017/000000084762.jpg,gaussian_blur:2.0,0.9926183819770813
20260826,Cnorm,./images/train2017/000000504259.jpg,gaussian_noise:0.03,0.9694280624389648
20260826,Cnorm,./images/train2017/000000107620.jpg,gaussian_noise:0.03,1.0102978944778442
20260826,Cnorm,./images/train2017/000000560103.jpg,gaussian_noise:0.03,1.1354005336761475
20260826,Cnorm,./images/train2017/000000325634.jpg,gaussian_noise:0.03,1.0242664813995361
20260826,Cnorm,./images/train2017/000000062937.jpg,gaussian_noise:0.03,1.085129737854004
20260826,Cnorm,./images/train2017/000000326290.jpg,gaussian_noise:0.03,1.031765341758728
20260826,Cnorm,./images/train2017/000000560660.jpg,gaussian_noise:0.03,1.048331618309021
20260826,Cnorm,./images/train2017/000000423355.jpg,gaussian_noise:0.03,1.0616748332977295
20260826,Cnorm,./images/train2017/000000062311.jpg,gaussian_noise:0.03,1.067566990852356
20260826,Cnorm,./images/train2017/000000075327.jpg,gaussian_noise:0.03,0.9823397994041443
20260826,Cnorm,./images/train2017/000000124364.jpg,gaussian_noise:0.03,1.136311650276184
20260826,Cnorm,./images/train2017/000000226957.jpg,gaussian_noise:0.03,0.9813897013664246
20260826,Cnorm,./images/train2017/000000026573.jpg,gaussian_noise:0.03,1.0605356693267822
20260826,Cnorm,./images/train2017/000000518548.jpg,gaussian_noise:0.03,0.9917571544647217
20260826,Cnorm,./images/train2017/000000467766.jpg,gaussian_noise:0.03,1.0354827642440796
20260826,Cnorm,./images/train2017/000000146819.jpg,gaussian_noise:0.03,1.105800747871399
20260826,Cnorm,./images/train2017/000000346367.jpg,gaussian_noise:0.03,1.0338683128356934
20260826,Cnorm,./images/train2017/000000404710.jpg,gaussian_noise:0.03,1.2859480381011963
20260826,Cnorm,./images/train2017/000000028517.jpg,gaussian_noise:0.03,1.0617789030075073
20260826,Cnorm,./images/train2017/000000180851.jpg,gaussian_noise:0.03,1.1333191394805908
20260826,Cnorm,./images/train2017/000000513585.jpg,gaussian_noise:0.03,1.0694977045059204
20260826,Cnorm,./images/train2017/000000123892.jpg,gaussian_noise:0.03,1.0235216617584229
20260826,Cnorm,./images/train2017/000000257874.jpg,gaussian_noise:0.03,1.1799691915512085
20260826,Cnorm,./images/train2017/000000220376.jpg,gaussian_noise:0.03,1.235365867614746
20260826,Cnorm,./images/train2017/000000219117.jpg,gaussian_noise:0.03,1.1438779830932617
20260826,Cnorm,./images/train2017/000000423193.jpg,gaussian_noise:0.03,1.0641130208969116
20260826,Cnorm,./images/train2017/000000259793.jpg,gaussian_noise:0.03,1.0901634693145752
20260826,Cnorm,./images/train2017/000000465701.jpg,gaussian_noise:0.03,0.9759108424186707
20260826,Cnorm,./images/train2017/000000054796.jpg,gaussian_noise:0.03,1.160565733909607
20260826,Cnorm,./images/train2017/000000253054.jpg,gaussian_noise:0.03,1.0394752025604248
20260826,Cnorm,./images/train2017/000000036113.jpg,gaussian_noise:0.03,0.9714053869247437
20260826,Cnorm,./images/train2017/000000345711.jpg,gaussian_noise:0.03,0.9057741761207581
20260826,Cnorm,./images/train2017/000000034340.jpg,gaussian_noise:0.03,1.138521432876587
20260826,Cnorm,./images/train2017/000000456315.jpg,gaussian_noise:0.03,1.0474181175231934
20260826,Cnorm,./images/train2017/000000482195.jpg,gaussian_noise:0.03,1.2038590908050537
20260826,Cnorm,./images/train2017/000000553660.jpg,gaussian_noise:0.03,1.103969693183899
20260826,Cnorm,./images/train2017/000000569500.jpg,gaussian_noise:0.03,1.0901201963424683
20260826,Cnorm,./images/train2017/000000027556.jpg,gaussian_noise:0.03,1.0518101453781128
20260826,Cnorm,./images/train2017/000000534845.jpg,gaussian_noise:0.03,1.0031460523605347
20260826,Cnorm,./images/train2017/000000020376.jpg,gaussian_noise:0.03,0.9835982918739319
20260826,Cnorm,./images/train2017/000000285998.jpg,gaussian_noise:0.03,1.1096022129058838
20260826,Cnorm,./images/train2017/000000284644.jpg,gaussian_noise:0.03,1.0379146337509155
20260826,Cnorm,./images/train2017/000000319345.jpg,gaussian_noise:0.03,1.049279808998108
20260826,Cnorm,./images/train2017/000000082143.jpg,gaussian_noise:0.03,1.0149624347686768
20260826,Cnorm,./images/train2017/000000414664.jpg,gaussian_noise:0.03,0.9875349998474121
20260826,Cnorm,./images/train2017/000000518472.jpg,gaussian_noise:0.03,1.0558984279632568
20260826,Cnorm,./images/train2017/000000494175.jpg,gaussian_noise:0.03,1.0493851900100708
20260826,Cnorm,./images/train2017/000000566832.jpg,gaussian_noise:0.03,1.0744017362594604
20260826,Cnorm,./images/train2017/000000120767.jpg,gaussian_noise:0.03,1.2922954559326172
20260826,Cnorm,./images/train2017/000000053448.jpg,gaussian_noise:0.03,1.0049484968185425
20260826,Cnorm,./images/train2017/000000181453.jpg,gaussian_noise:0.03,1.0123639106750488
20260826,Cnorm,./images/train2017/000000473159.jpg,gaussian_noise:0.03,1.1055054664611816
20260826,Cnorm,./images/train2017/000000562943.jpg,gaussian_noise:0.03,0.9352331161499023
20260826,Cnorm,./images/train2017/000000237600.jpg,gaussian_noise:0.03,1.1058566570281982
20260826,Cnorm,./images/train2017/000000312935.jpg,gaussian_noise:0.03,0.9608986377716064
20260826,Cnorm,./images/train2017/000000227736.jpg,gaussian_noise:0.03,1.055908203125
20260826,Cnorm,./images/train2017/000000371486.jpg,gaussian_noise:0.03,0.9738748073577881
20260826,Cnorm,./images/train2017/000000477042.jpg,gaussian_noise:0.03,1.0999513864517212
20260826,Cnorm,./images/train2017/000000295358.jpg,gaussian_noise:0.03,1.0966604948043823
20260826,Cnorm,./images/train2017/000000204962.jpg,gaussian_noise:0.03,1.0051853656768799
20260826,Cnorm,./images/train2017/000000077455.jpg,gaussian_noise:0.03,0.9937996864318848
20260826,Cnorm,./images/train2017/000000022683.jpg,gaussian_noise:0.03,1.0915018320083618
20260826,Cnorm,./images/train2017/000000304909.jpg,gaussian_noise:0.03,0.9192701578140259
20260826,Cnorm,./images/train2017/000000428943.jpg,gaussian_noise:0.03,1.2262771129608154
20260826,Cnorm,./images/train2017/000000081842.jpg,gaussian_noise:0.03,1.0031102895736694
20260826,Cnorm,./images/train2017/000000264381.jpg,gaussian_noise:0.03,0.9644441604614258
20260826,Cnorm,./images/train2017/000000545919.jpg,gaussian_noise:0.03,1.0551233291625977
20260826,Cnorm,./images/train2017/000000058089.jpg,gaussian_noise:0.03,1.0836715698242188
20260826,Cnorm,./images/train2017/000000386127.jpg,gaussian_noise:0.03,0.9004812836647034
20260826,Cnorm,./images/train2017/000000362062.jpg,gaussian_noise:0.03,1.0278743505477905
20260826,Cnorm,./images/train2017/000000566855.jpg,gaussian_noise:0.03,0.9491161108016968
20260826,Cnorm,./images/train2017/000000355186.jpg,gaussian_noise:0.03,1.0307801961898804
20260826,Cnorm,./images/train2017/000000346978.jpg,gaussian_noise:0.03,0.9932710528373718
20260826,Cnorm,./images/train2017/000000444496.jpg,gaussian_noise:0.03,0.9768287539482117
20260826,Cnorm,./images/train2017/000000335189.jpg,gaussian_noise:0.03,1.0121773481369019
20260826,Cnorm,./images/train2017/000000495438.jpg,gaussian_noise:0.03,1.0968257188796997
20260826,Cnorm,./images/train2017/000000081749.jpg,gaussian_noise:0.03,1.0273083448410034
20260826,Cnorm,./images/train2017/000000310258.jpg,gaussian_noise:0.03,1.018884539604187
20260826,Cnorm,./images/train2017/000000379820.jpg,gaussian_noise:0.03,1.065128207206726
20260826,Cnorm,./images/train2017/000000026578.jpg,gaussian_noise:0.03,0.98548823595047
20260826,Cnorm,./images/train2017/000000350969.jpg,gaussian_noise:0.03,1.1146749258041382
20260826,Cnorm,./images/train2017/000000377012.jpg,gaussian_noise:0.03,1.0205148458480835
20260826,Cnorm,./images/train2017/000000271666.jpg,gaussian_noise:0.03,0.9264129996299744
20260826,Cnorm,./images/train2017/000000509933.jpg,gaussian_noise:0.03,0.9758071899414062
20260826,Cnorm,./images/train2017/000000248952.jpg,gaussian_noise:0.03,0.9531713724136353
20260826,Cnorm,./images/train2017/000000196922.jpg,gaussian_noise:0.03,0.9256592392921448
20260826,Cnorm,./images/train2017/000000170327.jpg,gaussian_noise:0.03,1.0543867349624634
20260826,Cnorm,./images/train2017/000000113839.jpg,gaussian_noise:0.03,1.0253204107284546
20260826,Cnorm,./images/train2017/000000282855.jpg,gaussian_noise:0.03,1.0779690742492676
20260826,Cnorm,./images/train2017/000000167901.jpg,gaussian_noise:0.03,1.215821623802185
20260826,Cnorm,./images/train2017/000000098631.jpg,gaussian_noise:0.03,1.0973949432373047
20260826,Cnorm,./images/train2017/000000312254.jpg,gaussian_noise:0.03,0.9721406102180481
20260826,Cnorm,./images/train2017/000000477949.jpg,gaussian_noise:0.03,0.9919827580451965
20260826,Cnorm,./images/train2017/000000468133.jpg,gaussian_noise:0.03,1.171135663986206
20260826,Cnorm,./images/train2017/000000213457.jpg,gaussian_noise:0.03,1.0604488849639893
20260826,Cnorm,./images/train2017/000000378007.jpg,gaussian_noise:0.03,1.0151429176330566
20260826,Cnorm,./images/train2017/000000552744.jpg,gaussian_noise:0.03,0.9911807775497437
20260826,Cnorm,./images/train2017/000000193011.jpg,gaussian_noise:0.03,0.9797403812408447
20260826,Cnorm,./images/train2017/000000564781.jpg,gaussian_noise:0.03,0.8873465061187744
20260826,Cnorm,./images/train2017/000000311401.jpg,gaussian_noise:0.03,1.1346428394317627
20260826,Cnorm,./images/train2017/000000571078.jpg,gaussian_noise:0.03,1.1190481185913086
20260826,Cnorm,./images/train2017/000000463299.jpg,gaussian_noise:0.03,1.0589767694473267
20260826,Cnorm,./images/train2017/000000173925.jpg,gaussian_noise:0.03,0.9689366221427917
20260826,Cnorm,./images/train2017/000000336843.jpg,gaussian_noise:0.03,0.9842303395271301
20260826,Cnorm,./images/train2017/000000395766.jpg,gaussian_noise:0.03,1.1087188720703125
20260826,Cnorm,./images/train2017/000000531659.jpg,gaussian_noise:0.03,1.1780006885528564
20260826,Cnorm,./images/train2017/000000000110.jpg,gaussian_noise:0.03,0.9419091939926147
20260826,Cnorm,./images/train2017/000000154801.jpg,gaussian_noise:0.03,0.9580968618392944
20260826,Cnorm,./images/train2017/000000564609.jpg,gaussian_noise:0.03,0.9521636962890625
20260826,Cnorm,./images/train2017/000000477641.jpg,gaussian_noise:0.03,1.1264559030532837
20260826,Cnorm,./images/train2017/000000080123.jpg,gaussian_noise:0.03,1.0365053415298462
20260826,Cnorm,./images/train2017/000000362568.jpg,gaussian_noise:0.03,0.962271511554718
20260826,Cnorm,./images/train2017/000000404702.jpg,gaussian_noise:0.03,1.0633105039596558
20260826,Cnorm,./images/train2017/000000197005.jpg,gaussian_noise:0.03,1.0897732973098755
20260826,Cnorm,./images/train2017/000000124240.jpg,gaussian_noise:0.03,1.045372724533081
20260826,Cnorm,./images/train2017/000000502644.jpg,gaussian_noise:0.03,0.9496191740036011
20260826,Cnorm,./images/train2017/000000147228.jpg,gaussian_noise:0.03,1.1294891834259033
20260826,Cnorm,./images/train2017/000000010907.jpg,gaussian_noise:0.03,1.0265638828277588
20260826,Cnorm,./images/train2017/000000255093.jpg,gaussian_noise:0.03,1.0723085403442383
20260826,Cnorm,./images/train2017/000000155884.jpg,gaussian_noise:0.03,1.1054686307907104
20260826,Cnorm,./images/train2017/000000200386.jpg,gaussian_noise:0.03,1.0946675539016724
20260826,Cnorm,./images/train2017/000000152483.jpg,gaussian_noise:0.03,1.0107107162475586
20260826,Cnorm,./images/train2017/000000060992.jpg,gaussian_noise:0.03,1.1144695281982422
20260826,Cnorm,./images/train2017/000000431480.jpg,gaussian_noise:0.03,1.0929045677185059
20260826,Cnorm,./images/train2017/000000374576.jpg,gaussian_noise:0.03,1.0268502235412598
20260826,Cnorm,./images/train2017/000000337342.jpg,gaussian_noise:0.03,1.1512980461120605
20260826,Cnorm,./images/train2017/000000476901.jpg,gaussian_noise:0.03,1.0353940725326538
20260826,Cnorm,./images/train2017/000000084762.jpg,gaussian_noise:0.03,1.014225721359253
20260826,Cnorm,./images/train2017/000000504259.jpg,gaussian_noise:0.06,0.9436963796615601
20260826,Cnorm,./images/train2017/000000107620.jpg,gaussian_noise:0.06,0.9776058793067932
20260826,Cnorm,./images/train2017/000000560103.jpg,gaussian_noise:0.06,1.1402164697647095
20260826,Cnorm,./images/train2017/000000325634.jpg,gaussian_noise:0.06,1.0507266521453857
20260826,Cnorm,./images/train2017/000000062937.jpg,gaussian_noise:0.06,1.1478118896484375
20260826,Cnorm,./images/train2017/000000326290.jpg,gaussian_noise:0.06,1.0248658657073975
20260826,Cnorm,./images/train2017/000000560660.jpg,gaussian_noise:0.06,1.017498254776001
20260826,Cnorm,./images/train2017/000000423355.jpg,gaussian_noise:0.06,1.069704532623291
20260826,Cnorm,./images/train2017/000000062311.jpg,gaussian_noise:0.06,1.066251516342163
20260826,Cnorm,./images/train2017/000000075327.jpg,gaussian_noise:0.06,0.9805519580841064
20260826,Cnorm,./images/train2017/000000124364.jpg,gaussian_noise:0.06,1.1323184967041016
20260826,Cnorm,./images/train2017/000000226957.jpg,gaussian_noise:0.06,0.9904289245605469
20260826,Cnorm,./images/train2017/000000026573.jpg,gaussian_noise:0.06,1.1106538772583008
20260826,Cnorm,./images/train2017/000000518548.jpg,gaussian_noise:0.06,1.012310266494751
20260826,Cnorm,./images/train2017/000000467766.jpg,gaussian_noise:0.06,1.0666993856430054
20260826,Cnorm,./images/train2017/000000146819.jpg,gaussian_noise:0.06,1.0765224695205688
20260826,Cnorm,./images/train2017/000000346367.jpg,gaussian_noise:0.06,1.0653140544891357
20260826,Cnorm,./images/train2017/000000404710.jpg,gaussian_noise:0.06,1.3205152750015259
20260826,Cnorm,./images/train2017/000000028517.jpg,gaussian_noise:0.06,1.1010301113128662
20260826,Cnorm,./images/train2017/000000180851.jpg,gaussian_noise:0.06,1.1146352291107178
20260826,Cnorm,./images/train2017/000000513585.jpg,gaussian_noise:0.06,1.027066946029663
20260826,Cnorm,./images/train2017/000000123892.jpg,gaussian_noise:0.06,1.0456942319869995
20260826,Cnorm,./images/train2017/000000257874.jpg,gaussian_noise:0.06,1.2373692989349365
20260826,Cnorm,./images/train2017/000000220376.jpg,gaussian_noise:0.06,1.161875605583191
20260826,Cnorm,./images/train2017/000000219117.jpg,gaussian_noise:0.06,1.1441854238510132
20260826,Cnorm,./images/train2017/000000423193.jpg,gaussian_noise:0.06,1.1009130477905273
20260826,Cnorm,./images/train2017/000000259793.jpg,gaussian_noise:0.06,1.0787725448608398
20260826,Cnorm,./images/train2017/000000465701.jpg,gaussian_noise:0.06,0.9847903847694397
20260826,Cnorm,./images/train2017/000000054796.jpg,gaussian_noise:0.06,1.1121712923049927
20260826,Cnorm,./images/train2017/000000253054.jpg,gaussian_noise:0.06,1.0698726177215576
20260826,Cnorm,./images/train2017/000000036113.jpg,gaussian_noise:0.06,1.0625603199005127
20260826,Cnorm,./images/train2017/000000345711.jpg,gaussian_noise:0.06,0.9643071889877319
20260826,Cnorm,./images/train2017/000000034340.jpg,gaussian_noise:0.06,1.185489535331726
20260826,Cnorm,./images/train2017/000000456315.jpg,gaussian_noise:0.06,0.9900697469711304
20260826,Cnorm,./images/train2017/000000482195.jpg,gaussian_noise:0.06,1.1108671426773071
20260826,Cnorm,./images/train2017/000000553660.jpg,gaussian_noise:0.06,1.0718168020248413
20260826,Cnorm,./images/train2017/000000569500.jpg,gaussian_noise:0.06,1.1183373928070068
20260826,Cnorm,./images/train2017/000000027556.jpg,gaussian_noise:0.06,0.9228782653808594
20260826,Cnorm,./images/train2017/000000534845.jpg,gaussian_noise:0.06,0.9936650395393372
20260826,Cnorm,./images/train2017/000000020376.jpg,gaussian_noise:0.06,0.9977478981018066
20260826,Cnorm,./images/train2017/000000285998.jpg,gaussian_noise:0.06,1.134176254272461
20260826,Cnorm,./images/train2017/000000284644.jpg,gaussian_noise:0.06,1.0515210628509521
20260826,Cnorm,./images/train2017/000000319345.jpg,gaussian_noise:0.06,1.0285733938217163
20260826,Cnorm,./images/train2017/000000082143.jpg,gaussian_noise:0.06,1.053002119064331
20260826,Cnorm,./images/train2017/000000414664.jpg,gaussian_noise:0.06,1.0041059255599976
20260826,Cnorm,./images/train2017/000000518472.jpg,gaussian_noise:0.06,1.184821605682373
20260826,Cnorm,./images/train2017/000000494175.jpg,gaussian_noise:0.06,1.0536341667175293
20260826,Cnorm,./images/train2017/000000566832.jpg,gaussian_noise:0.06,1.0752192735671997
20260826,Cnorm,./images/train2017/000000120767.jpg,gaussian_noise:0.06,1.2478052377700806
20260826,Cnorm,./images/train2017/000000053448.jpg,gaussian_noise:0.06,0.9891869425773621
20260826,Cnorm,./images/train2017/000000181453.jpg,gaussian_noise:0.06,1.003330111503601
20260826,Cnorm,./images/train2017/000000473159.jpg,gaussian_noise:0.06,1.0346333980560303
20260826,Cnorm,./images/train2017/000000562943.jpg,gaussian_noise:0.06,0.7846579551696777
20260826,Cnorm,./images/train2017/000000237600.jpg,gaussian_noise:0.06,1.183604121208191
20260826,Cnorm,./images/train2017/000000312935.jpg,gaussian_noise:0.06,0.9602939486503601
20260826,Cnorm,./images/train2017/000000227736.jpg,gaussian_noise:0.06,1.0381163358688354
20260826,Cnorm,./images/train2017/000000371486.jpg,gaussian_noise:0.06,0.9810565710067749
20260826,Cnorm,./images/train2017/000000477042.jpg,gaussian_noise:0.06,1.092344880104065
20260826,Cnorm,./images/train2017/000000295358.jpg,gaussian_noise:0.06,0.9866154789924622
20260826,Cnorm,./images/train2017/000000204962.jpg,gaussian_noise:0.06,1.0074384212493896
20260826,Cnorm,./images/train2017/000000077455.jpg,gaussian_noise:0.06,0.9619251489639282
20260826,Cnorm,./images/train2017/000000022683.jpg,gaussian_noise:0.06,1.1132402420043945
20260826,Cnorm,./images/train2017/000000304909.jpg,gaussian_noise:0.06,0.9619748592376709
20260826,Cnorm,./images/train2017/000000428943.jpg,gaussian_noise:0.06,1.2332539558410645
20260826,Cnorm,./images/train2017/000000081842.jpg,gaussian_noise:0.06,0.9868401288986206
20260826,Cnorm,./images/train2017/000000264381.jpg,gaussian_noise:0.06,1.0420914888381958
20260826,Cnorm,./images/train2017/000000545919.jpg,gaussian_noise:0.06,1.0654677152633667
20260826,Cnorm,./images/train2017/000000058089.jpg,gaussian_noise:0.06,1.0853991508483887
20260826,Cnorm,./images/train2017/000000386127.jpg,gaussian_noise:0.06,1.023127555847168
20260826,Cnorm,./images/train2017/000000362062.jpg,gaussian_noise:0.06,0.9869555830955505
20260826,Cnorm,./images/train2017/000000566855.jpg,gaussian_noise:0.06,0.963412880897522
20260826,Cnorm,./images/train2017/000000355186.jpg,gaussian_noise:0.06,1.007010817527771
20260826,Cnorm,./images/train2017/000000346978.jpg,gaussian_noise:0.06,1.0991169214248657
20260826,Cnorm,./images/train2017/000000444496.jpg,gaussian_noise:0.06,0.974953293800354
20260826,Cnorm,./images/train2017/000000335189.jpg,gaussian_noise:0.06,1.0688838958740234
20260826,Cnorm,./images/train2017/000000495438.jpg,gaussian_noise:0.06,1.116693377494812
20260826,Cnorm,./images/train2017/000000081749.jpg,gaussian_noise:0.06,1.1422842741012573
20260826,Cnorm,./images/train2017/000000310258.jpg,gaussian_noise:0.06,1.0213502645492554
20260826,Cnorm,./images/train2017/000000379820.jpg,gaussian_noise:0.06,1.1168313026428223
20260826,Cnorm,./images/train2017/000000026578.jpg,gaussian_noise:0.06,1.0102965831756592
20260826,Cnorm,./images/train2017/000000350969.jpg,gaussian_noise:0.06,1.0791655778884888
20260826,Cnorm,./images/train2017/000000377012.jpg,gaussian_noise:0.06,1.0115433931350708
20260826,Cnorm,./images/train2017/000000271666.jpg,gaussian_noise:0.06,0.9243387579917908
20260826,Cnorm,./images/train2017/000000509933.jpg,gaussian_noise:0.06,1.0453184843063354
20260826,Cnorm,./images/train2017/000000248952.jpg,gaussian_noise:0.06,0.9351747632026672
20260826,Cnorm,./images/train2017/000000196922.jpg,gaussian_noise:0.06,0.9681810140609741
20260826,Cnorm,./images/train2017/000000170327.jpg,gaussian_noise:0.06,1.0976004600524902
20260826,Cnorm,./images/train2017/000000113839.jpg,gaussian_noise:0.06,1.1375627517700195
20260826,Cnorm,./images/train2017/000000282855.jpg,gaussian_noise:0.06,1.1314353942871094
20260826,Cnorm,./images/train2017/000000167901.jpg,gaussian_noise:0.06,1.2306396961212158
20260826,Cnorm,./images/train2017/000000098631.jpg,gaussian_noise:0.06,1.116910457611084
20260826,Cnorm,./images/train2017/000000312254.jpg,gaussian_noise:0.06,1.025308609008789
20260826,Cnorm,./images/train2017/000000477949.jpg,gaussian_noise:0.06,0.9870718121528625
20260826,Cnorm,./images/train2017/000000468133.jpg,gaussian_noise:0.06,1.0767015218734741
20260826,Cnorm,./images/train2017/000000213457.jpg,gaussian_noise:0.06,1.0640894174575806
20260826,Cnorm,./images/train2017/000000378007.jpg,gaussian_noise:0.06,1.0199936628341675
20260826,Cnorm,./images/train2017/000000552744.jpg,gaussian_noise:0.06,1.010500192642212
20260826,Cnorm,./images/train2017/000000193011.jpg,gaussian_noise:0.06,0.9823217988014221
20260826,Cnorm,./images/train2017/000000564781.jpg,gaussian_noise:0.06,0.9108781814575195
20260826,Cnorm,./images/train2017/000000311401.jpg,gaussian_noise:0.06,1.1267057657241821
20260826,Cnorm,./images/train2017/000000571078.jpg,gaussian_noise:0.06,1.0737531185150146
20260826,Cnorm,./images/train2017/000000463299.jpg,gaussian_noise:0.06,1.003509759902954
20260826,Cnorm,./images/train2017/000000173925.jpg,gaussian_noise:0.06,1.017957091331482
20260826,Cnorm,./images/train2017/000000336843.jpg,gaussian_noise:0.06,1.0163260698318481
20260826,Cnorm,./images/train2017/000000395766.jpg,gaussian_noise:0.06,1.1456403732299805
20260826,Cnorm,./images/train2017/000000531659.jpg,gaussian_noise:0.06,1.1370489597320557
20260826,Cnorm,./images/train2017/000000000110.jpg,gaussian_noise:0.06,0.9821685552597046
20260826,Cnorm,./images/train2017/000000154801.jpg,gaussian_noise:0.06,0.9360080361366272
20260826,Cnorm,./images/train2017/000000564609.jpg,gaussian_noise:0.06,1.026198387145996
20260826,Cnorm,./images/train2017/000000477641.jpg,gaussian_noise:0.06,1.1634063720703125
20260826,Cnorm,./images/train2017/000000080123.jpg,gaussian_noise:0.06,1.0565218925476074
20260826,Cnorm,./images/train2017/000000362568.jpg,gaussian_noise:0.06,1.058844804763794
20260826,Cnorm,./images/train2017/000000404702.jpg,gaussian_noise:0.06,1.0773823261260986
20260826,Cnorm,./images/train2017/000000197005.jpg,gaussian_noise:0.06,1.10391366481781
20260826,Cnorm,./images/train2017/000000124240.jpg,gaussian_noise:0.06,1.1002801656723022
20260826,Cnorm,./images/train2017/000000502644.jpg,gaussian_noise:0.06,1.023276448249817
20260826,Cnorm,./images/train2017/000000147228.jpg,gaussian_noise:0.06,1.1528271436691284
20260826,Cnorm,./images/train2017/000000010907.jpg,gaussian_noise:0.06,1.0428215265274048
20260826,Cnorm,./images/train2017/000000255093.jpg,gaussian_noise:0.06,1.054369568824768
20260826,Cnorm,./images/train2017/000000155884.jpg,gaussian_noise:0.06,1.0799015760421753
20260826,Cnorm,./images/train2017/000000200386.jpg,gaussian_noise:0.06,1.0814638137817383
20260826,Cnorm,./images/train2017/000000152483.jpg,gaussian_noise:0.06,1.0008138418197632
20260826,Cnorm,./images/train2017/000000060992.jpg,gaussian_noise:0.06,1.1533089876174927
20260826,Cnorm,./images/train2017/000000431480.jpg,gaussian_noise:0.06,1.153032898902893
20260826,Cnorm,./images/train2017/000000374576.jpg,gaussian_noise:0.06,1.0322643518447876
20260826,Cnorm,./images/train2017/000000337342.jpg,gaussian_noise:0.06,1.031185269355774
20260826,Cnorm,./images/train2017/000000476901.jpg,gaussian_noise:0.06,1.0156089067459106
20260826,Cnorm,./images/train2017/000000084762.jpg,gaussian_noise:0.06,1.10271418094635
